County,Voter Registration #,Last Name,First Name,Middle Name,Suffix,Street #,Street Name,Apt/Unit,City,State,Zip Code,Mailing Street #,Mailing Street Name,Mailing Apt/Unit,Mailing City,Mailing State,Mailing Zip Code,Application Status,Ballot Status,Status Reason,Application Date,Ballot Issued Date,Ballot Return Date,Ballot Style,Ballot Assisted,Challenged/Provisional,Designation/Reason Issue,ID Required,Municipal Precinct,County Precinct,CNG,SEN,HOUSE	,JUD,Combo #,Vote Center ID,Ballot ID,Post #,Party
APPLING,00654667,KIMBALL,CAMILLE,L,,93,HOLT RENTZ RD, ,HAZLEHURST,GA,31539-7673,93,HOLT RENTZ RD,,HAZLEHURST,GA,31539-7673,A,A,,01/19/2016,10/16/2017,10/25/2017,MAILED,NO,NO,ELDERLY,NO,GRAHA,5B,012,019,156,BRUN,00121,,00008,8,
APPLING,00654668,KIMBALL,CHARLES,F,,93,HOLT RENTZ RD, ,HAZLEHURST,GA,31539-7673,93,HOLT RENTZ RD,,HAZLEHURST,GA,31539-7673,A,A,,01/19/2016,10/16/2017,10/25/2017,MAILED,NO,NO,ELDERLY,NO,GRAHA,5B,012,019,156,BRUN,00121,,00007,7,
APPLING,00648300,HILL,BERTHA,,,578,MILTON SELLERS RD, ,BAXLEY,GA,31513-8010,578,MILTON SELLERS RD,,BAXLEY,GA,31513-8010,A,C,Rejected Ballot that has been re-issued,10/10/2017,10/16/2017,,MAILED,NO,NO,ELDERLY,NO,GRAHA,5B,012,019,156,BRUN,00121,,00006,6,
APPLING,00653647,CONAWAY,YARP,,,570,MILTON SELLERS RD, ,BAXLEY,GA,31513-8010,570,MILTON SELLERS RD,,BAXLEY,GA,31513-8010,A,A,,04/06/2016,10/16/2017,10/27/2017,MAILED,NO,NO,DISABLED,NO,GRAHA,5B,012,019,156,BRUN,00121,,00002,2,
APPLING,00653669,LORD,RAYMOND,MARTIN,,44,LORD ST, ,BAXLEY,GA,31513-8018,44,LORD ST,,BAXLEY,GA,31513-8018,A,A,,10/16/2017,10/16/2017,10/19/2017,MAILED,NO,NO,DISABLED,NO,GRAHA,5B,012,019,156,BRUN,00121,,00005,5,
APPLING,00648300,HILL,BERTHA,,,578,MILTON SELLERS RD, ,BAXLEY,GA,31513-8010,578,MILTON SELLERS RD,,BAXLEY,GA,31513-8010,A,A,,10/10/2017,10/16/2017,11/06/2017,MAILED,NO,NO,ELDERLY,NO,GRAHA,5B,012,019,156,BRUN,00121,,00009,9,
APPLING,10200211,WILLIAMS,JAMAR,D,,673,LAKE MAYERS RD, ,BAXLEY,GA,31513,673,LAKE MAYERS RD,,BAXLEY,GA,31513,A,A,,10/19/2017,10/19/2017,10/19/2017,IN PERSON,NO,NO,,NO,GRAHA,5B,012,019,156,BRUN,00121,001021,00001,10,
APPLING,00653242,LORD,ANN,,,44,LORD ST, ,BAXLEY,GA,31513-8018,44,LORD ST,,BAXLEY,GA,31513-8018,A,A,,10/12/2017,10/16/2017,10/19/2017,MAILED,NO,NO,DISABLED,NO,GRAHA,5B,012,019,156,BRUN,00121,,00004,4,
APPLING,00653645,CONAWAY,NELLIE,MAE,,570,MILTON SELLERS RD, ,BAXLEY,GA,31513-8010,570,MILTON SELLERS RD,,BAXLEY,GA,31513-8010,A,A,,04/06/2016,10/16/2017,10/27/2017,MAILED,NO,NO,DISABLED,NO,GRAHA,5B,012,019,156,BRUN,00121,,00001,1,
APPLING,00654135,FEDRICK,MILDRED,,,273,HOSEA LN, ,BAXLEY,GA,31513-8025,273,HOSEA LN,,BAXLEY,GA,31513-8025,A,C,Voter Requested Cancel,10/12/2017,10/16/2017,11/07/2017,MAILED,NO,NO,DISABLED,NO,GRAHA,5B,012,019,156,BRUN,00121,,00003,3,
