County,Voter Registration #,Last Name,First Name,Middle Name,Suffix,Street #,Street Name,Apt/Unit,City,State,Zip Code,Mailing Street #,Mailing Street Name,Mailing Apt/Unit,Mailing City,Mailing State,Mailing Zip Code,Application Status,Ballot Status,Status Reason,Application Date,Ballot Issued Date,Ballot Return Date,Ballot Style,Ballot Assisted,Challenged/Provisional,Designation/Reason Issue,ID Required,Municipal Precinct,County Precinct,CNG,SEN,HOUSE	,JUD,Combo #,Vote Center ID,Ballot ID,Post #,Party
ATKINSON,06439413,ALEXANDER,MARY,LENITA,,543,AUSTIN AVE E, ,PEARSON,GA,31642-8148,543,AUSTIN AVE E,,PEARSON,GA,31642-8148,A,A,,11/02/2017,11/02/2017,11/02/2017,IN PERSON,NO,NO,,NO,PE,0004,008,007,176,ALAP,00002,002001,00180,218,
ATKINSON,08726801,BARNES,OLIVIA,SHARMAIN,,462,ALLEN AVE W, ,PEARSON,GA,31642,462,ALLEN AVE W,,PEARSON,GA,31642-0083,A,A,,10/17/2017,10/17/2017,10/17/2017,IN PERSON,NO,NO,,NO,PE,0004,008,007,176,ALAP,00002,002001,00013,15,
ATKINSON,10105793,COOPER,SHIRLEY,FRAZIER,,316,COURT ST S, ,PEARSON,GA,31642,316,COURT ST S,,PEARSON,GA,31642,A,A,,11/02/2017,11/02/2017,11/02/2017,IN PERSON,NO,NO,,NO,PE,0004,008,007,176,ALAP,00002,002001,00172,210,
ATKINSON,00574625,BAILEY,KISHA,LARONDA,,99,SHERMAN AVE, ,PEARSON,GA,31642,,PO BOX 833,,PEARSON,GA,31642-0083,A,A,,10/25/2017,10/25/2017,10/25/2017,IN PERSON,NO,NO,,NO,PE,0004,008,007,176,ALAP,00002,002001,00111,134,
ATKINSON,08629671,FRAIDE,EUNICE,,,79,FRAIDE ST, ,PEARSON,GA,31642,79,FRAIDE ST,,PEARSON,GA,31642,A,A,,10/30/2017,10/30/2017,10/30/2017,IN PERSON,NO,NO,,NO,PE,0004,008,007,176,ALAP,00002,002001,00144,171,
ATKINSON,00572935,BROWN,PHOEBE,DANIELS,,78,HWY 135 N, ,WILLACOOCHEE,GA,31650,,PO BOX 376,,WILLACOOCHEE,GA,31650-0037,A,A,,10/17/2017,10/17/2017,10/17/2017,IN PERSON,NO,NO,,NO,WL,0003,008,007,176,ALAP,00001,002001,00004,6,
ATKINSON,04826102,JACKSON,CANDI,LATOYA,,254,ALLEN AVE W, ,PEARSON,GA,31642,,P.O. BOX 853,,WILLACOOCHEE,GA,31650,A,A,,11/03/2017,11/03/2017,11/03/2017,IN PERSON,NO,NO,,NO,PE,0004,008,007,176,ALAP,00002,002001,00192,231,
ATKINSON,04782676,MITCHELL,JACQUELYN,DIANA,,36,VICKERS AVE, ,PEARSON,GA,31642,36,VICKERS AVE,,PEARSON,GA,31642,A,A,,11/02/2017,11/02/2017,11/02/2017,IN PERSON,NO,NO,,NO,PE,0004,008,007,176,ALAP,00002,002001,00179,217,
ATKINSON,10110882,BROWN,WALLACE,JAMES,SR,205,GORDON AVE, ,PEARSON,GA,31642,,P.O. BOX 1127,,PEARSON,GA,31642,A,A,,10/18/2017,10/18/2017,10/18/2017,IN PERSON,NO,NO,,NO,PE,0004,008,007,176,ALAP,00002,002001,00062,75,
ATKINSON,07818233,JEWELL,TINA,MARIE,,261,COURT ST N,11,PEARSON,GA,31642,261,COURT ST N,11,PEARSON,GA,31642,A,A,,11/02/2017,11/02/2017,11/02/2017,IN PERSON,NO,NO,,NO,PE,0004,008,007,176,ALAP,00004,002001,00167,205,
ATKINSON,08565578,BORRERO,MARJORIE,JOSEPH,,18,SHERMAN AVE, ,PEARSON,GA,31642-7035,,PO BOX 779,,PEARSON,GA,31642-0077,A,A,,10/18/2017,10/18/2017,10/18/2017,IN PERSON,NO,NO,,NO,PE,0004,008,007,176,ALAP,00002,002001,00044,46,
ATKINSON,00571741,WILLIAMS,BETTYE,JO,,292,KING ST S, ,PEARSON,GA,31642-7915,292,KING ST S,,PEARSON,GA,31642-7915,A,A,,11/02/2017,11/02/2017,11/02/2017,IN PERSON,NO,NO,,NO,PE,0004,008,007,176,ALAP,00002,002001,00158,191,
ATKINSON,08850529,COLSON,ZACKARY,ANDREW,,220,VIRGINIA ST, ,PEARSON,GA,31642-9727,,PO BOX 484,,PEARSON,GA,31642-0048,A,A,,10/25/2017,10/25/2017,11/03/2017,MAILED,NO,NO,,NO,PE,0004,008,007,176,ALAP,00002,,00024,128,
ATKINSON,00572574,YOUNGBLOOD,DAWN,GIDDENS,,86,BAILEY ST, ,PEARSON,GA,31642-7647,86,BAILEY ST,,PEARSON,GA,31642-7647,A,A,,11/02/2017,11/02/2017,11/02/2017,IN PERSON,NO,NO,DISABLED,NO,PE,0004,008,007,176,ALAP,00004,002001,00161,194,
ATKINSON,00574944,JORDAN,BOBBIE,JEAN,,87,R JOHNSON ST, ,WILLACOOCHEE,GA,31650-3046,,PO BOX 731,,WILLACOOCHEE,GA,31650-0073,A,A,,10/18/2017,10/18/2017,10/18/2017,IN PERSON,NO,NO,,NO,WL,0003,008,007,176,ALAP,00001,002001,00037,39,
ATKINSON,07712519,WARE,JOEANNA,TEARA,,212,EDWARD AVE, ,PEARSON,GA,31642,,P.O. BOX 904,,PEARSON,GA,31642,A,A,,10/19/2017,10/19/2017,10/30/2017,MAILED,NO,NO,,NO,PE,0004,008,007,176,ALAP,00002,,00015,89,
ATKINSON,00571470,BAILEY,ROSA,MARY,,149,EDWARD AVE, ,PEARSON,GA,31642,,PO BOX 833,,PEARSON,GA,31642-0083,A,A,,10/18/2017,10/18/2017,10/18/2017,IN PERSON,NO,NO,,NO,PE,0004,008,007,176,ALAP,00002,002001,00040,42,
ATKINSON,00573414,RELIFORD,MARY,ELLEN,,137,LOWTHER ST, ,WILLACOOCHEE,GA,31650-2256,137,LOWTHER ST,,WILLACOOCHEE,GA,31650-2256,A,A,,11/02/2017,11/02/2017,11/07/2017,MAILED,NO,NO,ELDERLY,NO,WL,0003,008,007,176,ALAP,00001,,00006,198,
ATKINSON,00967284,FOLSOM,KENNON,DWAIN,,83,CHURCH ST S, ,PEARSON,GA,31642-8047,,PO BOX 887,,PEARSON,GA,31642-0088,A,A,,11/02/2017,11/02/2017,11/02/2017,IN PERSON,NO,NO,,NO,PE,0004,008,007,176,ALAP,00002,002001,00160,193,
ATKINSON,00953710,DUNLAP,LARRY,DEAN,,328,ALLEN AVE W, ,PEARSON,GA,31642-7934,,PO BOX 241,,PEARSON,GA,31642-0024,A,A,,11/02/2017,11/02/2017,11/02/2017,IN PERSON,NO,NO,,NO,PE,0004,008,007,176,ALAP,00002,002001,00171,209,
ATKINSON,03387500,BUTLER,SARAH,LEE,,175,STONE CIR, ,PEARSON,GA,31642,,PO BOX 943,,PEARSON,GA,31642-0094,A,A,,10/18/2017,10/18/2017,10/26/2017,MAILED,NO,NO,,NO,PE,0004,008,007,176,ALAP,00002,,00006,65,
ATKINSON,00572360,SUMNER,BETTY,WARREN,,89,LOTT AVE W, ,PEARSON,GA,31642-7406,,PO BOX 292,,PEARSON,GA,31642-0029,A,A,,10/18/2017,10/18/2017,10/18/2017,IN PERSON,NO,NO,,NO,PE,0004,008,007,176,ALAP,00004,002001,00065,78,
ATKINSON,04252304,TATUM,ANNETTE,MARIE,,24,SPRINGHEAD CHURCH RD, ,WILLACOOCHEE,GA,31650-3132,,PO BOX 496,,WILLACOOCHEE,GA,31650-0049,A,A,,10/18/2017,10/18/2017,10/18/2017,IN PERSON,NO,NO,,NO,WL,0003,008,007,176,ALAP,00001,002001,00036,38,
ATKINSON,00574107,NEWSON,VALORIE,DUNLAP,,304,FLORIDA RD, ,WILLACOOCHEE,GA,31650-2710,,PO BOX 511,,WILLACOOCHEE,GA,31650-0051,A,A,,10/18/2017,10/18/2017,10/18/2017,IN PERSON,NO,NO,,NO,WL,0003,008,007,176,ALAP,00001,002001,00035,37,
ATKINSON,00572016,LOFTON,GENE,A,,93,STONE CIR, ,PEARSON,GA,31642-8306,,PO BOX 925,,PEARSON,GA,31642-0092,A,A,,10/18/2017,10/18/2017,10/26/2017,MAILED,NO,NO,,NO,PE,0004,008,007,176,ALAP,00002,,00011,70,
ATKINSON,00573950,ASHFORD,TERESA,A,,103,STONE CIR, ,PEARSON,GA,31642-8309,,PO BOX 943,,PEARSON,GA,31642-0094,A,A,,10/19/2017,10/19/2017,10/26/2017,MAILED,NO,NO,,NO,PE,0004,008,007,176,ALAP,00002,,00017,91,
ATKINSON,04247120,ENGLISH,TURKESSA,MONIQUE,,109,EDWARD AVE, ,PEARSON,GA,31642-7024,,PO BOX 281,,PEARSON,GA,31642-0028,A,A,,10/30/2017,10/30/2017,10/30/2017,IN PERSON,NO,NO,,NO,PE,0004,008,007,176,ALAP,00002,002001,00150,177,
ATKINSON,11003911,MINOR,JIKEEM,Q'WEST,,212,EDWARD AVE, ,PEARSON,GA,31642,212,EDWARD AVE,,PEARSON,GA,31642,A,A,,10/25/2017,10/25/2017,10/25/2017,IN PERSON,NO,NO,,NO,PE,0004,008,007,176,ALAP,00002,002001,00114,137,
ATKINSON,00572415,THOMAS,SHELLIE,LEE,SR,57,JOSEPH ST, ,PEARSON,GA,31642-7100,,PO BOX 391,,PEARSON,GA,31642-0039,A,A,,10/18/2017,10/18/2017,10/18/2017,IN PERSON,NO,NO,,NO,PE,0004,008,007,176,ALAP,00002,002001,00057,59,
ATKINSON,00572114,MIZELL,MARGARET,O'BRIEN,,315,MAIN ST S, ,PEARSON,GA,31642-7951,,PO BOX 67,,PEARSON,GA,31642-0006,A,A,,10/18/2017,10/18/2017,10/18/2017,IN PERSON,NO,NO,ELDERLY,NO,PE,0004,008,007,176,ALAP,00002,002001,00053,55,
ATKINSON,04326885,TAFT,JOSEPH,WESSLY,,417,PETERSON ST S, ,WILLACOOCHEE,GA,31650-6833,,PO BOX 312,,PEARSON,GA,31642-0031,A,A,,10/23/2017,10/23/2017,10/23/2017,IN PERSON,NO,NO,,NO,WL,0003,008,007,176,ALAP,00001,002001,00080,97,
ATKINSON,00573184,JACKSON,VIOLA,BELL,,477,PETERSON ST S, ,WILLACOOCHEE,GA,31650-2347,,PO BOX 243,,WILLACOOCHEE,GA,31650-0024,A,A,,10/27/2017,10/27/2017,11/02/2017,MAILED,NO,NO,ELDERLY,NO,WL,0003,008,007,176,ALAP,00001,,00002,164,
ATKINSON,00573543,WINGATE,ANN,,,270,ATLANTIC AVE W, ,WILLACOOCHEE,GA,31650-2148,,PO BOX 67,,WILLACOOCHEE,GA,31650-0006,A,A,,10/23/2017,10/23/2017,10/23/2017,IN PERSON,NO,NO,,NO,WL,0003,008,007,176,ALAP,00001,002001,00100,117,
ATKINSON,03730628,THOMAS,INA,DRAYTON,,76,KING ST S, ,PEARSON,GA,31642-7915,,PO BOX 1133,,PEARSON,GA,31642-0031,A,A,,10/25/2017,10/25/2017,10/25/2017,IN PERSON,NO,NO,,NO,PE,0004,008,007,176,ALAP,00002,002001,00123,146,
ATKINSON,11297448,WILLIAMS,JASON,L,,23,JOSEPH ST, ,PEARSON,GA,31642,23,JOSEPH ST,,PEARSON,GA,31642,A,A,,10/17/2017,10/17/2017,10/17/2017,IN PERSON,NO,NO,,NO,PE,0004,008,007,176,ALAP,00002,002001,00030,32,
ATKINSON,00574481,HOLMES,CALANDRA,CECILIA,,236,KING ST S, ,PEARSON,GA,31642-7915,,PO BOX 313,,PEARSON,GA,31642-0031,A,A,,10/31/2017,10/31/2017,10/31/2017,IN PERSON,NO,NO,,NO,PE,0004,008,007,176,ALAP,00002,002001,00154,184,
ATKINSON,00945146,RUSS,ELIZABETH,H,,353,PETERSON ST S, ,WILLACOOCHEE,GA,31650-2343,353,PETERSON ST S,,WILLACOOCHEE,GA,31650-2343,A,A,,11/03/2017,11/03/2017,11/03/2017,IN PERSON,NO,NO,ELDERLY,NO,WL,0003,008,007,176,ALAP,00001,002001,00197,236,
ATKINSON,00575249,JONES,MARY,MARGARET,,235,BOSTWICK ST, ,WILLACOOCHEE,GA,31650-2807,,PO BOX 515,,WILLACOOCHEE,GA,31650-0051,A,A,,11/03/2017,11/03/2017,11/07/2017,MAILED,NO,NO,DISABLED,NO,WL,0003,008,007,176,ALAP,00001,,00008,224,
ATKINSON,10548560,ALEXANDER,BEVERLY,LOTT,,23,OLD FLORIDA RD, ,WILLACOOCHEE,GA,31650,,P.O. BOX 891,,WILLACOOCHEE,GA,31650,A,A,,10/30/2017,10/30/2017,10/30/2017,IN PERSON,NO,NO,,NO,WL,0003,008,007,176,ALAP,00001,002001,00151,178,
ATKINSON,05161957,ASH,JAMES,EDWARD,,432,ALLEN AVE W, ,PEARSON,GA,31642-7939,,PO BOX 871,,PEARSON,GA,31642-0871,A,A,,10/18/2017,10/18/2017,10/18/2017,IN PERSON,NO,NO,,NO,PE,0004,008,007,176,ALAP,00002,002001,00058,60,
ATKINSON,01715428,VICKERS,LENA,FAYE,,316,OLD HWY 64, ,PEARSON,GA,31642,,PO BOX 183,,PEARSON,GA,31642-0018,A,A,,10/27/2017,10/27/2017,10/27/2017,IN PERSON,NO,NO,,NO,PE,0004,008,007,176,ALAP,00002,002001,00141,168,
ATKINSON,06028118,WILLIAMS,LUVENIA,LINTON,,240,PARKER ST, ,PEARSON,GA,31642-7005,,PO BOX 1051,,PEARSON,GA,31642-0105,A,A,,10/23/2017,10/23/2017,10/23/2017,IN PERSON,NO,NO,,NO,PE,0004,008,007,176,ALAP,00002,002001,00099,116,
ATKINSON,04846041,POWELL,TASHA,ELAINE,,274,EDWARD AVE, ,PEARSON,GA,31642-7027,,PO BOX 125,,PEARSON,GA,31642-0012,A,A,,10/25/2017,10/25/2017,10/25/2017,IN PERSON,NO,NO,,NO,PE,0004,008,007,176,ALAP,00002,002001,00121,144,
ATKINSON,00572527,WILLIAMS,LARRY,L,,492,AUSTIN AVE E, ,PEARSON,GA,31642-8144,,PO BOX 1057,,PEARSON,GA,31642-0105,A,A,,10/27/2017,10/27/2017,10/27/2017,IN PERSON,NO,NO,,NO,PE,0004,008,007,176,ALAP,00002,002001,00140,167,
ATKINSON,04304020,SMALLWOOD,EVELYN,,,101,KING ST N, ,PEARSON,GA,31642-7741,,PO BOX 1332,,PEARSON,GA,31642-0133,A,R,Insufficient Oath Information,10/18/2017,10/18/2017,11/07/2017,MAILED,NO,NO,,NO,PE,0004,008,007,176,ALAP,00002,,00014,86,
ATKINSON,00573196,MOORE,MARGIE,LEE,,16,JERRY HALL RD, ,WILLACOOCHEE,GA,31650-2232,,PO BOX 393,,WILLACOOCHEE,GA,31650-0039,A,A,,11/02/2017,11/02/2017,11/02/2017,IN PERSON,NO,NO,,NO,WL,0003,008,007,176,ALAP,00001,002001,00169,207,
ATKINSON,00470386,HALL,SHERMAN,EDWARD,,92,KINGS DR, ,WILLACOOCHEE,GA,31650-2853,,PO BOX 152,,WILLACOOCHEE,GA,31650-0015,A,A,,10/17/2017,10/17/2017,10/17/2017,IN PERSON,NO,NO,,NO,WL,0003,008,007,176,ALAP,00001,002001,00002,4,
ATKINSON,06088247,CLEMENTS,BOBBY,,,411,ALLEN AVE W, ,PEARSON,GA,31642,,PO BOX 1252,,PEARSON,GA,31642,A,A,,11/02/2017,11/02/2017,11/02/2017,IN PERSON,NO,NO,,NO,PE,0004,008,007,176,ALAP,00002,002001,00164,202,
ATKINSON,07973336,TORIBIO,ABIGAIL,REYES,,440,KIRA LOOP,LOT 14,PEARSON,GA,31642,440,KIRA LOOP,LOT 14,PEARSON,GA,31642,A,A,,10/23/2017,10/23/2017,10/23/2017,IN PERSON,NO,NO,,NO,PE,0004,008,007,176,ALAP,00002,002001,00102,119,
ATKINSON,00575175,ROWLES,BARBARA,ANN,,421,ALLEN AVE W, ,PEARSON,GA,31642-9796,,PO BOX 972,,PEARSON,GA,31642-0972,A,A,,11/02/2017,11/02/2017,11/02/2017,IN PERSON,NO,NO,,NO,PE,0004,008,007,176,ALAP,00002,002001,00170,208,
ATKINSON,00572099,MINOR,DEFRONZ,AVELON,,212,EDWARD AVE, ,PEARSON,GA,31642-7025,,PO BOX 904,,PEARSON,GA,31642-0090,A,A,,10/25/2017,10/25/2017,10/25/2017,IN PERSON,NO,NO,,NO,PE,0004,008,007,176,ALAP,00002,002001,00119,142,
ATKINSON,00574909,FARRELL,GLORIA,JEAN,,190,VIRGINIA ST, ,PEARSON,GA,31642,,PO BOX 484,,PEARSON,GA,31642-0048,A,A,,10/17/2017,10/17/2017,10/17/2017,IN PERSON,NO,NO,,NO,PE,0004,008,007,176,ALAP,00002,002001,00018,20,
ATKINSON,07755699,HARRELL,MIA,JANAE,,226,BROUGHTON ST, ,PEARSON,GA,31642-7042,,PO BOX 1041,,PEARSON,GA,31642-0104,A,,,10/26/2017,10/26/2017,,MAILED,NO,NO,,NO,PE,0004,008,007,176,ALAP,00002,,00025,157,
ATKINSON,00571943,JOHNSON,ELISE,,,109,WEST ST N, ,PEARSON,GA,31642-7118,,PO BOX 537,,PEARSON,GA,31642-0053,A,A,,11/03/2017,11/03/2017,11/03/2017,IN PERSON,NO,NO,,NO,PE,0004,008,007,176,ALAP,00002,002001,00187,226,
ATKINSON,07569689,ASHFORD,MIRANDA,LEA,,116,PITTMAN ST, ,PEARSON,GA,31642,,PO BOX 943,,PEARSON,GA,31642-0094,A,A,,10/18/2017,10/18/2017,10/30/2017,MAILED,NO,NO,,NO,PE,0004,008,007,176,ALAP,00002,,00009,68,
ATKINSON,00573413,RELIFORD,MARK,,,137,LOWTHER ST, ,WILLACOOCHEE,GA,31650-2256,137,LOWTHER ST,,WILLACOOCHEE,GA,31650-2256,A,A,,11/02/2017,11/02/2017,11/07/2017,MAILED,NO,NO,ELDERLY,NO,WL,0003,008,007,176,ALAP,00001,,00005,197,
ATKINSON,00572715,JEFFERY,ANITA,DELAINE,,210,MAIN ST S, ,PEARSON,GA,31642,210,MAIN ST S,,PEARSON,GA,31642,A,A,,10/23/2017,10/23/2017,10/23/2017,IN PERSON,NO,NO,,NO,PE,0004,008,007,176,ALAP,00002,002001,00094,111,
ATKINSON,10817827,VICKERS,TIAJUANA,,,65,GRAHAM ST, ,PEARSON,GA,31642,,P.O. BOX 706,,PEARSON,GA,31642,A,A,,10/30/2017,10/30/2017,10/30/2017,IN PERSON,NO,NO,,NO,PE,0004,008,007,176,ALAP,00002,002001,00147,174,
ATKINSON,00575188,THOMAS,EARLINE,,,215,BROUGHTON ST, ,PEARSON,GA,31642-7045,,PO BOX 85,,PEARSON,GA,31642-0008,A,A,,10/17/2017,10/17/2017,10/17/2017,IN PERSON,NO,NO,,NO,PE,0004,008,007,176,ALAP,00002,002001,00032,34,
ATKINSON,00571925,JACKSON,HELEN,LUCILLE,,96,WILSON ST, ,PEARSON,GA,31642-7125,,PO BOX 392,,PEARSON,GA,31642-0039,A,A,,10/23/2017,10/23/2017,10/23/2017,IN PERSON,NO,NO,,NO,PE,0004,008,007,176,ALAP,00002,002001,00101,118,
ATKINSON,00573174,HUNKAPILLER,KENNETH,L,,381,FLEETWOOD AVE W, ,WILLACOOCHEE,GA,31650-2212,381,FLEETWOOD AVE W,,WILLACOOCHEE,GA,31650-2212,A,A,,10/31/2017,10/31/2017,10/31/2017,IN PERSON,NO,NO,,NO,WL,0003,008,007,176,ALAP,00001,002001,00156,186,
ATKINSON,01353350,TAFT,BETTY,JEAN,,55,CHURCH ST N, ,PEARSON,GA,31642,55,CHURCH ST N,,PEARSON,GA,31642,A,A,,10/17/2017,10/17/2017,10/17/2017,IN PERSON,NO,NO,,NO,PE,0004,008,007,176,ALAP,00004,002001,00024,26,
ATKINSON,00572437,REAVES,GEORGIA,ATKINS,,65,GRAHAM ST, ,PEARSON,GA,31642-7128,,PO BOX 706,,PEARSON,GA,31642-0070,A,A,,10/18/2017,10/18/2017,10/18/2017,IN PERSON,NO,NO,,NO,PE,0004,008,007,176,ALAP,00002,002001,00052,54,
ATKINSON,07360439,CORE,TONEY,LEVELL,,845,KIRA LOOP, ,PEARSON,GA,31642-8448,,PO BOX 857,,PEARSON,GA,31642-0085,A,A,,10/26/2017,10/26/2017,10/26/2017,IN PERSON,NO,NO,,NO,PE,0004,008,007,176,ALAP,00002,002001,00133,159,
ATKINSON,06287636,JOYNER,JASON,E,,120,VICKERS AVE, ,PEARSON,GA,31642-8407,120,VICKERS AVE,,PEARSON,GA,31642-8407,A,A,,11/03/2017,11/03/2017,11/03/2017,IN PERSON,NO,NO,,NO,PE,0004,008,007,176,ALAP,00002,002001,00202,241,
ATKINSON,05234789,VICKERS,DOROTHY,L,,72,ELIZABETH AVE, ,PEARSON,GA,31642-7906,72,ELIZABETH AVE,,PEARSON,GA,31642-7906,A,A,,10/25/2017,10/25/2017,10/25/2017,IN PERSON,NO,NO,,NO,PE,0004,008,007,176,ALAP,00002,002001,00125,148,
ATKINSON,00572012,LINTON,WILLIE,MAE,,229,CARTER AVE E, ,PEARSON,GA,31642-8032,,PO BOX 1076,,PEARSON,GA,31642-0107,A,A,,10/18/2017,10/18/2017,10/18/2017,IN PERSON,NO,NO,,NO,PE,0004,008,007,176,ALAP,00002,002001,00074,88,
ATKINSON,04952926,BROWN,AKIERA,JEFFERY,,108,MEEKS ST N, ,PEARSON,GA,31642-7804,,PO BOX 1362,,PEARSON,GA,31642-0136,A,A,,10/23/2017,10/23/2017,10/23/2017,IN PERSON,NO,NO,,NO,PE,0004,008,007,176,ALAP,00002,002001,00092,109,
ATKINSON,07057241,ANDREWS,HARRY,,IV,341,COURT ST S, ,PEARSON,GA,31642,,P.O. BOX 1331,,PEARSON,GA,31642,A,A,,10/23/2017,10/23/2017,10/23/2017,IN PERSON,NO,NO,,NO,PE,0004,008,007,176,ALAP,00002,002001,00082,99,
ATKINSON,10493765,WILLIAMS,QUANTAVIOUS,REONTAE TYHEEM,,461,ALLEN AVE W, ,PEARSON,GA,31642,,PO BOX 273,,PEARSON,GA,31642-0273,A,A,,10/18/2017,10/18/2017,10/24/2017,MAILED,NO,NO,,NO,PE,0004,008,007,176,ALAP,00002,,00007,66,
ATKINSON,05649787,GODWIN,FATEAMIA,LASONDRA,,226,EDWARD CIR, ,PEARSON,GA,31642,,P.O. BOX 806,,PEARSON,GA,31642,A,A,,10/18/2017,10/18/2017,10/18/2017,IN PERSON,NO,NO,,NO,PE,0004,008,007,176,ALAP,00002,002001,00064,77,
ATKINSON,00574210,WILSON,RONNIE,,,165,STONE CIR, ,PEARSON,GA,31642-8308,,PO BOX 696,,PEARSON,GA,31642-0069,A,A,,11/02/2017,11/02/2017,11/02/2017,IN PERSON,NO,NO,,NO,PE,0004,008,007,176,ALAP,00002,002001,00175,213,
ATKINSON,11194785,MCDOUGLE,QUANDRIA,T'SHAY,,255,COURT ST S, ,PEARSON,GA,31642,255,COURT ST S,,PEARSON,GA,31642,A,A,,10/27/2017,10/27/2017,10/27/2017,IN PERSON,NO,NO,,NO,PE,0004,008,007,176,ALAP,00002,002001,00138,165,
ATKINSON,00572931,BROWN,KAY,DANIELS,,109,PETERSON ST S, ,WILLACOOCHEE,GA,31650,,PO BOX 340,,WILLACOOCHEE,GA,31650-0034,A,A,,10/17/2017,10/17/2017,10/17/2017,IN PERSON,NO,NO,,NO,WL,0003,008,007,176,ALAP,00001,002001,00003,5,
ATKINSON,00574771,BARNES,TERI,MORRELL,,416,OLD HWY 64, ,PEARSON,GA,31642,,PO BOX 651,,PEARSON,GA,31642-0112,A,A,,10/19/2017,10/19/2017,10/19/2017,IN PERSON,NO,NO,,NO,PE,0004,008,007,176,ALAP,00002,002001,00076,93,
ATKINSON,00574327,JEFFERSON,DONNA,MARIE,,209,EDWARD AVE,UNIT 9,PEARSON,GA,31642-7026,,PO BOX 963,,PEARSON,GA,31642-0096,A,A,,10/23/2017,10/23/2017,10/23/2017,IN PERSON,NO,NO,,NO,PE,0004,008,007,176,ALAP,00002,002001,00087,104,
ATKINSON,01284600,BUSBEE,SANDY,SHANE,,21,PAULK AVE W, ,WILLACOOCHEE,GA,31650,21,PAULK AVE W,,WILLACOOCHEE,GA,31650,A,A,,10/26/2017,10/26/2017,10/26/2017,IN PERSON,NO,NO,,NO,WL,0003,008,007,176,ALAP,00001,002001,00136,162,
ATKINSON,00574735,BRYANT,DEMETRIA,BONITA BELL,,280,WILCOX ST N, ,WILLACOOCHEE,GA,31650,,PO BOX 567,,WILLACOOCHEE,GA,31650-0567,A,A,,10/25/2017,10/25/2017,10/25/2017,IN PERSON,NO,NO,,NO,WL,0003,008,007,176,ALAP,00001,002001,00129,152,
ATKINSON,10762535,THOMPSON,JEANETTE,,,168,STOCKWELL ST, ,PEARSON,GA,31642,168,STOCKWELL ST,,PEARSON,GA,31642,A,A,,10/18/2017,10/18/2017,10/18/2017,IN PERSON,NO,NO,,NO,PE,0004,008,007,176,ALAP,00002,002001,00045,47,
ATKINSON,04952752,WELLS,DONNA,KENYATTIA,,214,BROUGHTON ST, ,PEARSON,GA,31642-7044,,PO BOX 125,,PEARSON,GA,31642-0012,A,A,,10/30/2017,10/30/2017,10/30/2017,IN PERSON,NO,NO,,NO,PE,0004,008,007,176,ALAP,00002,002001,00146,173,
ATKINSON,00571558,SELLERS,MARY,LEE,,435,ALLEN AVE W, ,PEARSON,GA,31642-7937,,PO BOX 711,,PEARSON,GA,31642-0071,A,A,,10/18/2017,10/18/2017,10/30/2017,MAILED,NO,NO,,NO,PE,0004,008,007,176,ALAP,00002,,00008,67,
ATKINSON,03736471,PEARSON,KIMBERLY,DIANE,,132,AUSTIN AVE EXT, ,PEARSON,GA,31642,132,AUSTIN AVE EXT,,PEARSON,GA,31642,A,A,,10/16/2017,10/16/2017,10/20/2017,MAILED,NO,NO,,NO,PE,0004,008,007,176,ALAP,00002,,00001,1,
ATKINSON,03729943,FLOYD,ELLICK,JAMES,JR,266,OLD HWY 64, ,PEARSON,GA,31642-7955,266,OLD HWY 64,,PEARSON,GA,31642-7955,A,A,,10/23/2017,10/23/2017,10/23/2017,IN PERSON,NO,NO,,NO,PE,0004,008,007,176,ALAP,00002,002001,00086,103,
ATKINSON,00573778,ROBERTS,DOROTHY,POWELL,,342,ALLEN AVE W, ,PEARSON,GA,31642-7934,,PO BOX 1022,,PEARSON,GA,31642-0102,A,A,,11/02/2017,11/02/2017,11/02/2017,IN PERSON,NO,NO,,NO,PE,0004,008,007,176,ALAP,00002,002001,00176,214,
ATKINSON,00573349,MYERS,ALBERTHA,DAVIS,,819,KIRA LOOP, ,PEARSON,GA,31642,819,KIRA LOOP,,PEARSON,GA,31642,A,A,,10/31/2017,10/31/2017,11/07/2017,MAILED,NO,NO,,NO,PE,0004,008,007,176,ALAP,00002,,00028,181,
ATKINSON,00574336,SWEAT,SANDRA,DENISE,,55,FUTCH AVE, ,WILLACOOCHEE,GA,31650-2848,,PO BOX 339,,WILLACOOCHEE,GA,31650-0033,A,A,,10/18/2017,10/18/2017,10/18/2017,IN PERSON,NO,NO,,NO,WL,0003,008,007,176,ALAP,00001,002001,00061,74,
ATKINSON,00572102,SOLOMON,MARY,,,151,WEST ST S, ,PEARSON,GA,31642-2915,,PO BOX 394,,PEARSON,GA,31642,A,A,,10/18/2017,10/18/2017,11/02/2017,MAILED,NO,NO,DISABLED,NO,PE,0004,008,007,176,ALAP,00002,,00005,64,
ATKINSON,03729887,WILCOX,ERICA,DENITRAL,,461,ALLEN AVE W, ,PEARSON,GA,31642,,P.O. BOX 24,,PEARSON,GA,31642,A,A,,10/18/2017,10/18/2017,10/18/2017,IN PERSON,NO,NO,,NO,PE,0004,008,007,176,ALAP,00002,002001,00069,82,
ATKINSON,03388656,WILLIAMS,BRENDA,GALE,,527,SPRINGHEAD CHURCH RD, ,WILLACOOCHEE,GA,31650-7845,,PO BOX 600,,WILLACOOCHEE,GA,31650-0060,A,A,,11/02/2017,11/02/2017,11/02/2017,IN PERSON,NO,NO,,NO,WL,0003,008,007,176,ALAP,00001,002001,00173,211,
ATKINSON,00571597,COOPER,LENA,MAE,,349,MAIN ST S, ,PEARSON,GA,31642-7951,,PO BOX 306,,PEARSON,GA,31642-0030,A,A,,10/17/2017,10/17/2017,10/17/2017,IN PERSON,NO,NO,,NO,PE,0004,008,007,176,ALAP,00002,002001,00025,27,
ATKINSON,00574998,WILSON,MARGARET,MYERS,,819,KIRA LOOP, ,PEARSON,GA,31642,,P.O.BOX 732,,PEARSON,GA,31642,A,A,,10/25/2017,10/25/2017,10/25/2017,IN PERSON,NO,NO,,NO,PE,0004,008,007,176,ALAP,00002,002001,00118,141,
ATKINSON,00574791,MCGOWAN,JEFFERY,PAULK,,388,MAIN ST N, ,PEARSON,GA,31642-7540,,PO BOX 794,,PEARSON,GA,31642-0079,A,A,,10/26/2017,10/26/2017,10/26/2017,IN PERSON,NO,NO,,NO,PE,0004,008,007,176,ALAP,00004,002001,00137,163,
ATKINSON,10493848,WESLEY,TYUS,IVONTAE MARKEE,,36,VICKERS AVE,APT D-4,PEARSON,GA,31642,,PO BOX 402,,PEARSON,GA,31642-0402,A,A,,11/02/2017,11/02/2017,11/02/2017,IN PERSON,NO,NO,,NO,PE,0004,008,007,176,ALAP,00002,002001,00182,220,
ATKINSON,00575128,ROWLES,ANNETTE,LOUISE,,250,GORDON AVE, ,PEARSON,GA,31642-7140,,PO BOX 94,,PEARSON,GA,31642-0009,A,A,,10/25/2017,10/25/2017,10/25/2017,IN PERSON,NO,NO,,NO,PE,0004,008,007,176,ALAP,00002,002001,00112,135,
ATKINSON,00575306,GUESS,BOBBY,JOE,JR,36,BYRON ST, ,PEARSON,GA,31642-7606,36,BYRON ST,,PEARSON,GA,31642-7606,A,A,,11/03/2017,11/03/2017,11/03/2017,IN PERSON,NO,NO,,NO,PE,0004,008,007,176,ALAP,00002,002001,00188,227,
ATKINSON,07268688,DAVIS,ESSIE,B,,494,ALBANY AVE E, ,PEARSON,GA,31642-8200,,PO BOX 274,,PEARSON,GA,31642-0027,A,A,,10/18/2017,10/18/2017,10/18/2017,IN PERSON,NO,NO,,NO,PE,0004,008,007,176,ALAP,00002,002001,00046,48,
ATKINSON,00573173,HUNKAPILLER,EVELYN,JOYCE,,381,FLEETWOOD AVE W, ,WILLACOOCHEE,GA,31650-2212,381,FLEETWOOD AVE W,,WILLACOOCHEE,GA,31650-2212,A,A,,10/31/2017,10/31/2017,10/31/2017,IN PERSON,NO,NO,,NO,WL,0003,008,007,176,ALAP,00001,002001,00155,185,
ATKINSON,00572443,VICKERS,LINDA,GAIL,,83,VICKERS AVE, ,PEARSON,GA,31642-8405,,PO BOX 323,,PEARSON,GA,31642-0032,A,A,,11/02/2017,11/02/2017,11/02/2017,IN PERSON,NO,NO,,NO,PE,0004,008,007,176,ALAP,00002,002001,00177,215,
ATKINSON,00571852,GUESS,BOBBY,JOE,SR,63,BYRON ST, ,PEARSON,GA,31642-7605,63,BYRON ST,,PEARSON,GA,31642-7605,A,A,,10/23/2017,10/23/2017,10/23/2017,IN PERSON,NO,NO,,NO,PE,0004,008,007,176,ALAP,00004,002001,00104,121,
ATKINSON,00575229,DOUGLAS,FANITA,THOMAS,,64,BROUGHTON ST, ,PEARSON,GA,31642-7046,,PO BOX 1144,,PEARSON,GA,31642-0114,A,A,,10/18/2017,10/18/2017,10/18/2017,IN PERSON,NO,NO,,NO,PE,0004,008,007,176,ALAP,00002,002001,00072,85,
ATKINSON,03922124,NEWSOME,MILTON,,III,209,BROUGHTON ST, ,PEARSON,GA,31642,,P.O. BOX 424,,PEARSON,GA,31642,A,A,,10/18/2017,10/18/2017,10/18/2017,IN PERSON,NO,NO,,NO,PE,0004,008,007,176,ALAP,00002,002001,00059,61,
ATKINSON,00571479,MOORE,PEARLIE,BARNES,,397,ALLEN AVE W, ,PEARSON,GA,31642-7935,,PO BOX 836,,PEARSON,GA,31642-0083,A,A,,10/19/2017,10/19/2017,10/19/2017,IN PERSON,NO,NO,,NO,PE,0004,008,007,176,ALAP,00002,002001,00077,94,
ATKINSON,06113052,HACKNEY,JEANNETTE,MARIE,,36,VICKERS AVE,A2,PEARSON,GA,31642,,PO BOX 71,,PEARSON,GA,31642-0007,A,A,,10/25/2017,10/25/2017,10/25/2017,IN PERSON,NO,NO,,NO,PE,0004,008,007,176,ALAP,00002,002001,00108,131,
ATKINSON,04447179,MURRAY,ELZIE,FENDER,,118,PEARSON ST, ,PEARSON,GA,31642-7850,,PO BOX 203,,PEARSON,GA,31642-0020,A,A,,10/18/2017,10/18/2017,10/18/2017,IN PERSON,NO,NO,,NO,PE,0004,008,007,176,ALAP,00004,002001,00060,73,
ATKINSON,00571973,WADE,KATE,ETHEL,,132,AUSTIN AVE EXT, ,PEARSON,GA,31642-9322,,PO BOX 1156,,PEARSON,GA,31642,A,A,,10/16/2017,10/16/2017,10/20/2017,MAILED,NO,NO,,NO,PE,0004,008,007,176,ALAP,00002,,00002,2,
ATKINSON,05218768,COLLINS,THOMAS,,,255,ALLEN AVE W, ,PEARSON,GA,31642-7933,93,DAVIS LN,,AXSON,GA,31624-0660,A,A,,11/02/2017,11/02/2017,11/02/2017,IN PERSON,NO,NO,,NO,PE,0004,008,007,176,ALAP,00002,002001,00185,223,
ATKINSON,00572249,ROWLES,IDA,MAE,,206,WEST ST S, ,PEARSON,GA,31642-7246,,PO BOX 824,,PEARSON,GA,31642-0082,A,A,,11/03/2017,11/03/2017,11/03/2017,IN PERSON,NO,NO,,NO,PE,0004,008,007,176,ALAP,00002,002001,00190,229,
ATKINSON,00572987,CREWS,LINNLON,JACKLON,JR,725,PAULK AVE E, ,WILLACOOCHEE,GA,31650-2662,725,PAULK AVE E,,WILLACOOCHEE,GA,31650-2662,A,A,,11/03/2017,11/03/2017,11/03/2017,IN PERSON,NO,NO,,NO,WL,0003,008,007,176,ALAP,00001,002001,00189,228,
ATKINSON,00572005,LESLIE,LINNIE,JOYCE,,332,MAIN ST N, ,PEARSON,GA,31642-7652,,PO BOX 444,,PEARSON,GA,31642-0044,A,A,,11/02/2017,11/02/2017,11/02/2017,IN PERSON,NO,NO,,NO,PE,0004,008,007,176,ALAP,00004,002001,00166,204,
ATKINSON,11258022,JOHNSON,JARVIS,A,,94,VIRGINIA ST, ,PEARSON,GA,31642,,P.O. BOX 672,,PEARSON,GA,31642,A,A,,10/23/2017,10/23/2017,10/23/2017,IN PERSON,NO,NO,,NO,PE,0004,008,007,176,ALAP,00002,002001,00088,105,
ATKINSON,00574171,TAYLOR,CLARENCE,,,424,BOLDEN AVE, ,PEARSON,GA,31642-8346,,PO BOX 1143,,PEARSON,GA,31642-0114,A,A,,10/25/2017,10/25/2017,11/07/2017,MAILED,NO,NO,,NO,PE,0004,008,007,176,ALAP,00002,,00020,125,
ATKINSON,08850217,MYERS,MONIQUE,DANIELLE,,216,BROUGHTON ST, ,PEARSON,GA,31642-7044,,PO BOX 1331,,PEARSON,GA,31642-0133,A,A,,10/23/2017,10/23/2017,10/23/2017,IN PERSON,NO,NO,,NO,PE,0004,008,007,176,ALAP,00002,002001,00081,98,
ATKINSON,04036139,POPE,OSTELLA,S,,236,KING ST S, ,PEARSON,GA,31642-7915,,PO BOX 313,,PEARSON,GA,31642-0031,A,A,,10/25/2017,10/25/2017,10/25/2017,IN PERSON,NO,NO,,NO,PE,0004,008,007,176,ALAP,00002,002001,00124,147,
ATKINSON,00575275,JOHNSON,BLONDELL,,,108,STONE CIR, ,PEARSON,GA,31642-8311,,PO BOX 1277,,PEARSON,GA,31642-0039,A,A,,10/23/2017,10/23/2017,10/23/2017,IN PERSON,NO,NO,,NO,PE,0004,008,007,176,ALAP,00002,002001,00098,115,
ATKINSON,00572221,RAWLS,LAURA,BESS,,64,PARKER ST, ,PEARSON,GA,31642-7002,,PO BOX 488,,PEARSON,GA,31642-0048,A,A,,10/18/2017,10/18/2017,10/18/2017,IN PERSON,NO,NO,,NO,PE,0004,008,007,176,ALAP,00002,002001,00042,44,
ATKINSON,00573073,FUTCH,MARION,J,,805,MARSHALL AVE W, ,WILLACOOCHEE,GA,31650-2030,,PO BOX 487,,WILLACOOCHEE,GA,31650-0048,A,A,,10/25/2017,10/25/2017,10/25/2017,IN PERSON,NO,NO,,NO,WL,0003,008,007,176,ALAP,00001,002001,00131,154,
ATKINSON,08728738,HUGHES,ALLIE,THOMAS,,99,SHERMAN AVE, ,PEARSON,GA,31642-7034,,PO BOX 833,,PEARSON,GA,31642-0083,A,A,,10/18/2017,10/18/2017,10/18/2017,IN PERSON,NO,NO,,NO,PE,0004,008,007,176,ALAP,00002,002001,00068,81,
ATKINSON,06855914,WILLIAMS,GAYLA,LEQUIT,,254,VIRGINIA ST, ,PEARSON,GA,31642-9727,,PO BOX 211,,PEARSON,GA,31642-0021,A,A,,11/01/2017,11/01/2017,11/07/2017,MAILED,NO,NO,,NO,PE,0004,008,007,176,ALAP,00002,,00030,188,
ATKINSON,04099654,WILLIAMS,LATISHA,LATRYCE,,118,PHILIP LN, ,PEARSON,GA,31642-8304,,PO BOX 1184,,PEARSON,GA,31642-0118,A,A,,10/18/2017,10/18/2017,10/18/2017,IN PERSON,NO,NO,,NO,PE,0004,008,007,176,ALAP,00002,002001,00070,83,
ATKINSON,00572279,SKINNER,SHELTON,,JR,75,PAULK ST, ,PEARSON,GA,31642-7456,,PO BOX 574,,PEARSON,GA,31642-0057,A,A,,10/18/2017,10/18/2017,10/18/2017,IN PERSON,NO,NO,,NO,PE,0004,008,007,176,ALAP,00004,002001,00066,79,
ATKINSON,06554547,ODUMS,SHANNON,MICHELLE,,219,WEST ST S, ,PEARSON,GA,31642,,P.O. BOX 163,,PEARSON,GA,31642,A,A,,10/18/2017,10/18/2017,10/18/2017,IN PERSON,NO,NO,,NO,PE,0004,008,007,176,ALAP,00002,002001,00039,41,
ATKINSON,00572237,ROBERTS,GLADYS,MAE,,266,OLD HWY 64, ,PEARSON,GA,31642,266,OLD HWY 64,,PEARSON,GA,31642,A,A,,10/17/2017,10/17/2017,10/17/2017,IN PERSON,NO,NO,,NO,PE,0004,008,007,176,ALAP,00002,002001,00026,28,
ATKINSON,00572542,FAVORS,ANNETTE,WILSON,,165,STONE CIR, ,PEARSON,GA,31642-7036,,PO BOX 696,,PEARSON,GA,31642-0053,A,A,,10/25/2017,10/25/2017,11/07/2017,MAILED,NO,NO,DISABLED,NO,PE,0004,008,007,176,ALAP,00002,,00018,123,
ATKINSON,06855902,GAGER,MARCUS,DEWAYNE,,255,COURT ST S, ,PEARSON,GA,31642,255,COURT ST S,,PEARSON,GA,31642,A,A,,10/27/2017,10/27/2017,10/27/2017,IN PERSON,NO,NO,,NO,PE,0004,008,007,176,ALAP,00002,002001,00139,166,
ATKINSON,04251256,JEFFERY,PATRICIA,ANN,,261,COURT ST N, ,PEARSON,GA,31642-7654,,PO BOX 744,,PEARSON,GA,31642-0074,A,A,,10/17/2017,10/17/2017,10/17/2017,IN PERSON,NO,NO,,NO,PE,0004,008,007,176,ALAP,00004,002001,00015,17,
ATKINSON,04252946,JEFFERY,CHEWANA,NICOLE,,36,VICKERS AVE,A-1,PEARSON,GA,31642,,PO BOX 402,,PEARSON,GA,31642-0040,A,A,,10/17/2017,10/17/2017,10/17/2017,IN PERSON,NO,NO,,NO,PE,0004,008,007,176,ALAP,00002,002001,00017,19,
ATKINSON,00950311,DENNING,CYNTHIA,YVONNE,,26,MEEKS ST N, ,PEARSON,GA,31642,26,MEEKS ST N,,PEARSON,GA,31642,A,A,,10/17/2017,10/17/2017,10/17/2017,IN PERSON,NO,NO,,NO,PE,0004,008,007,176,ALAP,00004,002001,00020,22,
ATKINSON,08087562,NIXON,MARQUIS,LAMAR,,342,ALLEN AVE W, ,PEARSON,GA,31642-7934,,PO BOX 1022,,PEARSON,GA,31642-0102,A,A,,10/25/2017,10/25/2017,10/25/2017,IN PERSON,NO,NO,,NO,PE,0004,008,007,176,ALAP,00002,002001,00106,129,
ATKINSON,11196677,BROWN,JASON,G,,504,MAIN ST S, ,PEARSON,GA,31642,504,MAIN ST S,,PEARSON,GA,31642,A,A,,10/23/2017,10/23/2017,10/23/2017,IN PERSON,NO,NO,,NO,PE,0004,008,007,176,ALAP,00002,002001,00093,110,
ATKINSON,00574827,MCCORMICK,SHIRLEY,A,,127,VIRGINIA ST, ,PEARSON,GA,31642,,PO BOX 1076,,PEARSON,GA,31642,A,A,,10/18/2017,10/18/2017,10/18/2017,IN PERSON,NO,NO,,NO,PE,0004,008,007,176,ALAP,00002,002001,00041,43,
ATKINSON,00571957,JOHNSON,WAYNE,LAMAR,,391,MAIN ST S, ,PEARSON,GA,31642-7036,,PO BOX 827,,PEARSON,GA,31642-0082,A,A,,10/25/2017,10/25/2017,10/25/2017,IN PERSON,NO,NO,,NO,PE,0004,008,007,176,ALAP,00002,002001,00128,151,
ATKINSON,07272780,BROCKINGTON,LATISHA,,,135,BROUGHTON ST, ,PEARSON,GA,31642,,PO BOX 1324,,PEARSON,GA,31642,A,A,,10/23/2017,10/23/2017,10/23/2017,IN PERSON,NO,NO,,NO,PE,0004,008,007,176,ALAP,00002,002001,00095,112,
ATKINSON,07299826,ARNOLD,KEVIN,DEWAYNE,,50,CARTER AVE E, ,PEARSON,GA,31642,,PO BOX 613,,PEARSON,GA,31642-0061,A,A,,10/23/2017,10/23/2017,10/23/2017,IN PERSON,NO,NO,,NO,PE,0004,008,007,176,ALAP,00004,002001,00089,106,
ATKINSON,00572485,WEST,RONALD,SMITH,,151,FELICIA AVE, ,PEARSON,GA,31642-7556,,PO BOX 922,,PEARSON,GA,31642-0092,A,A,,10/27/2017,10/30/2017,10/30/2017,IN PERSON,NO,NO,,NO,PE,0004,008,007,176,ALAP,00004,002001,00143,170,
ATKINSON,08589889,VICKERS,MELVIN,JAMES,,136,BROUGHTON ST, ,PEARSON,GA,31642,,PO BOX 684,,PEARSON,GA,31642,A,A,,10/19/2017,10/19/2017,10/19/2017,IN PERSON,NO,NO,,NO,PE,0004,008,007,176,ALAP,00002,002001,00078,95,
ATKINSON,03388415,FLOYD,VALARIE,KATRINA,,483,MAIN ST N, ,PEARSON,GA,31642,483,MAIN ST N,,PEARSON,GA,31642,A,A,,10/23/2017,10/23/2017,10/23/2017,IN PERSON,NO,NO,,NO,PE,0004,008,007,176,ALAP,00004,002001,00091,108,
ATKINSON,11481794,HERNANDEZ,HECTOR,,JR,163,LOTT AVE E,LOT # 23,PEARSON,GA,31642,163,LOTT AVE E,LOT # 23,PEARSON,GA,31642,A,A,,11/03/2017,11/03/2017,11/03/2017,IN PERSON,NO,NO,,NO,PE,0004,008,007,176,ALAP,00004,002001,00201,240,
ATKINSON,00573535,WILLIS,DONNIS,CARLTON,SR,996,PETERSON ST S, ,WILLACOOCHEE,GA,31650-3106,,PO BOX 64,,WILLACOOCHEE,GA,31650-0006,A,A,,10/17/2017,10/17/2017,10/17/2017,IN PERSON,NO,NO,,NO,WL,0003,008,007,176,ALAP,00001,002001,00006,8,
ATKINSON,11481335,HARRIS,LORENZO,,,212,EDWARD AVE, ,PEARSON,GA,31642,,P.O. BOX 904,,PEARSON,GA,31642,A,A,,10/23/2017,10/23/2017,10/23/2017,IN PERSON,NO,NO,,NO,PE,0004,008,007,176,ALAP,00002,002001,00097,114,
ATKINSON,00574653,GUESS,MARY ALICE,CRIBBS,,63,BYRON ST, ,PEARSON,GA,31642-7605,63,BYRON ST,,PEARSON,GA,31642-7605,A,A,,10/23/2017,10/23/2017,10/23/2017,IN PERSON,NO,NO,,NO,PE,0004,008,007,176,ALAP,00004,002001,00103,120,
ATKINSON,07756194,COLEMAN,CLARA,HENDRIETH,,278,GORDON AVE, ,PEARSON,GA,31642-7143,,PO BOX 801,,PEARSON,GA,31642-0080,A,A,,10/25/2017,10/25/2017,10/25/2017,IN PERSON,NO,NO,,NO,PE,0004,008,007,176,ALAP,00002,002001,00126,149,
ATKINSON,04249465,COLEMAN,SHANA,ONEITRIA,,278,GORDON AVE, ,PEARSON,GA,31642-7143,,PO BOX 801,,PEARSON,GA,31642-0080,A,A,,10/23/2017,10/23/2017,10/23/2017,IN PERSON,NO,NO,,NO,PE,0004,008,007,176,ALAP,00002,002001,00105,122,
ATKINSON,08461027,DENNING,FABIAN,DENORE,,9,STONE CIR, ,PEARSON,GA,31642,9,STONE CIR,,PEARSON,GA,31642,A,A,,10/17/2017,10/17/2017,10/17/2017,IN PERSON,NO,NO,,NO,PE,0004,008,007,176,ALAP,00002,002001,00021,23,
ATKINSON,00571833,GILLIS,JEAN,BRANTLEY,,102,AUSTIN AVE W, ,PEARSON,GA,31642-7728,,PO BOX 277,,PEARSON,GA,31642-0027,A,A,,10/18/2017,10/18/2017,10/18/2017,IN PERSON,NO,NO,,NO,PE,0004,008,007,176,ALAP,00002,002001,00056,58,
ATKINSON,00571950,JOHNSON,LORRAINE,,,36,VICKERS AVE,D7,PEARSON,GA,31642-8467,,PO BOX 1125,,PEARSON,GA,31642-0112,A,A,,10/18/2017,10/18/2017,10/18/2017,IN PERSON,NO,NO,,NO,PE,0004,008,007,176,ALAP,00002,002001,00050,52,
ATKINSON,00572544,WILSON,EVERLENE,TYSON,,165,STONE CIR, ,PEARSON,GA,31642,,PO BOX 696,,PEARSON,GA,31642-0069,A,A,,10/25/2017,10/25/2017,11/07/2017,MAILED,NO,NO,DISABLED,NO,PE,0004,008,007,176,ALAP,00002,,00019,124,
ATKINSON,00572674,DAY,LORENE,FLOYD,,483,MAIN ST N, ,PEARSON,GA,31642,483,MAIN ST N,,PEARSON,GA,31642,A,A,,10/23/2017,10/23/2017,10/23/2017,IN PERSON,NO,NO,,NO,PE,0004,008,007,176,ALAP,00004,002001,00096,113,
ATKINSON,00572997,CRIBB,TALMADGE,VADANE,,16,JERRY HALL RD, ,WILLACOOCHEE,GA,31650-2232,,PO BOX 393,,WILLACOOCHEE,GA,31650-0039,A,A,,11/02/2017,11/02/2017,11/02/2017,IN PERSON,NO,NO,,NO,WL,0003,008,007,176,ALAP,00001,002001,00168,206,
ATKINSON,00573536,WILLIS,MARY,BURKHALTER,,996,PETERSON ST S, ,WILLACOOCHEE,GA,31650-3106,,PO BOX 64,,WILLACOOCHEE,GA,31650-0006,A,A,,10/17/2017,10/17/2017,10/17/2017,IN PERSON,NO,NO,,NO,WL,0003,008,007,176,ALAP,00001,002001,00005,7,
ATKINSON,03388715,VICKERS,MARY,ANN,,203,ALLEN AVE W, ,PEARSON,GA,31642-7933,,PO BOX 623,,PEARSON,GA,31642-0062,A,A,,10/18/2017,10/18/2017,10/18/2017,IN PERSON,NO,NO,,NO,PE,0004,008,007,176,ALAP,00002,002001,00071,84,
ATKINSON,07291109,KEELEY,CANDACE,RENEE,,116,PITTMAN ST, ,PEARSON,GA,31642,116,PITTMAN ST,,PEARSON,GA,31642,A,A,,11/02/2017,11/02/2017,11/02/2017,IN PERSON,NO,NO,,NO,PE,0004,008,007,176,ALAP,00002,002001,00183,221,
ATKINSON,10031716,CAMPBELL,SHANIQUE,J,,124,RELIHAN ST, ,PEARSON,GA,31642,124,RELIHAN ST,,PEARSON,GA,31642,A,A,,10/26/2017,10/26/2017,10/26/2017,IN PERSON,NO,NO,,NO,PE,0004,008,007,176,ALAP,00002,002001,00134,160,
ATKINSON,00573209,JOHNSON,MATTIE,DELORIS,,26,FUTCH AVE, ,WILLACOOCHEE,GA,31650-2849,,PO BOX 211,,WILLACOOCHEE,GA,31650-0021,A,A,,10/23/2017,10/23/2017,10/23/2017,IN PERSON,NO,NO,,NO,WL,0003,008,007,176,ALAP,00001,002001,00079,96,
ATKINSON,07780110,COLEMAN,LONNIE,,,278,GORDON AVE, ,PEARSON,GA,31642-7143,,PO BOX 801,,PEARSON,GA,31642-0080,A,A,,10/25/2017,10/25/2017,10/25/2017,IN PERSON,NO,NO,,NO,PE,0004,008,007,176,ALAP,00002,002001,00127,150,
ATKINSON,00573964,BROWN,CLARENCE,BERNARD,,365,ALLEN AVE W, ,PEARSON,GA,31642,,PO BOX 1251,,PEARSON,GA,31642,A,A,,10/17/2017,10/17/2017,10/17/2017,IN PERSON,NO,NO,,NO,PE,0004,008,007,176,ALAP,00002,002001,00008,10,
ATKINSON,10190542,LANDERS,SHAQUAN,KENTAEVIUS,,217,EDWARD CIR, ,PEARSON,GA,31642,,P.O. BOX 713,,PEARSON,GA,31642,A,A,,11/03/2017,11/03/2017,11/03/2017,IN PERSON,NO,NO,,NO,PE,0004,008,007,176,ALAP,00002,002001,00186,225,
ATKINSON,08363824,NOBLE,ERIC,LAMAR,JR,574,MAIN ST S, ,PEARSON,GA,31642,,P.O. BOX 1125,,PEARSON,GA,31642,A,,,11/01/2017,11/01/2017,,MAILED,NO,NO,,NO,PE,0004,008,007,176,ALAP,00002,,00029,187,
ATKINSON,00574424,MINOR,TRESA,DIONNE,,212,EDWARD AVE, ,PEARSON,GA,31642-7025,,PO BOX 904,,PEARSON,GA,31642-0090,A,A,,10/25/2017,10/25/2017,10/25/2017,IN PERSON,NO,NO,,NO,PE,0004,008,007,176,ALAP,00002,002001,00113,136,
ATKINSON,00572548,WILSON,OSCAR,BRAGE,,156,BROUGHTON ST, ,PEARSON,GA,31642-7042,,PO BOX 553,,PEARSON,GA,31642-0055,A,A,,10/17/2017,10/17/2017,10/17/2017,IN PERSON,NO,NO,,NO,PE,0004,008,007,176,ALAP,00002,002001,00031,33,
ATKINSON,10537046,HOLLAND,SHANTRELL,PATREASE,,256,FLORIDA RD, ,WILLACOOCHEE,GA,31650,,P.O. BOX 251,,WILLACOOCHEE,GA,31650,A,A,,10/31/2017,10/31/2017,11/07/2017,MAILED,NO,NO,,NO,WL,0003,008,007,176,ALAP,00001,,00003,182,
ATKINSON,00572675,FLOYD,ROSA,LEE,,255,ALLEN AVE W, ,PEARSON,GA,31642-7933,,PO BOX 22,,PEARSON,GA,31642-0002,A,A,,11/02/2017,11/02/2017,11/02/2017,IN PERSON,NO,NO,,NO,PE,0004,008,007,176,ALAP,00002,002001,00184,222,
ATKINSON,04304048,GIBSON,LEON,,,117,ALLEN AVE W, ,PEARSON,GA,31642-7930,,PO BOX 868,,PEARSON,GA,31642-0086,A,A,,10/30/2017,10/30/2017,10/30/2017,IN PERSON,NO,NO,,NO,PE,0004,008,007,176,ALAP,00002,002001,00149,176,
ATKINSON,00571765,FAVORS,JUNE,RENEE,,116,PITTMAN ST,APT D25,PEARSON,GA,31642,,PO BOX 1077,,PEARSON,GA,31642-0107,A,A,,10/18/2017,10/18/2017,10/18/2017,IN PERSON,NO,NO,,NO,PE,0004,008,007,176,ALAP,00002,002001,00048,50,
ATKINSON,05718820,SANDERS,BANITA,DIANE,,32,GASKINS AVE, ,PEARSON,GA,31642,,PO BOX 483,,PEARSON,GA,31642-0069,A,A,,10/18/2017,10/18/2017,10/18/2017,IN PERSON,NO,NO,,NO,PE,0004,008,007,176,ALAP,00002,002001,00055,57,
ATKINSON,00573500,VICKERS,GAIL,RUSS,,361,PETERSON ST S, ,WILLACOOCHEE,GA,31650-2343,361,PETERSON ST S,,WILLACOOCHEE,GA,31650-2343,A,A,,11/03/2017,11/03/2017,11/03/2017,IN PERSON,NO,NO,,NO,WL,0003,008,007,176,ALAP,00001,002001,00196,235,
ATKINSON,11310172,WILSON,CAREY,J.C.,,819,KIRA LOOP, ,PEARSON,GA,31642,,P.O. BOX 732,,PEARSON,GA,31642,A,A,,10/25/2017,10/25/2017,10/25/2017,IN PERSON,NO,NO,,NO,PE,0004,008,007,176,ALAP,00002,002001,00115,138,
ATKINSON,06625179,MINOR,ARSEMIA,DEFRONZ,,212,EDWARD AVE, ,PEARSON,GA,31642-7025,,PO BOX 904,,PEARSON,GA,31642-0090,A,A,,10/17/2017,10/17/2017,10/17/2017,IN PERSON,NO,NO,,NO,PE,0004,008,007,176,ALAP,00002,002001,00028,30,
ATKINSON,00571645,CORE,YON,RENEE,,135,BROUGHTON ST, ,PEARSON,GA,31642-7043,,PO BOX 1324,,PEARSON,GA,31642-0132,A,A,,10/17/2017,10/17/2017,10/17/2017,IN PERSON,NO,NO,,NO,PE,0004,008,007,176,ALAP,00002,002001,00009,11,
ATKINSON,00573525,WILLIAMS,EVELYN,JACKSON,,38,PEGGY HILL/DELMAR ST, ,WILLACOOCHEE,GA,31650,,PO BOX 612,,WILLACOOCHEE,GA,31650-0061,A,A,,10/17/2017,10/17/2017,10/17/2017,IN PERSON,NO,NO,,NO,WL,0003,008,007,176,ALAP,00001,002001,00001,3,
ATKINSON,07719136,RYAN,KEISHA,MARIE,,116,PITTMAN ST,A8,PEARSON,GA,31642,116,PITTMAN ST,A8,PEARSON,GA,31642,A,A,,10/17/2017,10/17/2017,10/17/2017,IN PERSON,NO,NO,,NO,PE,0004,008,007,176,ALAP,00002,002001,00034,36,
ATKINSON,01571158,HARRIS,GRETTA,K,,105,BROUGHTON ST, ,PEARSON,GA,31642,,PO BOX 85,,PEARSON,GA,31642,A,A,,10/18/2017,10/18/2017,10/18/2017,IN PERSON,NO,NO,,NO,PE,0004,008,007,176,ALAP,00002,002001,00038,40,
ATKINSON,00572100,MINOR,GLORIA,JEAN,,461,ALLEN AVE W, ,PEARSON,GA,31642-7937,,PO BOX 273,,PEARSON,GA,31642-0027,A,A,,10/17/2017,10/17/2017,10/17/2017,IN PERSON,NO,NO,,NO,PE,0004,008,007,176,ALAP,00002,002001,00019,21,
ATKINSON,00572015,LOFTON,BETTY,ASHFORD,,93,STONE CIR, ,PEARSON,GA,31642-8306,,PO BOX 925,,PEARSON,GA,31642-0092,A,A,,10/23/2017,10/23/2017,10/23/2017,IN PERSON,NO,NO,,NO,PE,0004,008,007,176,ALAP,00002,002001,00084,101,
ATKINSON,01358347,BENNETT,IRENE,GILLIARD,,116,PITTMAN ST,UNIT 28D,PEARSON,GA,31642,,PO BOX 901,,PEARSON,GA,31642-0090,A,A,,10/23/2017,10/23/2017,10/23/2017,IN PERSON,NO,NO,,NO,PE,0004,008,007,176,ALAP,00002,002001,00085,102,
ATKINSON,00573655,BOLDEN,SANDRA,DENICE,,150,BROUGHTON ST, ,PEARSON,GA,31642-9777,,PO BOX 204,,PEARSON,GA,31642-0054,A,A,,10/25/2017,10/25/2017,10/25/2017,IN PERSON,NO,NO,,NO,PE,0004,008,007,176,ALAP,00002,002001,00107,130,
ATKINSON,00575044,FORREST,JANETTE,,,211,ALLEN AVE W, ,PEARSON,GA,31642,,PO BOX 365,,PEARSON,GA,31642-0033,A,A,,10/17/2017,10/17/2017,10/17/2017,IN PERSON,NO,NO,,NO,PE,0004,008,007,176,ALAP,00002,002001,00011,13,
ATKINSON,00572672,FLOYD,GENE,,,279,KING ST S, ,PEARSON,GA,31642,,P.O. BOX 22,,PEARSON,GA,31642,A,A,,10/25/2017,10/25/2017,11/02/2017,MAILED,NO,NO,,NO,PE,0004,008,007,176,ALAP,00002,,00021,126,
ATKINSON,00573588,MURRAY,NINA,P,,297,KING ST N, ,PEARSON,GA,31642-7434,,PO BOX 941,,PEARSON,GA,31642-0094,A,A,,10/17/2017,10/17/2017,10/17/2017,IN PERSON,NO,NO,,NO,PE,0004,008,007,176,ALAP,00002,002001,00007,9,
ATKINSON,03527011,DORMINEY,AVA,SHUMAN,,121,MCCRANIE AVE W, ,WILLACOOCHEE,GA,31650-2219,,PO BOX 277,,WILLACOOCHEE,GA,31650-0027,A,A,,11/03/2017,11/03/2017,11/03/2017,IN PERSON,NO,NO,,NO,WL,0003,008,007,176,ALAP,00001,002001,00200,239,
ATKINSON,00574476,FULLMORE,DEXTER,LANIER,,81,VIRGINIA ST, ,PEARSON,GA,31642,,PO BOX 693,,PEARSON,GA,31642-0069,A,A,,10/17/2017,10/17/2017,10/17/2017,IN PERSON,NO,NO,,NO,PE,0004,008,007,176,ALAP,00002,002001,00029,31,
ATKINSON,10945719,LAGUERRE,EMERALD,JACQUELINE,,91,COURT ST N, ,PEARSON,GA,31642,91,COURT ST N,,PEARSON,GA,31642,A,A,,11/02/2017,11/02/2017,11/02/2017,IN PERSON,NO,NO,,NO,PE,0004,008,007,176,ALAP,00004,002001,00174,212,
ATKINSON,00572391,TANNER,MARIAN,SPIKES,,45,PAULK ST, ,PEARSON,GA,31642-7456,,PO BOX 363,,PEARSON,GA,31642-0036,A,A,,10/25/2017,10/25/2017,10/25/2017,IN PERSON,NO,NO,,NO,PE,0004,008,007,176,ALAP,00004,002001,00109,132,
ATKINSON,05530588,FULLMORE,LATOYIA,C,,47,VIRGINIA ST, ,PEARSON,GA,31642,47,VIRGINIA ST,,PEARSON,GA,31642,A,A,,10/18/2017,10/18/2017,10/18/2017,IN PERSON,NO,NO,,NO,PE,0004,008,007,176,ALAP,00002,002001,00063,76,
ATKINSON,11494672,MASHAW,LEONARD,JOHN,JR,36,VICKERS AVE,APT B-3,PEARSON,GA,31642,36,VICKERS AVE,APT B-3,PEARSON,GA,31642,A,C,Ballot was Undelivered,10/26/2017,10/26/2017,11/07/2017,MAILED,NO,NO,,NO,PE,0004,008,007,176,ALAP,00002,,00026,156,
ATKINSON,00574176,THOMAS,RICKEY,D,,512,ALBANY AVE W, ,PEARSON,GA,31642-7104,,PO BOX 391,,PEARSON,GA,31642-0039,A,A,,11/03/2017,11/03/2017,11/03/2017,IN PERSON,NO,NO,,NO,PE,0004,008,007,176,ALAP,00002,002001,00191,230,
ATKINSON,00574298,WILLIAMS,JERRY,L,,254,VIRGINIA ST, ,PEARSON,GA,31642-9727,,PO BOX 211,,PEARSON,GA,31642-0021,A,A,,10/23/2017,10/23/2017,10/23/2017,IN PERSON,NO,NO,,NO,PE,0004,008,007,176,ALAP,00002,002001,00083,100,
ATKINSON,00573691,BUTLER,BETH,D,,9,EDWARD CIR, ,PEARSON,GA,31642,,PO BOX 765,,PEARSON,GA,31642-0076,A,A,,10/18/2017,10/18/2017,10/18/2017,IN PERSON,NO,NO,,NO,PE,0004,008,007,176,ALAP,00002,002001,00051,53,
ATKINSON,11489885,MOORE,IRIYONE SHAMERIA,ZHANAE,,116,PITTMAN ST,APT B20,PEARSON,GA,31642,116,PITTMAN ST,APT B20,PEARSON,GA,31642,A,A,,11/03/2017,11/03/2017,11/03/2017,IN PERSON,NO,NO,,NO,PE,0004,008,007,176,ALAP,00002,002001,00198,237,
ATKINSON,00572543,CORE,CORA,LEE,,320,EDWARD AVE, ,PEARSON,GA,31642-7029,,PO BOX 817,,PEARSON,GA,31642-0081,A,A,,11/02/2017,11/02/2017,11/07/2017,MAILED,NO,NO,,NO,PE,0004,008,007,176,ALAP,00002,,00031,200,
ATKINSON,00572673,FLOYD,JOANN,,,116,PITTMAN ST, ,PEARSON,GA,31642,116,PITTMAN ST,,PEARSON,GA,31642,A,A,,10/19/2017,10/19/2017,11/06/2017,MAILED,NO,NO,,NO,PE,0004,008,007,176,ALAP,00002,,00016,90,
ATKINSON,05718886,CLEMENT,CASSIE,MARIE,,367,MAIN ST S, ,PEARSON,GA,31642,PO,BOX 93,,PEARSON,GA,31642-0093,A,A,,10/17/2017,10/17/2017,10/17/2017,IN PERSON,NO,NO,,NO,PE,0004,008,007,176,ALAP,00002,002001,00010,12,
ATKINSON,03331634,ODUM,ANGELA,DAWN,,388,MAIN ST N, ,PEARSON,GA,31642,,PO BOX 254,,PEARSON,GA,31642-0025,A,A,,10/25/2017,10/25/2017,10/25/2017,IN PERSON,NO,NO,,NO,PE,0004,008,007,176,ALAP,00004,002001,00110,133,
ATKINSON,03729747,KIRKLAND,RUSSA,ANN,,87,MCCRANIE AVE W, ,WILLACOOCHEE,GA,31650-2217,,PO BOX 777,,WILLACOOCHEE,GA,31650-0077,A,A,,10/27/2017,10/27/2017,10/27/2017,IN PERSON,NO,NO,,NO,WL,0003,008,007,176,ALAP,00001,002001,00142,169,
ATKINSON,11494123,NELSON,BERNEST,BRADFORD,,524,MAIN ST S, ,PEARSON,GA,31642,,P.O. BOX 1404,,PEARSON,GA,31642,A,A,,10/25/2017,10/25/2017,10/25/2017,IN PERSON,NO,NO,,NO,PE,0004,008,007,176,ALAP,00002,002001,00120,143,
ATKINSON,04867220,INGREN,KEKE,EDWARDS,,58,EDWARD AVE, ,PEARSON,GA,31642-7026,,PO BOX 963,,PEARSON,GA,31642-0096,A,A,,11/02/2017,11/02/2017,11/02/2017,IN PERSON,NO,NO,,NO,PE,0004,008,007,176,ALAP,00002,002001,00181,219,
ATKINSON,11420348,GUESS,BRIANNA,GRACE,,36,BYRON ST, ,PEARSON,GA,31642,36,BYRON ST,,PEARSON,GA,31642,A,,,10/31/2017,10/31/2017,,MAILED,NO,NO,,NO,PE,0004,008,007,176,ALAP,00002,,00027,180,
ATKINSON,00573016,DAVIS,CAROLE,SHEFFIELD,,53,BAKER ST, ,WILLACOOCHEE,GA,31650-2139,,PO BOX 699,,WILLACOOCHEE,GA,31650-0069,A,,,11/02/2017,11/02/2017,,MAILED,NO,NO,,NO,WL,0003,008,007,176,ALAP,00001,,00004,189,
ATKINSON,08698577,WELCH,ELGIN,J,,116,PITTMAN ST,B-19,PEARSON,GA,31642-8469,,PO BOX 1203,,PEARSON,GA,31642-0120,A,A,,10/17/2017,10/17/2017,10/17/2017,IN PERSON,NO,NO,,NO,PE,0004,008,007,176,ALAP,00002,002001,00022,24,
ATKINSON,00573684,JONES,WILLIE,,JR,354,ALLEN AVE W, ,PEARSON,GA,31642,,P.O. BOX 836,,PEARSON,GA,31642,A,A,,10/18/2017,10/18/2017,10/18/2017,IN PERSON,NO,NO,,NO,PE,0004,008,007,176,ALAP,00002,002001,00067,80,
ATKINSON,00572904,BAILEY,MYRTICE,HALL,,14,OLD FLORIDA RD, ,WILLACOOCHEE,GA,31650,,PO BOX 281,,WILLACOOCHEE,GA,31650-0028,A,A,,10/25/2017,10/25/2017,10/25/2017,IN PERSON,NO,NO,,NO,WL,0003,008,007,176,ALAP,00001,002001,00132,155,
ATKINSON,00571464,ASHFORD,LEWIS,EDWARD,,103,STONE CIR, ,PEARSON,GA,31642,,PO BOX 943,,PEARSON,GA,31642-0094,A,A,,10/18/2017,10/18/2017,11/02/2017,MAILED,NO,NO,,NO,PE,0004,008,007,176,ALAP,00002,,00003,62,
ATKINSON,00572263,SHAW,ALINE,LAFAYE,,424,BOLDEN AVE, ,PEARSON,GA,31642-8346,,PO BOX 821,,PEARSON,GA,31642-0082,A,A,,11/02/2017,11/02/2017,11/02/2017,IN PERSON,NO,NO,,NO,PE,0004,008,007,176,ALAP,00002,002001,00165,203,
ATKINSON,07569971,COOPER,AARON,DONALD,,190,GORDON AVE, ,PEARSON,GA,31642-7136,,PO BOX 1199,,PEARSON,GA,31642-0119,A,A,,10/18/2017,10/18/2017,10/26/2017,MAILED,NO,NO,,NO,PE,0004,008,007,176,ALAP,00002,,00012,71,
ATKINSON,05857168,WYER,BIRDIE,,,577,PAULK AVE E, ,WILLACOOCHEE,GA,31650-2657,,PO BOX 959,,WILLACOOCHEE,GA,31650-0095,A,A,,11/02/2017,11/02/2017,11/07/2017,MAILED,NO,NO,,NO,WL,0003,008,007,176,ALAP,00001,,00007,199,
ATKINSON,00574567,COOPER,CLARK,GABLE,,190,GORDON AVE, ,PEARSON,GA,31642,,PO BOX 1199,,PEARSON,GA,31642-0119,A,A,,10/18/2017,10/18/2017,10/26/2017,MAILED,NO,NO,,NO,PE,0004,008,007,176,ALAP,00002,,00004,63,
ATKINSON,00574240,DAVIS,ANNIE,FRANCES,,70,GASKINS AVE, ,PEARSON,GA,31642-7131,,PO BOX 838,,PEARSON,GA,31642-0083,A,A,,11/03/2017,11/03/2017,11/03/2017,IN PERSON,NO,NO,,NO,PE,0004,008,007,176,ALAP,00002,002001,00199,238,
ATKINSON,00572121,MOORE,CORNELIUS,,,52,GRAHAM ST, ,PEARSON,GA,31642-7129,,PO BOX 787,,PEARSON,GA,31642-0078,A,A,,10/18/2017,10/18/2017,10/18/2017,IN PERSON,NO,NO,,NO,PE,0004,008,007,176,ALAP,00002,002001,00049,51,
ATKINSON,03729874,MOORE,FARRAH,DENISE,,608,KIRA LOOP, ,PEARSON,GA,31642-8442,,PO BOX 943,,PEARSON,GA,31642-0094,A,A,,11/02/2017,11/02/2017,11/02/2017,IN PERSON,NO,NO,,NO,PE,0004,008,007,176,ALAP,00002,002001,00162,195,
ATKINSON,08565571,BORRERO,ROBERTO,VALENTENO,,18,SHERMAN AVE, ,PEARSON,GA,31642-7035,,PO BOX 779,,PEARSON,GA,31642-0077,A,A,,10/18/2017,10/18/2017,10/18/2017,IN PERSON,NO,NO,,NO,PE,0004,008,007,176,ALAP,00002,002001,00043,45,
ATKINSON,00575363,FOLSOM,DOROTHY,LANKFORD,,83,CHURCH ST S, ,PEARSON,GA,31642-8047,,PO BOX 887,,PEARSON,GA,31642-0088,A,A,,11/02/2017,11/02/2017,11/02/2017,IN PERSON,NO,NO,,NO,PE,0004,008,007,176,ALAP,00002,002001,00159,192,
ATKINSON,06359024,BUCHANAN,JAN,SPIKES,,38,VICKERS AVE,APT B-3,PEARSON,GA,31642,38,VICKERS AVE,APT B-3,PEARSON,GA,31642,A,A,,10/24/2017,10/25/2017,11/06/2017,MAILED,NO,NO,,NO,PE,0004,008,007,176,ALAP,00002,,00032,243,
ATKINSON,00573198,SCOTT,REBECCA,ANN,,36,VICKERS AVE, ,PEARSON,GA,31642-8460,,PO BOX 1032,,PEARSON,GA,31642-0103,A,A,,11/02/2017,11/02/2017,11/02/2017,IN PERSON,NO,NO,,NO,PE,0004,008,007,176,ALAP,00002,002001,00163,196,
ATKINSON,03729909,COLSON,TIMOTHY,BRIAN,,190,VIRGINIA ST, ,PEARSON,GA,31642,,PO BOX 484,,PEARSON,GA,31642-0048,A,A,,10/17/2017,10/17/2017,10/17/2017,IN PERSON,NO,NO,,NO,PE,0004,008,007,176,ALAP,00002,002001,00012,14,
ATKINSON,10494088,MINOR,T'ESJAMEBRA,KEELY,,212,EDWARD AVE, ,PEARSON,GA,31642,,PO BOX 904,,PEARSON,GA,31642-0904,A,A,,10/17/2017,10/17/2017,10/17/2017,IN PERSON,NO,NO,,NO,PE,0004,008,007,176,ALAP,00002,002001,00027,29,
ATKINSON,08661909,ABONZA,SARAI,,,75,BAILEY ST, ,PEARSON,GA,31642,75,BAILEY ST,,PEARSON,GA,31642,A,A,,10/30/2017,10/30/2017,10/30/2017,IN PERSON,NO,NO,,NO,PE,0004,008,007,176,ALAP,00004,002001,00145,172,
ATKINSON,00574267,JONES,MALCOLM,JEROME,,116,ROBERTS AVE, ,WILLACOOCHEE,GA,31650-3121,,PO BOX 616,,WILLACOOCHEE,GA,31650-0061,A,A,,11/03/2017,11/03/2017,11/03/2017,IN PERSON,NO,NO,,NO,WL,0003,008,007,176,ALAP,00001,002001,00195,234,
ATKINSON,08770163,JOHNSON,ROBERT,LEROY,,94,VIRGINIA ST, ,PEARSON,GA,31642,,P.O. BOX 672,,PEARSON,GA,31642,A,A,,10/17/2017,10/17/2017,10/17/2017,IN PERSON,NO,NO,,NO,PE,0004,008,007,176,ALAP,00002,002001,00016,18,
ATKINSON,05334290,WILLIAMS,CARLA,ANN,,254,VIRGINIA ST, ,PEARSON,GA,31642-9727,,PO BOX 211,,PEARSON,GA,31642-0021,A,A,,10/25/2017,10/25/2017,11/07/2017,MAILED,NO,NO,DISABLED,NO,PE,0004,008,007,176,ALAP,00002,,00023,127,
ATKINSON,00572435,VICKERS,DANIEL,RICHARD,,83,VICKERS AVE, ,PEARSON,GA,31642-8405,,PO BOX 323,,PEARSON,GA,31642-0032,A,A,,11/02/2017,11/02/2017,11/02/2017,IN PERSON,NO,NO,,NO,PE,0004,008,007,176,ALAP,00002,002001,00178,216,
ATKINSON,00572449,GIBSON,SANDRA,VICKERS,,117,ALLEN AVE W, ,PEARSON,GA,31642-7930,,PO BOX 868,,PEARSON,GA,31642-0086,A,A,,10/30/2017,10/30/2017,10/30/2017,IN PERSON,NO,NO,,NO,PE,0004,008,007,176,ALAP,00002,002001,00148,175,
ATKINSON,04811616,BUSBEE,PAMELA,,,21,PAULK AVE W, ,WILLACOOCHEE,GA,31650-2441,21,PAULK AVE W,,WILLACOOCHEE,GA,31650-2441,A,A,,10/18/2017,10/18/2017,10/18/2017,IN PERSON,NO,NO,,NO,WL,0003,008,007,176,ALAP,00001,002001,00073,87,
ATKINSON,05730826,BRYANT,DARYL,,,280,WILCOX ST N, ,WILLACOOCHEE,GA,31650-9702,280,WILCOX ST N,,WILLACOOCHEE,GA,31650-9702,A,A,,10/25/2017,10/25/2017,10/25/2017,IN PERSON,NO,NO,,NO,WL,0003,008,007,176,ALAP,00001,002001,00130,153,
ATKINSON,00571839,GILLIS,WILLIE,DOUGAL,SR,102,AUSTIN AVE W, ,PEARSON,GA,31642-7728,,PO BOX 277,,PEARSON,GA,31642-0027,A,A,,10/18/2017,10/18/2017,10/18/2017,IN PERSON,NO,NO,,NO,PE,0004,008,007,176,ALAP,00002,002001,00054,56,
ATKINSON,00571796,FULLMORE,LINDA LUE,THOMAS,,81,VIRGINIA ST, ,PEARSON,GA,31642-9789,,PO BOX 693,,PEARSON,GA,31642-0069,A,A,,10/18/2017,10/18/2017,10/18/2017,IN PERSON,NO,NO,,NO,PE,0004,008,007,176,ALAP,00002,002001,00047,49,
ATKINSON,00571657,HOLLAND,HATTIE,ELIZABETH,,130,GORDON AVE, ,PEARSON,GA,31642,,PO BOX 536,,PEARSON,GA,31642-0053,A,A,,10/25/2017,10/25/2017,10/25/2017,IN PERSON,NO,NO,,NO,PE,0004,008,007,176,ALAP,00002,002001,00117,140,
ATKINSON,00571520,BOLDEN,JOHN,TOM,,127,BOLDEN AVE, ,PEARSON,GA,31642-8339,127,BOLDEN AVE,,PEARSON,GA,31642-8339,A,A,,10/18/2017,10/18/2017,10/24/2017,MAILED,NO,NO,ELDERLY,NO,PE,0004,008,007,176,ALAP,00002,,00010,69,
ATKINSON,03729775,KUNBERGER,JOHN,ANDREW,,63,FLEETWOOD AVE W, ,WILLACOOCHEE,GA,31650-2202,,PO BOX 568,,WILLACOOCHEE,GA,31650-0056,A,A,,11/03/2017,11/03/2017,11/03/2017,IN PERSON,NO,NO,,NO,WL,0003,008,007,176,ALAP,00001,002001,00194,233,
ATKINSON,00571948,JOHNSON,LEROY,,,127,VIRGINIA ST, ,PEARSON,GA,31642,,PO BOX 1212,,PEARSON,GA,31642-0121,A,A,,10/18/2017,10/18/2017,11/02/2017,MAILED,NO,NO,,NO,PE,0004,008,007,176,ALAP,00002,,00013,72,
ATKINSON,11481715,WHITE,JAMIE,MARIE,,492,MAIN ST S, ,PEARSON,GA,31642,492,MAIN ST S,,PEARSON,GA,31642,A,A,,11/02/2017,11/02/2017,11/02/2017,IN PERSON,NO,NO,,NO,PE,0004,008,007,176,ALAP,00002,002001,00157,190,
ATKINSON,07762289,ROBINSON,DEON,R,,338,BOLDEN AVE, ,PEARSON,GA,31642-8343,,PO BOX 31,,AXSON,GA,31624-0003,A,,,11/02/2017,11/02/2017,,MAILED,NO,NO,,NO,PE,0004,008,007,176,ALAP,00002,,00022,201,
ATKINSON,03729951,GASKINS,PEGGY,C,,222,KIRA LOOP, ,PEARSON,GA,31642,222,KIRA LOOP,,PEARSON,GA,31642,A,A,,10/31/2017,10/31/2017,10/31/2017,IN PERSON,NO,NO,,NO,PE,0004,008,007,176,ALAP,00002,002001,00153,183,
ATKINSON,00571692,DAVIS,FOSTER,T,,74,PEACH AVE, ,PEARSON,GA,31642-7423,,PO BOX 471,,PEARSON,GA,31642-0047,A,A,,10/19/2017,10/19/2017,10/19/2017,IN PERSON,NO,NO,,NO,PE,0004,008,007,176,ALAP,00004,002001,00075,92,
ATKINSON,01215181,SANFORD,STEVEN,A,,135,EDWARD AVE, ,PEARSON,GA,31642-7024,,PO BOX 524,,PEARSON,GA,31642-0052,A,A,,10/17/2017,10/17/2017,10/17/2017,IN PERSON,NO,NO,,NO,PE,0004,008,007,176,ALAP,00002,002001,00033,35,
ATKINSON,00572250,ROWLES,ROOSEVELT,,JR,206,WEST ST S, ,PEARSON,GA,31642-7246,,PO BOX 824,,PEARSON,GA,31642-0082,A,A,,11/03/2017,11/03/2017,11/03/2017,IN PERSON,NO,NO,,NO,PE,0004,008,007,176,ALAP,00002,002001,00203,242,
ATKINSON,00572317,SPIKES,JUANITA,TYSON,,613,AUSTIN AVE E, ,PEARSON,GA,31642-8258,613,AUSTIN AVE E,,PEARSON,GA,31642-8258,A,A,,10/26/2017,10/26/2017,10/26/2017,IN PERSON,NO,NO,,NO,PE,0004,008,007,176,ALAP,00002,002001,00135,161,
ATKINSON,04253710,DOUGLAS,LASHONDA,SHAWNTA,,314,ALLEN AVE W, ,PEARSON,GA,31642-7934,,PO BOX 836,,PEARSON,GA,31642-0083,A,A,,10/17/2017,10/17/2017,10/17/2017,IN PERSON,NO,NO,,NO,PE,0004,008,007,176,ALAP,00002,002001,00014,16,
ATKINSON,00573849,FLOYD,ANITA,GWINNET,,176,BROUGHTON ST, ,PEARSON,GA,31642-7042,,PO BOX 1041,,PEARSON,GA,31642-0104,A,A,,10/23/2017,10/23/2017,10/23/2017,IN PERSON,NO,NO,,NO,PE,0004,008,007,176,ALAP,00002,002001,00090,107,
ATKINSON,07158624,DONALDSON,WILLIE,BERNARD,,452,SPRINGHEAD CHURCH RD, ,WILLACOOCHEE,GA,31650-7860,,PO BOX 452,,WILLACOOCHEE,GA,31650-0045,A,C,Ballot Turned in on Election Day,10/26/2017,10/26/2017,11/07/2017,MAILED,NO,NO,,NO,WL,0003,008,007,176,ALAP,00001,,00001,158,
ATKINSON,03729773,KUNBERGER,BONNIE,MYERS,,63,FLEETWOOD AVE W, ,WILLACOOCHEE,GA,31650,,PO BOX 568,,WILLACOOCHEE,GA,31650-0056,A,A,,11/03/2017,11/03/2017,11/03/2017,IN PERSON,NO,NO,,NO,WL,0003,008,007,176,ALAP,00001,002001,00193,232,
ATKINSON,05290902,THOMAS,JOHNNY,JAY,,76,KING ST S, ,PEARSON,GA,31642-7909,76,KING ST S,,PEARSON,GA,31642-7909,A,A,,10/31/2017,10/31/2017,10/31/2017,IN PERSON,NO,NO,,NO,PE,0004,008,007,176,ALAP,00002,002001,00152,179,
ATKINSON,00572108,MIXON,LINDA,SUTTON,,910,KING ST N, ,PEARSON,GA,31642-7453,,PO BOX 311,,PEARSON,GA,31642-0031,A,A,,10/25/2017,10/25/2017,10/25/2017,IN PERSON,NO,NO,,NO,PE,0004,008,007,176,ALAP,00004,002001,00122,145,
ATKINSON,00574404,JACKSON,TRAVALISS,DELORESE,,190,EDWARD AVE, ,PEARSON,GA,31642-7023,,PO BOX 84,,PEARSON,GA,31642-0008,A,A,,10/25/2017,10/25/2017,10/25/2017,IN PERSON,NO,NO,,NO,PE,0004,008,007,176,ALAP,00002,002001,00116,139,
ATKINSON,06856027,ELLIS,DEELISA,SHANTEL,,116,PITTMAN ST,B19,PEARSON,GA,31642-8462,,PO BOX 1203,,PEARSON,GA,31642-0120,A,A,,10/17/2017,10/17/2017,10/17/2017,IN PERSON,NO,NO,,NO,PE,0004,008,007,176,ALAP,00002,002001,00023,25,
