County,Voter Registration #,Last Name,First Name,Middle Name,Suffix,Street #,Street Name,Apt/Unit,City,State,Zip Code,Mailing Street #,Mailing Street Name,Mailing Apt/Unit,Mailing City,Mailing State,Mailing Zip Code,Application Status,Ballot Status,Status Reason,Application Date,Ballot Issued Date,Ballot Return Date,Ballot Style,Ballot Assisted,Challenged/Provisional,Designation/Reason Issue,ID Required,Municipal Precinct,County Precinct,CNG,SEN,HOUSE	,JUD,Combo #,Vote Center ID,Ballot ID,Post #,Party
BANKS,00002676,RICHIE,SALLIE,L,,124,BROWN ST, ,HOMER,GA,30547-2527,,PO BOX 586,,HOMER,GA,30547-0058,A,A,,11/02/2017,11/02/2017,11/02/2017,IN PERSON,NO,NO,,NO,4,0010,009,050,028,PIED,00006,006020,00018,20,
BANKS,05010617,GADDIS,FRANKLIN,DAVE,,202,SYCAMORE ST, ,HOMER,GA,30547-2808,202,SYCAMORE ST,,HOMER,GA,30547-2808,A,A,,11/02/2017,11/02/2017,11/02/2017,IN PERSON,NO,NO,,NO,4,0010,009,050,028,PIED,00006,006020,00020,22,
BANKS,00000345,JONES,DAVID,C,JR,202,HANSEN RDG, ,HOMER,GA,30547,,PO BOX 295,,HOMER,GA,30547-0029,A,A,,10/26/2017,10/26/2017,10/26/2017,IN PERSON,NO,NO,,NO,4,0003,009,050,028,PIED,00006,006020,00008,10,
BANKS,00004110,HILL,KATHY,LOUISE,,100,HIGHWAY 51 S, ,HOMER,GA,30547,100,HIGHWAY 51 S,,HOMER,GA,30547,A,A,,10/27/2017,10/27/2017,10/27/2017,IN PERSON,NO,NO,,NO,4,0010,009,050,028,PIED,00006,006020,00009,11,
BANKS,00001097,HILL,CLIFTON,B,JR,100,HIGHWAY 51 S, ,HOMER,GA,30547-2500,100,HIGHWAY 51 S,,HOMER,GA,30547-2500,A,A,,10/27/2017,10/27/2017,10/27/2017,IN PERSON,NO,NO,,NO,4,0010,009,050,028,PIED,00006,006020,00010,12,
BANKS,00003938,GARDINER,CHARLES,F,,483,GREASY CREEK ST, ,HOMER,GA,30547-2505,483,GREASY CREEK ST,,HOMER,GA,30547-2505,A,A,,10/31/2017,10/31/2017,10/31/2017,IN PERSON,NO,NO,,NO,4,0010,009,050,028,PIED,00006,006020,00012,14,
BANKS,00004194,AUSBURN,WILLARD,,,244,GARRISON ST, ,HOMER,GA,30547-2517,244,GARRISON ST,,HOMER,GA,30547-2517,A,A,,10/24/2017,10/24/2017,10/26/2017,MAILED,NO,NO,,NO,4,0010,009,050,028,PIED,00006,,00022,7,
BANKS,00003566,DUMAS,JOAN,C,,157,SULLIVAN DR, ,HOMER,GA,30547-2256,157,SULLIVAN DR,,HOMER,GA,30547-2256,A,A,,10/30/2017,10/30/2017,10/30/2017,IN PERSON,NO,NO,,NO,4,0013,009,050,028,PIED,00017,006020,00011,13,
BANKS,00001077,CARLAN,W,JIMMY,,853,HISTORIC HOMER HWY, ,HOMER,GA,30547-2855,853,HISTORIC HOMER HWY,,HOMER,GA,30547-2855,A,A,,10/19/2017,10/19/2017,10/19/2017,IN PERSON,NO,NO,,NO,4,0010,009,050,028,PIED,00006,006020,00004,4,
BANKS,00001074,CARLAN,MARY ANN,,,853,HISTORIC HOMER HWY, ,HOMER,GA,30547,853,HISTORIC HOMER HWY,,HOMER,GA,30547,A,A,,10/19/2017,10/19/2017,10/19/2017,IN PERSON,NO,NO,,NO,4,0010,009,050,028,PIED,00006,006020,00003,3,
BANKS,00002274,DUMAS,JAMES,C,,157,SULLIVAN DR, ,HOMER,GA,30547-2256,157,SULLIVAN DR,,HOMER,GA,30547-2256,A,A,,10/25/2017,10/25/2017,10/25/2017,IN PERSON,NO,NO,,NO,4,0013,009,050,028,PIED,00017,006020,00006,8,
BANKS,03845667,WALKER,DANIEL,LEE,,270,GARRISON ST, ,HOMER,GA,30547-2518,270,GARRISON ST,,HOMER,GA,30547-2518,A,A,,11/02/2017,11/02/2017,11/02/2017,IN PERSON,NO,NO,,NO,4,0010,009,050,028,PIED,00006,006020,00015,17,
BANKS,07728376,BORDERS,DOUGLAS,,,215,WOODLAND ST, ,HOMER,GA,30547-2711,215,WOODLAND ST,,HOMER,GA,30547-2711,A,A,,10/31/2017,10/31/2017,10/31/2017,IN PERSON,NO,NO,,NO,4,0010,009,050,028,PIED,00006,006020,00014,16,
BANKS,06274693,PAYNE,JANET,N,,807,HISTORIC HOMER HWY, ,HOMER,GA,30547-2855,807,HISTORIC HOMER HWY,,HOMER,GA,30547-2855,A,A,,10/19/2017,10/19/2017,10/19/2017,IN PERSON,NO,NO,,NO,4,0010,009,050,028,PIED,00006,006020,00001,1,
BANKS,00865539,SHAW,SANDRA,ELAINE,,1076,HISTORIC HOMER HWY, ,HOMER,GA,30547,1076,HISTORIC HOMER HWY,,HOMER,GA,30547,A,A,,11/02/2017,11/02/2017,11/02/2017,IN PERSON,NO,NO,,NO,4,0010,009,050,028,PIED,00006,006020,00017,19,
BANKS,00003202,BRUCE,LILLIE,MAE,,269,GARRISON ST, ,HOMER,GA,30547,,PO BOX 204,,HOMER,GA,30547-0020,A,A,,10/26/2017,10/26/2017,10/26/2017,IN PERSON,NO,NO,,NO,4,0010,009,050,028,PIED,00006,006020,00007,9,
BANKS,05895147,TJEPKEMA,MARK,JOHN,,133,MASON ST, ,HOMER,GA,30547,133,MASON ST,,HOMER,GA,30547,A,A,,11/02/2017,11/02/2017,11/02/2017,IN PERSON,NO,NO,,NO,4,0010,009,050,028,PIED,00006,006020,00016,18,
BANKS,00001056,BORDERS,BETTY JEAN,,,215,WOODLAND ST, ,HOMER,GA,30547,,215 WOODLAND ST.,,HOMER,GA,30547,A,A,,10/31/2017,10/31/2017,10/31/2017,IN PERSON,NO,NO,,NO,4,0010,009,050,028,PIED,00006,006020,00013,15,
BANKS,08150484,MCCALL,DENNIS,FRANCIS,,1185,HISTORIC HOMER HWY, ,HOMER,GA,30547-2742,1185,HISTORIC HOMER HWY,,HOMER,GA,30547-2742,A,A,,10/23/2017,10/23/2017,10/23/2017,IN PERSON,NO,NO,,NO,4,0010,009,050,028,PIED,00006,006020,00005,5,
BANKS,00294963,SHAW,STEVEN,MARION,,1076,HISTORIC HOMER HWY, ,HOMER,GA,30547,1076,HISTORIC HOMER HWY,,HOMER,GA,30547,A,A,,11/03/2017,11/03/2017,11/03/2017,IN PERSON,NO,NO,,NO,4,0010,009,050,028,PIED,00006,006020,00023,25,
BANKS,00360449,DAY,ROSS,BRADLEY,,727,MCCOY BRIDGE RD, ,HOMER,GA,30547-2235,727,MCCOY BRIDGE RD,,HOMER,GA,30547-2235,A,A,,11/02/2017,11/02/2017,11/02/2017,IN PERSON,NO,NO,,NO,4,0013,009,050,028,PIED,00017,006020,00021,23,
BANKS,00003196,SANDERS,MAX,J,JR,889,HISTORIC HOMER HWY, ,HOMER,GA,30547-2860,889,HISTORIC HOMER HWY,,HOMER,GA,30547-2860,A,A,,11/03/2017,11/03/2017,11/03/2017,IN PERSON,NO,NO,,NO,4,0010,009,050,028,PIED,00006,006020,00022,24,
BANKS,00004338,AUSBURN,MARGARET,HOOPER,,244,GARRISON ST, ,HOMER,GA,30547,244,GARRISON ST,,HOMER,GA,30547,A,A,,10/24/2017,10/24/2017,10/26/2017,MAILED,NO,NO,,NO,4,0010,009,050,028,PIED,00006,,00021,6,
BANKS,00003222,CRANE,LANNIE,,,151,LANNIE ST, ,HOMER,GA,30547,,P O BOX 124,,HOMER,GA,30547,A,A,,11/03/2017,11/03/2017,11/03/2017,IN PERSON,NO,NO,,NO,4,0010,009,050,028,PIED,00006,006020,00024,26,
BANKS,00393869,CROWDER,RICHARD,HAMILTON,JR,240,SYCAMORE ST, ,HOMER,GA,30547,,PO BOX 768,,HOMER,GA,30547,A,A,,11/02/2017,11/02/2017,11/02/2017,IN PERSON,NO,NO,,NO,4,0010,009,050,028,PIED,00006,006020,00019,21,
BANKS,08716596,PAYNE,BETTY,JEAN,,807,HISTORIC HOMER HWY, ,HOMER,GA,30547-2855,807,HISTORIC HOMER HWY,,HOMER,GA,30547-2855,A,A,,10/19/2017,10/19/2017,10/19/2017,IN PERSON,NO,NO,,NO,4,0010,009,050,028,PIED,00006,006020,00002,2,
