County,Voter Registration #,Last Name,First Name,Middle Name,Suffix,Street #,Street Name,Apt/Unit,City,State,Zip Code,Mailing Street #,Mailing Street Name,Mailing Apt/Unit,Mailing City,Mailing State,Mailing Zip Code,Application Status,Ballot Status,Status Reason,Application Date,Ballot Issued Date,Ballot Return Date,Ballot Style,Ballot Assisted,Challenged/Provisional,Designation/Reason Issue,ID Required,Municipal Precinct,County Precinct,CNG,SEN,HOUSE	,JUD,Combo #,Vote Center ID,Ballot ID,Post #,Party
BURKE,08819821,BROWN,FELICIA,SHARON,,505,SHORT ST, ,WAYNESBORO,GA,30830,505,SHORT ST,,WAYNESBORO,GA,30830,A,A,,10/02/2017,10/16/2017,10/25/2017,MAILED,NO,NO,,NO,4,0014,012,023,126,AUGU,00020,,00072,103,
BURKE,00250876,OWENS,HARRIET,,,803,DAVIS RD,APT 1401,WAYNESBORO,GA,30830,803,DAVIS RD,APT 1401,WAYNESBORO,GA,30830,A,A,,10/09/2017,10/16/2017,10/26/2017,MAILED,NO,NO,,NO,4,0014,012,023,126,AUGU,00020,,00078,110,
BURKE,11004987,CARPENTER,CAROLYN,R,,525,E 7TH ST, ,WAYNESBORO,GA,30830,525,E 7TH ST,,WAYNESBORO,GA,30830,A,A,,08/31/2017,10/16/2017,10/25/2017,MAILED,NO,NO,,NO,4,0014,012,023,126,AUGU,00020,,00040,65,
BURKE,00565489,SCURRY,THADDEUS,LOUIS,,132,ASHTON PL,APT 32,WAYNESBORO,GA,30830,132,ASHTON PL,APT 32,WAYNESBORO,GA,30830,A,A,,08/29/2017,10/16/2017,10/25/2017,MAILED,NO,NO,,NO,4,0014,012,023,126,AUGU,00020,,00028,47,
BURKE,10022775,SMITH,KALVIN,K,,713,BRIARWOOD CT,C,WAYNESBORO,GA,30830,713,BRIARWOOD CT,APT. C,WAYNESBORO,GA,30830,A,A,,09/13/2017,10/17/2017,10/23/2017,MAILED,NO,NO,,NO,4,0015,012,023,126,AUGU,00022,,00049,164,
BURKE,08089445,JENKINS,MELISSA,LORANE,,514,CANTERBURY CIR, ,WAYNESBORO,GA,30830-1134,514,CANTERBURY CIR,,WAYNESBORO,GA,30830-1134,A,A,,09/13/2017,10/16/2017,10/25/2017,MAILED,NO,NO,,NO,4,0014,012,023,126,AUGU,00020,,00089,130,
BURKE,03563349,BOSTICK,CURTIS,L,,525,E 7TH ST, ,WAYNESBORO,GA,30830-1190,525,E 7TH ST,,WAYNESBORO,GA,30830-1190,A,A,,08/31/2017,10/16/2017,10/25/2017,MAILED,NO,NO,,NO,4,0014,012,023,126,AUGU,00020,,00042,69,
BURKE,05616128,DOVE,SIDNEY,MAE,,803,DAVIS RD,UNIT 403,WAYNESBORO,GA,30830-1816,803,DAVIS RD,UNIT 403,WAYNESBORO,GA,30830-1816,A,A,,09/06/2017,10/16/2017,10/26/2017,MAILED,NO,NO,,NO,4,0014,012,023,126,AUGU,00020,,00047,74,
BURKE,05445334,JONES,BETTY,M,,500,E 6TH ST,APT 95,WAYNESBORO,GA,30830,500,E 6TH ST,APT 95,WAYNESBORO,GA,30830,A,A,,09/13/2017,10/16/2017,10/25/2017,MAILED,NO,NO,,NO,4,0015,012,023,126,AUGU,00022,,00020,55,
BURKE,11077133,CALLAWAY,JAMIR,ELLIOTT,,545,PILGRIM WAY, ,WAYNESBORO,GA,30830,545,PILGRIM WAY,,WAYNESBORO,GA,30830,A,A,,09/20/2017,10/17/2017,10/23/2017,MAILED,NO,NO,,NO,4,0015,012,023,126,AUGU,00022,,00052,174,
BURKE,00273886,MASON,MARTHA,ANN,,702,A ST, ,WAYNESBORO,GA,30830-1115,702,A ST,,WAYNESBORO,GA,30830-1115,A,A,,08/27/2017,10/17/2017,10/26/2017,MAILED,NO,NO,,NO,4,0014,012,023,126,AUGU,00020,,00100,142,
BURKE,05997489,HARRIS,LOTTIE,DENISE,,539,PILGRIM WAY, ,WAYNESBORO,GA,30830-1148,539,PILGRIM WAY,,WAYNESBORO,GA,30830-1148,A,A,,09/13/2017,10/16/2017,10/26/2017,MAILED,NO,NO,,NO,4,0015,012,023,126,AUGU,00022,,00032,105,
BURKE,00274797,PRESTON,MARY,G,,120,ASHTON PL, ,WAYNESBORO,GA,30830,120,ASHTON PL,,WAYNESBORO,GA,30830,A,A,,08/29/2017,10/16/2017,10/27/2017,MAILED,NO,NO,,NO,4,0014,012,023,126,AUGU,00020,,00030,49,
BURKE,11285617,HUGHES,DESMOND,RESHUN,,501,SHORT ST, ,WAYNESBORO,GA,30830,501,SHORT ST,,WAYNESBORO,GA,30830-1226,A,,,08/28/2017,10/17/2017,,MAILED,NO,NO,,NO,4,0014,012,023,126,AUGU,00020,,00093,135,
BURKE,00279233,BRANTLEY,THOMAS,J,,10,HUNTINGTON PL, ,WAYNESBORO,GA,30830-9549,10,HUNTINGTON PL,,WAYNESBORO,GA,30830-9549,A,A,,10/16/2017,10/16/2017,10/16/2017,IN PERSON,NO,NO,,NO,4,0015,012,023,126,AUGU,00021,017025,00001,126,
BURKE,07694295,MASON,LELA,M,,702,A ST, ,WAYNESBORO,GA,30830,702,A ST,,WAYNESBORO,GA,30830,A,A,,08/27/2017,10/17/2017,10/26/2017,MAILED,NO,NO,,NO,4,0014,012,023,126,AUGU,00020,,00101,143,
BURKE,00274687,PETERSON,KATHLEEN,,,508,VICTORY DR, ,WAYNESBORO,GA,30830-1565,508,VICTORY DR,,WAYNESBORO,GA,30830-1565,A,A,,10/24/2017,10/24/2017,10/24/2017,IN PERSON,NO,NO,,NO,4,0015,012,023,126,AUGU,00021,017025,00025,264,
BURKE,00279736,BOSTIC,SHALONDA,JONES,,870,WATERS ST,UNIT 1/2,WAYNESBORO,GA,30830-1266,870,WATERS ST,UNIT 1/2,WAYNESBORO,GA,30830-1266,A,A,,11/01/2017,11/01/2017,11/01/2017,IN PERSON,NO,NO,,NO,4,0014,012,023,126,AUGU,00020,017025,00038,291,
BURKE,07177962,BOSTIC,SHAKITA,AREAL,,620,WOODLAND TERRACE DR, ,WAYNESBORO,GA,30830,620,WOODLAND TERRACE,APT. 620,WAYNESBORO,GA,30830,A,A,,08/31/2017,10/16/2017,10/20/2017,MAILED,NO,NO,,NO,4,0015,012,023,126,AUGU,00022,,00024,63,
BURKE,07317214,BURKE,GERIANNE,M,,828,N LIBERTY ST, ,WAYNESBORO,GA,30830-1215,828,N LIBERTY ST,,WAYNESBORO,GA,30830-1215,A,A,,10/27/2017,10/27/2017,10/27/2017,IN PERSON,NO,NO,,NO,4,0014,012,023,126,AUGU,00020,017025,00034,279,
BURKE,00271153,CROSS,ANITA,J,,803,DAVIS RD,UNIT 503,WAYNESBORO,GA,30830-1817,803,DAVIS RD,UNIT 503,WAYNESBORO,GA,30830-1817,A,A,,10/19/2017,10/19/2017,10/19/2017,IN PERSON,NO,NO,,NO,4,0014,012,023,126,AUGU,00020,017025,00015,229,
BURKE,05724976,PROCTOR,PREKEDAL,S,,708,A ST, ,WAYNESBORO,GA,30830,,PO BOX 1484,,WAYNESBORO,GA,30830-1484,A,,,09/08/2017,10/17/2017,,MAILED,NO,NO,,NO,4,0014,012,023,126,AUGU,00020,,00121,177,
BURKE,06959778,WILLIAMS,ELIZABETH,,,703,BRIARWOOD CT,UNIT 7C,WAYNESBORO,GA,30830-1194,703,BRIARWOOD CT,UNIT 7C,WAYNESBORO,GA,30830-1194,A,A,,10/21/2017,10/23/2017,11/01/2017,MAILED,NO,NO,,NO,4,0015,012,023,126,AUGU,00022,,00068,252,
BURKE,05816431,KING,SHONDELL,LAMONT,,507,E 8TH ST, ,WAYNESBORO,GA,30830-1114,507,E 8TH ST,,WAYNESBORO,GA,30830-1114,A,,,10/19/2017,10/23/2017,,MAILED,NO,NO,,NO,4,0014,012,023,126,AUGU,00020,,00167,256,
BURKE,06048537,SURSSON,RECO,T,,102,ASHTON PL, ,WAYNESBORO,GA,30830-8034,102,ASHTON PL,,WAYNESBORO,GA,30830-8034,A,A,,08/29/2017,10/16/2017,10/25/2017,MAILED,NO,NO,,NO,4,0014,012,023,126,AUGU,00020,,00027,46,
BURKE,10693393,GORDON,EDWARD,C,,625,WOODLAND TERRACE DR, ,WAYNESBORO,GA,30830,625,WOODLAND TERRACE DR,,WAYNESBORO,GA,30830,A,R,Insufficient Oath Information,10/16/2017,10/16/2017,11/07/2017,MAILED,NO,NO,,YES,4,0015,012,023,126,AUGU,00022,,00031,95,
BURKE,04470392,GOULD,EUNICE,ANN,,115,ASHTON PL, ,WAYNESBORO,GA,30830-8033,115,ASHTON PL,,WAYNESBORO,GA,30830-8033,A,A,,08/29/2017,10/16/2017,10/26/2017,MAILED,NO,NO,,NO,4,0014,012,023,126,AUGU,00020,,00021,40,
BURKE,00273573,LEONARD,NEAL,C,SR,833,BLAKENEY ST, ,WAYNESBORO,GA,30830-1311,,PO BOX 95,,WAYNESBORO,GA,30830-0009,A,A,,10/20/2017,10/20/2017,10/20/2017,IN PERSON,NO,NO,,NO,4,0016,012,023,126,AUGU,00042,017025,00021,239,
BURKE,10179457,DOE,CHALLA,DEASIA,,628,WOODLAND TERRACE DR, ,WAYNESBORO,GA,30830,628,WOODLAND TERRACE DR,,WAYNESBORO,GA,30830,A,,,10/23/2017,10/30/2017,,MAILED,NO,NO,,NO,4,0015,012,023,126,AUGU,00022,,00069,282,
BURKE,00275479,JONES,TOSHA,S,,814,WASHINGTON DR, ,WAYNESBORO,GA,30830-7625,,PO BOX 1254,,WAYNESBORO,GA,30830-0225,A,A,,10/19/2017,10/19/2017,10/19/2017,IN PERSON,NO,NO,,NO,4,0014,012,023,126,AUGU,00019,017025,00014,228,
BURKE,10289625,BROWN,MARQUELL,TREMAIN,,112,LEE ST, ,WAYNESBORO,GA,30830,112,LEE ST,,WAYNESBORO,GA,30830-1248,A,,,10/12/2017,10/18/2017,,MAILED,NO,NO,,NO,4,0014,012,023,126,AUGU,00020,,00130,193,
BURKE,04720499,ROUSE,RHONDA,RENEE,,111,LEE ST, ,WAYNESBORO,GA,30830-1208,111,LEE ST,,WAYNESBORO,GA,30830-1208,A,A,,09/22/2017,10/16/2017,10/25/2017,MAILED,NO,NO,,NO,4,0014,012,023,126,AUGU,00020,,00071,102,
BURKE,08680580,SCOTT,ROBERT,,III,537,PILGRIM WAY, ,WAYNESBORO,GA,30830-1181,537,PILGRIM WAY,,WAYNESBORO,GA,30830-1181,A,A,,10/17/2017,10/19/2017,10/26/2017,MAILED,NO,NO,,NO,4,0015,012,023,126,AUGU,00022,,00063,211,
BURKE,00273341,KELLY,EDDIE,M,,606,FOREST RIDGE DR, ,WAYNESBORO,GA,30830-8059,606,FOREST RIDGE DR,,WAYNESBORO,GA,30830-8059,A,A,,08/31/2017,10/16/2017,10/26/2017,MAILED,NO,NO,,NO,4,0015,012,023,126,AUGU,00022,,00010,28,
BURKE,10086949,SCARBOROUGH,MAE,BELL,,531,PILGRIM WAY, ,WAYNESBORO,GA,30830,531,PILGRIM WAY,,WAYNESBORO,GA,30830-1292,A,,,10/15/2017,10/18/2017,,MAILED,NO,NO,,NO,4,0015,012,023,126,AUGU,00022,,00055,191,
BURKE,03977846,LEE,ESTELLA,LEVETTE,,501,SHORT ST, ,WAYNESBORO,GA,30830-1226,501,SHORT ST,,WAYNESBORO,GA,30830-1226,A,A,,09/08/2017,10/17/2017,10/26/2017,MAILED,NO,NO,,NO,4,0014,012,023,126,AUGU,00020,,00103,145,
BURKE,00277525,WALKER,BARBARA,A,,503,WINDY HILL CIR, ,WAYNESBORO,GA,30830-8080,503,WINDY HILL CIR,,WAYNESBORO,GA,30830-8080,A,A,,08/29/2017,10/16/2017,10/25/2017,MAILED,NO,NO,,NO,4,0014,012,023,126,AUGU,00020,,00026,45,
BURKE,11401289,LEWIS,BOBBIE,,,513,CANTERBURY CIR, ,WAYNESBORO,GA,30830,513,CANTERBURY CIR,,WAYNESBORO,GA,30830-1126,A,,,09/02/2017,10/17/2017,,MAILED,NO,NO,,NO,4,0014,012,023,126,AUGU,00020,,00090,132,
BURKE,08723727,JOHNSON,MARKAS,MAURICE,,803,DAVIS RD,UNIT 1104,WAYNESBORO,GA,30830-1828,803,DAVIS RD,UNIT 1104,WAYNESBORO,GA,30830-1828,A,A,,09/06/2017,10/16/2017,10/26/2017,MAILED,NO,NO,,NO,4,0014,012,023,126,AUGU,00020,,00055,84,
BURKE,07672372,MACK,LATISHA,HOKULANI,,803,DAVIS RD,UNIT 905,WAYNESBORO,GA,30830-1814,803,DAVIS RD,UNIT 905,WAYNESBORO,GA,30830-1814,A,A,,10/16/2017,10/16/2017,10/26/2017,MAILED,NO,NO,,NO,4,0014,012,023,126,AUGU,00020,,00048,75,
BURKE,01041131,SCARBOROUGH,CARRIE,MAE,,238,E 8TH ST, ,WAYNESBORO,GA,30830-1203,238,E 8TH ST,,WAYNESBORO,GA,30830-1203,A,A,,09/17/2017,10/16/2017,10/25/2017,MAILED,NO,NO,,NO,4,0014,012,023,126,AUGU,00020,,00005,13,
BURKE,08523318,HOUSTON,DAVID,O,II,201,E 9TH ST, ,WAYNESBORO,GA,30830-1010,201,E 9TH ST,,WAYNESBORO,GA,30830-1010,A,A,,10/23/2017,10/30/2017,11/03/2017,MAILED,NO,NO,,NO,4,0014,012,023,126,AUGU,00020,,00175,284,
BURKE,00566682,HOPKINS,LEROY,LAVORES,,705,BRIARWOOD CT,D,WAYNESBORO,GA,30830,705,BRIARWOOD CT,APT. D,WAYNESBORO,GA,30830,A,A,,09/13/2017,10/17/2017,10/26/2017,MAILED,NO,NO,,NO,4,0015,012,023,126,AUGU,00022,,00047,162,
BURKE,08569948,BROWN,STANDY,C,SR,507,CANTERBURY CIR, ,WAYNESBORO,GA,30830,507,CANTERBURY CIR,,WAYNESBORO,GA,30830,A,A,,09/13/2017,10/17/2017,10/26/2017,MAILED,NO,NO,,NO,4,0014,012,023,126,AUGU,00020,,00107,149,
BURKE,00280000,CLARK,ALBERTA,B,,202,W 8TH ST, ,WAYNESBORO,GA,30830-1237,,PO BOX 204,,WAYNESBORO,GA,30830-0020,A,A,,10/30/2017,10/30/2017,10/30/2017,IN PERSON,NO,NO,,NO,4,0014,012,023,126,AUGU,00019,017025,00036,287,
BURKE,10304502,BENNETT,JOQUAN,TIWAN,SR,526,E 7TH ST, ,WAYNESBORO,GA,30830,526,E 7TH ST,,WAYNESBORO,GA,30830,A,A,,08/28/2017,10/16/2017,11/03/2017,MAILED,NO,NO,,NO,4,0014,012,023,126,AUGU,00020,,00045,72,
BURKE,10793273,DOUGLAS,JANAYA,NICOLE,,864,N LIBERTY ST, ,WAYNESBORO,GA,30830,864,N LIBERTY ST,,WAYNESBORO,GA,30830,A,A,,09/22/2017,10/17/2017,11/01/2017,MAILED,NO,NO,,NO,4,0014,012,023,126,AUGU,00020,,00096,138,
BURKE,06893480,BRIHM,LATIGRA,TENYA,,200,MILLS RD,LOT 3A,WAYNESBORO,GA,30830,200,MILLS RD,LOT 3A,WAYNESBORO,GA,30830,A,A,,10/09/2017,10/16/2017,10/26/2017,MAILED,NO,NO,,NO,4,0014,012,023,126,AUGU,00020,,00075,107,
BURKE,07037515,HILL,VICTOR,ALEXANDER,,601,FOREST RIDGE DR,UNIT 905,WAYNESBORO,GA,30830-8004,601,FOREST RIDGE DR,UNIT 905,WAYNESBORO,GA,30830-8004,A,A,,10/09/2017,10/16/2017,10/25/2017,MAILED,NO,NO,,NO,4,0015,012,023,126,AUGU,00022,,00034,112,
BURKE,07744640,WATSON,KAJA,,,803,DAVIS RD,APT 206,WAYNESBORO,GA,30830,803,DAVIS RD,APT 206,WAYNESBORO,GA,30830,A,,,10/18/2017,10/19/2017,,MAILED,NO,NO,,NO,4,0014,012,023,126,AUGU,00020,,00144,222,
BURKE,00649678,SURSSON,DORA,B,,200,MILLS RD,LOT A5,WAYNESBORO,GA,30830-5385,200,MILLS RD,LOT A5,WAYNESBORO,GA,30830-5385,A,A,,08/31/2017,10/16/2017,10/26/2017,MAILED,NO,NO,,NO,4,0014,012,023,126,AUGU,00020,,00013,21,
BURKE,08810529,FREEMAN,JOE,E,,703,TUCKER AVE, ,WAYNESBORO,GA,30830-1163,703,TUCKER AVE,,WAYNESBORO,GA,30830-1163,A,A,,10/20/2017,10/23/2017,10/30/2017,MAILED,NO,NO,,NO,4,0014,012,023,126,AUGU,00020,,00156,244,
BURKE,10736937,HODGE,WEYLIN,JAMEZ,,418,E 7TH ST, ,WAYNESBORO,GA,30830,418,E 7TH ST,,WAYNESBORO,GA,30830,A,A,,10/25/2017,10/25/2017,11/03/2017,MAILED,NO,NO,,NO,4,0014,012,023,126,AUGU,00020,,00171,271,
BURKE,02193103,BYNES,MATTHEW,,,803,DAVIS RD,UNIT 702,WAYNESBORO,GA,30830-1825,803,DAVIS RD,UNIT 702,WAYNESBORO,GA,30830-1825,A,C,VOTER CHANGED MIND VOTED ELECTION DAY,10/13/2017,10/18/2017,11/08/2017,MAILED,NO,NO,,NO,4,0014,012,023,126,AUGU,00020,,00127,189,
BURKE,08918960,OLIVER,ANNA,SCARBOROUGH,,534,E 8TH ST, ,WAYNESBORO,GA,30830,534,E. 8TH STREET,,WAYNESBORO,GA,30830,A,A,,08/31/2017,10/17/2017,10/26/2017,MAILED,NO,NO,,NO,4,0014,012,023,126,AUGU,00020,,00098,140,
BURKE,07235397,CRUMBLEY,TYQUAL,MELTRES,,120,LEE ST, ,WAYNESBORO,GA,30830-1248,120,LEE ST,,WAYNESBORO,GA,30830-1248,A,A,,09/14/2017,10/16/2017,10/25/2017,MAILED,NO,NO,,NO,4,0014,012,023,126,AUGU,00020,,00070,101,
BURKE,00276396,WEST,RONALD,,,215,E 9TH ST, ,WAYNESBORO,GA,30830-1010,215,E 9TH ST,,WAYNESBORO,GA,30830-1010,A,R,NO SIGNATURE ON YELLOW ENVELOPE,10/26/2017,10/30/2017,11/06/2017,MAILED,NO,NO,,NO,4,0014,012,023,126,AUGU,00020,,00173,281,
BURKE,04735397,FORT,BRIAN,EDWARD,,834,WATERS ST, ,WAYNESBORO,GA,30830-1229,834,WATERS ST,,WAYNESBORO,GA,30830-1229,A,A,,11/03/2017,11/03/2017,11/03/2017,IN PERSON,NO,NO,,NO,4,0014,012,023,126,AUGU,00020,017025,00042,296,
BURKE,00271825,FLEMING,FELIPE,A,,712,SAVANNAH AVE, ,WAYNESBORO,GA,30830-1156,712,SAVANNAH AVE.,,WAYNESBORO,GA,30830,A,A,,09/07/2017,10/17/2017,10/26/2017,MAILED,NO,NO,,NO,4,0014,012,023,126,AUGU,00020,,00105,147,
BURKE,04434214,FLAKES,JULIE,E,,106,ASHTON PL,D-5,WAYNESBORO,GA,30830,106,ASHTON PL,D-5,WAYNESBORO,GA,30830,A,,,09/05/2017,10/17/2017,,MAILED,NO,NO,,NO,4,0014,012,023,126,AUGU,00020,,00117,171,
BURKE,01439380,SULLIVAN,GLORIA,JEAN,,621,FOREST RIDGE DR, ,WAYNESBORO,GA,30830-8005,,PO BOX 1355,,WAYNESBORO,GA,30830-0235,A,A,,10/09/2017,10/16/2017,10/31/2017,MAILED,NO,NO,,NO,4,0015,012,023,126,AUGU,00022,,00036,115,
BURKE,07799811,BENNETT,JOSEPH,,III,526,E 7TH ST, ,WAYNESBORO,GA,30830-1107,526,E 7TH ST,,WAYNESBORO,GA,30830-1107,A,A,,08/28/2017,10/16/2017,11/01/2017,MAILED,NO,NO,,NO,4,0014,012,023,126,AUGU,00020,,00044,71,
BURKE,03672499,JENKINS,JOHN,H,,200,MILLS RD,LOT B20,WAYNESBORO,GA,30830-5386,200,MILLS RD,LOT B20,WAYNESBORO,GA,30830-5386,A,A,,08/31/2017,10/16/2017,10/25/2017,MAILED,NO,NO,,NO,4,0014,012,023,126,AUGU,00020,,00011,19,
BURKE,02679937,SHARPE,TAMIKA,SONYA,,611,W 9TH ST, ,WAYNESBORO,GA,30830-1014,329,CORVETTE DR,,WILLIAMSBURG,GA,23185,A,A,,10/23/2017,10/25/2017,11/06/2017,MAILED,NO,NO,,NO,4,0014,012,023,126,AUGU,00019,,00003,268,
BURKE,00270775,CHANCE,BLONDEVA,,,865,MYRICK ST, ,WAYNESBORO,GA,30830-1263,865,MYRICK ST,,WAYNESBORO,GA,30830-1263,A,A,,09/13/2017,10/17/2017,10/24/2017,MAILED,NO,NO,DISABLED,NO,4,0014,012,023,126,AUGU,00020,,00116,169,
BURKE,07041790,ALLEN,SHANNON,TENYA,,711,A ST, ,WAYNESBORO,GA,30830,711,A ST,,WAYNESBORO,GA,30830,A,A,,10/13/2017,10/18/2017,10/26/2017,MAILED,NO,NO,,NO,4,0014,012,023,126,AUGU,00020,,00128,190,
BURKE,00271538,ELMORE,CAROLYN,DUKES,,506,E 7TH ST, ,WAYNESBORO,GA,30830,506,E 7TH ST,,WAYNESBORO,GA,30830,A,A,,10/23/2017,10/23/2017,10/23/2017,IN PERSON,NO,NO,,NO,4,0014,012,023,126,AUGU,00020,017025,00022,261,
BURKE,06502092,WALKER,ANTOINETTE,D,,200,MILLS RD, ,WAYNESBORO,GA,30830-5384,200,MILLS RD,,WAYNESBORO,GA,30830-5384,A,A,,10/20/2017,10/20/2017,10/31/2017,MAILED,NO,NO,,NO,4,0014,012,023,126,AUGU,00020,,00151,238,
BURKE,03293376,EVANS,BONITA,VICTORIA,,714,CATES AVE, ,WAYNESBORO,GA,30830,714,CATES AVE,,WAYNESBORO,GA,30830,A,A,,09/25/2017,10/17/2017,10/26/2017,MAILED,NO,NO,,NO,4,0014,012,023,126,AUGU,00020,,00106,148,
BURKE,10105033,HUGHES,JACKELLE,,,703,STONE AVE, ,WAYNESBORO,GA,30830,703,STONE AVE,,WAYNESBORO,GA,30830,A,A,,09/14/2017,10/17/2017,10/30/2017,MAILED,NO,NO,,NO,4,0014,012,023,126,AUGU,00020,,00092,134,
BURKE,07678680,DESAI,GAUTAMKUMAR,CHANDULAL,,902,N LIBERTY ST, ,WAYNESBORO,GA,30830-1021,,PO BOX 374,,WAYNESBORO,GA,30830-0037,A,A,,10/27/2017,10/27/2017,10/27/2017,IN PERSON,NO,NO,,NO,4,0014,012,023,126,AUGU,00020,017025,00031,276,
BURKE,05834565,DUKES,STACY,NICOLE,,724,SAVANNAH AVE, ,WAYNESBORO,GA,30830-1156,724,SAVANNAH AVE,,WAYNESBORO,GA,30830-1156,A,,,10/19/2017,10/19/2017,,MAILED,NO,NO,,NO,4,0014,012,023,126,AUGU,00020,,00132,201,
BURKE,07224267,WALKER,ANNIE,E,,713,CATES AVE, ,WAYNESBORO,GA,30830-1129,713,CATES AVE,,WAYNESBORO,GA,30830-1129,A,A,,09/01/2017,10/16/2017,10/25/2017,MAILED,NO,NO,,NO,4,0014,012,023,126,AUGU,00020,,00086,123,
BURKE,06157499,DAUGHTRY,NAFISAH,,,803,DAVIS RD,UNIT 704,WAYNESBORO,GA,30830-1815,803,DAVIS RD,UNIT 704,WAYNESBORO,GA,30830-1815,A,,,09/06/2017,10/16/2017,,MAILED,NO,NO,,NO,4,0014,012,023,126,AUGU,00020,,00084,121,
BURKE,07406790,DAVIS,ROY,L,SR,713,A ST, ,WAYNESBORO,GA,30830-1116,,PO BOX 1206,,WAYNESBORO,GA,30830,A,A,,08/27/2017,10/16/2017,10/30/2017,MAILED,NO,NO,,NO,4,0014,012,023,126,AUGU,00020,,00034,53,
BURKE,00272168,GRAY,SUSIE,R,,1002,WINDY HILL CIR, ,WAYNESBORO,GA,30830,1002,WINDY HILL CIR,,WAYNESBORO,GA,30830,A,A,,08/29/2017,10/16/2017,10/26/2017,MAILED,NO,NO,,NO,4,0014,012,023,126,AUGU,00020,,00020,39,
BURKE,10102794,HESS,MAMIE,L,,127,ASHTON PL, ,WAYNESBORO,GA,30830,127,ASHTON PL,,WAYNESBORO,GA,30830,A,,,10/09/2017,10/16/2017,,MAILED,NO,NO,,NO,4,0014,012,023,126,AUGU,00020,,00076,108,
BURKE,07539483,BROWN,CHARLES,HENRY,,702,HILLHOUSE ST, ,WAYNESBORO,GA,30830-1142,702,HILLHOUSE ST,,WAYNESBORO,GA,30830-1142,A,A,,10/19/2017,10/23/2017,10/30/2017,MAILED,NO,NO,,NO,4,0014,012,023,126,AUGU,00020,,00170,259,
BURKE,03766232,ROBERTS,BARBARA,ROBBINS,,420,E 7TH ST, ,WAYNESBORO,GA,30830,,PO BOX 1111,,WAYNESBORO,GA,30830-0211,A,A,,10/25/2017,10/25/2017,10/25/2017,IN PERSON,NO,NO,,NO,4,0014,012,023,126,AUGU,00020,017025,00028,273,
BURKE,05997492,JONES,LAQUINILLA,LAMECH,,513,CANTERBURY CIR, ,WAYNESBORO,GA,30830-1832,513,CANTERBURY CIR,,WAYNESBORO,GA,30830-1832,A,A,,09/22/2017,10/17/2017,10/26/2017,MAILED,NO,NO,,NO,4,0014,012,023,126,AUGU,00020,,00109,151,
BURKE,00273071,JOHNSON,CLARENCE,R,,129,ASHTON PL, ,WAYNESBORO,GA,30830-8034,129,ASHTON PL,,WAYNESBORO,GA,30830-8034,A,A,,10/02/2017,10/16/2017,10/25/2017,MAILED,NO,NO,,NO,4,0014,012,023,126,AUGU,00020,,00069,100,
BURKE,08857357,NORMAN,WILLIE,JAMES,,501,E 8TH ST, ,WAYNESBORO,GA,30830-1155,501,E 8TH ST,,WAYNESBORO,GA,30830-1155,A,A,,09/01/2017,10/17/2017,10/23/2017,MAILED,NO,NO,,NO,4,0014,012,023,126,AUGU,00020,,00099,141,
BURKE,04765646,HILL,NANCY,J,,608,FOREST RIDGE DR, ,WAYNESBORO,GA,30830-8002,608,FOREST RIDGE DR,,WAYNESBORO,GA,30830-8002,A,A,,08/31/2017,10/16/2017,10/26/2017,MAILED,NO,NO,ELDERLY,NO,4,0015,012,023,126,AUGU,00022,,00013,31,
BURKE,08762998,EVANS,JOHNQUENESIA,JAVANETT,,611,W 9TH ST, ,WAYNESBORO,GA,30830-1014,611,W 9TH ST,,WAYNESBORO,GA,30830-1014,A,A,,10/23/2017,10/25/2017,10/31/2017,MAILED,NO,NO,,NO,4,0014,012,023,126,AUGU,00019,,00005,270,
BURKE,08648933,DRAYTON,DERIKA,NICOLE,,238,E 8TH ST, ,WAYNESBORO,GA,30830-1203,238,E 8TH ST,,WAYNESBORO,GA,30830-1203,A,A,,09/17/2017,10/16/2017,10/26/2017,MAILED,NO,NO,,NO,4,0014,012,023,126,AUGU,00020,,00007,15,
BURKE,10105108,WARD,BETTY,,,803,DAVIS RD,APT 1102,WAYNESBORO,GA,30830,803,DAVIS RD,APT 1102,WAYNESBORO,GA,30830,A,A,,08/31/2017,10/16/2017,10/25/2017,MAILED,NO,NO,,NO,4,0014,012,023,126,AUGU,00020,,00060,90,
BURKE,11282510,JONES,CHRISTOPHER,IRVING,,621,WOODLAND TERRACE DR, ,WAYNESBORO,GA,30830,621,WOODLAND TERRACE DR,,WAYNESBORO,GA,30830-1149,A,,,10/09/2017,10/16/2017,,MAILED,NO,NO,,NO,4,0015,012,023,126,AUGU,00022,,00033,111,
BURKE,10247865,DRAYTON,BRITTANY,CONSWELLA,,238,E 8TH ST, ,WAYNESBORO,GA,30830,238,E 8TH ST,,WAYNESBORO,GA,30830-1203,A,A,,09/17/2017,10/16/2017,10/25/2017,MAILED,NO,NO,,NO,4,0014,012,023,126,AUGU,00020,,00006,14,
BURKE,00274073,MELLS,BETTY,L,,131,ASHTON PL, ,WAYNESBORO,GA,30830-8033,131,ASHTON PL,,WAYNESBORO,GA,30830-8033,A,A,,10/19/2017,10/19/2017,10/24/2017,MAILED,NO,NO,,NO,4,0014,012,023,126,AUGU,00020,,00134,203,
BURKE,00275647,SMITH,PHILA,MAE,,202,E 9TH ST, ,WAYNESBORO,GA,30830,,P.O. BOX 843,,WAYNESBORO,GA,30830,A,A,,10/27/2017,10/30/2017,11/03/2017,MAILED,NO,NO,,NO,4,0014,012,023,126,AUGU,00020,,00176,285,
BURKE,00273692,LODGE,CORA,LEE,,870,WATERS ST,UNIT 1/2,WAYNESBORO,GA,30830-1266,870,WATERS ST,UNIT 1/2,WAYNESBORO,GA,30830-1266,A,A,,10/25/2017,10/31/2017,11/02/2017,MAILED,NO,NO,ELDERLY,NO,4,0014,012,023,126,AUGU,00020,,00177,288,
BURKE,06935086,WHITE,LARHONDA,ROCHELLE,,119,LEE ST,UNIT 504,WAYNESBORO,GA,30830,,PO BOX 1142,,WAYNESBORO,GA,30830-1142,A,,,09/23/2017,10/16/2017,,MAILED,NO,NO,,NO,4,0014,012,023,126,AUGU,00020,,00037,58,
BURKE,06248315,THOMAS,CARL,EDWARD,,528,E 7TH ST, ,WAYNESBORO,GA,30830-1107,528,E 7TH ST,,WAYNESBORO,GA,30830-1107,A,A,,09/13/2017,10/18/2017,10/25/2017,MAILED,NO,NO,,NO,4,0014,012,023,126,AUGU,00020,,00124,186,
BURKE,08772882,JOHNSON,JUANITA,BRADFORD,,500,E 6TH ST,APT 96,WAYNESBORO,GA,30830,500,E 6TH ST,APT 96,WAYNESBORO,GA,30830,A,,,10/18/2017,10/19/2017,,MAILED,NO,NO,,NO,4,0015,012,023,126,AUGU,00022,,00066,226,
BURKE,08523106,FREEMAN,CAMIA,RUSSHAE,,102,WINDY HILL CIR, ,WAYNESBORO,GA,30830,102,WINDY HILL CIR,,WAYNESBORO,GA,30830,A,,,08/29/2017,10/16/2017,,MAILED,NO,NO,,NO,4,0014,012,023,126,AUGU,00020,,00019,38,
BURKE,06290882,BUNYON,ANGEL,RENEE,,506,SHORT ST,UNIT 8,WAYNESBORO,GA,30830,506,SHORT ST,UNIT 8,WAYNESBORO,GA,30830,A,A,,10/20/2017,10/23/2017,10/30/2017,MAILED,NO,NO,,NO,4,0014,012,023,126,AUGU,00020,,00154,242,
BURKE,10105066,MACK,VERA,,,803,DAVIS RD,APT 102,WAYNESBORO,GA,30830,803,DAVIS RD,APT 102,WAYNESBORO,GA,30830,A,A,,10/13/2017,10/18/2017,10/26/2017,MAILED,NO,NO,,NO,4,0014,012,023,126,AUGU,00020,,00126,188,
BURKE,00278243,JONES,ELLA,B,,236,E 8TH ST,APT A,WAYNESBORO,GA,30830-1203,236,E 8TH ST,APT A,WAYNESBORO,GA,30830-1203,A,A,,10/18/2017,10/18/2017,10/18/2017,IN PERSON,NO,NO,,NO,4,0014,012,023,126,AUGU,00020,017025,00010,195,
BURKE,01421532,YOUNG,DOROTHY,,,617,FOREST RIDGE DR, ,WAYNESBORO,GA,30830-8005,617,FOREST RIDGE DR,,WAYNESBORO,GA,30830-8005,A,A,,08/31/2017,10/16/2017,10/26/2017,MAILED,NO,NO,,NO,4,0015,012,023,126,AUGU,00022,,00019,37,
BURKE,07324956,NEWSOME,YOLANDA,A,,101,PECAN GROVE DR, ,WAYNESBORO,GA,30830-1605,101,PECAN GROVE DR,,WAYNESBORO,GA,30830-1605,A,A,,10/23/2017,10/23/2017,11/07/2017,MAILED,NO,NO,,NO,4,0016,012,023,126,AUGU,00042,,00001,260,
BURKE,10340844,WILLIAMS,TRE'UNA,DAE'NEESHA,,510,E 6TH ST,APT 510,WAYNESBORO,GA,30830,510,E 6TH ST,APT 510,WAYNESBORO,GA,30830,A,A,,10/11/2017,10/16/2017,10/25/2017,MAILED,NO,NO,,NO,4,0015,012,023,126,AUGU,00022,,00007,8,
BURKE,06714563,LEWIS,ASHLEY,NICOLE,,713,BRIARWOOD CT,C,WAYNESBORO,GA,30830-1138,713,BRIARWOOD CT,APT. C,WAYNESBORO,GA,30830-1138,A,A,,09/13/2017,10/17/2017,10/23/2017,MAILED,NO,NO,,NO,4,0015,012,023,126,AUGU,00022,,00046,161,
BURKE,00645291,JORDAN,MARY,ANN,,803,DAVIS RD,UNIT 502,WAYNESBORO,GA,30830-1817,803,DAVIS RD,UNIT 502,WAYNESBORO,GA,30830-1817,A,A,,09/06/2017,10/16/2017,10/25/2017,MAILED,NO,NO,,NO,4,0014,012,023,126,AUGU,00020,,00056,85,
BURKE,07274738,JOHNSON,JOHNNIE,MAE,,500,E 6TH ST,UNIT 81,WAYNESBORO,GA,30830-1177,,PO BOX 1155,,WAYNESBORO,GA,30830-1155,A,A,,10/16/2017,10/16/2017,10/30/2017,MAILED,NO,NO,,NO,4,0015,012,023,126,AUGU,00022,,00026,67,
BURKE,04873335,HERNDON,SHAMIKIA,AMELIA,,720,BRIARWOOD CT,APT A,WAYNESBORO,GA,30830,720,BRIARWOOD CT,APT A,WAYNESBORO,GA,30830,A,,,10/11/2017,10/16/2017,,MAILED,NO,NO,,NO,4,0015,012,023,126,AUGU,00022,,00002,3,
BURKE,07923956,DUKES,KIRAN,DEANTE',,724,SAVANNAH AVE, ,WAYNESBORO,GA,30830,724,SAVANNAH AVE,,WAYNESBORO,GA,30830,A,A,,09/27/2017,10/16/2017,11/06/2017,MAILED,NO,NO,,NO,4,0014,012,023,126,AUGU,00020,,00080,116,
BURKE,07264763,DOUGLAS,ANNIE,R,,864,N LIBERTY ST, ,WAYNESBORO,GA,30830-1257,864,N LIBERTY ST,,WAYNESBORO,GA,30830-1257,A,A,,09/22/2017,10/17/2017,11/01/2017,MAILED,NO,NO,,NO,4,0014,012,023,126,AUGU,00020,,00097,139,
BURKE,08622692,JENKINS,JOHN,H,JR,200,MILLS RD,LOT B20,WAYNESBORO,GA,30830-5386,200,MILLS RD,LOT B20,WAYNESBORO,GA,30830-5386,A,A,,10/20/2017,10/23/2017,10/30/2017,MAILED,NO,NO,,NO,4,0014,012,023,126,AUGU,00020,,00157,245,
BURKE,07664048,MOORE,LULA,BELLE,,803,DAVIS RD,UNIT 604,WAYNESBORO,GA,30830-1823,803,DAVIS RD,UNIT 604,WAYNESBORO,GA,30830-1823,A,A,,09/06/2017,10/16/2017,10/26/2017,MAILED,NO,NO,,NO,4,0014,012,023,126,AUGU,00020,,00063,93,
BURKE,00276743,WRIGHT,CARRIE,BELL,,439,CORKER RD, ,WAYNESBORO,GA,30830-1160,439,CORKER RD,,WAYNESBORO,GA,30830,A,A,,09/14/2017,10/17/2017,10/26/2017,MAILED,NO,NO,,NO,4,0015,012,023,126,AUGU,00022,,00039,131,
BURKE,00643856,HUGHES,JOANNE,,,526,E 7TH ST, ,WAYNESBORO,GA,30830-1107,526,E 7TH ST,,WAYNESBORO,GA,30830-1107,A,A,,10/16/2017,10/16/2017,11/01/2017,MAILED,NO,NO,,NO,4,0014,012,023,126,AUGU,00020,,00053,82,
BURKE,00243027,STORY,WILLIE,JAMES,,200,MILLS RD,LOT B5,WAYNESBORO,GA,30830,200,MILLS RD,LOT B5,WAYNESBORO,GA,30830,A,A,,08/31/2017,10/16/2017,10/25/2017,MAILED,NO,NO,,NO,4,0014,012,023,126,AUGU,00020,,00014,22,
BURKE,02239612,NORMAN,ANNETTE,W,,119,MILLS RD, ,WAYNESBORO,GA,30830-5381,119,MILLS RD,,WAYNESBORO,GA,30830-5381,A,A,,10/11/2017,10/16/2017,10/25/2017,MAILED,NO,NO,,NO,4,0014,012,023,126,AUGU,00020,,00001,1,
BURKE,10577589,TONGO,DORIS,GREEN,,1008,WATERS ST, ,WAYNESBORO,GA,30830,1008,WATERS ST,,WAYNESBORO,GA,30830,A,A,,10/18/2017,10/18/2017,10/18/2017,IN PERSON,NO,NO,,NO,4,0014,012,023,126,AUGU,00020,017025,00012,197,
BURKE,10942943,KIMBLE,RICKY,A,,200,MILLS RD,LOT A 5,WAYNESBORO,GA,30830,200,MILLS RD,LOT A 5,WAYNESBORO,GA,30830,A,A,,08/31/2017,10/16/2017,10/25/2017,MAILED,NO,NO,,NO,4,0014,012,023,126,AUGU,00020,,00009,17,
BURKE,00251335,WILLIAMS,WILFRED,,,504,SHORT ST, ,WAYNESBORO,GA,30830-1225,504,SHORT ST,,WAYNESBORO,GA,30830-1225,A,A,,10/20/2017,10/23/2017,10/26/2017,MAILED,NO,NO,,NO,4,0014,012,023,126,AUGU,00020,,00153,241,
BURKE,00275989,TINDAL,INEZ,GREENE,,862,N LIBERTY ST, ,WAYNESBORO,GA,30830-1257,862,N LIBERTY ST,,WAYNESBORO,GA,30830-1257,A,A,,10/20/2017,10/20/2017,10/24/2017,MAILED,NO,NO,ELDERLY,NO,4,0014,012,023,126,AUGU,00020,,00148,233,
BURKE,08672883,LEWIS,THOMAS,EDWARD,JR,512,E 7TH ST, ,WAYNESBORO,GA,30830-1107,512,E 7TH ST,,WAYNESBORO,GA,30830-1107,A,,,09/23/2017,10/17/2017,,MAILED,NO,NO,,NO,4,0014,012,023,126,AUGU,00020,,00120,176,
BURKE,00277884,SCURRY,JOANN,H,,132,ASHTON PL,APT 32,WAYNESBORO,GA,30830,132,ASHTON PL,APT 32,WAYNESBORO,GA,30830,A,A,,08/29/2017,10/16/2017,10/26/2017,MAILED,NO,NO,,NO,4,0014,012,023,126,AUGU,00020,,00029,48,
BURKE,00273149,JONES,ARZELMA,ANNETTE,,611,W 9TH ST, ,WAYNESBORO,GA,30830-1014,611,W 9TH ST,,WAYNESBORO,GA,30830-1014,A,A,,10/25/2017,10/25/2017,10/25/2017,IN PERSON,NO,NO,,NO,4,0014,012,023,126,AUGU,00019,017025,00029,274,
BURKE,00278759,ANDERSON,ALBERTA,JACQUELINE,,813,BURTON ST, ,WAYNESBORO,GA,30830,813,BURTON ST,,WAYNESBORO,GA,30830,A,A,,10/19/2017,10/19/2017,10/19/2017,IN PERSON,NO,NO,,NO,4,0016,012,023,126,AUGU,00042,017025,00017,231,
BURKE,04367344,ROPER,MINNIE,LEE,,705,BRIARWOOD CT,A,WAYNESBORO,GA,30830,705,BRIARWOOD COURT,APT. A,WAYNESBORO,GA,30830,A,,,10/18/2017,10/19/2017,,MAILED,NO,NO,,NO,4,0015,012,023,126,AUGU,00022,,00058,205,
BURKE,06399557,BUNYON,LORETTA,,,503,SHORT ST, ,WAYNESBORO,GA,30830-1226,503,SHORT ST,,WAYNESBORO,GA,30830-1226,A,A,,10/20/2017,10/23/2017,10/26/2017,MAILED,NO,NO,,NO,4,0014,012,023,126,AUGU,00020,,00152,240,
BURKE,00271995,GIBSON,SARAH,ANN,,130,ASHTON PL, ,WAYNESBORO,GA,30830,130,ASHTON PL,#30,WAYNESBORO,GA,30830,A,R,Insufficient Oath Information,09/20/2017,10/17/2017,11/07/2017,MAILED,NO,NO,,NO,4,0014,012,023,126,AUGU,00020,,00113,166,
BURKE,05361931,MCCLENDON,TYIESHA,LATOYA,,803,DAVIS RD,APT 701,WAYNESBORO,GA,30830,803,DAVIS RD,APT 701,WAYNESBORO,GA,30830,A,A,,09/25/2017,10/17/2017,10/27/2017,MAILED,NO,NO,,NO,4,0014,012,023,126,AUGU,00020,,00118,172,
BURKE,05255626,GODBEE,DENISE,,,610,WOODLAND TERRACE DR, ,WAYNESBORO,GA,30830,610,WOODLAND TERRACE DR,,WAYNESBORO,GA,30830,A,,,10/16/2017,10/16/2017,,MAILED,NO,NO,,NO,4,0015,012,023,126,AUGU,00022,,00030,87,
BURKE,04952571,LEWIS,PATTIE,,,713,A ST, ,WAYNESBORO,GA,30830-1116,,PO BOX 1083,,WAYNESBORO,GA,30830-1083,A,A,,08/27/2017,10/16/2017,10/25/2017,MAILED,NO,NO,,NO,4,0014,012,023,126,AUGU,00020,,00035,54,
BURKE,07741372,BEAUMAN,FRED,CARLTON,JR,516,VICTORY DR, ,WAYNESBORO,GA,30830,516,VICTORY DR,,WAYNESBORO,GA,30830,A,A,,10/24/2017,10/24/2017,10/24/2017,IN PERSON,NO,NO,,NO,4,0015,012,023,126,AUGU,00021,017025,00026,265,
BURKE,08650392,HABERSHAM,TASIEKA,FRANSHON,,127,ASHTON PL,UNIT 27,WAYNESBORO,GA,30830,127,ASHTON PL,UNIT 27,WAYNESBORO,GA,30830,A,,,10/09/2017,10/16/2017,,MAILED,NO,NO,,NO,4,0014,012,023,126,AUGU,00020,,00087,124,
BURKE,00273258,JONES,SAMMIE,LEE,,829,RAILROAD AVE, ,WAYNESBORO,GA,30830-1224,829,RAILROAD AVE,,WAYNESBORO,GA,30830-1224,A,A,,10/19/2017,10/19/2017,10/25/2017,MAILED,NO,NO,ELDERLY,NO,4,0014,012,023,126,AUGU,00020,,00133,202,
BURKE,04765666,HILL,JENNIFER,LEE,,608,FOREST RIDGE DR, ,WAYNESBORO,GA,30830-8002,608,FOREST RIDGE DR,,WAYNESBORO,GA,30830-8002,A,A,,08/31/2017,10/16/2017,10/26/2017,MAILED,NO,NO,DISABLED,NO,4,0015,012,023,126,AUGU,00022,,00014,32,
BURKE,11011450,JEFFERS,SARAH,BELL,,580,WALLACE ST, ,WAYNESBORO,GA,30830,580,WALLACE ST,,WAYNESBORO,GA,30830,A,R,Insufficient Oath Information,09/08/2017,10/17/2017,11/07/2017,MAILED,NO,NO,,NO,4,0014,012,023,126,AUGU,00020,,00112,155,
BURKE,07652386,MASON,BILLY,W,,702,A ST, ,WAYNESBORO,GA,30830-1115,702,A ST,,WAYNESBORO,GA,30830-1115,A,A,,09/01/2017,10/17/2017,10/26/2017,MAILED,NO,NO,,NO,4,0014,012,023,126,AUGU,00020,,00102,144,
BURKE,05518889,SCOTT,REINA,GREEN,,537,PILGRIM WAY, ,WAYNESBORO,GA,30830-1181,537,PILGRIM WAY,,WAYNESBORO,GA,30830-1181,A,A,,10/18/2017,10/19/2017,10/30/2017,MAILED,NO,NO,,NO,4,0015,012,023,126,AUGU,00022,,00060,207,
BURKE,08840620,HOLMES,ALLYSIA,DANIELLE,,500,E 6TH ST,UNIT 88,WAYNESBORO,GA,30830-1177,500,E 6TH ST,UNIT 88,WAYNESBORO,GA,30830-1177,A,A,,09/14/2017,10/16/2017,10/30/2017,MAILED,NO,NO,,NO,4,0015,012,023,126,AUGU,00022,,00038,125,
BURKE,10108078,BOSTIC,KENYONNA,C,,714,BRIARWOOD CT,APT D,WAYNESBORO,GA,30830,714,BRIARWOOD COURT,APT. D,WAYNESBORO,GA,30830,A,A,,09/07/2017,10/16/2017,10/25/2017,MAILED,NO,NO,,NO,4,0015,012,023,126,AUGU,00022,,00027,68,
BURKE,06643280,HUGHES,ALONNA,A,,526,E 7TH ST, ,WAYNESBORO,GA,30830-1107,526,E 7TH ST,,WAYNESBORO,GA,30830-1107,A,A,,10/19/2017,10/23/2017,11/01/2017,MAILED,NO,NO,,NO,4,0014,012,023,126,AUGU,00020,,00161,249,
BURKE,02255616,GREEN,LEE,ARTIS,,510,CANTERBURY CIR, ,WAYNESBORO,GA,30830-1134,528,CANTERBURY CIR,,WAYNESBORO,GA,30830-1134,A,,,10/17/2017,10/17/2017,,MAILED,NO,NO,,NO,4,0014,012,023,126,AUGU,00020,,00122,178,
BURKE,08789317,KELLY,CORNELIA,LEANDRA,,608,WOODLAND TERRACE DR, ,WAYNESBORO,GA,30830,608,WOODLAND TERRACE DR,,WAYNESBORO,GA,30830,A,A,,09/28/2017,10/16/2017,10/25/2017,MAILED,NO,NO,,NO,4,0015,012,023,126,AUGU,00022,,00037,118,
BURKE,06393666,HUGHES,MICHELLE,B,,704,TUCKER AVE,UNIT 104,WAYNESBORO,GA,30830,704,TUCKER AVE,UNIT 104,WAYNESBORO,GA,30830,A,A,,09/07/2017,10/17/2017,10/26/2017,MAILED,NO,NO,,NO,4,0014,012,023,126,AUGU,00020,,00091,133,
BURKE,00277183,HUGHES,JOSIE,MAE,,705,STONE AVE, ,WAYNESBORO,GA,30830,705,STONE AVE,,WAYNESBORO,GA,30830,A,A,,09/07/2017,10/16/2017,10/26/2017,MAILED,NO,NO,,NO,4,0014,012,023,126,AUGU,00020,,00038,61,
BURKE,03920133,GREEN,EUNICE,,,547,CHAUCER RD, ,WAYNESBORO,GA,30830,547,CHAUCER RD,,WAYNESBORO,GA,30830,A,A,,09/13/2017,10/16/2017,10/31/2017,MAILED,NO,NO,,NO,4,0015,012,023,126,AUGU,00022,,00021,57,
BURKE,02950921,EVANS,ROSHON,MENDALL,,803,DAVIS RD,APT 308,WAYNESBORO,GA,30830,803,DAVIS RD,APT 308,WAYNESBORO,GA,30830,A,C,VOTER VOTED ELECTION DAY,10/16/2017,10/16/2017,11/08/2017,MAILED,NO,NO,,NO,4,0014,012,023,126,AUGU,00020,,00059,89,
BURKE,07202881,BURKE,EDWARD,JOHN,III,828,N LIBERTY ST, ,WAYNESBORO,GA,30830-1215,828,N LIBERTY ST,,WAYNESBORO,GA,30830-1215,A,A,,10/27/2017,10/27/2017,10/27/2017,IN PERSON,NO,NO,,NO,4,0014,012,023,126,AUGU,00020,017025,00033,278,
BURKE,00279753,REED,DORA,,,126,ASHTON PL, ,WAYNESBORO,GA,30830-8034,126,ASHTON PL,,WAYNESBORO,GA,30830-8034,A,A,,08/29/2017,10/16/2017,10/25/2017,MAILED,NO,NO,ELDERLY,NO,4,0014,012,023,126,AUGU,00020,,00031,50,
BURKE,10722326,BUCHANAN,OTHA,LEWIS,,1008,WATERS ST, ,WAYNESBORO,GA,30830,1008,WATERS ST,,WAYNESBORO,GA,30830,A,A,,10/20/2017,10/20/2017,10/20/2017,IN PERSON,NO,NO,,NO,4,0014,012,023,126,AUGU,00020,017025,00019,235,
BURKE,07044439,WRIGHT,LASHAYLA,LATRICE,,709,BRIARWOOD CT,LOT C2,WAYNESBORO,GA,30830-1186,709,BRIARWOOD CT,LOT C2,WAYNESBORO,GA,30830-1186,A,,,10/18/2017,10/19/2017,,MAILED,NO,NO,,NO,4,0015,012,023,126,AUGU,00022,,00057,204,
BURKE,04741885,WALKER,LAKEYSHIA,MONIQUE,,500,E 6TH ST,APT 93,WAYNESBORO,GA,30830,,PO BOX 1171,,WAYNESBORO,GA,30830-0217,A,,,09/04/2017,10/16/2017,,MAILED,NO,NO,,NO,4,0015,012,023,126,AUGU,00022,,00035,113,
BURKE,06740832,DUKES,EUGENIA,DOMINIQUE,,803,DAVIS RD,APT 801,WAYNESBORO,GA,30830,803,DAVIS RD,APT 801,WAYNESBORO,GA,30830,A,A,,09/06/2017,10/16/2017,10/26/2017,MAILED,NO,NO,,NO,4,0014,012,023,126,AUGU,00020,,00049,76,
BURKE,06251484,NAIR,WILLIE,LEE,,803,DAVIS RD,APT 602,WAYNESBORO,GA,30830,803,DAVIS RD,APT 602,WAYNESBORO,GA,30830,A,,,10/19/2017,10/23/2017,,MAILED,NO,NO,,NO,4,0014,012,023,126,AUGU,00020,,00168,257,
BURKE,06079593,KITCHENS,NAOMI,TODD,,509,E 6TH ST, ,WAYNESBORO,GA,30830-1104,509,E 6TH ST,,WAYNESBORO,GA,30830-1104,A,A,,10/18/2017,10/19/2017,11/02/2017,MAILED,NO,NO,ELDERLY,NO,4,0014,012,023,126,AUGU,00020,,00147,225,
BURKE,07865657,HUGHES,JILL,REDERICKA,,116,LEE ST, ,WAYNESBORO,GA,30830,116,LEE ST,,WAYNESBORO,GA,30830,A,,,10/02/2017,10/16/2017,,MAILED,NO,NO,,NO,4,0014,012,023,126,AUGU,00020,,00073,104,
BURKE,04728269,SCOTT,YOLANDA,ALEXIA,,500,E 6TH ST,UNIT 86,WAYNESBORO,GA,30830-1177,500,E 6TH ST,UNIT 86,WAYNESBORO,GA,30830-1177,A,A,,10/11/2017,10/16/2017,10/25/2017,MAILED,NO,NO,,NO,4,0015,012,023,126,AUGU,00022,,00006,7,
BURKE,08894885,CUYLER,KRISTY,S,,602,WOODLAND TERRACE DR, ,WAYNESBORO,GA,30830,602,WOODLAND TERRACE DR,APT 602,WAYNESBORO,GA,30830,A,A,,08/31/2017,10/16/2017,10/25/2017,MAILED,NO,NO,,NO,4,0015,012,023,126,AUGU,00022,,00023,60,
BURKE,08894206,STEWART,JOHN,CALVIN,,121,ASHTON PL,APT D,WAYNESBORO,GA,30830,121,ASHTON PL,APT D,WAYNESBORO,GA,30830,A,A,,10/06/2017,10/16/2017,10/26/2017,MAILED,NO,NO,,NO,4,0014,012,023,126,AUGU,00020,,00079,114,
BURKE,00276001,TINLEY,WILLIAM,B,,204,REDBUD LN, ,WAYNESBORO,GA,30830-9119,204,REDBUD LN,,WAYNESBORO,GA,30830-9119,A,A,,11/02/2017,11/02/2017,11/02/2017,IN PERSON,NO,NO,,NO,4,0015,012,023,126,AUGU,00021,017025,00039,293,
BURKE,05838986,EVANS,IVIE,KIERRA,,528,E 8TH ST, ,WAYNESBORO,GA,30830,528,E 8TH ST,,WAYNESBORO,GA,30830,A,A,,10/16/2017,10/16/2017,10/26/2017,MAILED,NO,NO,,NO,4,0014,012,023,126,AUGU,00020,,00061,91,
BURKE,00277450,WILLIAMS,SHERRON,L,,529,CHAUCER RD, ,WAYNESBORO,GA,30830,529,CHAUCER RD,,WAYNESBORO,GA,30830,A,A,,10/17/2017,10/19/2017,10/30/2017,MAILED,NO,NO,,NO,4,0015,012,023,126,AUGU,00022,,00064,212,
BURKE,06341120,FLEMING,NASH,,SR,500,E 6TH ST,UNIT 82,WAYNESBORO,GA,30830-1177,500,E 6TH ST,UNIT 82,WAYNESBORO,GA,30830-1177,A,A,,10/16/2017,10/16/2017,10/26/2017,MAILED,NO,NO,,NO,4,0015,012,023,126,AUGU,00022,,00028,77,
BURKE,05370704,KIRKLAND,COURTNEY,LYNNETTE,,714,BRIARWOOD CT,B,WAYNESBORO,GA,30830-1802,706,BRIARWOOD CT,APT. B,WAYNESBORO,GA,30830-1802,A,A,,10/11/2017,10/16/2017,10/26/2017,MAILED,NO,NO,,NO,4,0015,012,023,126,AUGU,00022,,00004,5,
BURKE,08291094,JEFFERS,BIANCA,JANEEL,,616,WOODLAND TERRACE DR, ,WAYNESBORO,GA,30830,616,WOODLAND TERRACE DR,,WAYNESBORO,GA,30830,A,,,10/19/2017,10/19/2017,,MAILED,NO,NO,,NO,4,0015,012,023,126,AUGU,00022,,00056,200,
BURKE,05866877,FLAKES,TONYA,MICHELLE,,304,WINDY HILL CIR, ,WAYNESBORO,GA,30830,304,WINDY HILL CIR,,WAYNESBORO,GA,30830,A,A,,10/09/2017,10/16/2017,11/07/2017,MAILED,NO,NO,,NO,4,0014,012,023,126,AUGU,00020,,00077,109,
BURKE,00276303,SCRUGGS,ELOUISE,FREEMAN,,123,ASHTON PL, ,WAYNESBORO,GA,30830,123,ASHTON PL,,WAYNESBORO,GA,30830,A,,,10/16/2017,10/16/2017,,MAILED,NO,NO,,NO,4,0014,012,023,126,AUGU,00020,,00052,81,
BURKE,07645883,COLEMAN,KYNEISHA,CAVETTE,,803,DAVIS RD,APT 202,WAYNESBORO,GA,30830,803,DAVIS RD,APT 202,WAYNESBORO,GA,30830,A,A,,10/16/2017,10/16/2017,10/26/2017,MAILED,NO,NO,,NO,4,0014,012,023,126,AUGU,00020,,00082,119,
BURKE,08940202,COWAN,MARKUS,ANTHONY,,803,DAVIS RD,APT 404,WAYNESBORO,GA,30830,803,DAVIS RD,APT 404,WAYNESBORO,GA,30830,A,A,,09/06/2017,10/16/2017,10/25/2017,MAILED,NO,NO,,NO,4,0014,012,023,126,AUGU,00020,,00054,83,
BURKE,08780315,BOSTICK,ANQUINETTA,Q,,707,BRIARWOOD CT,D,WAYNESBORO,GA,30830-1122,720,BRIARWOOD COURT,APT. B,WAYNESBORO,GA,30830,A,A,,10/11/2017,10/16/2017,10/25/2017,MAILED,NO,NO,,NO,4,0015,012,023,126,AUGU,00022,,00001,2,
BURKE,00276101,WALDEN,B,EMORY,,308,SPRING VALLEY RD, ,WAYNESBORO,GA,30830-5434,308,SPRING VALLEY RD,,WAYNESBORO,GA,30830-5434,A,A,,10/17/2017,10/17/2017,10/17/2017,IN PERSON,NO,NO,,NO,4,0015,012,023,126,AUGU,00021,017025,00008,184,
BURKE,08088913,GIVENS,HER'MONICA,DEMU,,882,WATERS ST, ,WAYNESBORO,GA,30830-1266,882,WATERS ST,,WAYNESBORO,GA,30830-1266,A,A,,10/17/2017,10/17/2017,10/17/2017,IN PERSON,NO,NO,,NO,4,0014,012,023,126,AUGU,00020,017025,00006,182,
BURKE,06723988,WALKER,BRANDON,MAURICE,,803,DAVIS RD,APT 1204,WAYNESBORO,GA,30830,200,MILLS RD,LOT A-9,WAYNESBORO,GA,30830,A,,,10/16/2017,10/17/2017,,MAILED,NO,NO,,NO,4,0014,012,023,126,AUGU,00020,,00123,179,
BURKE,03995606,JONES,WILLIE,L,,101,E 12TH ST, ,WAYNESBORO,GA,30830-1002,101,E 12TH ST,,WAYNESBORO,GA,30830-1002,A,A,,10/18/2017,10/18/2017,10/18/2017,IN PERSON,NO,NO,,NO,4,0014,012,023,126,AUGU,00020,017025,00013,198,
BURKE,07664037,HUGHES,CIERRA,MISHAY,,704,TUCKER AVE, ,WAYNESBORO,GA,30830-1162,704,TUCKER AVE,,WAYNESBORO,GA,30830-1162,A,C,VOTER CHANGED MIND VOTED ELECTION DAY,10/18/2017,10/23/2017,11/08/2017,MAILED,NO,NO,,NO,4,0014,012,023,126,AUGU,00020,,00165,254,
BURKE,07688894,BATES,DEMETRIOUS,A,,803,DAVIS RD,APT 306,WAYNESBORO,GA,30830,803,DAVIS RD,APT 306,WAYNESBORO,GA,30830,A,,,10/18/2017,10/19/2017,,MAILED,NO,NO,,NO,4,0014,012,023,126,AUGU,00020,,00143,221,
BURKE,03599040,SAPP,MASHONNA,FAREARA,,524,E 7TH ST, ,WAYNESBORO,GA,30830,524,E. 7TH STREET,,WAYNESBORO,GA,30830,A,A,,10/19/2017,10/23/2017,10/26/2017,MAILED,NO,NO,,NO,4,0014,012,023,126,AUGU,00020,,00158,246,
BURKE,06701803,ROBINSON,FLORENCE,BURKE,,604,FOREST RIDGE DR, ,WAYNESBORO,GA,30830-8002,604,FOREST RIDGE DR,APT. 604,WAYNESBORO,GA,30830-8002,A,A,,08/31/2017,10/16/2017,10/25/2017,MAILED,NO,NO,ELDERLY,NO,4,0015,012,023,126,AUGU,00022,,00009,27,
BURKE,07717921,MCELROY,BETTY,,,803,DAVIS RD,UNIT 1001,WAYNESBORO,GA,30830-1827,803,DAVIS RD,UNIT 1001,WAYNESBORO,GA,30830-1827,A,A,,08/31/2017,10/16/2017,10/25/2017,MAILED,NO,NO,,NO,4,0014,012,023,126,AUGU,00020,,00065,96,
BURKE,03521748,JENKINS,SHARON,BRYANT,,200,MILLS RD,LOT B20,WAYNESBORO,GA,30830-5386,200,MILLS RD,LOT B20,WAYNESBORO,GA,30830-5386,A,A,,08/31/2017,10/16/2017,10/26/2017,MAILED,NO,NO,,NO,4,0014,012,023,126,AUGU,00020,,00010,18,
BURKE,00272177,GREEN,HENRY,L,,803,DAVIS RD,UNIT 1201,WAYNESBORO,GA,30830-1820,803,DAVIS RD,APT 1201,WAYNESBORO,GA,30830-1819,A,A,,09/06/2017,10/16/2017,10/25/2017,MAILED,NO,NO,,NO,4,0014,012,023,126,AUGU,00020,,00050,78,
BURKE,07926823,NORMAN,JERRY,,,501,E 8TH ST, ,WAYNESBORO,GA,30830-1113,501,E 8TH ST,,WAYNESBORO,GA,30830-1113,A,A,,10/16/2017,10/16/2017,10/23/2017,MAILED,NO,NO,,NO,4,0014,012,023,126,AUGU,00020,,00046,73,
BURKE,08204991,DAVIS,BIANCA,NOELLE,,702,BRIARWOOD CT, ,WAYNESBORO,GA,30830-1117,702,BRIARWOOD CT,APT. B,WAYNESBORO,GA,30830-1117,A,A,,09/13/2017,10/17/2017,10/25/2017,MAILED,NO,NO,,NO,4,0015,012,023,126,AUGU,00022,,00045,160,
BURKE,00275206,ROYAL,MATTIE,,,803,DAVIS RD,UNIT 1002,WAYNESBORO,GA,30830-1827,803,DAVIS RD,UNIT 1002,WAYNESBORO,GA,30830-1827,A,A,,08/31/2017,10/16/2017,10/25/2017,MAILED,NO,NO,,NO,4,0014,012,023,126,AUGU,00020,,00064,94,
BURKE,00273991,MCGEE,ANNIE,WALKER,,803,DAVIS RD,APT 802,WAYNESBORO,GA,30830,803,DAVIS RD,APT 802,WAYNESBORO,GA,30830,A,A,,09/06/2017,10/16/2017,10/25/2017,MAILED,NO,NO,,NO,4,0014,012,023,126,AUGU,00020,,00062,92,
BURKE,07424750,WIMBERLY,ALICIA,TENYAE,,630,WOODLAND TERRACE DR, ,WAYNESBORO,GA,30830-1149,630,WOODLAND TERRACE DR,,WAYNESBORO,GA,30830-1149,A,A,,10/16/2017,10/16/2017,10/25/2017,MAILED,NO,NO,,NO,4,0015,012,023,126,AUGU,00022,,00029,80,
BURKE,07653105,REEDY,JASPER,,,558,WALLACE ST, ,WAYNESBORO,GA,30830-1123,558,WALLACE ST,,WAYNESBORO,GA,30830-1123,A,A,,10/18/2017,10/19/2017,10/26/2017,MAILED,NO,NO,,NO,4,0014,012,023,126,AUGU,00020,,00135,208,
BURKE,05836567,CRUMBLEY,CINDY,D,,105,LEE ST, ,WAYNESBORO,GA,30830-1281,105,LEE ST,,WAYNESBORO,GA,30830-1281,A,A,,10/30/2017,10/30/2017,10/30/2017,IN PERSON,NO,NO,,NO,4,0014,012,023,126,AUGU,00020,017025,00035,286,
BURKE,06798844,FLEMING,OCTAVIA,HALISA,,708,SAVANNAH AVE, ,WAYNESBORO,GA,30830-1156,712,SAVANNAH AVE,,WAYNESBORO,GA,30830-1156,A,A,,10/20/2017,10/23/2017,11/06/2017,MAILED,NO,NO,,NO,4,0014,012,023,126,AUGU,00020,,00155,243,
BURKE,00279617,DUKES,ROSE,M,,500,E 6TH ST,UNIT 100,WAYNESBORO,GA,30830-1189,500,E 6TH ST,UNIT 100,WAYNESBORO,GA,30830-1189,A,A,,10/12/2017,10/18/2017,10/30/2017,MAILED,NO,NO,,NO,4,0015,012,023,126,AUGU,00022,,00054,185,
BURKE,00277389,WASHINGTON,PORTIA,L,,882,WATERS ST, ,WAYNESBORO,GA,30830-1266,882,WATERS ST,,WAYNESBORO,GA,30830-1266,A,A,,10/17/2017,10/17/2017,10/17/2017,IN PERSON,NO,NO,,NO,4,0014,012,023,126,AUGU,00020,017025,00007,183,
BURKE,04321443,GRIFFIN,WAYNE,R,,602,FOREST RIDGE DR, ,WAYNESBORO,GA,30830-8002,602,FOREST RIDGE DR,APT. 602,WAYNESBORO,GA,30830-8002,A,A,,08/31/2017,10/16/2017,10/25/2017,MAILED,NO,NO,DISABLED,NO,4,0015,012,023,126,AUGU,00022,,00016,34,
BURKE,00649681,SURSSON,JAMES,E,,200,MILLS RD,LOT A5,WAYNESBORO,GA,30830-5385,200,MILLS RD,LOT A5,WAYNESBORO,GA,30830-5385,A,A,,08/31/2017,10/16/2017,10/25/2017,MAILED,NO,NO,,NO,4,0014,012,023,126,AUGU,00020,,00018,26,
BURKE,00277207,HAYNES,SHIRLEY,,,803,DAVIS RD,APT 103,WAYNESBORO,GA,30830,803,DAVIS RD,APT 103,WAYNESBORO,GA,30830,A,A,,10/16/2017,10/16/2017,10/26/2017,MAILED,NO,NO,,NO,4,0014,012,023,126,AUGU,00020,,00051,79,
BURKE,00279817,HENDERSON,SONIA,JEAN,,617,WOODLAND TERRACE DR, ,WAYNESBORO,GA,30830-1149,617,WOODLAND TERRACE DR,,WAYNESBORO,GA,30830-1149,A,A,,08/31/2017,10/16/2017,10/26/2017,MAILED,NO,NO,,NO,4,0015,012,023,126,AUGU,00022,,00025,64,
BURKE,00270779,CHANCE,CARRIE,M,,501,CORKER RD, ,WAYNESBORO,GA,30830-1133,501,CORKER RD,,WAYNESBORO,GA,30830-1133,A,A,,10/16/2017,10/16/2017,10/16/2017,IN PERSON,NO,NO,,NO,4,0015,012,023,126,AUGU,00022,017025,00003,128,
BURKE,04531757,WIMBERLY,RENATA,A,,803,DAVIS RD,APT 703,WAYNESBORO,GA,30830,803,DAVIS RD,APT 703,WAYNESBORO,GA,30830,A,A,,09/06/2017,10/16/2017,10/25/2017,MAILED,NO,NO,,NO,4,0014,012,023,126,AUGU,00020,,00057,86,
BURKE,01489033,WILLIAMS,CASSANDRA,ILIA,,803,DAVIS RD,UNIT 1402,WAYNESBORO,GA,30830-1830,803,DAVIS RD,UNIT 1402,WAYNESBORO,GA,30830-1830,A,A,,10/17/2017,10/19/2017,10/26/2017,MAILED,NO,NO,,NO,4,0014,012,023,126,AUGU,00020,,00137,214,
BURKE,02099370,SHUBERT,THADDEUS,LAMAR,,212,E 8TH ST, ,WAYNESBORO,GA,30830-1203,212,E 8TH ST,,WAYNESBORO,GA,30830-1203,A,A,,10/16/2017,10/16/2017,10/16/2017,IN PERSON,NO,NO,,NO,4,0014,012,023,126,AUGU,00020,017025,00002,127,
BURKE,10712167,MOFFETT,NYKEEMA,,,803,DAVIS RD,APT 501,WAYNESBORO,GA,30830,803,DAVIS RD,APT 501,WAYNESBORO,GA,30830,A,,,10/19/2017,10/19/2017,,MAILED,NO,NO,,NO,4,0014,012,023,126,AUGU,00020,,00131,199,
BURKE,07420597,DAVIS,SENTORIA,NOELLE,,702,BRIARWOOD CT,UNIT 702 C,WAYNESBORO,GA,30830-1117,702,BRIARWOOD CT,APT. A,WAYNESBORO,GA,30830,A,,,09/13/2017,10/17/2017,,MAILED,NO,NO,,NO,4,0015,012,023,126,AUGU,00022,,00044,159,
BURKE,06803722,BRIM,RICARDO,MONDELL,,336,WILLIAMS ST, ,WAYNESBORO,GA,30830-1233,,PO BOX 144,,WAYNESBORO,GA,30830-0014,A,A,,09/13/2017,10/17/2017,10/20/2017,MAILED,NO,NO,,NO,4,0014,012,023,126,AUGU,00020,,00111,154,
BURKE,04789320,JORDAN,SHIRLEY,ANN,,704,BRIARWOOD CT,APT. B,WAYNESBORO,GA,30830,704,BRIARWOOD CT,APT. B,WAYNESBORO,GA,30830,A,,,09/13/2017,10/17/2017,,MAILED,NO,NO,,NO,4,0015,012,023,126,AUGU,00022,,00043,158,
BURKE,08523114,HANKERSON,FREDDIE,,,621,FOREST RIDGE DR, ,WAYNESBORO,GA,30830-8005,621,FOREST RIDGE DR,APT 621,WAYNESBORO,GA,30830-8005,A,A,,08/31/2017,10/16/2017,10/25/2017,MAILED,NO,NO,,NO,4,0015,012,023,126,AUGU,00022,,00015,33,
BURKE,07484594,WILSON,TREMAINE,DENISE,,713,BRIARWOOD CT,APT D,WAYNESBORO,GA,30830,713,BRIARWOOD CT,APT D,WAYNESBORO,GA,30830,A,,,09/13/2017,10/17/2017,,MAILED,NO,NO,,NO,4,0015,012,023,126,AUGU,00022,,00048,163,
BURKE,08145638,SAVAGE,MARJORIE,ANN,,104,ASHTON PL, ,WAYNESBORO,GA,30830-8033,104,ASHTON PL,,WAYNESBORO,GA,30830-8033,A,A,,10/17/2017,10/19/2017,10/26/2017,MAILED,NO,NO,,NO,4,0014,012,023,126,AUGU,00020,,00140,218,
BURKE,00273697,LODGE,LOUISE,,,850,MYRICK ST, ,WAYNESBORO,GA,30830-1261,850,MYRICK ST,,WAYNESBORO,GA,30830-1261,A,A,,11/03/2017,11/03/2017,11/03/2017,IN PERSON,NO,NO,,NO,4,0014,012,023,126,AUGU,00020,017025,00041,295,
BURKE,10802281,WILLIAMS,URIAH,,,536,PILGRIM WAY, ,WAYNESBORO,GA,30830,536,PILGRIM WAY,,WAYNESBORO,GA,30830-1148,A,,,10/18/2017,10/19/2017,,MAILED,NO,NO,,NO,4,0015,012,023,126,AUGU,00022,,00067,227,
BURKE,03409836,BRADFORD,ELLA,,,200,MILLS RD,LOT A,WAYNESBORO,GA,30830,200,MILLS RD,LOT A2,WAYNESBORO,GA,30830,A,A,,10/21/2017,10/23/2017,10/30/2017,MAILED,NO,NO,,NO,4,0014,012,023,126,AUGU,00020,,00169,258,
BURKE,00277690,WILLIAMS,CATHERINE,WILLIAMS,,109,LEE ST, ,WAYNESBORO,GA,30830-1208,109,LEE ST,,WAYNESBORO,GA,30830-1208,A,A,,09/23/2017,10/17/2017,10/26/2017,MAILED,NO,NO,,NO,4,0014,012,023,126,AUGU,00020,,00108,150,
BURKE,04313243,SURSSON,MELVIN,,,200,MILLS RD,LOT A5,WAYNESBORO,GA,30830-5385,200,MILLS RD,LOT A5,WAYNESBORO,GA,30830-5385,A,A,,08/31/2017,10/16/2017,10/26/2017,MAILED,NO,NO,,NO,4,0014,012,023,126,AUGU,00020,,00016,24,
BURKE,00279279,BRIHM,DEBBIE,LOUISE,,332,WILLIAMS ST,B,WAYNESBORO,GA,30830-1233,332,WILLIAMS ST,APT. B,WAYNESBORO,GA,30830-1233,A,,,09/17/2017,10/16/2017,,MAILED,NO,NO,,NO,4,0014,012,023,126,AUGU,00020,,00004,12,
BURKE,05284534,WALKER,KANTIELLE,SHAWNTA,,1101,WINDY HILL CIR, ,WAYNESBORO,GA,30830-8227,1101,WINDY HILL CIR,,WAYNESBORO,GA,30830-8227,A,A,,08/29/2017,10/16/2017,10/26/2017,MAILED,NO,NO,,NO,4,0014,012,023,126,AUGU,00020,,00025,44,
BURKE,06857433,WYNN,BERTHA,JOHNSON,,902,WINDY HILL CIR, ,WAYNESBORO,GA,30830-8225,902,WINDY HILL CIRCLE,,WAYNESBORO,GA,30830-0004,A,A,,08/29/2017,10/16/2017,10/25/2017,MAILED,NO,NO,,NO,4,0014,012,023,126,AUGU,00020,,00024,43,
BURKE,03270808,RICHARDSON,DEBORAH,A,,710,BRIARWOOD CT,APT D,WAYNESBORO,GA,30830,710,BRIARWOOD CT,APT D,WAYNESBORO,GA,30830,A,,,10/18/2017,10/19/2017,,MAILED,NO,NO,,NO,4,0015,012,023,126,AUGU,00022,,00061,209,
BURKE,05584228,DIXON,SHAMEKA,LASHAY,,710,BRIARWOOD CT,B,WAYNESBORO,GA,30830,710,BRIARWOOD CT,APT. B,WAYNESBORO,GA,30830,A,A,,09/13/2017,10/17/2017,10/23/2017,MAILED,NO,NO,,NO,4,0015,012,023,126,AUGU,00022,,00042,157,
BURKE,08713491,PALMER,WILLIE,JAMES,,137,ASHTON PL,UNIT 11,WAYNESBORO,GA,30830-8074,137,ASHTON PL,UNIT 11,WAYNESBORO,GA,30830-8074,A,A,,10/16/2017,10/16/2017,10/20/2017,MAILED,NO,NO,,NO,4,0014,012,023,126,AUGU,00020,,00074,106,
BURKE,00279766,WALKER,KAREN,DENISE,,709,CATES AVE, ,WAYNESBORO,GA,30830,709,CATES AVE,,WAYNESBORO,GA,30830,A,A,,10/16/2017,10/16/2017,10/26/2017,MAILED,NO,NO,,NO,4,0014,012,023,126,AUGU,00020,,00043,70,
BURKE,00273883,MASON,JAMES,,,101,ASHTON PL, ,WAYNESBORO,GA,30830-8033,101,ASHTON PL,,WAYNESBORO,GA,30830-8033,A,A,,08/29/2017,10/16/2017,10/26/2017,MAILED,NO,NO,,NO,4,0014,012,023,126,AUGU,00020,,00023,42,
BURKE,01511047,OWENS,KATHERINE,A,,508,JONES AVE, ,WAYNESBORO,GA,30830-1535,508,JONES AVE,,WAYNESBORO,GA,30830-1535,A,A,,10/31/2017,10/31/2017,10/31/2017,IN PERSON,NO,NO,,NO,4,0015,012,023,126,AUGU,00021,017025,00037,289,
BURKE,00275270,SAPP,BRYAN,THOMAS,,524,E 7TH ST, ,WAYNESBORO,GA,30830,524,E. 7TH STREET,,WAYNESBORO,GA,30830,A,A,,10/19/2017,10/23/2017,10/26/2017,MAILED,NO,NO,,NO,4,0014,012,023,126,AUGU,00020,,00159,247,
BURKE,10691395,WILSON,LYNDELE,,,301,WINDY HILL CIR, ,WAYNESBORO,GA,30830,301,WINDY HILL CIR,,WAYNESBORO,GA,30830,A,,,10/16/2017,10/16/2017,,MAILED,NO,NO,,NO,4,0014,012,023,126,AUGU,00020,,00066,97,
BURKE,00271022,CONNER,FRANCINE,,,720,BRIARWOOD CT,C,WAYNESBORO,GA,30830-1808,720,BRIARWOOD CT,APT. C,WAYNESBORO,GA,30830-1808,A,A,,10/11/2017,10/16/2017,10/25/2017,MAILED,NO,NO,,NO,4,0015,012,023,126,AUGU,00022,,00003,4,
BURKE,00273031,JENKINS,PATRICIA,A,,616,FOREST RIDGE DR, ,WAYNESBORO,GA,30830,616,FOREST RIDGE DR,,WAYNESBORO,GA,30830,A,A,,08/31/2017,10/16/2017,10/18/2017,MAILED,NO,NO,,NO,4,0015,012,023,126,AUGU,00022,,00012,30,
BURKE,03352329,MCELVEEN,GLORIA,JEAN,,710,CATES AVE, ,WAYNESBORO,GA,30830-1128,527,E. 8TH STREET,,WAYNESBORO,GA,30830,A,,,09/08/2017,10/17/2017,,MAILED,NO,NO,,NO,4,0014,012,023,126,AUGU,00020,,00114,167,
BURKE,07412148,JENKINS,BRIDONNA,LASHAWN,,108,LEE ST, ,WAYNESBORO,GA,30830,108,LEE ST,,WAYNESBORO,GA,30830,A,A,,10/13/2017,10/18/2017,10/30/2017,MAILED,NO,NO,,NO,4,0014,012,023,126,AUGU,00020,,00125,187,
BURKE,08523242,WILLIAMS,BRANDON,M,,119,MILLS RD, ,WAYNESBORO,GA,30830-5381,119,MILLS RD,,WAYNESBORO,GA,30830-5381,A,A,,10/11/2017,10/16/2017,10/25/2017,MAILED,NO,NO,,NO,4,0014,012,023,126,AUGU,00020,,00002,10,
BURKE,04270110,WILLIAMS,PAMELA,M,,510,E 6TH ST, ,WAYNESBORO,GA,30830-1103,510,E 6TH ST,,WAYNESBORO,GA,30830-1103,A,A,,10/11/2017,10/16/2017,10/25/2017,MAILED,NO,NO,,NO,4,0015,012,023,126,AUGU,00022,,00008,9,
BURKE,08296327,JONES,CAROL,ANN,,122,LEGION DR, ,WAYNESBORO,GA,30830-4578,122,LEGION DR,,WAYNESBORO,GA,30830-4578,A,A,,10/27/2017,10/27/2017,10/27/2017,IN PERSON,NO,NO,,NO,4,0015,012,023,126,AUGU,00021,017025,00032,277,
BURKE,00273596,LEWIS,CORA,B,,707,DAVIS RD, ,WAYNESBORO,GA,30830-8980,707,DAVIS RD,,WAYNESBORO,GA,30830-8980,A,A,,08/29/2017,10/16/2017,10/25/2017,MAILED,NO,NO,ELDERLY,NO,4,0014,012,023,126,AUGU,00020,,00058,88,
BURKE,02715281,DAVIS,MARGARET,,,713,A ST, ,WAYNESBORO,GA,30830-1116,,PO BOX 1083,,WAYNESBORO,GA,30830-0208,A,A,,08/27/2017,10/16/2017,10/25/2017,MAILED,NO,NO,,NO,4,0014,012,023,126,AUGU,00020,,00033,52,
BURKE,00276875,JONES,PATRICIA,D,,504,CHAUCER RD, ,WAYNESBORO,GA,30830,504,CHAUCER RD,,WAYNESBORO,GA,30830,A,R,NO SIGNATURE,09/20/2017,10/17/2017,11/07/2017,MAILED,NO,NO,,NO,4,0015,012,023,126,AUGU,00022,,00051,170,
BURKE,00277932,HOUSTON,SHERYL,LYNN,,201,E 9TH ST, ,WAYNESBORO,GA,30830-1010,201,E 9TH ST,,WAYNESBORO,GA,30830-1010,A,A,,10/23/2017,10/30/2017,11/03/2017,MAILED,NO,NO,,NO,4,0014,012,023,126,AUGU,00020,,00174,283,
BURKE,01426078,HABERSHAM,JACQUELINE,,,803,DAVIS RD,UNIT 902,WAYNESBORO,GA,30830-1823,803,DAVIS RD,UNIT 902,WAYNESBORO,GA,30830-1823,A,A,,09/25/2017,10/17/2017,10/26/2017,MAILED,NO,NO,,NO,4,0014,012,023,126,AUGU,00020,,00110,153,
BURKE,00276493,WILLIAMS,ALICE,MAE,,507,SHORT ST, ,WAYNESBORO,GA,30830-1226,507,SHORT ST,,WAYNESBORO,GA,30830-1226,A,A,,09/08/2017,10/17/2017,10/23/2017,MAILED,NO,NO,ELDERLY,NO,4,0014,012,023,126,AUGU,00020,,00104,146,
BURKE,08375439,HOLMES,GERALL,BIANCA,,703,A ST, ,WAYNESBORO,GA,30830,703,A ST,,WAYNESBORO,GA,30830,A,A,,09/07/2017,10/17/2017,10/26/2017,MAILED,NO,NO,,NO,4,0014,012,023,126,AUGU,00020,,00115,168,
BURKE,08713434,LYNN,NANCY,C,,824,MYRICK ST, ,WAYNESBORO,GA,30830-1260,824,MYRICK ST,,WAYNESBORO,GA,30830-1260,A,A,,10/23/2017,10/23/2017,10/23/2017,IN PERSON,NO,NO,,NO,4,0014,012,023,126,AUGU,00020,017025,00024,263,
BURKE,00274060,MEAD,ANNIE,R,,234,E 8TH ST, ,WAYNESBORO,GA,30830-1203,,P.O. BOX 395,,WAYNESBORO,GA,30830,A,A,,11/02/2017,11/02/2017,11/07/2017,MAILED,NO,NO,,NO,4,0014,012,023,126,AUGU,00020,,00178,292,
BURKE,07640404,REEVES,BRITTNEY,SHATEDRA,,704,A ST, ,WAYNESBORO,GA,30830,704,A ST,,WAYNESBORO,GA,30830-0111,A,A,,09/07/2017,10/16/2017,10/25/2017,MAILED,NO,NO,,NO,4,0014,012,023,126,AUGU,00020,,00085,122,
BURKE,03410339,JONES,DOREATHA,,,803,DAVIS RD,APT 205,WAYNESBORO,GA,30830,803,DAVIS RD,APT 205,WAYNESBORO,GA,30830,A,A,,08/31/2017,10/16/2017,10/25/2017,MAILED,NO,NO,,NO,4,0014,012,023,126,AUGU,00020,,00036,56,
BURKE,05586970,MCBRIDE,MARY,A,,703,BRIARWOOD CT,D,WAYNESBORO,GA,30830-1141,703,BRIARWOOD CT,APT. D,WAYNESBORO,GA,30830-1141,A,A,,10/18/2017,10/19/2017,10/26/2017,MAILED,NO,NO,,NO,4,0015,012,023,126,AUGU,00022,,00059,206,
BURKE,05884052,POOLE,KATHER,ANN,,706,DOWELL AVE, ,WAYNESBORO,GA,30830,706,DOWELL AVE,,WAYNESBORO,GA,30830,A,A,,09/07/2017,10/17/2017,10/26/2017,MAILED,NO,NO,,NO,4,0014,012,023,126,AUGU,00020,,00088,129,
BURKE,10102948,ROBINSON,RUTHIE,M,,605,WOODLAND TERRACE DR, ,WAYNESBORO,GA,30830,605,WOODLAND TERRACE DR,,WAYNESBORO,GA,30830,A,,,08/31/2017,10/16/2017,,MAILED,NO,NO,,YES,4,0015,012,023,126,AUGU,00022,,00022,59,
BURKE,03419526,DIXON,SIDNEY,,,803,DAVIS RD,UNIT 1103,WAYNESBORO,GA,30830-1828,803,DAVIS RD,UNIT 1103,WAYNESBORO,GA,30830-1828,A,A,,08/29/2017,10/18/2017,10/26/2017,MAILED,NO,NO,,NO,4,0014,012,023,126,AUGU,00020,,00129,192,
BURKE,05973263,LYNN,RALPH,W,JR,824,MYRICK ST, ,WAYNESBORO,GA,30830-1260,824,MYRICK ST,,WAYNESBORO,GA,30830-1260,A,A,,10/18/2017,10/18/2017,10/18/2017,IN PERSON,NO,NO,,NO,4,0014,012,023,126,AUGU,00020,017025,00009,194,
BURKE,00276569,WILLIAMS,JUANITA,,,412,W 9TH ST, ,WAYNESBORO,GA,30830-1036,412,W 9TH ST,,WAYNESBORO,GA,30830-1036,A,A,,10/26/2017,10/26/2017,10/26/2017,IN PERSON,NO,NO,,NO,4,0014,012,023,126,AUGU,00019,017025,00030,275,
BURKE,01043276,SHARPE,SHELLY,ANN,,711,CATES AVE,LOT A,WAYNESBORO,GA,30830,711,CATES AVE,LOT A,WAYNESBORO,GA,30830,A,A,,10/19/2017,10/23/2017,10/30/2017,MAILED,NO,NO,,NO,4,0014,012,023,126,AUGU,00020,,00162,250,
BURKE,00276118,WALKER,ALBERTA,MOSLEY,,200,MILLS RD,LOT A1,WAYNESBORO,GA,30830-5385,200,MILLS RD,LOT A1,WAYNESBORO,GA,30830-5385,A,A,,10/20/2017,10/20/2017,10/31/2017,MAILED,NO,NO,,NO,4,0014,012,023,126,AUGU,00020,,00150,237,
BURKE,00273178,JONES,DONALD,,,614,WALLACE ST, ,WAYNESBORO,GA,30830,614,WALLACE ST,,WAYNESBORO,GA,30830,A,,,09/21/2017,10/17/2017,,MAILED,NO,NO,,NO,4,0014,012,023,126,AUGU,00020,,00119,173,
BURKE,05044355,SCOTT,RICKY,,,803,DAVIS RD,UNIT 1402,WAYNESBORO,GA,30830-1830,803,DAVIS RD,UNIT 1402,WAYNESBORO,GA,30830-1830,A,A,,08/31/2017,10/16/2017,10/25/2017,MAILED,NO,NO,,NO,4,0014,012,023,126,AUGU,00020,,00067,98,
BURKE,08713601,WESTLEY,RICHARD,D,,720,TUCKER AVE, ,WAYNESBORO,GA,30830-1162,720,TUCKER AVE,,WAYNESBORO,GA,30830-1162,A,A,,09/07/2017,10/16/2017,10/25/2017,MAILED,NO,NO,,NO,4,0014,012,023,126,AUGU,00020,,00068,99,
BURKE,00276393,WEST,DONALD,,,215,E 9TH ST, ,WAYNESBORO,GA,30830-1010,215,E 9TH ST,,WAYNESBORO,GA,30830-1010,A,A,,10/24/2017,10/30/2017,11/02/2017,MAILED,NO,NO,,NO,4,0014,012,023,126,AUGU,00020,,00172,280,
BURKE,00270637,BYNE,RICHARD,H,,537,JONES AVE, ,WAYNESBORO,GA,30830-1536,537,JONES AVE,,WAYNESBORO,GA,30830-1536,A,A,,10/25/2017,10/25/2017,10/25/2017,IN PERSON,NO,NO,,NO,4,0015,012,023,126,AUGU,00021,017025,00027,272,
BURKE,00273181,JONES,EDDIE,J,,900,QUAKER ROAD CT, ,WAYNESBORO,GA,30830,,PO BOX 991,,WAYNESBORO,GA,30830-0099,A,A,,11/03/2017,11/03/2017,11/03/2017,IN PERSON,NO,NO,,NO,4,0014,012,023,126,AUGU,00019,017025,00040,294,
BURKE,00272355,HAMILTON,JOHN,W,,505,VICTORY DR, ,WAYNESBORO,GA,30830-1567,505,VICTORY DR,,WAYNESBORO,GA,30830-1567,A,A,,10/20/2017,10/20/2017,10/20/2017,IN PERSON,NO,NO,,NO,4,0015,012,023,126,AUGU,00021,017025,00020,236,
BURKE,00274487,OSBORNE,WYCONNIE,CUMMINGS,,301,REYNOLDS ST, ,WAYNESBORO,GA,30830,301,REYNOLDS ST,,WAYNESBORO,GA,30830,A,A,,10/17/2017,10/19/2017,10/26/2017,MAILED,NO,NO,,NO,4,0015,012,023,126,AUGU,00022,,00065,217,
BURKE,03741918,JONES,NEELY,L,,238,E 8TH ST, ,WAYNESBORO,GA,30830,238,E 8TH ST,,WAYNESBORO,GA,30830,A,A,,10/18/2017,10/19/2017,10/30/2017,MAILED,NO,NO,,NO,4,0014,012,023,126,AUGU,00020,,00141,219,
BURKE,10109215,GORDON,JESSIE,HOWARD,,803,DAVIS RD,APT 1202,WAYNESBORO,GA,30830,803,DAVIS RD,APT 1202,WAYNESBORO,GA,30830,A,A,,10/18/2017,10/23/2017,10/30/2017,MAILED,NO,NO,,NO,4,0014,012,023,126,AUGU,00020,,00164,253,
BURKE,01459064,RICHESON,VICKIE,W,,201,E 11TH ST, ,WAYNESBORO,GA,30830,201,E 11TH ST,,WAYNESBORO,GA,30830,A,A,,10/17/2017,10/17/2017,10/17/2017,IN PERSON,NO,NO,,NO,4,0014,012,023,126,AUGU,00020,017025,00004,180,
BURKE,03583305,REED,WILLIE,JAMES,,803,DAVIS RD,APT 202,WAYNESBORO,GA,30830-1819,803,DAVIS RD,APT 202,WAYNESBORO,GA,30830-1819,A,A,,10/18/2017,10/19/2017,10/30/2017,MAILED,NO,NO,,NO,4,0014,012,023,126,AUGU,00020,,00145,223,
BURKE,00276449,MOORE,BETTY,WHITFIELD,,200,MILLS RD,LOT B13,WAYNESBORO,GA,30830,200,MILLS ROAD,LOT B13,WAYNESBORO,GA,30830-0094,A,A,,10/17/2017,10/19/2017,10/26/2017,MAILED,NO,NO,,NO,4,0014,012,023,126,AUGU,00020,,00139,216,
BURKE,07484642,BUXTON,WILLIAM,,JR,803,DAVIS RD,APT 101,WAYNESBORO,GA,30830,803,DAVIS RD,APT 101,WAYNESBORO,GA,30830,A,A,,10/16/2017,10/16/2017,10/25/2017,MAILED,NO,NO,,NO,4,0014,012,023,126,AUGU,00020,,00039,62,
BURKE,10970906,EVANS,JOHNTAVIAN,JAQUAN,,611,W 9TH ST, ,WAYNESBORO,GA,30830,611,W 9TH ST,,WAYNESBORO,GA,30830,A,A,,10/23/2017,10/25/2017,10/31/2017,MAILED,NO,NO,,NO,4,0014,012,023,126,AUGU,00019,,00004,269,
BURKE,00278294,BROWN,CHARLES,EDWARD,,615,FOREST RIDGE DR, ,WAYNESBORO,GA,30830,615,FOREST RIDGE DR,APT 615,WAYNESBORO,GA,30830,A,A,,08/31/2017,10/16/2017,10/25/2017,MAILED,NO,NO,,NO,4,0015,012,023,126,AUGU,00022,,00017,35,
BURKE,00273191,JONES,HAZEL,ANN,,702,BRIARWOOD CT,C,WAYNESBORO,GA,30830-1125,702,BRIARWOOD CT,APT. C,WAYNESBORO,GA,30830-1125,A,A,,10/11/2017,10/16/2017,10/25/2017,MAILED,NO,NO,,NO,4,0015,012,023,126,AUGU,00022,,00005,6,
BURKE,05983091,DOUGLAS,LATAFFIE,ETRENDRA,,864,N LIBERTY ST, ,WAYNESBORO,GA,30830,864,N LIBERTY ST,,WAYNESBORO,GA,30830,A,A,,09/22/2017,10/17/2017,11/01/2017,MAILED,NO,NO,,NO,4,0014,012,023,126,AUGU,00020,,00095,137,
BURKE,10102768,CHAMBLISS,WAYNE,,,125,ASHTON PL, ,WAYNESBORO,GA,30830,125,ASHTON PL,,WAYNESBORO,GA,30830,A,A,,08/29/2017,10/16/2017,10/25/2017,MAILED,NO,NO,,NO,4,0014,012,023,126,AUGU,00020,,00032,51,
BURKE,06509375,BRIGHAM,BOBBIE,JEAN,,200,MILLS RD,LOT B14,WAYNESBORO,GA,30830-5387,200,MILLS ROAD,LOT B-14,WAYNESBORO,GA,30830,A,A,,08/31/2017,10/16/2017,10/25/2017,MAILED,NO,NO,,NO,4,0014,012,023,126,AUGU,00020,,00012,20,
BURKE,00273217,JONES,JULIA,E,,620,FOREST RIDGE DR, ,WAYNESBORO,GA,30830-8003,620,FOREST RIDGE DR,,WAYNESBORO,GA,30830-8003,A,A,,08/31/2017,10/16/2017,10/26/2017,MAILED,NO,NO,,NO,4,0015,012,023,126,AUGU,00022,,00011,29,
BURKE,07091186,BROWN,BOBBIE,LEQUETTA,,500,E 9TH ST, ,WAYNESBORO,GA,30830,500,E 9TH ST,,WAYNESBORO,GA,30830,A,A,,09/22/2017,10/17/2017,10/30/2017,MAILED,NO,NO,,NO,4,0014,012,023,126,AUGU,00020,,00094,136,
BURKE,04313235,SURSSON,RONALD,,,200,MILLS RD,LOT A5,WAYNESBORO,GA,30830-5385,200,MILLS RD,LOT A5,WAYNESBORO,GA,30830-5385,A,A,,08/31/2017,10/16/2017,10/25/2017,MAILED,NO,NO,,NO,4,0014,012,023,126,AUGU,00020,,00015,23,
BURKE,00279733,JONES,CHERIE,ARNETRA,,922,KINGSTON DR, ,WAYNESBORO,GA,30830-7612,611,W 9TH ST,,WAYNESBORO,GA,30830-0101,A,A,,10/23/2017,10/25/2017,10/31/2017,MAILED,NO,NO,,NO,4,0014,012,023,126,AUGU,00019,,00002,267,
BURKE,07179528,HARDEN,GERALINE,,,200,MILLS RD,LOT B7,WAYNESBORO,GA,30830-5313,200,MILLS RD,LOT B7,WAYNESBORO,GA,30830-5313,A,A,,10/17/2017,10/19/2017,10/26/2017,MAILED,NO,NO,,NO,4,0014,012,023,126,AUGU,00020,,00138,215,
BURKE,04226900,JEFFERS,OLLIE,,,1105,WATERS ST, ,WAYNESBORO,GA,30830-1030,1105,WATERS ST,,WAYNESBORO,GA,30830-1030,A,A,,10/20/2017,10/20/2017,10/24/2017,MAILED,NO,NO,,NO,4,0014,012,023,126,AUGU,00020,,00149,234,
BURKE,00272973,JENKINS,BETTY,,,617,W 9TH ST, ,WAYNESBORO,GA,30830-1014,,PO BOX 454,,WAYNESBORO,GA,30830-0045,A,A,,10/31/2017,10/31/2017,11/06/2017,MAILED,NO,NO,,NO,4,0014,012,023,126,AUGU,00019,,00006,290,
BURKE,02579104,HARLAND,MELISSA,LASHUN,,545,PILGRIM WAY, ,WAYNESBORO,GA,30830-1148,545,PILGRIM WAY,,WAYNESBORO,GA,30830-1148,A,A,,09/20/2017,10/17/2017,10/23/2017,MAILED,NO,NO,,NO,4,0015,012,023,126,AUGU,00022,,00053,175,
BURKE,00275834,SWAN,JOANNE,S,,615,W 4TH ST, ,WAYNESBORO,GA,30830-1516,615,W 4TH ST,,WAYNESBORO,GA,30830-1516,A,A,,10/23/2017,10/23/2017,10/23/2017,IN PERSON,NO,NO,,NO,4,0015,012,023,126,AUGU,00021,017025,00023,262,
BURKE,06238547,JONES,CHARLES,KEITA,,611,W 9TH ST, ,WAYNESBORO,GA,30830-1014,611,W 9TH ST,,WAYNESBORO,GA,30830-1014,A,A,,10/23/2017,10/25/2017,10/31/2017,MAILED,NO,NO,,NO,4,0014,012,023,126,AUGU,00019,,00001,266,
BURKE,08709942,FREEMAN,CLARENCE,,,703,TUCKER AVE, ,WAYNESBORO,GA,30830-1163,703,TUCKER AVE,,WAYNESBORO,GA,30830-1163,A,A,,10/21/2017,10/23/2017,10/30/2017,MAILED,NO,NO,,NO,4,0014,012,023,126,AUGU,00020,,00163,251,
BURKE,11454598,HUGHES,DOMINIQUE,RICQUEZ,,526,E 7TH ST, ,WAYNESBORO,GA,30830,526,E 7TH ST,,WAYNESBORO,GA,30830-1107,A,A,,10/19/2017,10/23/2017,11/01/2017,MAILED,NO,NO,,NO,4,0014,012,023,126,AUGU,00020,,00160,248,
BURKE,08144033,ANTHONY,ALEXANDRIA,DENAE,,803,DAVIS RD,UNIT 804,WAYNESBORO,GA,30830-1825,803,DAVIS RD,UNIT 306,WAYNESBORO,GA,30830,A,,,10/18/2017,10/19/2017,,MAILED,NO,NO,,NO,4,0014,012,023,126,AUGU,00020,,00142,220,
BURKE,08891365,KELLY,JOHN,,JR,136,ASHTON PL, ,WAYNESBORO,GA,30830-8074,136,ASHTON VILLAGE,,WAYNESBORO,GA,30830-0519,A,A,,08/29/2017,10/16/2017,10/26/2017,MAILED,NO,NO,,NO,4,0014,012,023,126,AUGU,00020,,00022,41,
BURKE,03716605,JONES,JANICE,PATRICIA,,402,WINDY HILL CIR, ,WAYNESBORO,GA,30830,402,WINDY HILL CIR,,WAYNESBORO,GA,30830,A,,,10/16/2017,10/16/2017,,MAILED,NO,NO,,NO,4,0014,012,023,126,AUGU,00020,,00081,117,
BURKE,06813941,MOORE,ONEIDA,SAMARA,,803,DAVIS RD,UNIT 604,WAYNESBORO,GA,30830-1823,803,DAVIS RD,UNIT 604,WAYNESBORO,GA,30830-1823,A,,,10/18/2017,10/19/2017,,MAILED,NO,NO,,NO,4,0014,012,023,126,AUGU,00020,,00146,224,
BURKE,05241507,GRAY,LULA,L,,509,CANTERBURY CIR, ,WAYNESBORO,GA,30830,509,CANTERBURY CIR,,WAYNESBORO,GA,30830,A,A,,10/18/2017,10/19/2017,11/07/2017,MAILED,NO,NO,,NO,4,0014,012,023,126,AUGU,00020,,00136,213,
BURKE,00270987,COLEMAN,RICKY,V,,705,BRIARWOOD CT,C,WAYNESBORO,GA,30830-1141,705,BRIARWOOD CT,APT. C,WAYNESBORO,GA,30830-1141,A,A,,10/18/2017,10/19/2017,10/26/2017,MAILED,NO,NO,,NO,4,0015,012,023,126,AUGU,00022,,00062,210,
BURKE,04789438,GREEN,DOLIZA,KETCHUP,,803,DAVIS RD,UNIT 1201,WAYNESBORO,GA,30830-1836,803,DAVIS RD,UNIT 1201,WAYNESBORO,GA,30830-1836,A,A,,09/06/2017,10/16/2017,10/25/2017,MAILED,NO,NO,,NO,4,0014,012,023,126,AUGU,00020,,00083,120,
BURKE,10752241,EVANS,LA DESTINY,T,,334,WILLIAMS ST, ,WAYNESBORO,GA,30830,713,BRIARWOOD COURT,APT. A,WAYNESBORO,GA,30830,A,A,,10/16/2017,10/16/2017,11/07/2017,MAILED,NO,NO,,NO,4,0014,012,023,126,AUGU,00020,,00008,16,
BURKE,06743134,WHITIFIELD,BARBARA,JEAN,,605,FOREST RIDGE DR, ,WAYNESBORO,GA,30830-8004,605,FOREST RIDGE DR,APT 605,WAYNESBORO,GA,30830-8004,A,A,,08/31/2017,10/16/2017,10/25/2017,MAILED,NO,NO,,NO,4,0015,012,023,126,AUGU,00022,,00018,36,
BURKE,00279338,BROWN,DAISY,BELL,,504,E 7TH ST, ,WAYNESBORO,GA,30830-1107,504,E 7TH ST,,WAYNESBORO,GA,30830-1107,A,A,,09/08/2017,10/16/2017,10/23/2017,MAILED,NO,NO,,NO,4,0014,012,023,126,AUGU,00020,,00041,66,
BURKE,00276894,RAHNEY,FANNIE,L,,500,E 6TH ST,UNIT 94,WAYNESBORO,GA,30830-1178,500,E 6TH ST,UNIT 94,WAYNESBORO,GA,30830-1178,A,A,,09/23/2017,10/17/2017,10/26/2017,MAILED,NO,NO,,NO,4,0015,012,023,126,AUGU,00022,,00040,152,
BURKE,07774459,SURSON,REGGIE,CHARLES,,200,MILLS RD,LOT A5,WAYNESBORO,GA,30830-5385,200,MILLS RD,LOT A5,WAYNESBORO,GA,30830-5385,A,A,,08/31/2017,10/16/2017,10/25/2017,MAILED,NO,NO,,NO,4,0014,012,023,126,AUGU,00020,,00017,25,
BURKE,00279281,BRIM,MILDRED,A,,336,WILLIAMS ST, ,WAYNESBORO,GA,30830-1233,336,WILLIAMS ST,,WAYNESBORO,GA,30830-1233,A,A,,09/17/2017,10/16/2017,10/20/2017,MAILED,NO,NO,,NO,4,0014,012,023,126,AUGU,00020,,00003,11,
BURKE,07699503,WILLIAMS,LOTTIE,MAE,,716,BRIARWOOD CT,D,WAYNESBORO,GA,30830-1804,716,BRIARWOOD CT,APT. D,WAYNESBORO,GA,30830-1804,A,A,,09/13/2017,10/17/2017,10/25/2017,MAILED,NO,NO,,NO,4,0015,012,023,126,AUGU,00022,,00041,156,
BURKE,03919947,RIVERS,JULIA,,,107,MILLS RD, ,WAYNESBORO,GA,30830-5381,,PO BOX 1014,,WAYNESBORO,GA,30830-0201,A,A,,10/19/2017,10/19/2017,10/19/2017,IN PERSON,NO,NO,,NO,4,0014,012,023,126,AUGU,00020,017025,00018,232,
BURKE,00940602,LACUE,DIANE,,,708,BRIARWOOD CT,APT A,WAYNESBORO,GA,30830,708,BRIARWOOD CT,APT A,WAYNESBORO,GA,30830,A,A,,10/19/2017,10/19/2017,10/19/2017,IN PERSON,NO,NO,,NO,4,0015,012,023,126,AUGU,00022,017025,00016,230,
BURKE,00279297,BROADUS,IRENE,RENE,,107,ASHTON PL, ,WAYNESBORO,GA,30830,107,ASHTON PL,,WAYNESBORO,GA,30830,A,A,,10/18/2017,10/18/2017,10/18/2017,IN PERSON,NO,NO,,NO,4,0014,012,023,126,AUGU,00020,017025,00011,196,
BURKE,06008502,HOLMES,LAKENA,DANET,,702,DOWELL AVE, ,WAYNESBORO,GA,30830-1136,702,DOWELL AVE,,WAYNESBORO,GA,30830-1136,A,A,,10/19/2017,10/23/2017,10/30/2017,MAILED,NO,NO,,NO,4,0014,012,023,126,AUGU,00020,,00166,255,
BURKE,00280026,JOHNSON,GLADYS,M,,1131,HERMAN LODGE BLVD, ,WAYNESBORO,GA,30830-1070,,PO BOX 1461,,WAYNESBORO,GA,30830-0246,A,A,,10/17/2017,10/17/2017,10/17/2017,IN PERSON,NO,NO,,NO,4,0014,012,023,126,AUGU,00019,017025,00005,181,
BURKE,11459651,OSBORNE,LASHONDA,LAVETTE,,606,WOODLAND TERRACE DR, ,WAYNESBORO,GA,30830,606,WOODLAND TERRACE DR,,WAYNESBORO,GA,30830,A,,,09/22/2017,10/17/2017,,MAILED,NO,NO,,YES,4,0015,012,023,126,AUGU,00022,,00050,165,
