County,Voter Registration #,Last Name,First Name,Middle Name,Suffix,Street #,Street Name,Apt/Unit,City,State,Zip Code,Mailing Street #,Mailing Street Name,Mailing Apt/Unit,Mailing City,Mailing State,Mailing Zip Code,Application Status,Ballot Status,Status Reason,Application Date,Ballot Issued Date,Ballot Return Date,Ballot Style,Ballot Assisted,Challenged/Provisional,Designation/Reason Issue,ID Required,Municipal Precinct,County Precinct,CNG,SEN,HOUSE	,JUD,Combo #,Vote Center ID,Ballot ID,Post #,Party
CHARLTON,11083652,JOHNS,CALVIN,,,76,MAPLE ST, ,HOMELAND,GA,31537,76,MAPLE ST,,HOMELAND,GA,31537,A,A,,10/16/2017,10/16/2017,10/16/2017,IN PERSON,NO,NO,,NO,4H,4H,001,003,174,WAYC,00235,024012,00002,3,
CHARLTON,00044181,CREWS,RICKEY,DAVID,,496,DAVIS ST, ,HOMELAND,GA,31537,DAYS INN,3391 CR 211,ROOM 104,KINGDOM CITY,MO,65262,A,A,,10/10/2017,10/10/2017,10/30/2017,MAILED,NO,NO,,NO,4H,4H,001,003,174,WAYC,00235,,00001,1,
CHARLTON,08513475,SHARP,MICHAEL,K,,135,CENTRAL AVE, ,HOMELAND,GA,31537,135,CENTRAL AVE,,HOMELAND,GA,31537,A,A,,10/23/2017,10/23/2017,10/23/2017,IN PERSON,NO,NO,,NO,4H,4H,001,003,174,WAYC,00235,024012,00006,7,
CHARLTON,00046508,TAIT,GERALD,MARVIN,,142,EAST HAZEL ST, ,HOMELAND,GA,31537,142,EAST HAZEL ST,,HOMELAND,GA,31537,A,A,,10/16/2017,10/16/2017,10/16/2017,IN PERSON,NO,NO,,NO,4H,4H,001,003,174,WAYC,00235,024012,00003,4,
CHARLTON,00044774,GUINN,TERESA,CREWS,,45,GUINN PL, ,HOMELAND,GA,31537-1936,45,GUINN PL,,HOMELAND,GA,31537-1936,A,A,,10/17/2017,10/17/2017,10/17/2017,IN PERSON,NO,NO,,NO,4H,4H,001,003,174,WAYC,00235,024012,00004,5,
CHARLTON,10587499,BOOKER,PATRICIA,CROWDER,,104,EAGLE NEST LN, ,HOMELAND,GA,31537,104,EAGLE NEST LN,,HOMELAND,GA,31537,A,A,,10/31/2017,10/31/2017,10/31/2017,IN PERSON,NO,NO,,NO,4H,4H,001,003,174,WAYC,00236,024012,00016,17,
CHARLTON,06971763,KNOX,THOMAS,MELTON,,499,ORANGE ST, ,HOMELAND,GA,31537,499,ORANGE ST,,HOMELAND,GA,31537,A,A,,10/31/2017,10/31/2017,10/31/2017,IN PERSON,NO,NO,,NO,4H,4H,001,003,174,WAYC,00235,024012,00015,16,
CHARLTON,00047313,BROWN,JOSEPH,MERRILL,,177,OHIO ST, ,HOMELAND,GA,31537-4043,177,OHIO ST,,HOMELAND,GA,31537-4043,A,A,,10/20/2017,10/20/2017,10/20/2017,IN PERSON,NO,NO,,NO,4H,4H,001,003,174,WAYC,00235,024012,00005,6,
CHARLTON,00045137,JOHNSON,JAMES,DIXON,,443,CENTRAL AVE, ,HOMELAND,GA,31537-4963,443,CENTRAL AVE,,HOMELAND,GA,31537-4963,A,A,,10/23/2017,10/23/2017,10/23/2017,IN PERSON,NO,NO,,NO,4H,4H,001,003,174,WAYC,00235,024012,00007,8,
CHARLTON,01606206,HILTON,HELEN,EMMA,,64,CARTER DR, ,HOMELAND,GA,31537,,P O BOX 973,,FOLKSTON,GA,31537-0973,A,A,,11/03/2017,11/03/2017,11/03/2017,IN PERSON,NO,NO,,NO,4H,4H,001,003,174,WAYC,00235,024012,00018,19,
CHARLTON,08609188,CROSBY,ASHLEE,RENEE,,45,WALNUT ST, ,HOMELAND,GA,31537,45,WALNUT ST,,HOMELAND,GA,31537,A,A,,10/24/2017,10/24/2017,10/24/2017,IN PERSON,NO,NO,,NO,4H,4H,001,003,174,WAYC,00235,024012,00008,9,
CHARLTON,08307540,EASTER,RUTH,ANN,,116,PENNSYLVANIA AVE, ,HOMELAND,GA,31537,116,PENNSYLVANIA AVE,,HOMELAND,GA,31537,A,A,,11/01/2017,11/01/2017,11/01/2017,IN PERSON,NO,NO,,NO,4H,4H,001,003,174,WAYC,00235,024012,00017,18,
CHARLTON,00046866,ALLEN,SUSAN,JUNE DELOACH,,97,DELOACHS DAIRY RD, ,HOMELAND,GA,31537-4610,97,DELOACHS DAIRY RD,,HOMELAND,GA,31537-4610,A,A,,10/30/2017,10/30/2017,10/30/2017,IN PERSON,NO,NO,,NO,4H,4H,001,003,174,WAYC,00235,024012,00012,13,
CHARLTON,07322460,CROSBY,DANIEL,MICAH,,45,WALNUT ST, ,HOMELAND,GA,31537,45,WALNUT ST,,HOMELAND,GA,31537,A,A,,10/31/2017,10/31/2017,10/31/2017,IN PERSON,NO,NO,,NO,4H,4H,001,003,174,WAYC,00235,024012,00013,14,
CHARLTON,00044325,DAVIS,MARTHA,L,,665,OHIO ST, ,HOMELAND,GA,31537,665,OHIO ST,,HOMELAND,GA,31537,A,A,,10/30/2017,10/30/2017,10/30/2017,IN PERSON,NO,NO,,NO,4H,4H,001,003,174,WAYC,00235,024012,00010,11,
CHARLTON,00044894,JOHNSON,OUIDA,,,443,CENTRAL AVE, ,HOMELAND,GA,31537-4963,443,CENTRAL AVE,,HOMELAND,GA,31537-4963,A,A,,10/27/2017,10/27/2017,10/27/2017,IN PERSON,NO,NO,,NO,4H,4H,001,003,174,WAYC,00235,024012,00011,12,
CHARLTON,00044159,CREWS,MARTHA,W,,211,OHIO ST, ,HOMELAND,GA,31537-4045,211,OHIO ST,,HOMELAND,GA,31537-4045,A,A,,10/31/2017,10/31/2017,10/31/2017,IN PERSON,NO,NO,,NO,4H,4H,001,003,174,WAYC,00235,024012,00014,15,
CHARLTON,04991675,PARKER,BARBARA,NETTLES,,111,WEST HAZEL ST, ,HOMELAND,GA,31537,111,WEST HAZEL ST,,HOMELAND,GA,31537,A,A,,10/26/2017,10/26/2017,10/26/2017,IN PERSON,NO,NO,,NO,4H,4H,001,003,174,WAYC,00235,024012,00009,10,
CHARLTON,10741194,KING,HANNAH,N,,104,BOULEVARD, ,HOMELAND,GA,31537,104,BOULEVARD,,HOMELAND,GA,31537,A,A,,10/16/2017,10/16/2017,10/16/2017,IN PERSON,NO,NO,,NO,4H,4H,001,003,174,WAYC,00235,024012,00001,2,
