County,Voter Registration #,Last Name,First Name,Middle Name,Suffix,Street #,Street Name,Apt/Unit,City,State,Zip Code,Mailing Street #,Mailing Street Name,Mailing Apt/Unit,Mailing City,Mailing State,Mailing Zip Code,Application Status,Ballot Status,Status Reason,Application Date,Ballot Issued Date,Ballot Return Date,Ballot Style,Ballot Assisted,Challenged/Provisional,Designation/Reason Issue,ID Required,Municipal Precinct,County Precinct,CNG,SEN,HOUSE	,JUD,Combo #,Vote Center ID,Ballot ID,Post #,Party
CHATHAM,10451891,ROBERTSON,ALAN,W,,4,DRIFTWOOD CT, ,TYBEE ISLAND,GA,31328,4,DRIFTWOOD CT,,TYBEE ISLAND,GA,31328-0000,A,A,,10/30/2017,10/30/2017,10/30/2017,IN PERSON,NO,NO,,NO,4-10I,4-10C,001,001,166,EAST,00421,025214,00056,82,
CHATHAM,04830257,STOLLER,LYNDA,BURCH,,510,7TH ST, ,TYBEE ISLAND,GA,31328-9697,228,THE SOUTH CHACE NE,,ATLANTA,GA,30328,A,,,10/30/2017,10/31/2017,,MAILED,NO,NO,,NO,4-11I,4-11C,001,001,166,EAST,00421,,00005,89,
CHATHAM,08382623,MATLOCK,CHERYL,ANN MCGRATH,,108,EAGLES NEST DR, ,TYBEE ISLAND,GA,31328,,PO BOX 640,,TYBEE ISLAND,GA,31328,A,A,,11/01/2017,11/01/2017,11/01/2017,IN PERSON,NO,NO,,NO,4-10I,4-10C,001,001,166,EAST,00421,025216,00013,119,
CHATHAM,01511916,GALLAHER,NANCY,V,,25,BONAVENTURE RD, ,THUNDERBOLT,GA,31404-3215,25,BONAVENTURE RD,,THUNDERBOLT,GA,31404-3215,A,A,,10/20/2017,10/20/2017,10/20/2017,IN PERSON,NO,NO,,NO,3-12T,3-12C,001,001,165,EAST,00416,025214,00017,33,
CHATHAM,01540653,EFIRD,CARRIE,LENA GASTER,,613,2ND AVE, ,TYBEE ISLAND,GA,31328-8732,,PO BOX 1989,,TYBEE ISLAND,GA,31328-0198,A,A,,11/01/2017,11/01/2017,11/01/2017,IN PERSON,NO,NO,,NO,4-11I,4-11C,001,001,166,EAST,00421,025214,00068,105,
CHATHAM,10183545,WEBSTER,DANIEL,G,,63,LAKE SHORE BLVD, ,PORT WENTWOR,GA,31407,63,LAKE SHORE BLVD,,PORT WENTWORT,GA,31407,A,A,,10/27/2017,10/27/2017,10/27/2017,IN PERSON,NO,NO,,NO,7-04W,7-04C,001,002,161,EAST,00441,025214,00043,62,
CHATHAM,07458700,ESTES,ANNICE,,,117,CEDARWOOD AVE, ,TYBEE ISLAND,GA,31328,34,WILCOX ROAD,,STONINGTON,CT,06378,A,A,,10/15/2016,10/16/2017,10/30/2017,MAILED,NO,NO,ELDERLY,NO,4-10I,4-10C,001,001,166,EAST,00421,,00003,13,
CHATHAM,01594507,CALLAHAN,LISA,LEPOFSKY,,204,EAGLES NEST DR, ,TYBEE ISLAND,GA,31328-9309,,PO BOX 612,,TYBEE ISLAND,GA,31328-0061,A,A,,10/24/2017,10/24/2017,10/24/2017,IN PERSON,NO,NO,,NO,4-10I,4-10C,001,001,166,EAST,00421,025214,00030,46,
CHATHAM,01533332,SINGLETON,BETTE,ANN,,468,MEINHARD RD, ,PORT WENTWOR,GA,31407-9764,468,MEINHARD RD,,PORT WENTWORT,GA,31407-9764,A,A,,11/02/2017,11/02/2017,11/02/2017,IN PERSON,NO,NO,,NO,7-04W,7-04C,001,002,161,EAST,00442,025214,00078,131,
CHATHAM,01589604,OUZTS,JUDY,L,,1611,2ND AVE, ,TYBEE ISLAND,GA,31328-8746,,PO BOX 1663,,TYBEE ISLAND,GA,31328-0166,A,A,,11/02/2017,11/02/2017,11/02/2017,IN PERSON,NO,NO,,NO,4-11I,4-11C,001,001,166,EAST,00421,025216,00020,134,
CHATHAM,08382621,MATLOCK,CHARLES,MOORE,JR,108,EAGLES NEST DR, ,TYBEE ISLAND,GA,31328,,PO BOX 640,,TYBEE ISLAND,GA,31328,A,A,,11/01/2017,11/01/2017,11/01/2017,IN PERSON,NO,NO,,NO,4-10I,4-10C,001,001,166,EAST,00421,025216,00014,120,
CHATHAM,03422796,HODGES,KATHLEEN,ELLEN,,3005,RIVER DR,UNIT 512,THUNDERBOLT,GA,31404,3005,RIVER DR,UNIT 512,THUNDERBOLT,GA,31404,A,A,,10/23/2017,10/23/2017,10/23/2017,IN PERSON,NO,NO,,NO,3-12T,3-12C,001,001,165,EAST,00416,025214,00025,41,
CHATHAM,02327466,RANDALL,LOLA,EVALYN,,10,6TH AVE, ,TYBEE ISLAND,GA,31328-9792,,PO BOX 1290,,TYBEE ISLAND,GA,31328-0129,A,A,,10/31/2017,10/31/2017,10/31/2017,IN PERSON,NO,NO,,NO,4-10I,4-10C,001,001,166,EAST,00421,025214,00061,94,
CHATHAM,01532161,DELOACH,CATHERINE,SMITH,,412,PHILLIPS AVE, ,PORT WENTWOR,GA,31407,412,PHILLIPS AVE,,PORT WENTWORT,GA,31407,A,A,,10/23/2017,10/23/2017,10/23/2017,IN PERSON,NO,NO,,NO,7-03W,7-03C,001,002,161,EAST,00443,025214,00019,35,
CHATHAM,01589444,LOWE,MICHAEL,J,,1509,2ND AVE, ,TYBEE ISLAND,GA,31328-9611,,PO BOX 124,,TYBEE ISLAND,GA,31328-0012,A,A,,11/03/2017,11/03/2017,11/03/2017,IN PERSON,NO,NO,,NO,4-11I,4-11C,001,001,166,EAST,00421,025215,00010,142,
CHATHAM,08544112,BARBEE,THOMAS,RAY,,92,NOBLE JONES CT, ,PORT WENTWOR,GA,31407,92,NOBLE JONES CT,,PORT WENTWORT,GA,31407,A,A,,10/16/2017,10/16/2017,10/16/2017,IN PERSON,NO,NO,,NO,7-04W,7-04C,001,002,161,EAST,00440,025214,00003,3,
CHATHAM,10039640,HUDSON,THOMAS,CHRISTOPHER,,104,ROSEBERRY CIR, ,PORT WENTWOR,GA,31407,104,ROSEBERRY CIR,,PORT WENTWORT,GA,31407,A,A,,10/20/2017,10/20/2017,10/20/2017,IN PERSON,NO,NO,,NO,7-04W,7-04C,001,002,161,EAST,00441,025214,00016,32,
CHATHAM,02450017,FOUNTAIN,ELEANOR,M,,2902,RIVER DR,A103,SAVANNAH,GA,31404-5048,2902,RIVER DR,A103,SAVANNAH,GA,31404-5048,A,R,Ballot Not Returned By Election Day,11/01/2017,11/01/2017,11/09/2017,MAILED,NO,NO,,NO,3-12T,3-12C,001,001,165,EAST,00416,,00002,113,
CHATHAM,05812597,RISSMAN,ENEDINA,MARIA,,713,JONES AVE, ,TYBEE ISLAND,GA,31328-9622,713,JONES AVE,,TYBEE ISLAND,GA,31328-9622,A,A,,10/25/2017,10/25/2017,10/25/2017,IN PERSON,NO,NO,,NO,4-11I,4-11C,001,001,166,EAST,00421,025214,00036,52,
CHATHAM,07450574,KURLANSKY,ANDREW,SCOTT,,2,NORTHSHORE DR, ,TYBEE ISLAND,GA,31328,,PO BOX 2902,,TYBEE ISLAND,GA,31328-0290,A,A,,10/23/2017,10/23/2017,10/23/2017,IN PERSON,NO,NO,,NO,4-10I,4-10C,001,001,166,EAST,00421,025214,00024,40,
CHATHAM,06104494,LINT,ROBERT,JAMES,,2395,DOWNING AVE,LOT 94,SAVANNAH,GA,31404,2395,DOWNING AVE,LOT 94,SAVANNAH,GA,31404,A,A,,11/01/2017,11/01/2017,11/01/2017,IN PERSON,NO,NO,,NO,3-12T,3-12C,001,001,165,EAST,00416,025216,00015,121,
CHATHAM,06779575,BARTON,BRUCE,EDWIN,,3219,PIERCE BLVD, ,THUNDERBOLT,GA,31404,3219,PIERCE BLVD,,THUNDERBOLT,GA,31404,A,A,,11/03/2017,11/03/2017,11/03/2017,IN PERSON,NO,NO,,NO,3-12T,3-12C,001,001,165,EAST,00416,025216,00030,154,
CHATHAM,01511746,CONNER,PAULA,P,,3224,WOODLAWN DR, ,THUNDERBOLT,GA,31404,3224,WOODLAWN DR,,THUNDERBOLT,GA,31404,A,A,,10/27/2017,10/27/2017,10/27/2017,IN PERSON,NO,NO,,NO,3-12T,3-12C,001,001,165,EAST,00416,025214,00048,67,
CHATHAM,07849130,BESS,FAERICKA,CHAWNTEL,,16,NOBLE JONES CT, ,PORT WENTWOR,GA,31407,16,NOBLE JONES CT,,PORT WENTWORT,GA,31407,A,A,,11/01/2017,11/01/2017,11/01/2017,IN PERSON,NO,NO,,NO,7-04W,7-04C,001,002,161,EAST,00440,025214,00071,111,
CHATHAM,10226359,FOLGER,DAVID,LEROY,,7,ROSEWOOD AVE, ,TYBEE ISLAND,GA,31328,,PO BOX 2509,,TYBEE ISLAND,GA,31328,A,,,10/27/2017,10/30/2017,,MAILED,NO,NO,ELDERLY,YES,4-10I,4-10C,001,001,166,EAST,00421,,00010,72,
CHATHAM,06338057,BATEMAN,ANGEL,MICHELLE,,3002,WHATLEY AVE, ,THUNDERBOLT,GA,31404,3002,WHATLEY AVE,,THUNDERBOLT,GA,31404,A,A,,10/31/2017,10/31/2017,10/31/2017,IN PERSON,NO,NO,,NO,3-12T,3-12C,001,001,165,EAST,00416,025214,00063,98,
CHATHAM,00973113,SMITH,NANCY,LEE C,,10,TERESA LN, ,TYBEE ISLAND,GA,31328-8789,406,EAST THIRD ST,,ROME,GA,30161,A,A,,10/16/2017,10/16/2017,10/26/2017,MAILED,NO,NO,ELDERLY,NO,4-10I,4-10C,001,001,166,EAST,00421,,00004,15,
CHATHAM,07384818,TAYLOR,RYAN,LANE,,7,HORSE PEN PT, ,TYBEE ISLAND,GA,31328,7,HORSE PEN PT,,TYBEE ISLAND,GA,31328,A,A,,11/01/2017,11/01/2017,11/01/2017,IN PERSON,NO,NO,,NO,4-10I,4-10C,001,001,166,EAST,00421,025215,00006,108,
CHATHAM,06583601,TRIPP,KEVIN,DES MOINES,,6,WARREN DR, ,PORT WENTWOR,GA,31407-1210,6,WARREN DR,,PORT WENTWORT,GA,31407-1210,A,A,,11/01/2017,11/01/2017,11/01/2017,IN PERSON,NO,NO,,NO,7-03W,7-03C,001,002,161,EAST,00443,025214,00067,104,
CHATHAM,08742314,KEARNEY-WILLIAMS,EMILY,KATHRYN,,1101,2ND AVE, ,TYBEE ISLAND,GA,31328-9407,1810,CIRCLEWOOD DR,,ANCHORAGE,AK,99516,A,A,,10/17/2017,10/17/2017,11/07/2017,MAILED,NO,NO,,NO,4-11I,4-11C,001,001,166,EAST,00421,,00004,17,
CHATHAM,03424255,GARBETT,CHRISTINE,M,,613,MILLER AVE, ,TYBEE ISLAND,GA,31328-9668,,PO BOX 579,,TYBEE ISLAND,GA,31328-0057,A,A,,10/26/2017,10/26/2017,10/26/2017,IN PERSON,NO,NO,,NO,4-11I,4-11C,001,001,166,EAST,00421,025214,00040,59,
CHATHAM,08913689,RIVERS,LYBRIA,CHARISE,,4,STEMSON WAY, ,PORT WENTWOR,GA,31407,4,STEMSON WAY,,PORT WENTWRTH,GA,31407-9692,A,A,,10/25/2017,10/25/2017,10/25/2017,IN PERSON,NO,NO,,NO,7-04W,7-04C,001,002,161,EAST,00442,025214,00038,56,
CHATHAM,01589603,OUZTS,FRANK,BUTLER,III,1611,2ND AVE, ,TYBEE ISLAND,GA,31328-8746,1611,2ND AVE,,TYBEE ISLAND,GA,31328-8746,A,A,,11/02/2017,11/02/2017,11/02/2017,IN PERSON,NO,NO,,NO,4-11I,4-11C,001,001,166,EAST,00421,025216,00022,136,
CHATHAM,03165876,MICKLE,TAMARA,ANN,,1108,LAUREL AVE, ,TYBEE ISLAND,GA,31328-8749,1108,LAUREL AVE,,TYBEE ISLAND,GA,31328-8749,A,A,,11/03/2017,11/03/2017,11/03/2017,IN PERSON,NO,NO,,NO,4-10I,4-10C,001,001,166,EAST,00421,025216,00028,150,
CHATHAM,01596351,SAHR,PAMELIA,M,,4,ANDERSON CT, ,TYBEE ISLAND,GA,31328,,PO BOX 89,,TYBEE ISLAND,GA,31328,A,A,,10/25/2017,10/26/2017,11/02/2017,MAILED,NO,NO,,NO,4-10I,4-10C,001,001,166,EAST,00421,,00007,55,
CHATHAM,07033112,SHEFFIELD,KYLE,PATRICK,,1309,2ND AVE, ,TYBEE ISLAND,GA,31328-9405,1309,2ND AVE,,TYBEE ISLAND,GA,31328-9405,A,A,,11/01/2017,11/01/2017,11/01/2017,IN PERSON,NO,NO,,NO,4-11I,4-11C,001,001,166,EAST,00421,025216,00016,122,
CHATHAM,01512595,TRABUE,MARTHA,LYNN,,2610,DOGWOOD AVE, ,THUNDERBOLT,GA,31404,2610,DOGWOOD AVE,,THUNDERBOLT,GA,31404,A,A,,10/27/2017,10/27/2017,10/27/2017,IN PERSON,NO,NO,,NO,3-12T,3-12C,001,001,165,EAST,00416,025214,00041,60,
CHATHAM,03364782,SAHR,JAMES,BRADFORD,,4,ANDERSON CT, ,TYBEE ISLAND,GA,31328-8799,,PO BOX 89,,TYBEE ISLAND,GA,31328-8799,A,A,,10/25/2017,10/26/2017,11/02/2017,MAILED,NO,NO,DISABLED,NO,4-10I,4-10C,001,001,166,EAST,00421,,00006,54,
CHATHAM,01555234,PENICK,KAREN,PARSONS,,1410,MILLER AVE, ,TYBEE ISLAND,GA,31328-9683,1410,MILLER AVE,,TYBEE ISLAND,GA,31328-9683,A,A,,10/16/2017,10/16/2017,10/16/2017,IN PERSON,NO,NO,,NO,4-11I,4-11C,001,001,166,EAST,00421,025214,00001,1,
CHATHAM,10427486,GONZALEZ MERCADO,JESUS,DAVID,,72,NOBLE JONES CT, ,PORT WENTWOR,GA,31407,72,NOBLE JONES CT,,PORT WENTWORT,GA,31407,A,A,,11/03/2017,11/03/2017,11/03/2017,IN PERSON,NO,NO,,NO,7-04W,7-04C,001,002,161,EAST,00440,025214,00085,152,
CHATHAM,01331301,BAKER,DAVID,BAXTER,,8,BRIGHT ST, ,TYBEE ISLAND,GA,31328-9429,,PO BOX 1971,,TYBEE ISLAND,GA,31328-0197,A,A,,10/18/2017,10/18/2017,10/18/2017,IN PERSON,NO,NO,,NO,4-10I,4-10C,001,001,166,EAST,00421,025214,00006,20,
CHATHAM,01532279,HARVEY,CLEATIS,,,832,AKIN DR, ,PORT WENTWOR,GA,31407-1802,832,AKIN DR,,PORT WENTWORT,GA,31407-1802,A,A,,11/02/2017,11/02/2017,11/02/2017,IN PERSON,NO,NO,,NO,7-03W,7-03C,001,002,161,EAST,00443,025215,00007,130,
CHATHAM,01515702,SHERMAN,MICHAEL,,,308,DOGWOOD CIR, ,PORT WENTWOR,GA,31407,308,DOGWOOD CIR,,PORT WENTWORT,GA,31407,A,A,,11/01/2017,11/01/2017,11/01/2017,IN PERSON,NO,NO,,NO,715W,715C,001,002,161,EAST,00440,025214,00073,115,
CHATHAM,03427918,WESTERMAN,BRUCE,GARREN,,5,LINTON ST, ,TYBEE ISLAND,GA,31328,,PO BOX 2811,,TYBEE ISLAND,GA,31328-0281,A,A,,10/25/2017,10/25/2017,10/25/2017,IN PERSON,NO,NO,,NO,4-10I,4-10C,001,001,166,EAST,00421,025214,00034,50,
CHATHAM,01512011,HEITMANN,AVALYN,,,3216,GILREATH DR, ,THUNDERBOLT,GA,31404,3216,GILREATH DR,,THUNDERBOLT,GA,31404,A,A,,11/01/2017,11/01/2017,11/01/2017,IN PERSON,NO,NO,,NO,3-12T,3-12C,001,001,165,EAST,00416,025216,00007,106,
CHATHAM,10630463,BUSH,ASHLEY,CARSON TAYLOR,,513,FLAT ROCK TRCE, ,PORT WENTWOR,GA,31407,513,FLAT ROCK TRCE,,PORT WENTWRTH,GA,31407-3395,A,A,,10/30/2017,10/30/2017,10/30/2017,IN PERSON,NO,NO,,NO,715W,715C,001,002,161,EAST,00440,025215,00002,85,
CHATHAM,10451892,ROBERTSON,MARLA,KIM,,4,DRIFTWOOD CT, ,TYBEE ISLAND,GA,31328,4,DRIFTWOOD CT,,TYBEE ISLAND,GA,31328-0000,A,A,,10/27/2017,10/27/2017,10/27/2017,IN PERSON,NO,NO,,NO,4-10I,4-10C,001,001,166,EAST,00421,025214,00050,69,
CHATHAM,00386806,BUREL,JOHN,CHARLES,,13,TERESA LN, ,TYBEE ISLAND,GA,31328-8789,,PO BOX 905,,TYBEE ISLAND,GA,31328-0090,A,A,,11/01/2017,11/01/2017,11/01/2017,IN PERSON,NO,NO,,NO,4-10I,4-10C,001,001,166,EAST,00421,025216,00011,117,
CHATHAM,07380616,OTAKIE,DAVID,MATTHEW,,20,PERRY RD, ,BLOOMINGDALE,GA,31302,20,PERRY RD,,BLOOMINGDALE,GA,31302,A,A,,10/16/2017,10/16/2017,10/16/2017,IN PERSON,NO,NO,,NO,7-08B,7-08C,001,001,164,EAST,00447,025214,00004,8,
CHATHAM,01503667,BRISBON,PATRICIA,ANN,,4,STEMSON WAY, ,PORT WENTWOR,GA,31407-9692,4,STEMSON WAY,,PORT WENTWORT,GA,31407-9692,A,A,,10/23/2017,10/23/2017,10/23/2017,IN PERSON,NO,NO,,NO,7-04W,7-04C,001,002,161,EAST,00442,025214,00022,38,
CHATHAM,00139353,ZALOUMES,HARRY,LEON,,710,JONES AVE, ,TYBEE ISLAND,GA,31328-9621,,PO BOX 989,,TYBEE ISLAND,GA,31328-0098,A,A,,10/24/2017,10/24/2017,10/24/2017,IN PERSON,NO,NO,,NO,4-11I,4-11C,001,001,166,EAST,00421,025214,00029,45,
CHATHAM,10541754,ROBERSON,CHARLES,,,72,OLD MILL RD, ,PORT WENTWOR,GA,31407,72,OLD MILL RD,,PORT WENTWORT,GA,31407,A,A,,10/30/2017,10/30/2017,10/30/2017,IN PERSON,NO,NO,,NO,7-04W,7-04C,001,002,161,EAST,00440,025214,00055,80,
CHATHAM,01515643,PARKER,KIM,ALVIN,,2,HERITAGE RD, ,PORT WENTWOR,GA,31407,2,HERITAGE RD,,PORT WENTWORT,GA,31407,A,A,,10/30/2017,10/30/2017,11/06/2017,MAILED,NO,NO,ELDERLY,NO,7-04W,7-04C,001,002,161,EAST,00440,,00001,84,
CHATHAM,04121080,CHERAU,CHRISTIAN,H,,114,BUTLER AVE,B,TYBEE ISLAND,GA,31328-9712,382,BALBOA DRIVE,,POINCIANA,FL,34759,A,A,,10/16/2017,10/16/2017,11/02/2017,MAILED,NO,NO,ELDERLY,NO,4-11I,4-11C,001,001,166,EAST,00421,,00001,5,
CHATHAM,01590090,YOUNG,ANDREW,J,,104,7TH ST, ,TYBEE ISLAND,GA,31328-8706,,PO BOX 2526,,TYBEE ISLAND,GA,31328-0252,A,A,,10/27/2017,10/27/2017,10/27/2017,IN PERSON,NO,NO,,NO,4-11I,4-11C,001,001,166,EAST,00421,025214,00046,65,
CHATHAM,01588198,HATCHETT,VICTORIA,D,,13,CARPENTER RD, ,TYBEE ISLAND,GA,31328,,P.O.BOX 1748,,TYBEE ISLAND,GA,31328,A,A,,11/02/2017,11/02/2017,11/02/2017,IN PERSON,NO,NO,,NO,4-10I,4-10C,001,001,166,EAST,00421,025216,00021,135,
CHATHAM,01588915,BROWN,JAMES,C,,914,JONES AVE, ,TYBEE ISLAND,GA,31328-9625,,PO BOX 554,,TYBEE ISLAND,GA,31328-0055,A,A,,10/27/2017,10/27/2017,10/27/2017,IN PERSON,NO,NO,,NO,4-11I,4-11C,001,001,166,EAST,00421,025214,00044,63,
CHATHAM,05987804,HOLLAND,EDITH,E PALAU,,3,GALLEY LN, ,PORT WENTWOR,GA,31407,3,GALLEY LN,,PORT WENTWORT,GA,31407,A,A,,10/31/2017,11/01/2017,11/06/2017,MAILED,NO,NO,DISABLED,NO,7-04W,7-04C,001,002,161,EAST,00442,,00002,99,
CHATHAM,01508859,TRIPP,TANISHA,DANIELLE W,,6,WARREN DR, ,PORT WENTWOR,GA,31407-1210,6,WARREN DR,,PORT WENTWORT,GA,31407-1210,A,A,,11/01/2017,11/01/2017,11/01/2017,IN PERSON,NO,NO,,NO,7-03W,7-03C,001,002,161,EAST,00443,025214,00066,103,
CHATHAM,06485163,HEMPHILL,WILSON,WOOD,JR,5,FORT AVE,B,TYBEE ISLAND,GA,31328,,PO BOX 674,,TYBEE ISLAND,GA,31328-0067,A,A,,11/03/2017,11/03/2017,11/03/2017,IN PERSON,NO,NO,,NO,4-10I,4-10C,001,001,166,EAST,00421,025214,00088,156,
CHATHAM,02909591,URVANT,FREDERICK,I,,1502,6TH AVE, ,TYBEE ISLAND,GA,31328-6219,1502,6TH AVE,,TYBEE ISLAND,GA,31328-6219,A,A,,11/03/2017,11/03/2017,11/03/2017,IN PERSON,NO,NO,,NO,4-11I,4-11C,001,001,166,EAST,00421,025216,00025,147,
CHATHAM,01479633,BROOK,E,C,,2,ATLANTIC AVE, ,TYBEE ISLAND,GA,31328,,P.O. BOX317,,TYBEE ISLAND,GA,31328,A,A,,10/25/2017,10/25/2017,10/25/2017,IN PERSON,NO,NO,,NO,4-11I,4-11C,001,001,166,EAST,00421,025214,00037,53,
CHATHAM,07445535,BENTSEN,CLIFFORD,,,117,CEDARWOOD AVE, ,TYBEE ISLAND,GA,31328,34,WILCOX ROAD,,STONINGTON,CT,06378,A,A,,10/15/2016,10/16/2017,10/30/2017,MAILED,NO,NO,ELDERLY,NO,4-10I,4-10C,001,001,166,EAST,00421,,00002,12,
CHATHAM,06477785,ADAMS,JAMES,RULON,,4,KINGRY ST, ,TYBEE ISLAND,GA,31328,,PO BOX 2509,,TYBEE ISLAND,GA,31328,A,,,10/27/2017,10/30/2017,,MAILED,NO,NO,DISABLED,NO,4-10I,4-10C,001,001,166,EAST,00421,,00009,71,
CHATHAM,01511915,GALLAHER,MAURY,CLYDE,III,25,BONAVENTURE RD, ,THUNDERBOLT,GA,31404-3215,25,BONAVENTURE RD,,THUNDERBOLT,GA,31404-3215,A,A,,10/20/2017,10/20/2017,10/20/2017,IN PERSON,NO,NO,,NO,3-12T,3-12C,001,001,165,EAST,00416,025214,00012,28,
CHATHAM,01536716,DRESCHER,VINCENT,P,JR,14,DRESCHER RD, ,BLOOMINGDALE,GA,31302-8909,14,DRESCHER RD,,BLOOMINGDALE,GA,31302-8909,A,A,,11/01/2017,11/01/2017,11/01/2017,IN PERSON,NO,NO,,NO,7-08B,7-08C,001,001,164,EAST,00447,025215,00005,102,
CHATHAM,01069405,PHILLIPS,ALTON,JEROME,,11,PARKSIDE BLVD, ,PORT WENTWOR,GA,31407-3343,11,PARKSIDE BLVD,,PORT WENTWORT,GA,31407-3343,A,A,,10/19/2017,10/19/2017,10/19/2017,IN PERSON,NO,NO,,NO,715W,715C,001,002,161,EAST,00440,025214,00011,27,
CHATHAM,01533044,JOHNSON,WILLIE,JAMES,,250,MONTEITH RD, ,PORT WENTWOR,GA,31407-9774,250,MONTEITH RD,,PORT WENTWORT,GA,31407-9774,A,A,,10/16/2017,10/16/2017,11/06/2017,MAILED,NO,NO,DISABLED,NO,7-04W,7-04C,001,002,161,EAST,00442,,00001,7,
CHATHAM,01533273,ROBERTS,MICHELLE,SHARAINE,,101,ROBERTS RD, ,PORT WENTWOR,GA,31407-8700,,PO BOX 7056,,SAVANNAH,GA,31418-0705,A,A,,11/02/2017,11/02/2017,11/02/2017,IN PERSON,NO,NO,,NO,7-04W,7-04C,001,002,161,EAST,00440,025215,00008,132,
CHATHAM,01506415,FRANKLIN,ROSETTA,S,,409,S COASTAL HWY, ,PORT WENTWOR,GA,31407-2201,409,S COASTAL HWY,,PORT WENTWORT,GA,31407-2201,A,A,,10/30/2017,10/30/2017,10/30/2017,IN PERSON,NO,NO,,NO,7-03W,7-03C,001,002,161,EAST,00443,025215,00001,75,
CHATHAM,01573907,REARDON,WILLIAM,ANTHONY,,8,CENTER PL, ,TYBEE ISLAND,GA,31328,8,CENTER PL,,TYBEE ISLAND,GA,31328,A,A,,10/18/2017,10/18/2017,10/18/2017,IN PERSON,NO,NO,,NO,4-11I,4-11C,001,001,166,EAST,00421,025214,00007,21,
CHATHAM,01533104,LIVELY,SADIE,,,111,CHISWICK ST, ,PORT WENTWOR,GA,31407,111,CHISWICK ST,,PORT WENTWORT,GA,31407,A,A,,10/16/2017,10/17/2017,11/06/2017,MAILED,NO,NO,DISABLED,NO,7-03W,7-03C,001,002,161,EAST,00443,,00002,16,
CHATHAM,01583393,DAVIS,DOWNER,K,JR,901,JONES AVE, ,TYBEE ISLAND,GA,31328-9626,901,JONES AVE,,TYBEE ISLAND,GA,31328-9626,A,A,,10/27/2017,10/27/2017,10/27/2017,IN PERSON,NO,NO,,NO,4-11I,4-11C,001,001,166,EAST,00421,025214,00052,74,
CHATHAM,01581307,BRIDGES,RENEE,GOODMAN,,1001,BUTLER AVE, ,TYBEE ISLAND,GA,31328-9731,214,HILLARY RD,,SAVANNAH,GA,31410-0230,A,A,,10/27/2017,10/27/2017,10/27/2017,IN PERSON,NO,NO,,NO,4-11I,4-11C,001,001,166,EAST,00421,025214,00047,66,
CHATHAM,07261299,BESS,FAYE,CHERYL,,16,NOBLE JONES CT, ,PORT WENTWOR,GA,31407,16,NOBLE JONES CT,,PORT WENTWORT,GA,31407,A,A,,11/01/2017,11/01/2017,11/01/2017,IN PERSON,NO,NO,,NO,7-04W,7-04C,001,002,161,EAST,00440,025214,00070,110,
CHATHAM,01556888,FEILER,JANE,A,,4,9TH ST, ,TYBEE ISLAND,GA,31328-8722,120,HABERSHAM ST,,SAVANNAH,GA,31401,A,,,11/02/2017,11/03/2017,,MAILED,NO,NO,ELDERLY,NO,4-11I,4-11C,001,001,166,EAST,00421,,00006,137,
CHATHAM,01689227,DAVIS,LAUREN,KELLY,,1003,LOVELL AVE, ,TYBEE ISLAND,GA,31328,1003,LOVELL AVE,,TYBEE ISLAND,GA,31328-9535,A,A,,10/30/2017,10/30/2017,10/30/2017,IN PERSON,NO,NO,,NO,4-11I,4-11C,001,001,166,EAST,00421,025216,00002,77,
CHATHAM,01588473,PAPPAS,MARIANNE,M,,5,WILSON DR, ,TYBEE ISLAND,GA,31328-9422,,PO BOX 917,,TYBEE ISLAND,GA,31328-0091,A,A,,11/03/2017,11/03/2017,11/03/2017,IN PERSON,NO,NO,,NO,4-10I,4-10C,001,001,166,EAST,00421,025216,00027,149,
CHATHAM,01508108,BROOKS,VICTORIA,A,,212,CLIFTON DR, ,PORT WENTWOR,GA,31407-1902,212,CLIFTON DR,,PORT WENTWORT,GA,31407-1902,A,A,,01/19/2016,10/16/2017,10/23/2017,MAILED,NO,NO,ELDERLY,NO,7-03W,7-03C,001,002,161,EAST,00443,,00001,9,
CHATHAM,10541726,ROBERSON,RUBY,HARDY,,72,OLD MILL RD, ,PORT WENTWOR,GA,31407,72,OLD MILL RD,,PORT WENTWORT,GA,31407,A,A,,10/30/2017,10/30/2017,10/30/2017,IN PERSON,NO,NO,,NO,7-04W,7-04C,001,002,161,EAST,00440,025214,00053,78,
CHATHAM,01532162,DELOACH,DON,A,,412,PHILLIPS AVE, ,PORT WENTWOR,GA,31407,412,PHILLIPS AVE,,PORT WENTWORT,GA,31407,A,A,,10/23/2017,10/23/2017,10/23/2017,IN PERSON,NO,NO,,NO,7-03W,7-03C,001,002,161,EAST,00443,025214,00018,34,
CHATHAM,01574749,HODGES,PRESTON,ELWOOD,JR,3005,RIVER DR,UNIT 512,THUNDERBOLT,GA,31404,3005,RIVER DR,UNIT 512,THUNDERBOLT,GA,31404,A,A,,10/23/2017,10/23/2017,10/23/2017,IN PERSON,NO,NO,,NO,3-12T,3-12C,001,001,165,EAST,00416,025214,00026,42,
CHATHAM,10385939,ROGERS,MARY,JANE,,313,LAUREL OAK LN, ,SAVANNAH,GA,31404,313,LAUREL OAK LN,,SAVANNAH,GA,31404,A,A,,11/01/2017,11/01/2017,11/01/2017,IN PERSON,NO,NO,,NO,3-12T,3-12C,001,001,165,EAST,00416,025216,00009,114,
CHATHAM,05776477,CANNON,WILLIAM,OLIN,JR,10,6TH AVE, ,TYBEE ISLAND,GA,31328-9792,,PO BOX 1290,,TYBEE ISLAND,GA,31328-0129,A,A,,10/31/2017,10/31/2017,10/31/2017,IN PERSON,NO,NO,,NO,4-10I,4-10C,001,001,166,EAST,00421,025214,00060,93,
CHATHAM,10620910,RAFALOWSKI,RAYMOND,VICTOR,,129,MOONLIGHT TRL, ,PORT WENTWOR,GA,31407,129,MOONLIGHT TRL,,PORT WENTWORT,GA,31407,A,A,,10/16/2017,10/16/2017,10/23/2017,MAILED,NO,NO,,NO,715W,715C,001,002,161,EAST,00440,,00001,10,
CHATHAM,04061088,WRIGHT,SHIRLEY,M,,14,RICE CREEK RD, ,PORT WENTWOR,GA,31407,14,RICE CREEK RD,,PORT WENTWORT,GA,31407,A,A,,11/01/2017,11/01/2017,11/01/2017,IN PERSON,NO,NO,,NO,7-04W,7-04C,001,002,161,EAST,00440,025214,00069,109,
CHATHAM,02509872,OLSON,JENNIFER,ANN,,160,LEWIS AVE, ,TYBEE ISLAND,GA,31328,160,LEWIS AVE,,TYBEE ISLAND,GA,31328,A,A,,10/30/2017,10/30/2017,10/30/2017,IN PERSON,NO,NO,,NO,4-11I,4-11C,001,001,166,EAST,00421,025216,00004,90,
CHATHAM,05987811,HOLLAND,JOHN,FREDERICK,,3,GALLEY LN, ,PORT WENTWOR,GA,31407,3,GALLEY LN,,PORT WENTWORT,GA,31407,A,A,,10/31/2017,10/31/2017,10/31/2017,IN PERSON,NO,NO,,NO,7-04W,7-04C,001,002,161,EAST,00442,025215,00004,95,
CHATHAM,00370804,KELLY,COLLEEN,CAROL,,701,JONES AVE, ,TYBEE ISLAND,GA,31328,,PO BOX 193,,TYBEE ISLAND,GA,31328,A,A,,10/30/2017,10/30/2017,10/30/2017,IN PERSON,NO,NO,,NO,4-11I,4-11C,001,001,166,EAST,00421,025216,00001,76,
CHATHAM,11289705,MARTSCHINSKE,KEVIN,CHARLES,,52,BURNT OAK RD, ,SAVANNAH,GA,31407,52,BURNT OAK RD,,SAVANNAH,GA,31407,A,A,,11/02/2017,11/02/2017,11/02/2017,IN PERSON,NO,NO,,NO,7-04W,7-04C,001,002,161,EAST,00440,025214,00079,134,
CHATHAM,01526331,HARVEY,BRIAN,TREMAYNE,,43,CORDAGE CIR, ,PORT WENTWOR,GA,31407,43,CORDAGE CIR,,PORT WENTWORT,GA,31407,A,A,,10/30/2017,10/30/2017,10/30/2017,IN PERSON,NO,NO,,NO,7-04W,7-04C,001,002,161,EAST,00442,025214,00054,79,
CHATHAM,08916287,JONES,LUCY,M,,3109,FENNEL ST, ,SAVANNAH,GA,31404-3227,,4110 PRINCETON ,,PRINCETON,NJ,08540,A,,,10/30/2017,10/30/2017,,MAILED,NO,NO,,NO,3-12T,3-12C,001,001,165,EAST,00416,,00001,83,
CHATHAM,01536419,BAXTER,DENNIS,G,,501,CHERRY ST, ,BLOOMINGDALE,GA,31302,501,CHERRY ST,,BLOOMINGDALE,GA,31302,A,A,,10/19/2017,10/19/2017,10/27/2017,MAILED,NO,NO,,NO,7-08B,7-08C,001,001,164,EAST,00447,,00002,24,
CHATHAM,01588913,BROWN,CAROL,ELIZABETH,,1101,LOVELL AVE, ,TYBEE ISLAND,GA,31328,,PO BOX 554,,TYBEE ISLAND,GA,31328-0055,A,A,,10/27/2017,10/27/2017,10/27/2017,IN PERSON,NO,NO,,NO,4-11I,4-11C,001,001,166,EAST,00421,025214,00045,64,
CHATHAM,08915845,GREENE,MARY,BRYAN,,26,NOBLE JONES CT, ,PORT WENTWOR,GA,31407-6025,26,NOBLE JONES CT,,PORT WENTWORT,GA,31407-6025,A,A,,10/24/2017,10/24/2017,10/24/2017,IN PERSON,NO,NO,,NO,7-04W,7-04C,001,002,161,EAST,00440,025214,00028,44,
CHATHAM,01589651,PHILLIPS,ROBERT,P,III,18,10TH ST, ,TYBEE ISLAND,GA,31328,,PO BOX 1,,TYBEE ISLAND,GA,31328,A,A,,11/01/2017,11/01/2017,11/01/2017,IN PERSON,NO,NO,,NO,4-11I,4-11C,001,001,166,EAST,00421,025216,00012,118,
CHATHAM,01512014,HEITMANN,WILLIAM,F,JR,3216,GILREATH DR, ,THUNDERBOLT,GA,31404,3216,GILREATH DR,,THUNDERBOLT,GA,31404,A,A,,11/01/2017,11/01/2017,11/01/2017,IN PERSON,NO,NO,,NO,3-12T,3-12C,001,001,165,EAST,00416,025216,00008,107,
CHATHAM,08108121,BODISON,VANESSA,,,77,VAN HORNE AVE, ,TYBEE ISLAND,GA,31328-9726,,PO BOX 2509,,TYBEE ISLAND,GA,31328,A,,,10/27/2017,10/30/2017,,MAILED,NO,NO,DISABLED,NO,4-10I,4-10C,001,001,166,EAST,00421,,00008,70,
CHATHAM,02197986,MOORE,MARY,LYNN,,32,ALLEN BROOK DR, ,PORT WENTWOR,GA,31407,32,ALLEN BROOK DR,,PORT WENTWORT,GA,31407,A,A,,11/03/2017,11/03/2017,11/03/2017,IN PERSON,NO,NO,,NO,7-04W,7-04C,001,002,161,EAST,00441,025214,00087,155,
CHATHAM,01503663,BRISBON-RIVERS,BARBARA,ANN,,4,STEMSON WAY, ,PORT WENTWOR,GA,31407-9692,4,STEMSON WAY,,PORT WENTWORT,GA,31407-9692,A,A,,10/18/2017,10/18/2017,10/18/2017,IN PERSON,NO,NO,,NO,7-04W,7-04C,001,002,161,EAST,00442,025214,00008,22,
CHATHAM,01536216,TAYLOR,JENNI,T,,7,HORSE PEN PT, ,TYBEE ISLAND,GA,31328-9304,7,HORSE PEN PT,,TYBEE ISLAND,GA,31328-9304,A,A,,10/30/2017,10/30/2017,10/30/2017,IN PERSON,NO,NO,,NO,4-10I,4-10C,001,001,166,EAST,00421,025216,00003,81,
CHATHAM,10037111,DYAL,SHARILYN,KAYE,,20,NOBLE JONES CT, ,PORT WENTWOR,GA,31407,20,NOBLE JONES CT,,PORT WENTWORT,GA,31407,A,A,,10/19/2017,10/19/2017,10/19/2017,IN PERSON,NO,NO,,NO,7-04W,7-04C,001,002,161,EAST,00440,025214,00009,25,
CHATHAM,08126146,MADDOX,JAMES,EARL,,301,E CREGOR ST, ,BLOOMINGDALE,GA,31302-8901,301,E CREGOR ST,,BLOOMINGDALE,GA,31302-8901,A,A,,11/03/2017,11/03/2017,11/03/2017,IN PERSON,NO,NO,,NO,7-08B,7-08C,001,001,164,EAST,00447,025215,00011,146,
CHATHAM,10849254,COLLINS,EDWARD,MATTHEW,JR,1217,BAY ST,UNIT # 105C,TYBEE ISLAND,GA,31328,,PO BOX 2596,,TYBEE ISLAND,GA,31328,A,A,,10/17/2017,10/17/2017,11/06/2017,MAILED,NO,NO,ELDERLY,NO,4-10I,4-10C,001,001,166,EAST,00421,,00005,18,
CHATHAM,01504597,RHODES,HATTIE,RENEE,,62,NOBLE JONES CT, ,PORT WENTWOR,GA,31407,62,NOBLE JONES CT,,PORT WENTWORT,GA,31407,A,A,,11/01/2017,11/01/2017,11/01/2017,IN PERSON,NO,NO,,NO,7-04W,7-04C,001,002,161,EAST,00440,025214,00065,101,
CHATHAM,04070031,CHERAU,MARCELLE,VOGEL,,114,BUTLER AVE,B,TYBEE ISLAND,GA,31328-9712,382,BALBOA DRIVE,,POINCIANA,FL,34759,A,A,,10/16/2017,10/16/2017,11/02/2017,MAILED,NO,NO,ELDERLY,NO,4-11I,4-11C,001,001,166,EAST,00421,,00002,6,
CHATHAM,01536420,BAXTER,LINDA,I,,501,CHERRY ST, ,BLOOMINGDALE,GA,31302,501,CHERRY ST,,BLOOMINGDALE,GA,31302,A,A,,10/19/2017,10/19/2017,10/27/2017,MAILED,NO,NO,,NO,7-08B,7-08C,001,001,164,EAST,00447,,00001,23,
CHATHAM,06156441,BATEMAN,FRANCIS,ANDREW,,3002,WHATLEY AVE, ,THUNDERBOLT,GA,31404,3002,WHATLEY AVE,,THUNDERBOLT,GA,31404,A,A,,10/31/2017,10/31/2017,10/31/2017,IN PERSON,NO,NO,,NO,3-12T,3-12C,001,001,165,EAST,00416,025214,00062,97,
CHATHAM,08915843,GREENE,SIDNEY,,,26,NOBLE JONES CT, ,PORT WENTWOR,GA,31407,26,NOBLE JONES CT,,PORT WENTWRTH,GA,31407-6025,A,A,,10/24/2017,10/24/2017,10/24/2017,IN PERSON,NO,NO,,NO,7-04W,7-04C,001,002,161,EAST,00440,025214,00027,43,
CHATHAM,01546594,JOHNSON,JANICE,M,,14,MILLER POND RD, ,PORT WENTWOR,GA,31407-6043,14,MILLER POND RD,,PRT WENTWORT,GA,31407-6043,A,A,,10/30/2017,10/30/2017,10/30/2017,IN PERSON,NO,NO,,NO,7-04W,7-04C,001,002,161,EAST,00440,025214,00057,87,
CHATHAM,02555594,ALEXANDER,LINDA,C,,12,HORSE PEN PT, ,TYBEE ISLAND,GA,31328-9304,12,HORSE PEN PT,,TYBEE ISLAND,GA,31328-9304,A,A,,10/20/2017,10/20/2017,10/20/2017,IN PERSON,NO,NO,,NO,4-10I,4-10C,001,001,166,EAST,00421,025214,00014,30,
CHATHAM,11353556,BOWDREY-BESS,RODERICK,CAIN,,16,NOBLE JONES CT, ,PORT WENTWOR,GA,31407,16,NOBLE JONES CT,,PORT WENTWORT,GA,31407,A,A,,11/01/2017,11/01/2017,11/01/2017,IN PERSON,NO,NO,,NO,7-04W,7-04C,001,002,161,EAST,00440,025214,00072,112,
CHATHAM,01506716,PHILLIPS,SHEILA,S,,18,10TH ST, ,TYBEE ISLAND,GA,31328-8807,,PO BOX 1,,TYBEE ISLAND,GA,31328,A,A,,11/02/2017,11/02/2017,11/02/2017,IN PERSON,NO,NO,,NO,4-11I,4-11C,001,001,166,EAST,00421,025216,00018,126,
CHATHAM,03802120,ROSENBERG,ELLEN,DEBORAH,,4,VILLAGE PL,UNIT B,TYBEE ISLAND,GA,31328-9652,4,VILLAGE PL,UNIT B,TYBEE ISLAND,GA,31328-9652,A,A,,10/30/2017,10/30/2017,10/30/2017,IN PERSON,NO,NO,,NO,4-11I,4-11C,001,001,166,EAST,00421,025214,00058,88,
CHATHAM,08928728,HUNTER,JO ANN,ELLEN,,3,FLEETWOOD CT, ,TYBEE ISLAND,GA,31328,3,FLEETWOOD CT,,TYBEE ISLAND,GA,31328,A,A,,10/27/2017,10/27/2017,10/27/2017,IN PERSON,NO,NO,,NO,4-10I,4-10C,001,001,166,EAST,00421,025214,00051,73,
CHATHAM,01588337,LOOPER,KATHERINE,R,,14,VAN HORNE AVE, ,TYBEE ISLAND,GA,31328,14,VAN HORNE AVE,,TYBEE ISLAND,GA,31328,A,A,,10/16/2017,10/16/2017,10/26/2017,MAILED,NO,NO,ELDERLY,NO,4-10I,4-10C,001,001,166,EAST,00421,,00001,4,
CHATHAM,10590840,STININGER,LAURA,ELLEN,,55,LAKE SHORE BLVD, ,PORT WENTWOR,GA,31407,55,LAKE SHORE BLVD,,PORT WENTWRTH,GA,31407-3612,A,A,,10/26/2017,10/26/2017,11/03/2017,MAILED,NO,NO,,NO,7-04W,7-04C,001,002,161,EAST,00441,,00001,57,
CHATHAM,10540487,GRAVES,ANTHONY,NATHENIEL,,42,HASTY POINT RD, ,PORT WENTWOR,GA,31407,42,HASTY POINT RD,,PORT WENTWRTH,GA,31407-6070,A,A,,10/31/2017,10/31/2017,10/31/2017,IN PERSON,NO,NO,,NO,7-04W,7-04C,001,002,161,EAST,00440,025214,00064,100,
CHATHAM,10257904,ROBERTS-SMITH,LOUKISHA,MONIQUE,,15,HERITAGE RD, ,PORT WENTWOR,GA,31407,15,HERITAGE RD,,PORT WENTWORT,GA,31407,A,A,,10/23/2017,10/23/2017,10/23/2017,IN PERSON,NO,NO,,NO,7-04W,7-04C,001,002,161,EAST,00440,025214,00023,39,
CHATHAM,01000033,BRETZ,NOEL,MARIE,,911,MILLER AVE, ,TYBEE ISLAND,GA,31328,911,MILLER AVE,,TYBEE ISLAND,GA,31328,A,A,,11/03/2017,11/03/2017,11/03/2017,IN PERSON,NO,NO,,NO,4-11I,4-11C,001,001,166,EAST,00421,025216,00023,143,
CHATHAM,05393262,MASINGILL,VIRGINIA,PRICE,,1311,LOVELL AVE, ,TYBEE ISLAND,GA,31328,,P.O. BOX 263,,TYBEE ISLAND,GA,31328,A,A,,11/01/2017,11/01/2017,11/01/2017,IN PERSON,NO,NO,,NO,4-11I,4-11C,001,001,166,EAST,00421,025216,00017,123,
CHATHAM,02754653,MATTINGLY,JOHN,DAVID,,4,BRIGHTWATER DR, ,THUNDERBOLT,GA,31410-3301,4,BRIGHTWATER DR,,THUNDERBOLT,GA,31410-3301,A,A,,10/23/2017,10/23/2017,10/23/2017,IN PERSON,NO,NO,,NO,3-12T,3-12C,001,001,165,EAST,00416,025214,00020,36,
CHATHAM,00088258,WILL,JANET,KATHRYN,,817,1ST ST,E-2,TYBEE ISLAND,GA,31328,,PO BOX 272,,TYBEE ISLAND,GA,31328,A,A,,10/26/2017,10/26/2017,10/26/2017,IN PERSON,NO,NO,,NO,4-11I,4-11C,001,001,166,EAST,00421,025214,00039,58,
CHATHAM,02050996,MOORE,VIRGIL,E,JR,604,15TH ST, ,TYBEE ISLAND,GA,31328-8759,604,15TH ST,,TYBEE ISLAND,GA,31328-8759,A,A,,11/03/2017,11/03/2017,11/03/2017,IN PERSON,NO,NO,,NO,4-11I,4-11C,001,001,166,EAST,00421,025216,00024,145,
CHATHAM,04621620,BISHOP,BONNIE,LEWIS,,107,18TH ST, ,TYBEE ISLAND,GA,31328,,PO BOX 1020,,TYBEE ISLAND,GA,31328-0102,A,A,,11/02/2017,11/02/2017,11/02/2017,IN PERSON,NO,NO,,NO,4-11I,4-11C,001,001,166,EAST,00421,025214,00074,124,
CHATHAM,03780093,BEADLES,LAJUANA,A,,15,FITZWATER RD, ,PORT WENTWOR,GA,31407,15,FITZWATER RD,,PORT WENTWORT,GA,31407,A,A,,11/03/2017,11/03/2017,11/03/2017,IN PERSON,NO,NO,,NO,7-04W,7-04C,001,002,161,EAST,00440,025214,00082,140,
CHATHAM,07349640,HUDSON,LENORA,JOHNSON,,104,ROSEBERRY CIR, ,PORT WENTWOR,GA,31407-5613,,PO BOX 18028,,GARDEN CITY,GA,31418-0002,A,A,,10/20/2017,10/20/2017,10/20/2017,IN PERSON,NO,NO,,NO,7-04W,7-04C,001,002,161,EAST,00441,025214,00015,31,
CHATHAM,02506197,ALEXANDER,JAMES,H,,12,HORSE PEN PT, ,TYBEE ISLAND,GA,31328,12,HORSE PEN PT,,TYBEE ISLAND,GA,31328,A,A,,10/20/2017,10/20/2017,10/20/2017,IN PERSON,NO,NO,,NO,4-10I,4-10C,001,001,166,EAST,00421,025214,00013,29,
CHATHAM,02703961,OCALLAGHAN,WILLIAM,JOHN,,160,LEWIS AVE, ,TYBEE ISLAND,GA,31328,,PO BOX 2293,,TYBEE ISLAND,GA,31328,A,A,,10/30/2017,10/30/2017,10/30/2017,IN PERSON,NO,NO,,NO,4-11I,4-11C,001,001,166,EAST,00421,025216,00005,91,
CHATHAM,03018720,MICKLE,DAVID,ALLEN,,1108,LAUREL AVE, ,TYBEE ISLAND,GA,31328-8749,1108,LAUREL AVE,,TYBEE ISLAND,GA,31328-8749,A,A,,11/03/2017,11/03/2017,11/03/2017,IN PERSON,NO,NO,,NO,4-10I,4-10C,001,001,166,EAST,00421,025216,00029,151,
CHATHAM,02763700,URVANT,MALINDA,H,,1502,6TH AVE, ,TYBEE ISLAND,GA,31328-8771,,PO BOX 1233,,TYBEE ISLAND,GA,31328-0123,A,A,,11/03/2017,11/03/2017,11/03/2017,IN PERSON,NO,NO,,NO,4-11I,4-11C,001,001,166,EAST,00421,025216,00026,148,
CHATHAM,01588584,SEYDEN,SUE,ANN,,1013,BAY ST, ,TYBEE ISLAND,GA,31328,,P.O.BOX 2056,,TYBEE ISLAND,GA,31328,A,A,,10/31/2017,10/31/2017,10/31/2017,IN PERSON,NO,NO,,NO,4-10I,4-10C,001,001,166,EAST,00421,025214,00059,92,
CHATHAM,01511803,DELORME,MARGARET,COX,,5,LAKEWOOD DR, ,THUNDERBOLT,GA,31410-3302,5,LAKEWOOD DR,,THUNDERBOLT,GA,31410-3302,A,A,,11/02/2017,11/02/2017,11/02/2017,IN PERSON,NO,NO,,NO,3-12T,3-12C,001,001,165,EAST,00416,025214,00076,127,
CHATHAM,01501291,FRICKS,WILLIAM,R,JR,1,CEDARWOOD AVE, ,TYBEE ISLAND,GA,31328-9776,,PO BOX 591,,TYBEE ISLAND,GA,31328-0059,A,A,,10/23/2017,10/23/2017,10/23/2017,IN PERSON,NO,NO,,NO,4-10I,4-10C,001,001,166,EAST,00421,025214,00021,37,
CHATHAM,10183542,WEBSTER,DONNA,JEAN,,63,LAKE SHORE BLVD, ,PORT WENTWOR,GA,31407,63,LAKE SHORE BLVD,,PORT WENTWORT,GA,31407,A,A,,10/27/2017,10/27/2017,10/27/2017,IN PERSON,NO,NO,,NO,7-04W,7-04C,001,002,161,EAST,00441,025214,00042,61,
CHATHAM,01532528,SAPP,SARA,ELLEN,,414,PHILLIPS AVE, ,PORT WENTWOR,GA,31407,414,PHILLIPS AVE,,PORT WENTWORT,GA,31407,A,A,,10/30/2017,10/30/2017,10/30/2017,IN PERSON,NO,NO,,NO,7-03W,7-03C,001,002,161,EAST,00443,025215,00003,86,
CHATHAM,10726283,SWAIN,NANCY,,,405,JONES AVE, ,TYBEE ISLAND,GA,31328,405,JONES AVE,,TYBEE ISLAND,GA,31328-9616,A,A,,10/31/2017,10/31/2017,10/31/2017,IN PERSON,NO,NO,,NO,4-11I,4-11C,001,001,166,EAST,00421,025216,00006,96,
CHATHAM,01503665,BRISBON,LASHAWN,F,,10,HERITAGE RD, ,PORT WENTWOR,GA,31407,10,HERITAGE RD,,PORT WENTWORT,GA,31407,A,A,,11/03/2017,11/03/2017,11/03/2017,IN PERSON,NO,NO,,NO,7-04W,7-04C,001,002,161,EAST,00440,025214,00086,153,
CHATHAM,08408123,WORTHY,TORRENCE,ALLEN,,34,RICE CREEK RD, ,PORT WENTWOR,GA,31407-6021,34,RICE CREEK RD,,PORT WENTWORT,GA,31407-6021,A,A,,11/03/2017,11/03/2017,11/03/2017,IN PERSON,NO,NO,,NO,7-04W,7-04C,001,002,161,EAST,00440,025214,00084,144,
CHATHAM,05378059,DYAL,ALEX,JASPER,,20,NOBLE JONES CT, ,PORT WENTWOR,GA,31407,20,NOBLE JONES CT,,PORT WENTWORT,GA,31407,A,A,,10/19/2017,10/19/2017,10/19/2017,IN PERSON,NO,NO,,NO,7-04W,7-04C,001,002,161,EAST,00440,025214,00010,26,
CHATHAM,02022913,LEE,VIVIAN ANNE,HOPPER,,6,LOGAN ST, ,TYBEE ISLAND,GA,31328,1474,STEPHENS DR. NE,,ATLANTA,GA,30329,A,A,,11/02/2017,11/02/2017,11/02/2017,IN PERSON,NO,NO,,NO,4-10I,4-10C,001,001,166,EAST,00421,025216,00019,128,
CHATHAM,01511745,CONNER,MICHAEL,N,,3224,WOODLAWN DR, ,THUNDERBOLT,GA,31404,3224,WOODLAWN DR,,THUNDERBOLT,GA,31404,A,A,,10/27/2017,10/27/2017,10/27/2017,IN PERSON,NO,NO,,NO,3-12T,3-12C,001,001,165,EAST,00416,025214,00049,68,
CHATHAM,04808000,BISHOP,DEMERY,RONALD,,107,18TH ST, ,TYBEE ISLAND,GA,31328,,PO BOX 1020,,TYBEE ISLAND,GA,31328-0102,A,A,,11/03/2017,11/03/2017,11/03/2017,IN PERSON,NO,NO,,NO,4-11I,4-11C,001,001,166,EAST,00421,025214,00081,139,
CHATHAM,01552646,CHEEVER,MELVIN,GERARD,,5,LAUREL RIDGE CT, ,PORT WENTWOR,GA,31407,5,LAUREL RIDGE CT,,PORT WENTWORT,GA,31407,A,A,,11/02/2017,11/02/2017,11/02/2017,IN PERSON,NO,NO,,NO,7-04W,7-04C,001,002,161,EAST,00442,025214,00075,125,
CHATHAM,02735605,MATTINGLY,BRENDA,J,,4,BRIGHTWATER DR, ,THUNDERBOLT,GA,31410-3301,4,BRIGHTWATER DR,,THUNDERBOLT,GA,31410-3301,A,A,,11/01/2017,11/01/2017,11/01/2017,IN PERSON,NO,NO,,NO,3-12T,3-12C,001,001,165,EAST,00416,025216,00010,116,
CHATHAM,01520353,WARNOCK,CHERYL,WELLS,,24,HASTY POINT RD, ,PORT WENTWOR,GA,31407,24,HASTY POINT RD,,PORT WENTWORT,GA,31407,A,A,,10/24/2017,10/24/2017,10/24/2017,IN PERSON,NO,NO,,NO,7-04W,7-04C,001,002,161,EAST,00440,025214,00032,48,
CHATHAM,07438799,SCHNEIDER,LEWIS,CHARLES,,20,HORSE PEN PT, ,TYBEE ISLAND,GA,31328-9304,,PO BOX 788,,TYBEE ISLAND,GA,31328-0078,A,A,,10/25/2017,10/25/2017,10/25/2017,IN PERSON,NO,NO,,NO,4-10I,4-10C,001,001,166,EAST,00421,025214,00033,49,
CHATHAM,08507622,SPAULDING,ROSINA,PATRICE,,92,NOBLE JONES CT, ,PORT WENTWOR,GA,31407-6025,92,NOBLE JONES CT,,PORT WENTWORT,GA,31407-6025,A,A,,10/16/2017,10/16/2017,10/16/2017,IN PERSON,NO,NO,,NO,7-04W,7-04C,001,002,161,EAST,00440,025214,00002,2,
CHATHAM,03448619,RODRIGUEZ,MARIE,REGINA,,713,JONES AVE, ,TYBEE ISLAND,GA,31328-9622,713,JONES AVE,,TYBEE ISLAND,GA,31328-9622,A,A,,10/25/2017,10/25/2017,10/25/2017,IN PERSON,NO,NO,,NO,4-11I,4-11C,001,001,166,EAST,00421,025214,00035,51,
CHATHAM,10634781,RAFALOWSKI,KAREN,MARIE,,129,MOONLIGHT TRL, ,PORT WENTWOR,GA,31407,129,MOONLIGHT TRL,,PORT WENTWORT,GA,31407,A,A,,10/16/2017,10/16/2017,10/23/2017,MAILED,NO,NO,,NO,715W,715C,001,002,161,EAST,00440,,00002,11,
CHATHAM,04483388,BRIGHAM,MARY ELLEN,KATHRYN,,506,BUTLER AVE, ,TYBEE ISLAND,GA,31328,1175,HAMPTON HALL DR,,BROOKHAVEN,GA,30319,A,A,,10/16/2017,10/16/2017,10/27/2017,MAILED,NO,NO,,NO,4-11I,4-11C,001,001,166,EAST,00421,,00003,14,
CHATHAM,07261297,BESS,RALPH,CAIN,,16,NOBLE JONES CT, ,PORT WENTWOR,GA,31407,16,NOBLE JONES CT,,PORT WENTWORT,GA,31407,A,A,,10/17/2017,10/17/2017,10/17/2017,IN PERSON,NO,NO,,NO,7-04W,7-04C,001,002,161,EAST,00440,025214,00005,19,
CHATHAM,10318987,BESS,TOMMIE,LUTHER,,22,NOBLE JONES CT, ,PORT WENTWOR,GA,31407,22,NOBLE JONES CT,,PORT WENTWORT,GA,31407,A,A,,11/02/2017,11/02/2017,11/02/2017,IN PERSON,NO,NO,,NO,7-04W,7-04C,001,002,161,EAST,00440,025214,00077,129,
CHATHAM,00387421,ALDRICH-BUREL,JOANNE,,,13,TERESA LN, ,TYBEE ISLAND,GA,31328-8789,,PO BOX 905,,TYBEE ISLAND,GA,31328-0090,A,A,,11/02/2017,11/02/2017,11/02/2017,IN PERSON,NO,NO,,NO,4-10I,4-10C,001,001,166,EAST,00421,025214,00080,138,
CHATHAM,01533269,ROBERTS,JUDY,,,101,ROBERTS RD, ,PORT WENTWOR,GA,31407-8700,,PO BOX 7056,,SAVANNAH,GA,31418-0705,A,A,,11/02/2017,11/02/2017,11/02/2017,IN PERSON,NO,NO,,NO,7-04W,7-04C,001,002,161,EAST,00440,025215,00009,133,
CHATHAM,01537313,RAWLINGS,KAREN,ELAINE,,515,OSTEEN RD, ,BLOOMINGDALE,GA,31302,515,OSTEEN RD,,BLOOMINGDALE,GA,31302,A,A,,10/24/2017,10/24/2017,10/24/2017,IN PERSON,NO,NO,,NO,7-08B,7-08C,001,001,164,EAST,00447,025214,00031,47,
CHATHAM,11323944,SHEETS,JOHN,JOSEPH,,513,FLAT ROCK TRCE, ,PORT WENTWOR,GA,31407,513,FLAT ROCK TRCE,,PORT WENTWRTH,GA,31407-3395,A,A,,11/03/2017,11/03/2017,11/03/2017,IN PERSON,NO,NO,,NO,715W,715C,001,002,161,EAST,00440,025214,00083,141,
