County,Voter Registration #,Last Name,First Name,Middle Name,Suffix,Street #,Street Name,Apt/Unit,City,State,Zip Code,Mailing Street #,Mailing Street Name,Mailing Apt/Unit,Mailing City,Mailing State,Mailing Zip Code,Application Status,Ballot Status,Status Reason,Application Date,Ballot Issued Date,Ballot Return Date,Ballot Style,Ballot Assisted,Challenged/Provisional,Designation/Reason Issue,ID Required,Municipal Precinct,County Precinct,CNG,SEN,HOUSE	,JUD,Combo #,Vote Center ID,Ballot ID,Post #,Party
CLINCH,03261176,FORD,STACY,L,,83,POPPELL SQ,UNIT 55,HOMERVILLE,GA,31634-3307,83,POPPELL SQ,UNIT 55,HOMERVILLE,GA,31634-3307,A,A,,10/16/2017,10/16/2017,10/16/2017,IN PERSON,NO,NO,,NO,H,H,001,008,174,ALAP,00012,032003,00003,3,
CLINCH,11483122,JAMES,LILY,RYMAN,,700,W DAME AVE, ,HOMERVILLE,GA,31634,CRESWELL HALL ,A 415 BAXTER STREET,,ATHENS,GA,30609,A,A,,10/26/2017,10/27/2017,11/06/2017,MAILED,NO,NO,,NO,H,H,001,008,174,ALAP,00010,,00016,127,
CLINCH,04674571,JOHNSON,SHAYLYN,C,,15,REDDICK ST, ,HOMERVILLE,GA,31634-3216,15,REDDICK ST,,HOMERVILLE,GA,31634-3216,A,A,,10/27/2017,10/27/2017,10/27/2017,IN PERSON,NO,NO,,NO,H,H,001,008,174,ALAP,00012,032003,00115,132,
CLINCH,08682941,MARSHALL,DWAYNE,AARON,,139,POPPELL SQ, ,HOMERVILLE,GA,31634,139,POPPELL SQ,,HOMERVILLE,GA,31634,A,A,,10/27/2017,10/27/2017,10/27/2017,IN PERSON,NO,NO,,NO,H,H,001,008,174,ALAP,00012,032003,00113,129,
CLINCH,05445310,ABNEY,ARTIVIA,DENISE,,480,SWEAT ST,APT.33,HOMERVILLE,GA,31634,480,SWEAT ST,APT.33,HOMERVILLE,GA,31634,A,A,,10/24/2017,10/24/2017,10/24/2017,IN PERSON,NO,NO,,NO,H,H,001,008,174,ALAP,00009,032003,00096,105,
CLINCH,01057780,CASON,LOUIE,A,,129,TOMLINSON ST, ,HOMERVILLE,GA,31634-1246,129,TOMLINSON ST,,HOMERVILLE,GA,31634-1246,A,A,,10/17/2017,10/17/2017,10/17/2017,IN PERSON,NO,NO,,NO,H,H,001,008,174,ALAP,00010,032003,00034,37,
CLINCH,07242172,HOOPER,BILLY,LEVERN,,250,N CHURCH ST, ,HOMERVILLE,GA,31634-2450,250,N CHURCH ST,,HOMERVILLE,GA,31634-2450,A,A,,10/17/2017,10/17/2017,10/17/2017,IN PERSON,NO,NO,,NO,H,H,001,008,174,ALAP,00009,032003,00016,16,
CLINCH,01206122,DAVIS,TERESA,W,,364,E ELNA ST, ,HOMERVILLE,GA,31634-2521,364,E ELNA ST,,HOMERVILLE,GA,31634-2521,A,A,,10/20/2017,10/20/2017,10/20/2017,IN PERSON,NO,NO,,NO,H,H,001,008,174,ALAP,00009,032003,00061,66,
CLINCH,08135508,JOHNSON,VANITY,KE ARRIA,,480,SWEAT ST, ,HOMERVILLE,GA,31634-2348,,PO BOX 273,,HOMERVILLE,GA,31634-0027,A,A,,10/26/2017,10/26/2017,10/26/2017,IN PERSON,NO,NO,,NO,H,H,001,008,174,ALAP,00009,032003,00102,114,
CLINCH,01060088,MERRITT,MARGARET,M,,75,TOMLINSON ST, ,HOMERVILLE,GA,31634-1741,75,TOMLINSON ST,,HOMERVILLE,GA,31634-1741,A,A,,10/23/2017,10/23/2017,10/23/2017,IN PERSON,NO,NO,,NO,H,H,001,008,174,ALAP,00010,032003,00077,86,
CLINCH,04005495,MCCASKEY,WILLIAM,CLINTON,,541,REDDICK ST, ,HOMERVILLE,GA,31634,,,,,,,R,,SIGNATURE DOES NOT MATCH,10/24/2017,,,MAILED,NO,NO,ELDERLY,NO,H,H,001,008,174,ALAP,00012,,,,
CLINCH,01059824,MATHIS,NAOMI,CORINE,,480,SWEAT ST,APT 39,HOMERVILLE,GA,31634,480,SWEAT ST,APT 39,HOMERVILLE,GA,31634,A,A,,10/18/2017,10/18/2017,10/18/2017,IN PERSON,NO,NO,DISABLED,NO,H,H,001,008,174,ALAP,00009,032003,00048,51,
CLINCH,01059347,VEST,CECIL,LEE,,139,WIREGRASS ST, ,HOMERVILLE,GA,31634-2940,139,WIREGRASS ST,,HOMERVILLE,GA,31634-2940,A,A,,10/30/2017,10/30/2017,10/30/2017,IN PERSON,NO,NO,,NO,H,H,001,008,174,ALAP,00011,032003,00120,137,
CLINCH,11474948,YOUNG,JOHN,ANDREW,,371,COURT ST, ,HOMERVILLE,GA,31634,371,COURT ST,,HOMERVILLE,GA,31634,A,A,,11/01/2017,11/01/2017,11/01/2017,IN PERSON,NO,NO,,NO,H,H,001,008,174,ALAP,00010,032003,00132,151,
CLINCH,04330065,LACEY,GREGORY,DEWAYNE,,197,BROWN ST, ,HOMERVILLE,GA,31634,197,BROWN ST,,HOMERVILLE,GA,31634,A,A,,11/03/2017,11/03/2017,11/03/2017,IN PERSON,NO,NO,,NO,H,H,001,008,174,ALAP,00012,032003,00163,182,
CLINCH,04400596,TEMPLE,JAMES,GARY,,92,DOVIE LN, ,HOMERVILLE,GA,31634-2961,92,DOVIE LN,,HOMERVILLE,GA,31634-2961,A,A,,10/25/2017,10/25/2017,10/25/2017,IN PERSON,NO,NO,,NO,H,H,001,008,174,ALAP,00011,032003,00097,106,
CLINCH,01057930,GIBBS,SARAH,DELK,,276,S COLLEGE ST, ,HOMERVILLE,GA,31634-3400,276,S COLLEGE ST,,HOMERVILLE,GA,31634-3400,A,A,,11/02/2017,11/02/2017,11/02/2017,IN PERSON,NO,NO,,NO,H,H,001,008,174,ALAP,00012,032003,00140,159,
CLINCH,03846296,DAVIS,MARGARET,ELIZABETH,,277,S COLLEGE ST, ,HOMERVILLE,GA,31634-3405,277,S COLLEGE ST,,HOMERVILLE,GA,31634-3405,A,A,,10/16/2017,10/16/2017,10/16/2017,IN PERSON,NO,NO,,NO,H,H,001,008,174,ALAP,00011,032003,00015,15,
CLINCH,05245102,TURNER,JEB,STUART,,29,MORGAN ST, ,HOMERVILLE,GA,31634,29,MORGAN ST,,HOMERVILLE,GA,31634,A,A,,10/20/2017,10/20/2017,10/20/2017,IN PERSON,NO,NO,,NO,H,H,001,008,174,ALAP,00010,032003,00071,80,
CLINCH,03705609,OLIVER,VIRGINIA,ANN,,114,CARSWELL CIR, ,HOMERVILLE,GA,31634-3239,114,CARSWELL CIR,,HOMERVILLE,GA,31634-3239,A,A,,10/19/2017,10/19/2017,10/19/2017,IN PERSON,NO,NO,,NO,H,H,001,008,174,ALAP,00012,032003,00060,65,
CLINCH,10739986,FERGUSON,ANGELA,,,144,OLD FARGO RD, ,HOMERVILLE,GA,31634,144,OLD FARGO RD,,HOMERVILLE,GA,31634,A,A,,10/18/2017,10/18/2017,10/18/2017,IN PERSON,NO,NO,,NO,H,H,001,008,174,ALAP,00011,032003,00041,44,
CLINCH,01057774,CASON,GAIL,H,,129,TOMLINSON ST, ,HOMERVILLE,GA,31634-1246,129,TOMLINSON ST,,HOMERVILLE,GA,31634-1246,A,A,,10/17/2017,10/17/2017,10/17/2017,IN PERSON,NO,NO,,NO,H,H,001,008,174,ALAP,00010,032003,00033,36,
CLINCH,01058253,HILL,OTIS,LEE,,413,W FOREST AVE, ,HOMERVILLE,GA,31634-3453,413,W FOREST AVE,,HOMERVILLE,GA,31634-3453,A,A,,10/19/2017,10/19/2017,10/19/2017,IN PERSON,NO,NO,,NO,H,H,001,008,174,ALAP,00012,032003,00054,59,
CLINCH,06851204,MCBRIDE,JAMES,ROBERT,,416,S COLLEGE ST, ,HOMERVILLE,GA,31634-3410,416,S COLLEGE ST,,HOMERVILLE,GA,31634-3410,A,A,,10/20/2017,10/20/2017,10/20/2017,IN PERSON,NO,NO,,NO,H,H,001,008,174,ALAP,00012,032003,00069,78,
CLINCH,07511365,BALL,EUGENE,WILLIAM,JR,185,E DAME AVE, ,HOMERVILLE,GA,31634-2456,185,E DAME AVE,,HOMERVILLE,GA,31634-2456,A,A,,10/19/2017,10/19/2017,10/19/2017,IN PERSON,NO,NO,,NO,H,H,001,008,174,ALAP,00009,032003,00059,64,
CLINCH,06868800,BROWN,JACQUALINE,M,,12,CATY RD, ,HOMERVILLE,GA,31634-3351,12,CATY RD,,HOMERVILLE,GA,31634-3351,A,A,,10/17/2017,10/17/2017,10/17/2017,IN PERSON,NO,NO,,NO,H,H,001,008,174,ALAP,00012,032003,00028,31,
CLINCH,01060506,TOLBERT,BESSIE,LOIS,,480,SWEAT ST,UNIT 40,HOMERVILLE,GA,31634-2351,,PO BOX 803,,HOMERVILLE,GA,31634-0080,A,A,,10/17/2017,10/17/2017,10/17/2017,IN PERSON,NO,NO,DISABLED,NO,H,H,001,008,174,ALAP,00009,032003,00032,35,
CLINCH,01060304,MORGAN,CLARENCE,D,,17,TOMLINSON ST, ,HOMERVILLE,GA,31634-1741,17,TOMLINSON ST,,HOMERVILLE,GA,31634-1741,A,A,,10/27/2017,10/27/2017,10/27/2017,IN PERSON,NO,NO,,NO,H,H,001,008,174,ALAP,00010,032003,00116,133,
CLINCH,01058445,KING,CLYDE,JEFFERSON,III,273,VIRGINIA AVE, ,HOMERVILLE,GA,31634,273,VIRGINIA AVE,,HOMERVILLE,GA,31634,A,A,,10/20/2017,10/20/2017,10/20/2017,IN PERSON,NO,NO,,NO,H,H,001,008,174,ALAP,00011,032003,00070,79,
CLINCH,01058308,JACKSON,CHARLES,,JR,60,GASKINS ST, ,HOMERVILLE,GA,31634-3256,60,GASKINS ST,,HOMERVILLE,GA,31634-3256,R,,ADDRESS SUBMITTED IS NOT AS REGISTERED,10/19/2017,,,MAILED,NO,NO,,NO,H,H,001,008,174,ALAP,00012,,,,
CLINCH,01057734,TILLER,ORA,Y,,345,WEST PLANT AVE, ,HOMERVILLE,GA,31634,345,WEST PLANT AVE,,HOMERVILLE,GA,31634,A,A,,11/03/2017,11/03/2017,11/03/2017,IN PERSON,NO,NO,,NO,H,H,001,008,174,ALAP,00012,032003,00161,180,
CLINCH,06824684,BESS,EMMA,LEE,,235,OLD FARGO RD, ,HOMERVILLE,GA,31634-2813,,PO BOX 194,,HOMERVILLE,GA,31634-0019,A,A,,10/24/2017,10/24/2017,10/24/2017,IN PERSON,NO,NO,,NO,H,H,001,008,174,ALAP,00011,032003,00087,96,
CLINCH,00574359,WALKER,WADDIE,E,,70,PINEVIEW ST, ,HOMERVILLE,GA,31634,70,PINEVIEW ST,,HOMERVILLE,GA,31634,A,A,,10/26/2017,10/26/2017,10/26/2017,IN PERSON,YES,NO,,NO,H,H,001,008,174,ALAP,00011,032003,00103,115,
CLINCH,01057912,DAVIS,JOHN,D,JR,364,E ELNA ST, ,HOMERVILLE,GA,31634-2521,364,E ELNA ST,,HOMERVILLE,GA,31634-2521,A,A,,10/20/2017,10/20/2017,10/20/2017,IN PERSON,NO,NO,,NO,H,H,001,008,174,ALAP,00009,032003,00062,67,
CLINCH,01060139,ROBBINS,ALLEN,I,III,1120,VALDOSTA HWY, ,HOMERVILLE,GA,31634,1120,VALDOSTA HWY,,HOMERVILLE,GA,31634,A,A,,10/19/2017,10/19/2017,10/19/2017,IN PERSON,NO,NO,,NO,H,H,001,008,174,ALAP,00010,032003,00055,60,
CLINCH,01060832,ELLIS,GERALDINE,H,,92,REDDICK ST,UNIT 79,HOMERVILLE,GA,31634,92,REDDICK ST,UNIT 79,HOMERVILLE,GA,31634,A,A,,10/18/2017,10/18/2017,10/18/2017,IN PERSON,NO,NO,DISABLED,NO,H,H,001,008,174,ALAP,00012,032003,00053,56,
CLINCH,04249664,MCKNIGHT,STEVE,WILLIE,JR,51,CLAY RD,J,HOMERVILLE,GA,31634-3349,,PO BOX 234,,HOMERVILLE,GA,31634-0023,A,A,,10/26/2017,10/26/2017,10/26/2017,IN PERSON,NO,NO,,NO,H,H,001,008,174,ALAP,00012,032003,00110,122,
CLINCH,03592530,TAYLOR,ALICE,MARIE,,480,SWEAT ST,APT 52,HOMERVILLE,GA,31634,480,SWEAT ST,APT 52,HOMERVILLE,GA,31634,A,A,,10/17/2017,10/17/2017,10/17/2017,IN PERSON,NO,NO,,NO,H,H,001,008,174,ALAP,00009,032003,00031,34,
CLINCH,10189011,MCCOY,TYNISHA,LAKISTA JAFAYE,,291,REDDICK ST, ,HOMERVILLE,GA,31634,PO,BOX 86,,HOMERVILLE,GA,31634-0086,A,A,,10/24/2017,10/24/2017,10/24/2017,IN PERSON,NO,NO,,NO,H,H,001,008,174,ALAP,00012,032003,00089,98,
CLINCH,01060558,LEE,TRESCA,C,,237,BROWN ST, ,HOMERVILLE,GA,31634-3322,237,"PO BOX 242,BROWN ST",,HOMERVILLE,GA,31634-0024,A,A,,10/17/2017,10/17/2017,10/17/2017,IN PERSON,NO,NO,,NO,H,H,001,008,174,ALAP,00012,032003,00035,38,
CLINCH,07560814,BROWN,JERARD,JEVON,,12,CATY RD,UNIT 12,HOMERVILLE,GA,31634-3351,12,CATY RD,UNIT 12,HOMERVILLE,GA,31634-3351,A,A,,10/24/2017,10/24/2017,10/24/2017,IN PERSON,NO,NO,,NO,H,H,001,008,174,ALAP,00012,032003,00092,101,
CLINCH,06824684,BESS,EMMA,LEE,,235,OLD FARGO RD, ,HOMERVILLE,GA,31634-2813,235,OLD FARGO RD,,HOMERVILLE,GA,31634-2813,A,C,Ballot was Undelivered,10/18/2017,10/19/2017,10/24/2017,MAILED,NO,NO,,NO,H,H,001,008,174,ALAP,00011,,00005,58,
CLINCH,01059054,SMITH,JAMES,GERALD,,277,N GIBBS ST, ,HOMERVILLE,GA,31634-9640,277,N GIBBS ST,,HOMERVILLE,GA,31634-9640,A,A,,10/31/2017,10/31/2017,10/31/2017,IN PERSON,NO,NO,,NO,H,H,001,008,174,ALAP,00009,032003,00126,143,
CLINCH,01058852,CARTER,SHALLER,PORTER,,197,BROWN ST, ,HOMERVILLE,GA,31634-3318,197,BROWN ST,,HOMERVILLE,GA,31634-3318,A,A,,10/16/2017,10/16/2017,10/16/2017,IN PERSON,NO,NO,,NO,H,H,001,008,174,ALAP,00012,032003,00009,9,
CLINCH,01060052,COLLINS,RENITA,J,,563,REDDICK ST,A,HOMERVILLE,GA,31634,563,REDDICK ST,A,HOMERVILLE,GA,31634,A,A,,10/16/2017,10/16/2017,10/16/2017,IN PERSON,NO,NO,,NO,H,H,001,008,174,ALAP,00012,032003,00010,10,
CLINCH,01057781,CASON,PATSY,C,,208,E DAME AVE, ,HOMERVILLE,GA,31634-2455,208,E DAME AVE,,HOMERVILLE,GA,31634-2455,A,A,,10/16/2017,10/16/2017,10/16/2017,IN PERSON,NO,NO,,NO,H,H,001,008,174,ALAP,00011,032003,00013,13,
CLINCH,01060156,STOVALL,JAMES,T,,626,W DAME AVE, ,HOMERVILLE,GA,31634-2140,626,W DAME AVE,,HOMERVILLE,GA,31634-2140,A,A,,10/16/2017,10/16/2017,10/16/2017,IN PERSON,NO,NO,,NO,H,H,001,008,174,ALAP,00010,032003,00011,11,
CLINCH,01059056,MCCLAINE,EDNA,I,,157,GILLICAN CIR, ,HOMERVILLE,GA,31634,157,GILLICAN CIR,,HOMERVILLE,GA,31634,A,A,,10/18/2017,10/18/2017,10/18/2017,IN PERSON,NO,NO,,NO,H,H,001,008,174,ALAP,00012,032003,00046,49,
CLINCH,08822133,MAGBY,DAMIAN,TRAVELL,,94,CARSWELL CIR, ,HOMERVILLE,GA,31634-3237,94,CARSWELL CIR,,HOMERVILLE,GA,31634-3237,A,A,,10/17/2017,10/17/2017,10/17/2017,IN PERSON,NO,NO,,NO,H,H,001,008,174,ALAP,00012,032003,00019,19,
CLINCH,01060560,THOMAS,PATRICIA,ANN,,105,OLD FARGO RD, ,HOMERVILLE,GA,31634-2801,,PO BOX 504,,HOMERVILLE,GA,31634-0050,A,A,,10/18/2017,10/18/2017,10/18/2017,IN PERSON,NO,NO,,NO,H,H,001,008,174,ALAP,00011,032003,00050,53,
CLINCH,03981079,HAYES,DEBORAH,A,,322,E ELNA ST, ,HOMERVILLE,GA,31634-2522,322,E ELNA ST,,HOMERVILLE,GA,31634-2522,A,A,,10/27/2017,10/27/2017,10/27/2017,IN PERSON,NO,NO,,NO,H,H,001,008,174,ALAP,00009,032003,00118,135,
CLINCH,01059260,TAYLOR,EDITH,E,,32,GASKINS ST, ,HOMERVILLE,GA,31634-3256,,PO BOX 244,,HOMERVILLE,GA,31634-0024,A,A,,10/23/2017,10/23/2017,10/23/2017,IN PERSON,NO,NO,,NO,H,H,001,008,174,ALAP,00012,032003,00078,87,
CLINCH,08631190,DUNBAR,KASANDRA,M,,27,HAMILTON ST, ,HOMERVILLE,GA,31634-3261,27,HAMILTON ST,,HOMERVILLE,GA,31634-3261,A,A,,10/24/2017,10/24/2017,10/24/2017,IN PERSON,NO,NO,,NO,H,H,001,008,174,ALAP,00012,032003,00093,102,
CLINCH,08895836,CARTER,TREY,L,,258,HAPPYVILLE LN, ,HOMERVILLE,GA,31634,258,HAPPYVILLE LN,,HOMERVILLE,GA,31634,A,A,,10/27/2017,10/27/2017,11/06/2017,MAILED,NO,NO,DISABLED,NO,H,H,001,008,174,ALAP,00011,,00017,131,
CLINCH,04249667,JONES,JACQUELYN,PATRICIA,,222,BROWN ST, ,HOMERVILLE,GA,31634-3320,222,BROWN ST,,HOMERVILLE,GA,31634-3320,A,A,,10/18/2017,10/18/2017,10/18/2017,IN PERSON,NO,NO,,NO,H,H,001,008,174,ALAP,00012,032003,00042,45,
CLINCH,05359391,COOPER,ROMA,JEAN,,26,HAPPYVILLE LN, ,HOMERVILLE,GA,31634,26,HAPPYVILLE LN,,HOMERVILLE,GA,31634,A,A,,11/03/2017,11/03/2017,11/03/2017,IN PERSON,NO,NO,,NO,H,H,001,008,174,ALAP,00011,032003,00164,183,
CLINCH,01058518,LEE,PATRICK,C,,237,BROWN ST, ,HOMERVILLE,GA,31634-3322,237,"PO BOX 242,BROWN ST",,HOMERVILLE,GA,31634-0024,A,A,,10/17/2017,10/17/2017,10/17/2017,IN PERSON,NO,NO,,NO,H,H,001,008,174,ALAP,00012,032003,00036,39,
CLINCH,01058168,HARDEE,WILLIE,ALFRED,JR,405,WEST PLANT AVE, ,HOMERVILLE,GA,31634,,PO BOX 361,,HOMERVILLE,GA,31634-0036,A,A,,10/24/2017,10/24/2017,10/24/2017,IN PERSON,NO,NO,,NO,H,H,001,008,174,ALAP,00012,032003,00090,99,
CLINCH,07326536,TAYLOR,ERNEST,,,130,WHEELER ST, ,HOMERVILLE,GA,31634,130,WHEELER ST,,HOMERVILLE,GA,31634,A,A,,11/03/2017,11/03/2017,11/03/2017,IN PERSON,NO,NO,,NO,H,H,001,008,174,ALAP,00011,032003,00152,171,
CLINCH,00574440,SIMS,MARYLON,LORRAINE,,151,REDDICK ST, ,HOMERVILLE,GA,31634,,PO BOX 164,,HOMERVILLE,GA,31634,A,A,,11/02/2017,11/02/2017,11/02/2017,IN PERSON,NO,NO,,NO,H,H,001,008,174,ALAP,00012,032003,00141,160,
CLINCH,08105668,EDMONDS,ELOISE,M,,153,MELISSA ST, ,HOMERVILLE,GA,31634-3342,153,MELISSA ST,,HOMERVILLE,GA,31634-3342,A,A,,10/26/2017,10/26/2017,10/26/2017,IN PERSON,NO,NO,,NO,H,H,001,008,174,ALAP,00012,032003,00105,117,
CLINCH,03412520,MAGBY,KATHERINE,,,94,CARSWELL CIR,UNIT 94,HOMERVILLE,GA,31634-3237,,PO BOX 21,,HOMERVILLE,GA,31634-0002,A,A,,10/17/2017,10/17/2017,10/17/2017,IN PERSON,NO,NO,,NO,H,H,001,008,174,ALAP,00012,032003,00020,20,
CLINCH,01059933,BARCLAY,LEEGIRTHA,M,,198,REDDICK ST, ,HOMERVILLE,GA,31634-3221,198,REDDICK ST,,HOMERVILLE,GA,31634-3221,A,A,,10/23/2017,10/23/2017,10/23/2017,IN PERSON,NO,NO,,NO,H,H,001,008,174,ALAP,00012,032003,00086,95,
CLINCH,07623279,WILLIAMS,FELECIA,RENEE,,93,REDDICK ST, ,HOMERVILLE,GA,31634-3217,93,REDDICK ST,,HOMERVILLE,GA,31634-3217,A,A,,10/17/2017,10/17/2017,10/17/2017,IN PERSON,NO,NO,,NO,H,H,001,008,174,ALAP,00012,032003,00018,18,
CLINCH,01058668,WEBB,AMANDA,F,,59,HAMILTON ST, ,HOMERVILLE,GA,31634-3261,59,HAMILTON ST,,HOMERVILLE,GA,31634-3261,A,A,,10/31/2017,10/31/2017,10/31/2017,IN PERSON,NO,NO,,NO,H,H,001,008,174,ALAP,00012,032003,00131,150,
CLINCH,01059842,DAVIS,ROSA,LANDERS,,224,GILLICAN CIR, ,HOMERVILLE,GA,31634,224,GILLICAN CIR,,HOMERVILLE,GA,31634,A,A,,10/25/2017,10/25/2017,10/25/2017,IN PERSON,NO,NO,,NO,H,H,001,008,174,ALAP,00012,032003,00101,113,
CLINCH,01057926,JACKSON,REBECCA,L,,118,MELISSA ST, ,HOMERVILLE,GA,31634-3341,118,MELISSA ST,,HOMERVILLE,GA,31634-3341,A,R,Insufficient Oath Information,10/31/2017,10/31/2017,11/07/2017,MAILED,NO,NO,DISABLED,NO,H,H,001,008,174,ALAP,00012,,00019,148,
CLINCH,01060450,VINCE,ANNIE,RUTH,,665,W FOREST AVE, ,HOMERVILLE,GA,31634-3555,665,W FOREST AVE,,HOMERVILLE,GA,31634-3555,A,A,,10/26/2017,10/27/2017,11/01/2017,MAILED,NO,NO,ELDERLY,NO,H,H,001,008,174,ALAP,00012,,00015,126,
CLINCH,01058872,REGISTER,WILLIAM,JASPER,,205,W JEROME ST, ,HOMERVILLE,GA,31634-2256,205,W JEROME ST,,HOMERVILLE,GA,31634-2256,A,A,,11/02/2017,11/02/2017,11/02/2017,IN PERSON,NO,NO,,NO,H,H,001,008,174,ALAP,00010,032003,00142,161,
CLINCH,01057982,DOUGLAS,JAMES,E,SR,36,LOCKLIER RD, ,HOMERVILLE,GA,31634-1503,36,LOCKLIER RD,,HOMERVILLE,GA,31634-1503,A,A,,11/02/2017,11/02/2017,11/02/2017,IN PERSON,NO,NO,,NO,H,H,001,008,174,ALAP,00009,032003,00136,155,
CLINCH,01363227,RAMSEY,WILLIAM,MITCHELL,,501,OLD PEARSON RD,H-53,HOMERVILLE,GA,31634,501,OLD PEARSON RD,H-53,HOMERVILLE,GA,31634,A,A,,10/18/2017,10/18/2017,10/18/2017,IN PERSON,NO,NO,,NO,H,H,001,008,174,ALAP,00010,032003,00044,47,
CLINCH,06051583,TURNER,JANIE,M,,29,MORGAN ST, ,HOMERVILLE,GA,31634,29,MORGAN ST,,HOMERVILLE,GA,31634,A,A,,10/25/2017,10/25/2017,10/25/2017,IN PERSON,NO,NO,,NO,H,H,001,008,174,ALAP,00010,032003,00100,112,
CLINCH,03786854,HAYES,DELA,,,57,CRESCENT DR, ,HOMERVILLE,GA,31634,57,CRESCENT DR,,HOMERVILLE,GA,31634,A,A,,10/30/2017,10/30/2017,10/30/2017,IN PERSON,NO,NO,,NO,H,H,001,008,174,ALAP,00010,032003,00125,142,
CLINCH,01058571,MANLEY,BETTY,M,,208,PEAGLER ST, ,HOMERVILLE,GA,31634-2438,208,PEAGLER ST,,HOMERVILLE,GA,31634-2438,A,A,,10/31/2017,10/31/2017,10/31/2017,IN PERSON,NO,NO,,NO,H,H,001,008,174,ALAP,00010,032003,00127,144,
CLINCH,08727608,EDMOND,SHAYLA,LAICOLE,,53,POPPELL SQ, ,HOMERVILLE,GA,31634,53,POPPELL SQ,,HOMERVILLE,GA,31634,A,A,,10/18/2017,10/18/2017,10/18/2017,IN PERSON,NO,NO,,NO,H,H,001,008,174,ALAP,00012,032003,00040,43,
CLINCH,01060701,CALHOUN,TONYA,LYNETTE,,480,SWEAT ST,APT 63,HOMERVILLE,GA,31634,480,SWEAT ST,APT 63,HOMERVILLE,GA,31634,A,A,,10/18/2017,10/18/2017,10/18/2017,IN PERSON,NO,NO,,NO,H,H,001,008,174,ALAP,00009,032003,00045,48,
CLINCH,06288177,KING-WILSON,HEATHER,SIMONE,,190,CRAIG CIR, ,HOMERVILLE,GA,31634,,,,,,,R,,Insufficient Information,11/09/2017,,,MAILED,NO,NO,,NO,H,H,001,008,174,ALAP,00012,,,,
CLINCH,10012036,WILLIAMS,REATHA,MAE,,345,REDDICK ST, ,HOMERVILLE,GA,31634,345,REDDICK ST,,HOMERVILLE,GA,31634,A,A,,10/24/2017,10/24/2017,10/24/2017,IN PERSON,NO,NO,,NO,H,H,001,008,174,ALAP,00012,032003,00094,103,
CLINCH,00709230,GANAS,CRAIG,DIXON,,179,W DAME AVE, ,HOMERVILLE,GA,31634-2130,179,W DAME AVE,,HOMERVILLE,GA,31634-2130,A,A,,11/02/2017,11/02/2017,11/02/2017,IN PERSON,NO,NO,,NO,H,H,001,008,174,ALAP,00012,032003,00137,156,
CLINCH,01059590,JOHNSON,STEPHANIE,MARIE,,336,BROWN ST, ,HOMERVILLE,GA,31634,336,BROWN ST,,HOMERVILLE,GA,31634,A,A,,10/24/2017,10/24/2017,10/24/2017,IN PERSON,NO,NO,,NO,H,H,001,008,174,ALAP,00012,032003,00095,104,
CLINCH,04961333,ADAMS,WANDA,RANKHORN,,296,E DAME AVE, ,HOMERVILLE,GA,31634-2455,296,E DAME AVE,,HOMERVILLE,GA,31634-2455,A,A,,11/03/2017,11/03/2017,11/03/2017,IN PERSON,NO,NO,,NO,H,H,001,008,174,ALAP,00011,032003,00166,185,
CLINCH,01059109,SMITH,WILLIE,GLENN,,11,DICKERSON ST N, ,HOMERVILLE,GA,31634-2505,,PO BOX 603,,HOMERVILLE,GA,31634-0060,A,A,,11/03/2017,11/03/2017,11/03/2017,IN PERSON,NO,NO,,NO,H,H,001,008,174,ALAP,00009,032003,00165,184,
CLINCH,01060705,SANDLIN,JEANIE,L,,63,COURT ST,A,HOMERVILLE,GA,31634-2441,63,COURT ST,A,HOMERVILLE,GA,31634-2441,A,A,,10/20/2017,10/20/2017,10/20/2017,IN PERSON,NO,NO,,NO,H,H,001,008,174,ALAP,00010,032003,00073,82,
CLINCH,08008386,INGRAM,SHANTA,LYNETTE,,327,REDDICK ST,UNIT 327,HOMERVILLE,GA,31634-3231,327,REDDICK ST,UNIT 327,HOMERVILLE,GA,31634-3231,A,A,,10/26/2017,10/26/2017,10/26/2017,IN PERSON,NO,NO,,NO,H,H,001,008,174,ALAP,00012,032003,00107,119,
CLINCH,08105561,SMITH,RAVEEN,SANTEESE,,334,W FOREST AVE,APT. A,HOMERVILLE,GA,31634,334,W FOREST AVE,APT. A,HOMERVILLE,GA,31634,A,A,,11/03/2017,11/03/2017,11/03/2017,IN PERSON,NO,NO,,NO,H,H,001,008,174,ALAP,00012,032003,00156,175,
CLINCH,04739411,TROY,CAROLYN,VERLISSA,,105,MCCONNELL RD, ,HOMERVILLE,GA,31634,105,MCCONNELL RD,,HOMERVILLE,GA,31634,A,A,,11/02/2017,11/02/2017,11/02/2017,IN PERSON,NO,NO,,NO,H,H,001,008,174,ALAP,00012,032003,00146,165,
CLINCH,04950001,SWINSON,CHERRY,,,534,W FOREST AVE, ,HOMERVILLE,GA,31634-2077,534,W FOREST AVE,,HOMERVILLE,GA,31634-2077,A,A,,10/26/2017,10/27/2017,11/02/2017,MAILED,NO,NO,DISABLED,NO,H,H,001,008,174,ALAP,00012,,00014,125,
CLINCH,01060057,EDMONDS,LEROY,,,355,WEST PLANT AVE, ,HOMERVILLE,GA,31634,355,WEST PLANT AVE,,HOMERVILLE,GA,31634,A,A,,10/23/2017,10/23/2017,10/23/2017,IN PERSON,NO,NO,,NO,H,H,001,008,174,ALAP,00012,032003,00079,88,
CLINCH,01058459,BELL,WILLIE KC,J,,388,REDDICK ST, ,HOMERVILLE,GA,31634-3302,388,REDDICK ST,,HOMERVILLE,GA,31634-3302,A,A,,10/20/2017,10/20/2017,10/27/2017,MAILED,NO,NO,DISABLED,NO,H,H,001,008,174,ALAP,00012,,00007,71,
CLINCH,01058582,MARTIN,ELLICE,PASSMORE,,64,LOCKLIER RD, ,HOMERVILLE,GA,31634-1503,,PO BOX 296,,HOMERVILLE,GA,31634-0029,A,A,,11/02/2017,11/02/2017,11/02/2017,IN PERSON,NO,NO,,NO,H,H,001,008,174,ALAP,00009,032003,00138,157,
CLINCH,01059480,NELSON,PAMELA,H,,73,FRANK SESSOMS MEMORIAL HWY, ,HOMERVILLE,GA,31634-2665,73,FRANK SESSOMS ,,HOMERVILLE,GA,31634-2665,A,A,,11/03/2017,11/03/2017,11/03/2017,IN PERSON,NO,NO,,NO,H,H,001,008,174,ALAP,00009,032003,00149,168,
CLINCH,01059582,GRIFFIS,WILLIE,FRED,,167,COURT ST, ,HOMERVILLE,GA,31634,167,COURT ST,,HOMERVILLE,GA,31634-2445,A,A,,10/18/2017,10/18/2017,10/18/2017,IN PERSON,NO,NO,,NO,H,H,001,008,174,ALAP,00010,032003,00051,54,
CLINCH,07737167,MERIWEATHER,BOBBI,G,,69,OAKLAND ST, ,HOMERVILLE,GA,31634-2820,69,OAKLAND ST,,HOMERVILLE,GA,31634-2820,A,R,Insufficient Oath Information,10/24/2017,10/25/2017,11/01/2017,MAILED,NO,NO,DISABLED,NO,H,H,001,008,174,ALAP,00011,,00012,109,
CLINCH,04249668,COLLINS,NORMANEK,LATRIS,,480,SWEAT ST, ,HOMERVILLE,GA,31634,480,SWEAT ST,UNIT 70,HOMERVILLE,GA,31634,A,A,,10/17/2017,10/17/2017,10/17/2017,IN PERSON,NO,NO,,NO,H,H,001,008,174,ALAP,00009,032003,00030,33,
CLINCH,01058058,GANT,LEROY,,,20,HAMILTON ST, ,HOMERVILLE,GA,31634-3263,20,HAMILTON ST,,HOMERVILLE,GA,31634-3263,A,A,,10/17/2017,10/17/2017,10/17/2017,IN PERSON,NO,NO,,NO,H,H,001,008,174,ALAP,00012,032003,00025,25,
CLINCH,01058643,MCLAINE,KENTON,E,,83,ROSE ST, ,HOMERVILLE,GA,31634-2423,83,ROSE ST,,HOMERVILLE,GA,31634-2423,A,A,,10/23/2017,10/23/2017,10/23/2017,IN PERSON,NO,NO,,NO,H,H,001,008,174,ALAP,00009,032003,00076,85,
CLINCH,01059990,RAYMOND,BERTHA,MAE,,65,CRESCENT DR, ,HOMERVILLE,GA,31634,65,CRESCENT DR,,HOMERVILLE,GA,31634,A,A,,10/16/2017,10/16/2017,10/16/2017,IN PERSON,NO,NO,,NO,H,H,001,008,174,ALAP,00010,032003,00004,4,
CLINCH,01059036,SMITH,ELZA,D,,160,GIBBS ST, ,HOMERVILLE,GA,31634-2503,160,GIBBS ST,,HOMERVILLE,GA,31634-2503,A,A,,10/30/2017,10/30/2017,10/30/2017,IN PERSON,NO,NO,,NO,H,H,001,008,174,ALAP,00009,032003,00124,141,
CLINCH,07617046,COBB,WENDELL,CHAROD,,115,MELISSA ST, ,HOMERVILLE,GA,31634-3342,115,MELISSA ST,,HOMERVILLE,GA,31634-3342,A,A,,11/01/2017,11/01/2017,11/01/2017,IN PERSON,NO,NO,,NO,H,H,001,008,174,ALAP,00012,032003,00134,153,
CLINCH,01060697,RAYMOND,PEGGY,D,,289,REDDICK ST, ,HOMERVILLE,GA,31634-3224,289,REDDICK ST,,HOMERVILLE,GA,31634-3224,A,A,,10/24/2017,10/24/2017,10/24/2017,IN PERSON,NO,NO,,NO,H,H,001,008,174,ALAP,00012,032003,00088,97,
CLINCH,10757382,FORBES,VANESSA,NOBLE,,130,WHEELER ST, ,HOMERVILLE,GA,31634,130,WHEELER ST,,HOMERVILLE,GA,31634,A,A,,11/03/2017,11/03/2017,11/03/2017,IN PERSON,NO,NO,,NO,H,H,001,008,174,ALAP,00011,032003,00153,172,
CLINCH,04931862,BROWN,ANTHONY,CHAD,,68,E PARK ST, ,HOMERVILLE,GA,31634,68,E PARK ST,,HOMERVILLE,GA,31634,A,A,,11/03/2017,11/03/2017,11/03/2017,IN PERSON,NO,NO,,NO,H,H,001,008,174,ALAP,00010,032003,00154,173,
CLINCH,01058179,HARPER,MARY,R,,75,GILLICAN CIR, ,HOMERVILLE,GA,31634,75,GILLICAN CIR,,HOMERVILLE,GA,31634,A,A,,10/31/2017,10/31/2017,10/31/2017,IN PERSON,NO,NO,,NO,H,H,001,008,174,ALAP,00012,032003,00128,145,
CLINCH,01059829,HOUSTON,SUSETTE,D,,77,MELISSA ST, ,HOMERVILLE,GA,31634-3339,77,MELISSA ST,,HOMERVILLE,GA,31634-3339,A,A,,11/02/2017,11/02/2017,11/02/2017,IN PERSON,NO,NO,,NO,H,H,001,008,174,ALAP,00012,032003,00145,164,
CLINCH,01059081,SMITH,MILTON,J,,248,COURT ST, ,HOMERVILLE,GA,31634-2223,248,COURT ST,,HOMERVILLE,GA,31634-2223,A,A,,10/16/2017,10/16/2017,10/16/2017,IN PERSON,NO,NO,,NO,H,H,001,008,174,ALAP,00010,032003,00012,12,
CLINCH,01059825,SANDERS,PHILLIP,J,,73,BATTLE ST, ,HOMERVILLE,GA,31634-3249,73,BATTLE ST,,HOMERVILLE,GA,31634-3249,A,A,,10/17/2017,10/17/2017,10/17/2017,IN PERSON,NO,NO,,NO,H,H,001,008,174,ALAP,00012,032003,00017,17,
CLINCH,01059849,MOORE,KIMBERLY,T,,187,BROWN ST,A,HOMERVILLE,GA,31634,187,BROWN,,HOMERVILLE,GA,31634,A,A,,11/03/2017,11/03/2017,11/03/2017,IN PERSON,NO,NO,,NO,H,H,001,008,174,ALAP,00012,032003,00155,174,
CLINCH,01059946,KINLAW,DERRICK,D,,128,WASHINGTON CIR, ,HOMERVILLE,GA,31634,128,WASHINGTON CIR,,HOMERVILLE,GA,31634,A,A,,10/17/2017,10/17/2017,10/17/2017,IN PERSON,NO,NO,,NO,H,H,001,008,174,ALAP,00012,032003,00026,29,
CLINCH,01057645,BOB,EMMA,JULIA,,72,MELISSA ST, ,HOMERVILLE,GA,31634-3340,72,MELISSA ST,,HOMERVILLE,GA,31634-3340,R,,SIGNATURE DOES NOT MATCH,10/24/2017,,,MAILED,NO,NO,DISABLED,NO,H,H,001,008,174,ALAP,00012,,,,
CLINCH,03261766,RICHARDSON,SANDA,GALE,,148,HAPPYVILLE LN, ,HOMERVILLE,GA,31634,148,HAPPYVILLE LN,,HOMERVILLE,GA,31634-2855,A,A,,11/03/2017,11/03/2017,11/03/2017,IN PERSON,NO,NO,,NO,H,H,001,008,174,ALAP,00011,032003,00160,179,
CLINCH,04744286,CALHOUN,KAMIA,RENAEE,,334,W FOREST AVE,UNIT 13,HOMERVILLE,GA,31634,,P.O. BOX 215,,HOMERVILLE,GA,31634,A,A,,10/20/2017,10/20/2017,10/20/2017,IN PERSON,NO,NO,,NO,H,H,001,008,174,ALAP,00012,032003,00067,76,
CLINCH,10015006,DAYE,KHADIJAH,,,107,POPPELL SQ, ,HOMERVILLE,GA,31634,107,POPPELL SQ,,HOMERVILLE,GA,31634,A,A,,10/23/2017,10/23/2017,10/23/2017,IN PERSON,NO,NO,,NO,H,H,001,008,174,ALAP,00012,032003,00081,90,
CLINCH,01057705,BROWN,MAXIE,W,,83,ROSE ST, ,HOMERVILLE,GA,31634,83,ROSE ST,,HOMERVILLE,GA,31634,A,A,,11/02/2017,11/02/2017,11/02/2017,IN PERSON,NO,NO,,NO,H,H,001,008,174,ALAP,00009,032003,00143,162,
CLINCH,02711413,THOMAS,YVONNE,JACKSON,,73,WILSON ST, ,HOMERVILLE,GA,31634-3242,,PO BOX 643,,HOMERVILLE,GA,31634-0064,A,A,,10/18/2017,10/18/2017,10/18/2017,IN PERSON,NO,NO,,NO,H,H,001,008,174,ALAP,00012,032003,00038,41,
CLINCH,01058785,O'BERRY,KARLEEN,S,,130,E ORANGE ST, ,HOMERVILLE,GA,31634-2342,130,E ORANGE ST,,HOMERVILLE,GA,31634-2342,A,A,,10/20/2017,10/20/2017,10/20/2017,IN PERSON,NO,NO,,NO,H,H,001,008,174,ALAP,00009,032003,00064,69,
CLINCH,03961424,DAY,MELISSA,JACKSON,,174,W FOREST AVE, ,HOMERVILLE,GA,31634-3414,,PO BOX 193,,HOMERVILLE,GA,31634-0019,A,A,,10/20/2017,10/20/2017,10/20/2017,IN PERSON,NO,NO,,NO,H,H,001,008,174,ALAP,00012,032003,00075,84,
CLINCH,01058619,JAMES,VIRGINIA,STEEDLEY,,53,GILLICAN CIR, ,HOMERVILLE,GA,31634,53,GILLICAN CIR,,HOMERVILLE,GA,31634,A,A,,10/30/2017,10/30/2017,10/30/2017,IN PERSON,NO,NO,,NO,H,H,001,008,174,ALAP,00012,032003,00121,138,
CLINCH,07156142,SWINSON,VICTORIA,MARIE,,45,CRESCENT DR, ,HOMERVILLE,GA,31634,,PO BOX 732,,HOMERVILLE,GA,31634-0073,A,A,,10/19/2017,10/19/2017,10/19/2017,IN PERSON,NO,NO,,NO,H,H,001,008,174,ALAP,00010,032003,00056,61,
CLINCH,01059425,WILLIAMS,PATRICIA,ANN,,337,BROWN ST, ,HOMERVILLE,GA,31634-3353,337,BROWN ST,,HOMERVILLE,GA,31634-3353,A,A,,10/27/2017,10/27/2017,10/27/2017,IN PERSON,NO,NO,,NO,H,H,001,008,174,ALAP,00012,032003,00114,130,
CLINCH,01059507,COBB,DANNIE,LEE,,115,MELISSA ST, ,HOMERVILLE,GA,31634-3342,115,MELISSA ST,,HOMERVILLE,GA,31634-3342,A,A,,11/01/2017,11/01/2017,11/01/2017,IN PERSON,NO,NO,,NO,H,H,001,008,174,ALAP,00012,032003,00135,154,
CLINCH,01058497,SIMON,CURTIS,L,,203,REDDICK ST, ,HOMERVILLE,GA,31634-3225,203,REDDICK ST,,HOMERVILLE,GA,31634-3225,A,C,Administrative Cancellation,10/19/2017,10/20/2017,11/07/2017,MAILED,NO,NO,DISABLED,NO,H,H,001,008,174,ALAP,00012,,00008,73,
CLINCH,07737375,GANT,PHILLIP,ROY,,35,SHIRLEY LN, ,HOMERVILLE,GA,31634,35,SHIRLEY LN,,HOMERVILLE,GA,31634,A,A,,10/23/2017,10/23/2017,10/23/2017,IN PERSON,NO,NO,,NO,H,H,001,008,174,ALAP,00011,032003,00083,92,
CLINCH,01058382,JOHNSTON,WAYNE,ALAN,,259,COURTLAND AVE, ,HOMERVILLE,GA,31634-2528,259,COURTLAND AVE,,HOMERVILLE,GA,31634-2528,A,A,,10/18/2017,10/18/2017,10/18/2017,IN PERSON,NO,NO,,NO,H,H,001,008,174,ALAP,00009,032003,00037,40,
CLINCH,05739611,WILLIAMS,DANIELLE,NICOLE,,77,MELISSA ST, ,HOMERVILLE,GA,31634-3339,77,MELISSA ST,,HOMERVILLE,GA,31634-3339,A,A,,11/02/2017,11/02/2017,11/02/2017,IN PERSON,NO,NO,,NO,H,H,001,008,174,ALAP,00012,032003,00144,163,
CLINCH,04949983,SWINSON,CHARLENE,,,534,W FOREST AVE, ,HOMERVILLE,GA,31634,534,W FOREST AVE,,HOMERVILLE,GA,31634,A,A,,10/26/2017,10/27/2017,11/02/2017,MAILED,NO,NO,DISABLED,NO,H,H,001,008,174,ALAP,00012,,00013,124,
CLINCH,01059231,MCCLAINE,JOSEPH,W,,53,GILLICAN CIR, ,HOMERVILLE,GA,31634,53,GILLICAN CIR,,HOMERVILLE,GA,31634,A,A,,10/30/2017,10/30/2017,10/30/2017,IN PERSON,NO,NO,,NO,H,H,001,008,174,ALAP,00012,032003,00122,139,
CLINCH,01059757,MILLER,MARGARET,S,,313,PINE ST, ,HOMERVILLE,GA,31634-2159,313,PINE ST,,HOMERVILLE,GA,31634-2159,A,A,,10/16/2017,10/16/2017,10/16/2017,IN PERSON,NO,NO,,NO,H,H,001,008,174,ALAP,00010,032003,00001,1,
CLINCH,05985006,BOLDEN,EDWARD,,,25,BARR ST, ,HOMERVILLE,GA,31634,25,BARR ST,,HOMERVILLE,GA,31634,A,A,,11/03/2017,11/03/2017,11/03/2017,IN PERSON,NO,NO,,NO,H,H,001,008,174,ALAP,00012,032003,00159,178,
CLINCH,03260881,DAYE,ILA,DENICE,,107,POPPELL SQ, ,HOMERVILLE,GA,31634-3311,107,POPPELL SQ,,HOMERVILLE,GA,31634-3311,A,A,,10/23/2017,10/23/2017,10/23/2017,IN PERSON,NO,NO,,NO,H,H,001,008,174,ALAP,00012,032003,00080,89,
CLINCH,01059959,WILLIAMS,JIMMY,LEE,,337,BROWN ST, ,HOMERVILLE,GA,31634-3353,337,BROWN ST,,HOMERVILLE,GA,31634-3353,A,A,,10/17/2017,10/17/2017,10/30/2017,MAILED,NO,NO,DISABLED,NO,H,H,001,008,174,ALAP,00012,,00001,26,
CLINCH,01057937,DELK,J,D,,150,OLD PEARSON RD, ,HOMERVILLE,GA,31634-2235,150,OLD PEARSON RD,,HOMERVILLE,GA,31634-2235,A,A,,10/17/2017,10/17/2017,10/17/2017,IN PERSON,NO,NO,,NO,H,H,001,008,174,ALAP,00010,032003,00022,22,
CLINCH,01058244,HERRIN,PATTI,MELINDA,,143,SWEAT ST, ,HOMERVILLE,GA,31634-2510,143,SWEAT ST,,HOMERVILLE,GA,31634-2510,A,A,,11/03/2017,11/03/2017,11/03/2017,IN PERSON,NO,NO,,NO,H,H,001,008,174,ALAP,00009,032003,00158,177,
CLINCH,10087838,COOPER,BRIANNA,,,230,BROWN ST, ,HOMERVILLE,GA,31634,230,BROWN ST,,HOMERVILLE,GA,31634,A,A,,10/26/2017,10/26/2017,10/26/2017,IN PERSON,NO,NO,,NO,H,H,001,008,174,ALAP,00012,032003,00104,116,
CLINCH,01059317,TOUCHTON,JANET,C,,108,W FOREST AVE, ,HOMERVILLE,GA,31634-3414,108,W FOREST AVE,,HOMERVILLE,GA,31634-3414,A,A,,10/23/2017,10/23/2017,10/23/2017,IN PERSON,NO,NO,,NO,H,H,001,008,174,ALAP,00012,032003,00085,94,
CLINCH,01059885,ARMSTRONG,ROBERT,,,126,REDDICK ST, ,HOMERVILLE,GA,31634-3222,126,REDDICK ST,,HOMERVILLE,GA,31634-3222,A,A,,10/23/2017,10/25/2017,10/31/2017,MAILED,NO,NO,ELDERLY,NO,H,H,001,008,174,ALAP,00012,,00010,107,
CLINCH,01059410,WILLIAMS,GEORGIA,LEE,,337,BROWN ST, ,HOMERVILLE,GA,31634,337,BROWN ST,,HOMERVILLE,GA,31634,A,R,Signature Match,10/17/2017,10/17/2017,10/27/2017,MAILED,NO,NO,ELDERLY,NO,H,H,001,008,174,ALAP,00012,,00002,27,
CLINCH,01058306,WALKER,MARGARET,R,,323,E DAME AVE, ,HOMERVILLE,GA,31634-2530,323,E DAME AVE,,HOMERVILLE,GA,31634-2530,A,A,,10/18/2017,10/18/2017,10/18/2017,IN PERSON,NO,NO,,NO,H,H,001,008,174,ALAP,00009,032003,00039,42,
CLINCH,01057651,BOLDEN,ORA,DEE,,17,ROBINSON ST, ,HOMERVILLE,GA,31634-3265,17,ROBINSON ST,,HOMERVILLE,GA,31634-3265,A,A,,10/20/2017,10/31/2017,11/03/2017,MAILED,YES,NO,DISABLED,NO,H,H,001,008,174,ALAP,00012,,00018,147,
CLINCH,11259693,DICKERSON,KRISTIANNA,SYBIL,,470,VIRGINIA AVE, ,HOMERVILLE,GA,31634,470,VIRGINIA AVE,,HOMERVILLE,GA,31634-3034,A,A,,10/18/2017,10/18/2017,10/18/2017,IN PERSON,NO,NO,,NO,H,H,001,008,174,ALAP,00012,032003,00052,55,
CLINCH,01059913,ROBINSON,CHARLOTTE,S,,52,SESSOMS MEMORIAL HWY, ,HOMERVILLE,GA,31634,52,SESSOMS MEMORIAL ,,HOMERVILLE,GA,31634,A,A,,10/16/2017,10/16/2017,10/16/2017,IN PERSON,NO,NO,,NO,H,H,001,008,174,ALAP,00009,032003,00002,2,
CLINCH,06239761,MONROE,TIFFANY,NICOLE,,70,POPPELL SQ, ,HOMERVILLE,GA,31634-3300,70,POPPELL SQ,,HOMERVILLE,GA,31634-3300,A,A,,10/16/2017,10/16/2017,10/16/2017,IN PERSON,NO,NO,DISABLED,NO,H,H,001,008,174,ALAP,00012,032003,00008,8,
CLINCH,04409898,WILLIAMS,BRIGETTE,LAVA,,159,POPPELL SQ, ,HOMERVILLE,GA,31634-3311,159,POPPELL SQ,,HOMERVILLE,GA,31634-3311,A,A,,10/16/2017,10/16/2017,10/16/2017,IN PERSON,NO,NO,,NO,H,H,001,008,174,ALAP,00012,032003,00006,6,
CLINCH,01058494,LEE,DONALD,DWAYNE,,127,COURTLAND AVE, ,HOMERVILLE,GA,31634-2526,127,COURTLAND AVE,,HOMERVILLE,GA,31634-2526,A,A,,11/03/2017,11/03/2017,11/03/2017,IN PERSON,NO,NO,,NO,H,H,001,008,174,ALAP,00009,032003,00157,176,
CLINCH,01057569,AYERS,MARY,LYNN NAIL,,361,N CHURCH ST, ,HOMERVILLE,GA,31634-2453,361,N CHURCH ST,,HOMERVILLE,GA,31634-2453,A,A,,10/16/2017,10/16/2017,10/16/2017,IN PERSON,NO,NO,,NO,H,H,001,008,174,ALAP,00010,032003,00005,5,
CLINCH,05697524,EDWARDS,JEREMY,RYAN,,308,N COLLEGE ST, ,HOMERVILLE,GA,31634-2247,308,N COLLEGE ST,,HOMERVILLE,GA,31634-2247,A,A,,10/20/2017,10/20/2017,10/20/2017,IN PERSON,NO,NO,,NO,H,H,001,008,174,ALAP,00010,032003,00072,81,
CLINCH,05972336,WILLIAMS,ALFONSO,,,337,BROWN ST, ,HOMERVILLE,GA,31634-3353,337,BROWN ST,,HOMERVILLE,GA,31634-3353,A,A,,10/17/2017,10/17/2017,10/27/2017,MAILED,YES,NO,DISABLED,NO,H,H,001,008,174,ALAP,00012,,00003,28,
CLINCH,03725408,MOSLEY,VODEAN,,,128,WASHINGTON CIR, ,HOMERVILLE,GA,31634-3102,128,WASHINGTON CIR,,HOMERVILLE,GA,31634-3102,A,A,,10/17/2017,10/17/2017,10/17/2017,IN PERSON,NO,NO,,NO,H,H,001,008,174,ALAP,00012,032003,00023,23,
CLINCH,04059857,WILSON,DEBRA,BERNICE,,47,CRESCENT DR, ,HOMERVILLE,GA,31634,47,CRESCENT DR,,HOMERVILLE,GA,31634,A,A,,10/26/2017,10/26/2017,10/26/2017,IN PERSON,NO,NO,,NO,H,H,001,008,174,ALAP,00010,032003,00108,120,
CLINCH,03273941,KING,PATRICIA,B,,119,OLD FARGO RD, ,HOMERVILLE,GA,31634-2801,119,OLD FARGO RD,,HOMERVILLE,GA,31634-2801,A,,,11/03/2017,11/03/2017,,MAILED,NO,NO,DISABLED,NO,H,H,001,008,174,ALAP,00011,,00020,187,
CLINCH,05392744,MARSHALL,TERESA,C,,513,REDDICK ST, ,HOMERVILLE,GA,31634-3306,513,REDDICK ST,,HOMERVILLE,GA,31634-3306,A,A,,10/17/2017,10/17/2017,10/17/2017,IN PERSON,NO,NO,,NO,H,H,001,008,174,ALAP,00012,032003,00027,30,
CLINCH,11000453,NELSON,LAKEN,MELISSA,,73,FRANK SESSOMS MEMORIAL HWY, ,HOMERVILLE,GA,31634,73,FRANK SESSOMS ,,HOMERVILLE,GA,31634,A,A,,11/03/2017,11/03/2017,11/03/2017,IN PERSON,NO,NO,,NO,H,H,001,008,174,ALAP,00009,032003,00162,181,
CLINCH,01059223,SUTTON,BERRIEN,L,,172,W DAME AVE, ,HOMERVILLE,GA,31634-2131,172,W DAME AVE,,HOMERVILLE,GA,31634-2131,A,A,,10/17/2017,10/17/2017,10/17/2017,IN PERSON,NO,NO,,NO,H,H,001,008,174,ALAP,00010,032003,00024,24,
CLINCH,01058896,REGISTER,RUDOLPH,C,,230,N COLLEGE ST, ,HOMERVILLE,GA,31634-2245,230,N COLLEGE ST,,HOMERVILLE,GA,31634-2245,A,A,,10/20/2017,10/20/2017,10/20/2017,IN PERSON,NO,NO,,NO,H,H,001,008,174,ALAP,00010,032003,00063,68,
CLINCH,06291611,HOLLAND,MARY,MOBLEY,,141,POPPELL SQ, ,HOMERVILLE,GA,31634,141,POPPELL SQ,,HOMERVILLE,GA,31634,A,A,,10/17/2017,10/17/2017,10/17/2017,IN PERSON,NO,NO,,NO,H,H,001,008,174,ALAP,00012,032003,00021,21,
CLINCH,01058844,POPE,ALAN,LEE,,137,PALMETTO DR, ,HOMERVILLE,GA,31634-2837,137,PALMETTO DR,,HOMERVILLE,GA,31634-2837,A,A,,11/02/2017,11/02/2017,11/02/2017,IN PERSON,NO,NO,,NO,H,H,001,008,174,ALAP,00011,032003,00148,167,
CLINCH,10193163,VARNEDOE,SARAH,GALPHIN,,130,VIRGINIA AVE, ,HOMERVILLE,GA,31634,130,VIRGINIA AVE,,HOMERVILLE,GA,31634,A,A,,11/02/2017,11/02/2017,11/02/2017,IN PERSON,NO,NO,,NO,H,H,001,008,174,ALAP,00011,032003,00147,166,
CLINCH,07926695,MINGO,JASMINE,NICOLE,,250,OLD FARGO RD, ,HOMERVILLE,GA,31634-2814,250,OLD FARGO RD,,HOMERVILLE,GA,31634-2814,A,A,,10/19/2017,10/19/2017,10/19/2017,IN PERSON,NO,NO,,NO,H,H,001,008,174,ALAP,00011,032003,00057,62,
CLINCH,01057888,CROSS,CHARLIE,MAE,,11,BROWN ST, ,HOMERVILLE,GA,31634-3315,11,BROWN ST,,HOMERVILLE,GA,31634-3315,A,A,,10/18/2017,10/18/2017,10/18/2017,IN PERSON,NO,NO,,NO,H,H,001,008,174,ALAP,00012,032003,00047,50,
CLINCH,01058261,HINSON,KAY,S,,400,PINE ST, ,HOMERVILLE,GA,31634-2161,400,PINE ST,,HOMERVILLE,GA,31634-2161,A,A,,11/01/2017,11/01/2017,11/01/2017,IN PERSON,NO,NO,,NO,H,H,001,008,174,ALAP,00010,032003,00133,152,
CLINCH,08599792,ISAAC,DANIEL,RAYDER,,436,CARSWELL ST, ,HOMERVILLE,GA,31634-2312,436,CARSWELL ST,,HOMERVILLE,GA,31634-2312,A,A,,10/20/2017,10/20/2017,10/20/2017,IN PERSON,NO,NO,,NO,H,H,001,008,174,ALAP,00009,032003,00066,75,
CLINCH,07438643,BALL,VIRGINIA,SUE,,185,E DAME AVE, ,HOMERVILLE,GA,31634-2456,185,E DAME AVE,,HOMERVILLE,GA,31634-2456,A,A,,10/19/2017,10/19/2017,10/19/2017,IN PERSON,NO,NO,,NO,H,H,001,008,174,ALAP,00009,032003,00058,63,
CLINCH,04400457,JENKINS,DANIEL,,,383,OLD FARGO RD, ,HOMERVILLE,GA,31634-2811,,PO BOX 122,,HOMERVILLE,GA,31634-0012,A,A,,10/23/2017,10/23/2017,10/23/2017,IN PERSON,NO,NO,,NO,H,H,001,008,174,ALAP,00011,032003,00082,91,
CLINCH,10000466,MCLUTCHIN,HENRY,,JR,325,WIREGRASS ST, ,HOMERVILLE,GA,31634,,P. O. BOX 88,,DUPONT,GA,31630,A,C,Ballot was Undelivered,10/18/2017,10/19/2017,11/06/2017,MAILED,NO,NO,DISABLED,NO,H,H,001,008,174,ALAP,00011,,00004,57,
CLINCH,01060616,WALKER,XAVIER,C,,70,PINEVIEW ST, ,HOMERVILLE,GA,31634-2828,70,PINEVIEW ST,,HOMERVILLE,GA,31634-2828,A,A,,10/17/2017,10/17/2017,10/17/2017,IN PERSON,NO,NO,,NO,H,H,001,008,174,ALAP,00011,032003,00029,32,
CLINCH,01058037,FRANKLIN,CONSTANCE,,,487,W FOREST AVE, ,HOMERVILLE,GA,31634-3453,,PO BOX 261,,HOMERVILLE,GA,31634-0026,A,A,,10/27/2017,10/27/2017,10/27/2017,IN PERSON,NO,NO,,NO,H,H,001,008,174,ALAP,00012,032003,00112,128,
CLINCH,01059041,SMITH,GAIL,W,,160,GIBBS ST, ,HOMERVILLE,GA,31634-2503,160,GIBBS ST,,HOMERVILLE,GA,31634-2503,A,A,,10/30/2017,10/30/2017,10/30/2017,IN PERSON,NO,NO,,NO,H,H,001,008,174,ALAP,00009,032003,00123,140,
CLINCH,01060830,MONROE,KATRINA,M,,70,POPPELL SQ, ,HOMERVILLE,GA,31634-3300,70,POPPELL SQ,,HOMERVILLE,GA,31634-3300,A,A,,10/16/2017,10/16/2017,10/16/2017,IN PERSON,NO,NO,DISABLED,NO,H,H,001,008,174,ALAP,00012,032003,00007,7,
CLINCH,10014731,WILSON,PEGGY,,,56,BARR ST, ,HOMERVILLE,GA,31634,56,BARR ST,,HOMERVILLE,GA,31634,A,A,,10/24/2017,10/24/2017,10/24/2017,IN PERSON,NO,NO,,NO,H,H,001,008,174,ALAP,00012,032003,00091,100,
CLINCH,01059556,RICHARDSON,LORRAINE,T,,12,BROWN ST, ,HOMERVILLE,GA,31634-3316,12,BROWN ST,,HOMERVILLE,GA,31634-3316,A,A,,10/26/2017,10/26/2017,10/26/2017,IN PERSON,NO,NO,,NO,H,H,001,008,174,ALAP,00012,032003,00111,123,
CLINCH,01059720,MILLER,ROY,L,,313,PINE ST, ,HOMERVILLE,GA,31634-2159,313,PINE ST,,HOMERVILLE,GA,31634-2159,A,A,,10/25/2017,10/25/2017,10/25/2017,IN PERSON,NO,NO,,NO,H,H,001,008,174,ALAP,00010,032003,00099,111,
CLINCH,10063709,BROWN,ANNELISE,ELIZABETH,,280,VIRGINIA AVE, ,HOMERVILLE,GA,31634,280,VIRGINIA AVE,,HOMERVILLE,GA,31634,A,A,,10/31/2017,10/31/2017,10/31/2017,IN PERSON,NO,NO,,NO,H,H,001,008,174,ALAP,00012,032003,00129,146,
CLINCH,03523791,JOHNSON,PAMELA,SHERIECE,,480,N SWEAT ST,APT. 16,HOMERVILLE,GA,31634,480,N SWEAT ST,APT. 16,HOMERVILLE,GA,31634,A,A,,10/27/2017,10/27/2017,10/27/2017,IN PERSON,NO,NO,,NO,H,H,001,008,174,ALAP,00009,032003,00117,134,
CLINCH,01057772,CASON,ERNEST,FRANKLIN,JR,208,E DAME AVE, ,HOMERVILLE,GA,31634-2455,208,E DAME AVE,,HOMERVILLE,GA,31634-2455,A,A,,10/16/2017,10/16/2017,10/16/2017,IN PERSON,NO,NO,,NO,H,H,001,008,174,ALAP,00011,032003,00014,14,
CLINCH,07736792,JOHNSON,TERRETHA,LOUANA,,480,W FOREST AVE, ,HOMERVILLE,GA,31634,480,W FOREST AVE,,HOMERVILLE,GA,31634,A,A,,10/26/2017,10/26/2017,10/26/2017,IN PERSON,NO,NO,,NO,H,H,001,008,174,ALAP,00012,032003,00106,118,
CLINCH,04961353,ADAMS,JAMES,L,SR,296,E DAME AVE, ,HOMERVILLE,GA,31634-2455,296,E DAME AVE,,HOMERVILLE,GA,31634-2455,A,A,,11/03/2017,11/03/2017,11/03/2017,IN PERSON,NO,NO,,NO,H,H,001,008,174,ALAP,00011,032003,00167,186,
CLINCH,06189435,WILLIAMS,GEORGE,,III,77,MELISSA ST, ,HOMERVILLE,GA,31634,77,MELISSA ST,,HOMERVILLE,GA,31634,A,A,,11/03/2017,11/03/2017,11/03/2017,IN PERSON,NO,NO,,NO,H,H,001,008,174,ALAP,00012,032003,00150,169,
CLINCH,01058141,GRUVER,CHARLES,,JR,164,WEST PLANT AVE, ,HOMERVILLE,GA,31634,164,"PO BOX 266,WEST PLANT ",,HOMERVILLE,GA,31634-0026,A,A,,11/03/2017,11/03/2017,11/03/2017,IN PERSON,NO,NO,,NO,H,H,001,008,174,ALAP,00012,032003,00151,170,
CLINCH,05353887,BESS,LANSO,,,36,HAPPYVILLE LN, ,HOMERVILLE,GA,31634-2848,235,OLD FARGO ROAD,,HOMERVILLE,GA,31634-2848,A,,,10/24/2017,10/25/2017,,MAILED,NO,NO,DISABLED,NO,H,H,001,008,174,ALAP,00011,,00011,108,
CLINCH,01058584,MARTIN,LOUIS,PHILIPS,,64,LOCKLIER RD, ,HOMERVILLE,GA,31634-1503,64,"PO BOX 296,LOCKLIER RD.",,HOMERVILLE,GA,31634-0029,A,A,,11/02/2017,11/02/2017,11/02/2017,IN PERSON,NO,NO,,NO,H,H,001,008,174,ALAP,00009,032003,00139,158,
CLINCH,01059261,MERRITT,JOSEPH,ALLEN,,75,TOMLINSON ST, ,HOMERVILLE,GA,31634,75,TOMLINSON ST,,HOMERVILLE,GA,31634,A,A,,10/18/2017,10/18/2017,10/18/2017,IN PERSON,NO,NO,,NO,H,H,001,008,174,ALAP,00010,032003,00043,46,
CLINCH,01058887,REGISTER,LOREAN,C,,230,N COLLEGE ST, ,HOMERVILLE,GA,31634-2245,230,N COLLEGE ST,,HOMERVILLE,GA,31634-2245,A,A,,10/20/2017,10/20/2017,10/20/2017,IN PERSON,NO,NO,,NO,H,H,001,008,174,ALAP,00010,032003,00065,72,
CLINCH,07755363,ODOMS,ALVIN,,JR,130,ROBINSON ST, ,HOMERVILLE,GA,31634-3269,130,ROBINSON ST,,HOMERVILLE,GA,31634-3269,A,A,,10/25/2017,10/25/2017,10/25/2017,IN PERSON,NO,NO,,NO,H,H,001,008,174,ALAP,00012,032003,00098,110,
CLINCH,01058260,HINSON,DAVID,W,,400,PINE ST, ,HOMERVILLE,GA,31634-2161,400,PINE ST,,HOMERVILLE,GA,31634-2161,A,A,,10/26/2017,10/26/2017,10/26/2017,IN PERSON,NO,NO,,NO,H,H,001,008,174,ALAP,00010,032003,00109,121,
CLINCH,01057651,BOLDEN,ORA,DEE,,17,ROBINSON ST, ,HOMERVILLE,GA,31634-3265,17,ROBINSON ST,,HOMERVILLE,GA,31634-3265,A,C,Rejected Ballot that has been re-issued,10/20/2017,10/20/2017,10/25/2017,MAILED,NO,NO,DISABLED,NO,H,H,001,008,174,ALAP,00012,,00009,74,
CLINCH,01059498,MCCLAINE,ROBERT,L,,157,GILLICAN CIR, ,HOMERVILLE,GA,31634,157,GILLICAN CIR,,HOMERVILLE,GA,31634,A,A,,10/30/2017,10/30/2017,10/30/2017,IN PERSON,NO,NO,,NO,H,H,001,008,174,ALAP,00012,032003,00119,136,
CLINCH,01058957,SANDLIN,BARBARA,FAYE,,63,COURT ST, ,HOMERVILLE,GA,31634-2441,63,COURT ST,,HOMERVILLE,GA,31634-2441,A,A,,10/20/2017,10/20/2017,10/20/2017,IN PERSON,NO,NO,,NO,H,H,001,008,174,ALAP,00010,032003,00074,83,
CLINCH,01059516,SIMON,BETTY,,,208,REDDICK ST, ,HOMERVILLE,GA,31634,208,REDDICK ST,,HOMERVILLE,GA,31634,A,,,10/19/2017,10/20/2017,,MAILED,NO,NO,DISABLED,NO,H,H,001,008,174,ALAP,00012,,00006,70,
CLINCH,01060526,JAMES,HARRY,BRENT,,700,W DAME AVE, ,HOMERVILLE,GA,31634-2142,700,W DAME AVE,,HOMERVILLE,GA,31634-2142,A,A,,10/31/2017,10/31/2017,10/31/2017,IN PERSON,NO,NO,,NO,H,H,001,008,174,ALAP,00010,032003,00130,149,
CLINCH,03508602,GANTS,ANDREA,LEWIS,,35,SHIRLEY LN,UNIT 61,HOMERVILLE,GA,31634,35,SHIRLEY LN,UNIT 61,HOMERVILLE,GA,31634,A,A,,10/23/2017,10/23/2017,10/23/2017,IN PERSON,NO,NO,,NO,H,H,001,008,174,ALAP,00011,032003,00084,93,
CLINCH,01059910,EVANS,WILLIE,MAE,,131,MELISSA ST, ,HOMERVILLE,GA,31634-2085,,PO BOX 215,,HOMERVILLE,GA,31634-0021,A,A,,10/20/2017,10/20/2017,10/20/2017,IN PERSON,NO,NO,,NO,H,H,001,008,174,ALAP,00012,032003,00068,77,
CLINCH,01060852,EDMONDS,SYLVIA,MARIE,,41,OLD FARGO RD, ,HOMERVILLE,GA,31634,41,OLD FARGO RD,,HOMERVILLE,GA,31634,A,A,,10/18/2017,10/18/2017,10/18/2017,IN PERSON,NO,NO,,NO,H,H,001,008,174,ALAP,00011,032003,00049,52,
