County,Voter Registration #,Last Name,First Name,Middle Name,Suffix,Street #,Street Name,Apt/Unit,City,State,Zip Code,Mailing Street #,Mailing Street Name,Mailing Apt/Unit,Mailing City,Mailing State,Mailing Zip Code,Application Status,Ballot Status,Status Reason,Application Date,Ballot Issued Date,Ballot Return Date,Ballot Style,Ballot Assisted,Challenged/Provisional,Designation/Reason Issue,ID Required,Municipal Precinct,County Precinct,CNG,SEN,HOUSE	,JUD,Combo #,Vote Center ID,Ballot ID,Post #,Party
COFFEE,00942852,TAYLOR,DAVID,,,1201,ALMA AVE, ,NICHOLLS,GA,31554-9358,,PO BOX 185,,NICHOLLS,GA,31554-0018,A,A,,10/16/2017,10/25/2017,10/25/2017,IN PERSON,NO,NO,,NO,NICHO,5,012,007,169,WAYC,00119,034018,00008,12,
COFFEE,01605450,CAMPBELL,PATSY,LINTON,,103,S TAYLOR ST, ,NICHOLLS,GA,31554,,PO BOX 38,,NICHOLLS,GA,31554-0003,A,A,,11/02/2017,11/02/2017,11/02/2017,IN PERSON,NO,NO,,NO,NICHO,5,012,007,169,WAYC,00119,034018,00011,17,
COFFEE,08644710,WAMSLEY,ROGER,LEE,,1002,TESTON AVE, ,NICHOLLS,GA,31554,1002,TESTON AVE,,NICHOLLS,GA,31554,A,A,,10/19/2017,10/25/2017,10/25/2017,IN PERSON,NO,NO,,NO,NICHO,5,012,007,169,WAYC,00119,034018,00006,10,
COFFEE,00942835,TANNER,GLYNN,HAROLD,,501,TESTON AVE, ,NICHOLLS,GA,31554-8830,501,TESTON AVE,,NICHOLLS,GA,31554-8830,A,A,,10/20/2017,10/25/2017,10/25/2017,IN PERSON,NO,NO,,NO,NICHO,5,012,007,169,WAYC,00119,034018,00004,8,
COFFEE,00942669,PAGE,LOUISE,HOLLAND,,200,S MAIN ST, ,NICHOLLS,GA,31554,,PO BOX 265,,NICHOLLS,GA,31554-0026,A,A,,10/25/2017,10/25/2017,10/25/2017,IN PERSON,NO,NO,,NO,NICHO,5,012,007,169,WAYC,00119,034018,00009,13,
COFFEE,00942863,TAYLOR,MYRTLE,JOAN,,1201,ALMA AVE, ,NICHOLLS,GA,31554-9358,1201,ALMA AVE,,NICHOLLS,GA,31554-5103,A,A,,10/20/2017,10/25/2017,10/25/2017,IN PERSON,NO,NO,,NO,NICHO,5,012,007,169,WAYC,00119,034018,00003,7,
COFFEE,00953665,TAYLOR,ELIZABETH,DELYNN,,1304,ALMA AVE, ,NICHOLLS,GA,31554-5104,1304,ALMA AVE,,NICHOLLS,GA,31554-5104,A,A,,11/03/2017,11/07/2017,11/07/2017,IN PERSON,NO,NO,,NO,NICHO,5,012,007,169,WAYC,00119,034018,00019,25,
COFFEE,00942272,KIRKLAND,JUDY,ANN,,800,BIRMINGHAM AVE, ,NICHOLLS,GA,31554,,PO BOX 204,,NICHOLLS,GA,31554-0020,A,,,10/27/2017,10/27/2017,,MAILED,NO,NO,,NO,NICHO,5,012,007,169,WAYC,00119,,00005,16,
COFFEE,07035985,PERSONS,RICHARD,NEIL,,901,N LIBERTY ST, ,NICHOLLS,GA,31554-4016,901,N LIBERTY ST,,NICHOLLS,GA,31554-4016,A,A,,11/02/2017,11/02/2017,11/02/2017,IN PERSON,NO,NO,,NO,NICHO,5,012,007,169,WAYC,00119,034018,00015,21,
COFFEE,00942454,JOHNSON,MAXINE,,,401,N LIBERTY ST, ,NICHOLLS,GA,31554-4074,,PO BOX 252,,NICHOLLS,GA,31554-0025,A,R,DID NOT SIGN,10/17/2017,10/17/2017,10/27/2017,MAILED,NO,NO,,NO,NICHO,5,012,007,169,WAYC,00119,,00003,3,
COFFEE,08099714,MILLER,WILLIAM,THOMAS,JR,706,BIRMINGHAM AVE, ,NICHOLLS,GA,31554-5089,,PO BOX 145,,NICHOLLS,GA,31554-0014,A,A,,11/02/2017,11/02/2017,11/02/2017,IN PERSON,NO,NO,,NO,NICHO,5,012,007,169,WAYC,00119,034018,00013,19,
COFFEE,00941822,JOHNSON,ROBERT,LEE,,401,N LIBERTY ST, ,NICHOLLS,GA,31554-4074,,PO BOX 252,,NICHOLLS,GA,31554-0025,A,,,10/17/2017,10/17/2017,,MAILED,NO,NO,,NO,NICHO,5,012,007,169,WAYC,00119,,00002,2,
COFFEE,07119604,MERRITT,HENRY,BROOKS,JR,902,PINE ST, ,NICHOLLS,GA,31554-4077,902,PINE ST,,NICHOLLS,GA,31554-4077,A,,,10/17/2017,10/17/2017,,MAILED,NO,NO,,NO,NICHO,5,012,007,169,WAYC,00119,,00001,1,
COFFEE,06027646,JOHNSON,RONNIE,SCOTT,,1102,JONES AVE, ,NICHOLLS,GA,31554,1102,JONES AVE,,NICHOLLS,GA,31554,A,A,,10/19/2017,10/25/2017,10/25/2017,IN PERSON,NO,NO,,NO,NICHO,5,012,007,169,WAYC,00119,034018,00005,9,
COFFEE,07561401,TIMS,BENJAMIN,FRANK,,903,CHATTERTON AVE, ,NICHOLLS,GA,31554-4541,,PO BOX 331,,NICHOLLS,GA,31554-0033,A,A,,10/30/2017,11/02/2017,11/02/2017,IN PERSON,NO,NO,,NO,NICHO,5,012,007,169,WAYC,00119,034018,00016,22,
COFFEE,06895218,PALMER,CHARLES,EUGENE,,907,PINE ST, ,NICHOLLS,GA,31554-4078,907,PINE ST,,NICHOLLS,GA,31554-4078,A,A,,10/25/2017,10/25/2017,10/25/2017,IN PERSON,NO,NO,,NO,NICHO,5,012,007,169,WAYC,00119,034018,00001,5,
COFFEE,11439748,PERSONS,RICHARD,LEE,,1200,BIRMINGHAM AVE, ,NICHOLLS,GA,31554,1200,BIRMINGHAM AVE,,NICHOLLS,GA,31554-3902,A,A,,11/02/2017,11/02/2017,11/02/2017,IN PERSON,NO,NO,,NO,NICHO,5,012,007,169,WAYC,00119,034018,00014,20,
COFFEE,11133603,RILES,TY'RENZIA,,,907,PINE ST, ,NICHOLLS,GA,31554,907,PINE ST,,NICHOLLS,GA,31554,A,A,,10/30/2017,11/02/2017,11/02/2017,IN PERSON,NO,NO,,NO,NICHO,5,012,007,169,WAYC,00119,034018,00017,23,
COFFEE,00942848,TAYLOR,BETTY,JEAN,,1301,BRUNSWICK AVE, ,NICHOLLS,GA,31554-5111,1301,BRUNSWICK AVE,,NICHOLLS,GA,31554-5111,A,A,,11/03/2017,11/07/2017,11/07/2017,IN PERSON,NO,NO,,NO,NICHO,5,012,007,169,WAYC,00119,034018,00020,26,
COFFEE,00942668,PAGE,LAVERNE,F,,300,S LIBERTY ST, ,NICHOLLS,GA,31554-9389,,PO BOX 337,,NICHOLLS,GA,31554-0033,A,A,,10/27/2017,10/27/2017,11/07/2017,MAILED,NO,NO,,NO,NICHO,5,012,007,169,WAYC,00119,,00006,15,
COFFEE,01605447,CAMPBELL,JERRY,FRANKLIN,,103,S TAYLOR ST, ,NICHOLLS,GA,31554,,PO BOX 38,,NICHOLLS,GA,31554-0003,A,A,,11/02/2017,11/02/2017,11/02/2017,IN PERSON,NO,NO,,NO,NICHO,5,012,007,169,WAYC,00119,034018,00012,18,
COFFEE,00952477,BRACKINS,DIANNE,BURKS,,907,PINE ST, ,NICHOLLS,GA,31554-4078,,PO BOX 485,,NICHOLLS,GA,31554-0048,A,A,,10/24/2017,10/25/2017,10/25/2017,IN PERSON,NO,NO,,NO,NICHO,5,012,007,169,WAYC,00119,034018,00002,6,
COFFEE,00942220,DARBY,MARY,LOUISE,,500,DOUGLAS AVE W, ,NICHOLLS,GA,31554-4514,500,DOUGLAS AVE W,,NICHOLLS,GA,31554-4514,A,A,,10/25/2017,10/26/2017,10/26/2017,IN PERSON,NO,NO,,NO,NICHO,5,012,007,169,WAYC,00119,034018,00010,14,
COFFEE,00951857,MITCHELL,DEBRA,ELAINE,,101,N MIDDLETON ST, ,NICHOLLS,GA,31554-8839,101,N MIDDLETON ST,,NICHOLLS,GA,31554-8839,A,A,,11/03/2017,11/07/2017,11/07/2017,IN PERSON,NO,NO,,NO,NICHO,5,012,007,169,WAYC,00119,034018,00018,24,
COFFEE,00942830,TANNER,ELIZABETH,DIANA,,501,TESTON AVE, ,NICHOLLS,GA,31554-8830,501,TESTON AVE,,NICHOLLS,GA,31554-8830,A,A,,10/19/2017,10/25/2017,10/25/2017,IN PERSON,NO,NO,,NO,NICHO,5,012,007,169,WAYC,00119,034018,00007,11,
COFFEE,00943449,MURRAY,RENEE,S,,1116,BIRMINGHAM AVE, ,NICHOLLS,GA,31554-3900,133,CANDLEWOOD DR,,ALMA,GA,31510,A,,,10/19/2017,10/19/2017,,MAILED,NO,NO,,NO,NICHO,5,012,007,169,WAYC,00119,,00004,4,
