County,Voter Registration #,Last Name,First Name,Middle Name,Suffix,Street #,Street Name,Apt/Unit,City,State,Zip Code,Mailing Street #,Mailing Street Name,Mailing Apt/Unit,Mailing City,Mailing State,Mailing Zip Code,Application Status,Ballot Status,Status Reason,Application Date,Ballot Issued Date,Ballot Return Date,Ballot Style,Ballot Assisted,Challenged/Provisional,Designation/Reason Issue,ID Required,Municipal Precinct,County Precinct,CNG,SEN,HOUSE	,JUD,Combo #,Vote Center ID,Ballot ID,Post #,Party
COLUMBIA,02257156,BUTLER,MILDRED,LEE,,140,BALLARD DR, ,HARLEM,GA,30814-5066,140,BALLARD DR,,HARLEM,GA,30814-5066,A,,,10/06/2017,10/16/2017,,MAILED,NO,NO,DISABLED,NO,H1,020,012,023,121,AUGU,00319,,00002,2,
COLUMBIA,02260375,WILEY,BOBBY,R,,101,ADAMS LN, ,GROVETOWN,GA,30813-1060,101,ADAMS LN,,GROVETOWN,GA,30813-1060,A,A,,11/01/2017,11/01/2017,11/01/2017,IN PERSON,NO,NO,,NO,G3,033,012,024,121,AUGU,00317,036053,00033,51,
COLUMBIA,01476033,ROWLAND,GLENN,MARION,,2016,LAKE FOREST DR, ,GROVETOWN,GA,30813-1237,2016,LAKE FOREST DR,,GROVETOWN,GA,30813-1237,A,A,,11/01/2017,11/01/2017,11/01/2017,IN PERSON,NO,NO,,NO,G3,033,012,024,121,AUGU,00317,036053,00027,45,
COLUMBIA,06191844,GERALD,JAMES,ERVIN,,6243,FREEDOM CIR, ,GROVETOWN,GA,30813-1213,6243,FREEDOM CIR,,GROVETOWN,GA,30813-1213,A,A,,10/16/2017,10/16/2017,10/16/2017,IN PERSON,NO,NO,,NO,G1,030,012,023,121,AUGU,00316,036053,00003,9,
COLUMBIA,02259608,SMITH,MARTHA,P,,208,TAYLOR CIR, ,GROVETOWN,GA,30813-1298,208,TAYLOR CIR,,GROVETOWN,GA,30813-1298,A,A,,10/16/2017,10/16/2017,10/16/2017,IN PERSON,NO,NO,,NO,G2,031,012,023,121,AUGU,00316,036053,00001,7,
COLUMBIA,02260373,WILEY,BETTY,A,,101,ADAMS LN, ,GROVETOWN,GA,30813-1060,101,ADAMS LN,,GROVETOWN,GA,30813-1060,A,A,,11/01/2017,11/01/2017,11/01/2017,IN PERSON,NO,NO,,NO,G3,033,012,024,121,AUGU,00317,036053,00030,48,
COLUMBIA,02257204,BUTLER,JASPER,CLOWER,,140,BALLARD DR, ,HARLEM,GA,30814-5066,140,BALLARD DR,,HARLEM,GA,30814-5066,A,C,DECEASED ON 10/15/17,10/06/2017,10/16/2017,11/02/2017,MAILED,NO,NO,ELDERLY,NO,H1,020,012,023,121,AUGU,00319,,00001,1,
COLUMBIA,02265799,WILLIAMS,JOYCE,B,,309,2ND AVE,UNIT 1/2,GROVETOWN,GA,30813-2536,309,2ND AVE,UNIT 1/2,GROVETOWN,GA,30813,A,A,,10/25/2017,10/25/2017,11/01/2017,MAILED,NO,NO,,NO,G2,031,012,023,121,AUGU,00316,,00006,29,
COLUMBIA,10121308,HUFFMAN,JAMES,LUTHER,,650,BUTLER SPRINGS CIR, ,GROVETOWN,GA,30813,650,BUTLER SPRINGS CIR,,GROVETOWN,GA,30813,A,A,,11/02/2017,11/02/2017,11/02/2017,IN PERSON,NO,NO,,NO,G2,031,012,023,121,AUGU,00316,036053,00039,57,
COLUMBIA,06717737,CAMPBELL,SAMUEL,,JR,1003,NEWMAN ST, ,GROVETOWN,GA,30813-1134,1003,NEWMAN ST,,GROVETOWN,GA,30813-1134,A,A,,10/26/2017,10/26/2017,11/01/2017,MAILED,NO,NO,DISABLED,NO,G1,030,012,023,121,AUGU,00316,,00003,31,
COLUMBIA,10970683,KANDIAN,VINCENT,ANTHONY,,518,COUNTRY GLEN DR, ,GROVETOWN,GA,30813,518,COUNTRY GLEN DR,,GROVETOWN,GA,30813-3950,A,A,,10/06/2017,10/16/2017,11/07/2017,MAILED,NO,NO,Military Stateside,NO,G3,033,012,024,121,AUGU,00317,,00001,4,
COLUMBIA,02269454,HAWTHORN,GLORIA,G,,410,KATHERINE ST, ,GROVETOWN,GA,30813,410,KATHERINE ST,,GROVETOWN,GA,30813,A,A,,10/20/2017,10/20/2017,10/20/2017,IN PERSON,NO,NO,,NO,G2,031,012,023,121,AUGU,00316,036053,00012,24,
COLUMBIA,02260825,SINGLETARY,MARY,E,,208,3RD AVE, ,GROVETOWN,GA,30813-2528,208,3RD AVE,,GROVETOWN,GA,30813-2528,A,A,,10/19/2017,10/19/2017,11/01/2017,MAILED,NO,NO,ELDERLY,NO,G2,031,012,023,121,AUGU,00316,,00005,22,
COLUMBIA,05105542,FISHER,JOHNATHAN,,,210,TAYLOR CIR, ,GROVETOWN,GA,30813-2220,210,TAYLOR CIR,,GROVETOWN,GA,30813-2220,A,A,,10/17/2017,10/17/2017,10/17/2017,IN PERSON,NO,NO,,NO,G2,031,012,023,121,AUGU,00316,036053,00005,13,
COLUMBIA,07838993,BONESTEEL,NANCY,PIOTROWSKI,,111,THORTON DR, ,GROVETOWN,GA,30813-2209,111,THORTON DR,,GROVETOWN,GA,30813-2209,A,A,,11/03/2017,11/03/2017,11/03/2017,IN PERSON,NO,NO,,NO,G2,031,012,023,121,AUGU,00316,036053,00041,59,
COLUMBIA,05131203,NICHOLAS,WILLIAM,EDWARD,,4918,CAVAN PL, ,GROVETOWN,GA,30813-2240,4918,CAVAN PL,,GROVETOWN,GA,30813-2240,A,A,,11/01/2017,11/01/2017,11/01/2017,IN PERSON,NO,NO,,NO,G2,031,012,023,121,AUGU,00316,036053,00032,50,
COLUMBIA,02263159,CRAWFORD,VICKIE,D,,102,OLD BERZELIA RD, ,GROVETOWN,GA,30813-1110,,PO BOX 472,,GROVETOWN,GA,30813-1110,A,A,,11/03/2017,11/03/2017,11/03/2017,IN PERSON,NO,NO,,NO,G1,030,012,023,121,AUGU,00316,036053,00043,61,
COLUMBIA,02257715,TRUDEAU,MARY,ANNE,,404,WILLIAMS ST, ,GROVETOWN,GA,30813-1349,404,WILLIAMS ST,,GROVETOWN,GA,30813-1349,A,A,,10/18/2017,10/18/2017,10/23/2017,MAILED,NO,NO,DISABLED,NO,G2,031,012,023,121,AUGU,00316,,00004,20,
COLUMBIA,02261315,STEPHENS,CORA,L,,401,NEWMANTOWN RD, ,GROVETOWN,GA,30813-1125,401,NEWMANTOWN RD,,GROVETOWN,GA,30813-1125,A,A,,10/26/2017,10/26/2017,11/01/2017,MAILED,NO,NO,ELDERLY,NO,G1,030,012,023,121,AUGU,00316,,00005,33,
COLUMBIA,05937710,MCQUINN,ROBERT,WAYNE,JR,240,S FAIRVIEW DR, ,HARLEM,GA,30814,240,S FAIRVIEW DR,,HARLEM,GA,30814,A,A,,11/02/2017,11/02/2017,11/02/2017,IN PERSON,NO,NO,,NO,H1,020,010,023,121,AUGU,00318,036053,00036,54,
COLUMBIA,02263199,HOUSE,BONNIE,FAYE,,2018,LAKE FOREST DR, ,GROVETOWN,GA,30813,2018,LAKE FOREST DR,,GROVETOWN,GA,30813,A,A,,11/02/2017,11/02/2017,11/02/2017,IN PERSON,NO,NO,,NO,G3,033,012,024,121,AUGU,00317,036053,00034,52,
COLUMBIA,00218432,WHEELER,PHYLLIS,P,,4602,MARTHAS WAY, ,GROVETOWN,GA,30813,4602,MARTHAS WAY,,GROVETOWN,GA,30813,A,A,,10/04/2017,10/16/2017,10/19/2017,MAILED,NO,NO,ELDERLY,NO,G2,031,012,023,121,AUGU,00316,,00001,3,
COLUMBIA,00161721,HOWARD,LORI,A,,4905,STERLINGTON DR, ,GROVETOWN,GA,30813,4905,STERLINGTON DR,,GROVETOWN,GA,30813,A,A,,11/03/2017,11/03/2017,11/03/2017,IN PERSON,NO,NO,,NO,G2,031,012,023,121,AUGU,00316,036053,00044,62,
COLUMBIA,05567218,SCHILLER,REBECCA,NICOLE,,208,VFW RD, ,GROVETOWN,GA,30813-1141,208,VFW RD,,GROVETOWN,GA,30813-1141,A,A,,10/30/2017,10/30/2017,10/30/2017,IN PERSON,NO,NO,,NO,G1,030,012,023,121,AUGU,00316,036053,00022,40,
COLUMBIA,02261305,SANDLIN,ROSELLA,W,,110,LOTTIE LN, ,GROVETOWN,GA,30813-2905,110,LOTTIE LN,,GROVETOWN,GA,30813-2905,A,A,,11/02/2017,11/02/2017,11/02/2017,IN PERSON,NO,NO,,NO,G1,030,012,023,121,AUGU,00316,036053,00037,55,
COLUMBIA,08928531,GERALD,CHARMAINE,NICOLE,,6243,FREEDOM CIR, ,GROVETOWN,GA,30813-1213,6243,FREEDOM CIR,,GROVETOWN,GA,30813-1213,A,A,,10/31/2017,10/31/2017,10/31/2017,IN PERSON,NO,NO,,NO,G1,030,012,023,121,AUGU,00316,036053,00025,43,
COLUMBIA,08660768,COOK,MATTHEW,TYLER,,207,5TH AVE, ,GROVETOWN,GA,30813-2503,150,BELL ST SE,APT 4307,ATLANTA,GA,30312,A,,,10/17/2017,10/17/2017,,MAILED,NO,NO,,NO,G2,031,012,023,121,AUGU,00316,,00002,11,
COLUMBIA,02259680,JOHNSON,JOHNNIE,E,,213,3RD AVE, ,GROVETOWN,GA,30813-1449,,PO BOX 801,,GROVETOWN,GA,30813-1449,A,A,,10/17/2017,10/17/2017,10/17/2017,IN PERSON,NO,NO,,NO,G2,031,012,023,121,AUGU,00316,036053,00006,14,
COLUMBIA,06733779,GERALD,CANDIES,R,,6243,FREEDOM CIR, ,GROVETOWN,GA,30813-1213,6243,FREEDOM CIR,,GROVETOWN,GA,30813-1213,A,A,,10/27/2017,10/27/2017,10/27/2017,IN PERSON,NO,NO,,NO,G1,030,012,023,121,AUGU,00316,036053,00019,35,
COLUMBIA,05131194,NICHOLAS,SHIRLEY,ELAINE,,4918,CAVAN PL, ,GROVETOWN,GA,30813-2240,4918,CAVAN PL,,GROVETOWN,GA,30813-2240,A,A,,11/01/2017,11/01/2017,11/01/2017,IN PERSON,NO,NO,,NO,G2,031,012,023,121,AUGU,00316,036053,00031,49,
COLUMBIA,02285540,PHILLIPS,LINDA,L,,209,HARLEM GROVETOWN RD, ,GROVETOWN,GA,30813,,PO BOX 245,,GROVETOWN,GA,30813,A,A,,10/31/2017,10/31/2017,10/31/2017,IN PERSON,NO,NO,,NO,G1,030,012,023,121,AUGU,00316,036053,00023,41,
COLUMBIA,02261249,GOODMAN,ANNELIESE,,,408,NEWMANTOWN RD, ,GROVETOWN,GA,30813-1126,408,NEWMANTOWN RD,,GROVETOWN,GA,30813-1126,A,A,,10/26/2017,10/26/2017,11/01/2017,MAILED,NO,NO,ELDERLY,NO,G1,030,012,023,121,AUGU,00316,,00004,32,
COLUMBIA,02266484,CAPETILLO,VICKY,VINSON,,644,MONROE ST, ,GROVETOWN,GA,30813-3649,,PO BOX 967,,GROVETOWN,GA,30813-0096,A,A,,11/03/2017,11/03/2017,11/03/2017,IN PERSON,NO,NO,,NO,G1,030,012,023,121,AUGU,00316,036053,00045,63,
COLUMBIA,02257275,HUFFMAN,JAMES,E,,201,OLD BERZELIA RD, ,GROVETOWN,GA,30813,201,OLD BERZELIA RD,,GROVETOWN,GA,30813,A,A,,10/19/2017,10/19/2017,11/01/2017,MAILED,NO,NO,ELDERLY,NO,G1,030,012,023,121,AUGU,00316,,00002,21,
COLUMBIA,07135505,MARTIN,CYNTHIA,JO,,3020,PARKRIDGE DR, ,GROVETOWN,GA,30813,3020,PARKRIDGE DR,,GROVETOWN,GA,30813,A,A,,10/31/2017,10/31/2017,10/31/2017,IN PERSON,NO,NO,,NO,G3,033,012,024,121,AUGU,00317,036053,00026,44,
COLUMBIA,01441594,REASONER,MARY,ANN,,206,2ND AVE, ,GROVETOWN,GA,30813-2533,,PO BOX 226,,GROVETOWN,GA,30813,A,A,,10/27/2017,10/27/2017,11/02/2017,MAILED,NO,NO,DISABLED,NO,G2,031,012,023,121,AUGU,00316,,00007,38,
COLUMBIA,04469625,PHILLIPS,SAMUEL,EUGENE,,209,HARLEM GROVETOWN RD, ,GROVETOWN,GA,30813-2601,,PO BOX 245,,GROVETOWN,GA,30813-0024,A,A,,10/31/2017,10/31/2017,10/31/2017,IN PERSON,NO,NO,,NO,G1,030,012,023,121,AUGU,00316,036053,00024,42,
COLUMBIA,02280594,SCHWARTZ,CAROLYN,LEWIS,,228,TAYLOR CIR, ,GROVETOWN,GA,30813-2220,228,TAYLOR CIR,,GROVETOWN,GA,30813-2220,A,A,,10/26/2017,10/26/2017,10/26/2017,IN PERSON,NO,NO,,NO,G2,031,012,023,121,AUGU,00316,036053,00018,34,
COLUMBIA,10085546,HUFFMAN,DEBRA,J,,650,BUTLER SPRINGS CIR, ,GROVETOWN,GA,30813,650,BUTLER SPRINGS CIR,,GROVETOWN,GA,30813-2263,A,A,,11/02/2017,11/02/2017,11/02/2017,IN PERSON,NO,NO,,NO,G2,031,012,023,121,AUGU,00316,036053,00038,56,
COLUMBIA,01413978,CABIROY,MICHAEL,,,648,MONROE ST, ,GROVETOWN,GA,30813,648,MONROE ST,,GROVETOWN,GA,30813,A,A,,10/17/2017,10/17/2017,10/30/2017,MAILED,NO,NO,,NO,G1,030,012,023,121,AUGU,00316,,00001,12,
COLUMBIA,02259610,SMITH,RAYMOND,,,208,TAYLOR CIR, ,GROVETOWN,GA,30813-1298,208,TAYLOR CIR,,GROVETOWN,GA,30813-1298,A,A,,10/16/2017,10/16/2017,10/16/2017,IN PERSON,NO,NO,,NO,G2,031,012,023,121,AUGU,00316,036053,00002,8,
COLUMBIA,02257712,TRUDEAU,DENNIS,OSCAR,,404,WILLIAMS ST, ,GROVETOWN,GA,30813-2321,404,WILLIAMS ST,,GROVETOWN,GA,30813-2321,A,A,,10/18/2017,10/18/2017,10/23/2017,MAILED,NO,NO,ELDERLY,NO,G2,031,012,023,121,AUGU,00316,,00003,19,
COLUMBIA,02265661,FLEMING,BARRY,ABBOTT,,507,CANTERBURY CT, ,HARLEM,GA,30814-5085,507,CANTERBURY CT,,HARLEM,GA,30814-5085,A,A,,11/01/2017,11/01/2017,11/01/2017,IN PERSON,NO,NO,,NO,H1,020,012,023,121,AUGU,00319,036053,00029,47,
COLUMBIA,06269615,KEATING,MARSHA,DALE,,308,TAYLOR CIR, ,GROVETOWN,GA,30813,308,TAYLOR CIR,,GROVETOWN,GA,30813,A,A,,10/23/2017,10/23/2017,10/23/2017,IN PERSON,NO,NO,,NO,G2,031,012,023,121,AUGU,00316,036053,00013,25,
COLUMBIA,02270331,BALFOUR,PATRICIA,E,,115,MAGNOLIA DR, ,GROVETOWN,GA,30813-1255,115,MAGNOLIA DR,,GROVETOWN,GA,30813-1255,A,A,,11/02/2017,11/02/2017,11/02/2017,IN PERSON,NO,NO,,NO,G2,031,012,023,121,AUGU,00316,036053,00040,58,
COLUMBIA,02258940,RAY,LARRY,E,,112,LOTTIE LN, ,GROVETOWN,GA,30813-1030,112,LOTTIE LN,,GROVETOWN,GA,30813-1030,A,A,,10/24/2017,10/24/2017,10/24/2017,IN PERSON,NO,NO,,NO,G1,030,012,023,121,AUGU,00316,036053,00015,27,
COLUMBIA,02259434,JOHNSON,DWAIN,J,,213,3RD AVE, ,GROVETOWN,GA,30813-1449,,PO BOX 801,,GROVETOWN,GA,30813-1449,A,A,,10/17/2017,10/17/2017,10/17/2017,IN PERSON,NO,NO,,NO,G2,031,012,023,121,AUGU,00316,036053,00007,15,
COLUMBIA,07139238,TRANSOU,LISA,TAYLOR,,6128,INDEPENDENCE WAY, ,GROVETOWN,GA,30813-1206,6128,INDEPENDENCE WAY,,GROVETOWN,GA,30813-1206,A,A,,10/18/2017,10/18/2017,10/18/2017,IN PERSON,NO,NO,,NO,G1,030,012,023,121,AUGU,00316,036053,00010,18,
COLUMBIA,03769427,DAVIS,BRIDGETTE,LATRICE,,7653,MAIN ST, ,GROVETOWN,GA,30813-1217,7653,MAIN ST,,GROVETOWN,GA,30813-1217,A,A,,10/30/2017,10/30/2017,10/30/2017,IN PERSON,NO,NO,,NO,G1,030,012,023,121,AUGU,00316,036053,00021,39,
COLUMBIA,10803580,GERALD,SHAY,MARIE,,6243,FREEDOM CIR, ,GROVETOWN,GA,30813,6243,FREEDOM CIR,,GROVETOWN,GA,30813,A,A,,10/27/2017,10/27/2017,10/27/2017,IN PERSON,NO,NO,,NO,G1,030,012,023,121,AUGU,00316,036053,00020,36,
COLUMBIA,01481934,ROWLAND,DEBORAH,J,,2016,LAKE FOREST DR, ,GROVETOWN,GA,30813-1237,2016,LAKE FOREST DR,,GROVETOWN,GA,30813-1237,A,A,,11/01/2017,11/01/2017,11/01/2017,IN PERSON,NO,NO,,NO,G3,033,012,024,121,AUGU,00317,036053,00028,46,
COLUMBIA,05767320,GIBBONS,KIM,PLOCK,,180,E TRIPPE ST, ,HARLEM,GA,30814,180,E TRIPPE ST,,HARLEM,GA,30814,A,A,,10/16/2017,10/16/2017,10/16/2017,IN PERSON,NO,NO,,NO,H1,020,012,023,121,AUGU,00319,036053,00004,10,
COLUMBIA,02260816,REYNOLDS,VICKIE,THOMAS,,526,COUNTRY GLEN DR, ,GROVETOWN,GA,30813-3950,526,COUNTRY GLEN DR,,GROVETOWN,GA,30813-3950,A,A,,10/04/2017,10/16/2017,10/20/2017,MAILED,NO,NO,DISABLED,NO,G3,033,012,024,121,AUGU,00317,,00003,6,
COLUMBIA,06777614,MCQUINN,KAYLA,LAUREN,,240,S FAIRVIEW DR, ,HARLEM,GA,30814,240,S FAIRVIEW DR,,HARLEM,GA,30814,A,A,,11/02/2017,11/02/2017,11/02/2017,IN PERSON,NO,NO,,NO,H1,020,010,023,121,AUGU,00318,036053,00035,53,
COLUMBIA,00734006,GREEN,WILLIE,EUGENE,JR,6615,FITE DR, ,HARLEM,GA,30814-4907,,PO BOX 4,,APPLING,GA,30802,A,A,,10/20/2017,10/20/2017,10/20/2017,IN PERSON,NO,NO,,NO,H1,020,010,023,121,AUGU,00318,036053,00011,23,
COLUMBIA,02258941,RAY,OLENA,MINOR,,112,LOTTIE LN, ,GROVETOWN,GA,30813-2905,112,LOTTIE LN,,GROVETOWN,GA,30813-2905,A,A,,10/24/2017,10/24/2017,10/24/2017,IN PERSON,NO,NO,,NO,G1,030,012,023,121,AUGU,00316,036053,00016,28,
COLUMBIA,02263157,CRAWFORD,GORDON,H,,102,OLD BERZELIA RD, ,GROVETOWN,GA,30813-1110,,PO BOX 472,,GROVETOWN,GA,30813-1110,A,A,,11/03/2017,11/03/2017,11/03/2017,IN PERSON,NO,NO,,NO,G1,030,012,023,121,AUGU,00316,036053,00042,60,
COLUMBIA,06861483,GREEN,TERRY,FRANCIS,,112,HARLEM GROVETOWN RD, ,GROVETOWN,GA,30813-2645,112,HARLEM GROVETOWN ,,GROVETOWN,GA,30813-2645,A,A,,10/27/2017,10/27/2017,11/02/2017,MAILED,NO,NO,DISABLED,NO,G3,033,012,024,121,AUGU,00317,,00004,37,
COLUMBIA,06219538,CASH,ROBERT,ALAN,,520,HILLCREST ST, ,HARLEM,GA,30814,520,HILLCREST ST,,HARLEM,GA,30814,A,A,,10/24/2017,10/24/2017,10/24/2017,IN PERSON,NO,NO,,NO,H1,020,010,023,121,AUGU,00318,036053,00014,26,
COLUMBIA,07470842,LAMONS,REUBEN,ALLEN,,7502,SENATORS RIDGE DR, ,GROVETOWN,GA,30813-1205,7502,SENATORS RIDGE DR,,GROVETOWN,GA,30813-1205,A,A,,10/25/2017,10/25/2017,10/25/2017,IN PERSON,NO,NO,,NO,G1,030,012,023,121,AUGU,00316,036053,00017,30,
COLUMBIA,02258775,REYNOLDS,GLEN,ALLEN,,526,COUNTRY GLEN DR, ,GROVETOWN,GA,30813-3950,526,COUNTRY GLEN DR,,GROVETOWN,GA,30813-3950,A,A,,10/04/2017,10/16/2017,10/20/2017,MAILED,NO,NO,ELDERLY,NO,G3,033,012,024,121,AUGU,00317,,00002,5,
COLUMBIA,05352296,FISHER,DEBORAH,WILLIAMS,,210,TAYLOR CIR, ,GROVETOWN,GA,30813-2220,210,TAYLOR CIR,,GROVETOWN,GA,30813-2220,A,A,,10/17/2017,10/17/2017,10/17/2017,IN PERSON,NO,NO,,NO,G2,031,012,023,121,AUGU,00316,036053,00008,16,
COLUMBIA,01424179,K,CONNIE,,,104,HARVESTWOOD DR, ,GROVETOWN,GA,30813-2150,104,HARVESTWOOD DR,,GROVETOWN,GA,30813-2150,A,A,,10/17/2017,10/17/2017,10/17/2017,IN PERSON,NO,NO,,NO,G1,030,012,023,121,AUGU,00316,036053,00009,17,
