County,Voter Registration #,Last Name,First Name,Middle Name,Suffix,Street #,Street Name,Apt/Unit,City,State,Zip Code,Mailing Street #,Mailing Street Name,Mailing Apt/Unit,Mailing City,Mailing State,Mailing Zip Code,Application Status,Ballot Status,Status Reason,Application Date,Ballot Issued Date,Ballot Return Date,Ballot Style,Ballot Assisted,Challenged/Provisional,Designation/Reason Issue,ID Required,Municipal Precinct,County Precinct,CNG,SEN,HOUSE	,JUD,Combo #,Vote Center ID,Ballot ID,Post #,Party
COOK,08227964,DAVENPORT,JERRY,EUGENE,,106,JANET ST, ,SPARKS,GA,31647-7008,,PO BOX 76,,SPARKS,GA,31647-0007,A,A,,10/24/2017,10/24/2017,10/24/2017,IN PERSON,NO,NO,,NO,S,S,008,008,170,ALAP,00108,037021,00012,24,
COOK,04643104,SANDERS,KELVIN,JERMAINE,,406,MARTIN LUTHER KING JR DR, ,LENOX,GA,31637-7521,,PO BOX 205,,LENOX,GA,31637-0020,A,,,11/02/2017,11/02/2017,,MAILED,NO,NO,,NO,L,L,008,008,170,ALAP,00104,,00009,48,
COOK,03617602,INMAN,JOANN,GARRETT,,209,ALABAMA ST, ,SPARKS,GA,31647-7720,,PO BOX 156,,SPARKS,GA,31647-0015,A,A,,10/19/2017,10/19/2017,10/19/2017,IN PERSON,NO,NO,,NO,S,S,008,008,170,ALAP,00108,037021,00010,22,
COOK,03373925,WILSON,SAMUEL,,,502,BRUSHY CREEK RD, ,SPARKS,GA,31647-9678,502,BRUSHY CREEK RD,,SPARKS,GA,31647-9678,A,A,,10/27/2017,10/27/2017,10/27/2017,IN PERSON,NO,NO,,NO,S,S,008,008,170,ALAP,00108,037021,00024,36,
COOK,01343128,MERENE,HERBERT,,JR,292,S BOBBY ST, ,LENOX,GA,31637-7507,292,S BOBBY ST,,LENOX,GA,31637-7507,A,A,,11/03/2017,11/03/2017,11/03/2017,IN PERSON,NO,NO,,NO,L,L,008,008,170,ALAP,00104,037021,00036,49,
COOK,01342503,KEELEY,MORSE,LEE,,407,HODGE ST, ,SPARKS,GA,31647-7728,,PO BOX 535,,SPARKS,GA,31647-0053,A,A,,11/03/2017,11/03/2017,11/03/2017,IN PERSON,NO,NO,,NO,S,S,008,008,170,ALAP,00108,037021,00038,51,
COOK,05551679,ODOMS,OZIE,,JR,302,RHONE ST, ,SPARKS,GA,31647-9453,,PO BOX 410,,SPARKS,GA,31647-0041,A,A,,10/19/2017,10/19/2017,10/19/2017,IN PERSON,NO,NO,,NO,S,S,008,008,170,ALAP,00108,037021,00006,18,
COOK,10713027,MIKELL,ADDIE,,,202,PATTERSON ST, ,SPARKS,GA,31647,202,PATTERSON ST,,SPARKS,GA,31647,A,A,,11/02/2017,11/02/2017,11/02/2017,IN PERSON,NO,NO,,NO,S,S,008,008,170,ALAP,00108,037021,00034,46,
COOK,01339856,ARNOLD,LARRY,W,,10,W CLEMENT AVE, ,LENOX,GA,31637-7137,,PO BOX 187,,LENOX,GA,31637-0018,A,A,,10/31/2017,10/31/2017,10/31/2017,IN PERSON,NO,NO,,NO,L,L,008,008,170,ALAP,00104,037021,00028,40,
COOK,01340966,DENT,SUE,FOLDS,,302,W COLQUITT ST, ,SPARKS,GA,31647-7606,302,W COLQUITT ST,,SPARKS,GA,31647-7606,A,A,,10/27/2017,10/27/2017,10/27/2017,IN PERSON,NO,NO,,NO,S,S,008,008,170,ALAP,00108,037021,00020,32,
COOK,08339861,WILKES,CHEYEL,ANNE,,113,HALL ST, ,SPARKS,GA,31647-7011,113,HALL ST,,SPARKS,GA,31647-7011,A,A,,10/25/2017,10/25/2017,10/25/2017,IN PERSON,NO,NO,,NO,S,S,008,008,170,ALAP,00108,037021,00017,29,
COOK,01341205,FENDER,RONNIE,LLOYD,,26,BRAD ST, ,LENOX,GA,31637-5419,26,BRAD ST,,LENOX,GA,31637-5419,A,A,,10/24/2017,10/24/2017,10/24/2017,IN PERSON,NO,NO,,NO,L,L,008,008,170,ALAP,00104,037021,00014,26,
COOK,06657139,GIBSON,ANTHONY,JAMES,,605,ELLIS LN, ,SPARKS,GA,31647-7309,,PO BOX 303,,SPARKS,GA,31647-0030,A,A,,11/03/2017,11/03/2017,11/03/2017,IN PERSON,NO,NO,,NO,S,S,008,008,170,ALAP,00108,037021,00040,53,
COOK,01340905,DAVIS,PATRICIA,MOORE,,305,RHONE ST, ,SPARKS,GA,31647,,PO BOX 113,,SPARKS,GA,31647-0011,A,A,,11/03/2017,11/03/2017,11/03/2017,IN PERSON,NO,NO,,NO,S,S,008,008,170,ALAP,00108,037021,00043,56,
COOK,06871079,DAVIS,LARRY,DURRELL,JR,412,SAUNDERS ST, ,SPARKS,GA,31647,,PO BOX 113,,SPARKS,GA,31647-0011,A,A,,11/03/2017,11/03/2017,11/03/2017,IN PERSON,NO,NO,,NO,S,S,008,008,170,ALAP,00108,037021,00042,55,
COOK,07465988,GIFFORD,CARMISHA,MICHELE,,248,MARTIN LUTHER KING JR DR, ,LENOX,GA,31637-7517,471,DIABLO DR,,TRAVIS AFB,CA,94535-1157,A,A,,02/13/2017,10/16/2017,11/09/2017,MAILED,NO,NO,Military Stateside,NO,L,L,008,008,170,ALAP,00104,,00001,7,
COOK,10457422,OBST,RICHARD,LEE,,101,N COLLEGE ST, ,SPARKS,GA,31647,101,N COLLEGE ST,,SPARKS,GA,31647,A,A,,10/17/2017,10/17/2017,10/17/2017,IN PERSON,NO,NO,,NO,S,S,008,008,170,ALAP,00108,037021,00004,16,
COOK,01345137,WILCOX,JOSEPH,HARDY,,121,W BRYAN ST, ,SPARKS,GA,31647,121,W BRYAN ST,,SPARKS,GA,31647,A,A,,10/30/2017,10/30/2017,10/30/2017,IN PERSON,NO,NO,,NO,S,S,008,008,170,ALAP,00108,037021,00025,37,
COOK,01340965,DENT,ROBERT,LEE,,302,W COLQUITT ST, ,SPARKS,GA,31647-7606,302,W COLQUITT ST,,SPARKS,GA,31647-7606,A,A,,10/27/2017,10/27/2017,10/27/2017,IN PERSON,NO,NO,,NO,S,S,008,008,170,ALAP,00108,037021,00021,33,
COOK,01340415,BUSH,CLEO,TAFT,,226,W GRAY AVE, ,LENOX,GA,31637-6949,,PO BOX 34,,LENOX,GA,31637-0003,A,,,01/20/2017,10/16/2017,,MAILED,NO,NO,DISABLED,NO,L,L,008,008,170,ALAP,00104,,00005,11,
COOK,01344621,PILCHER,LINDA,GRACE,,103,N COLLEGE ST, ,SPARKS,GA,31647,103,N COLLEGE ST,,SPARKS,GA,31647,A,A,,10/16/2017,10/16/2017,10/16/2017,IN PERSON,NO,NO,,NO,S,S,008,008,170,ALAP,00108,037021,00001,1,
COOK,03744324,PLYMEL,BOBBY,RAY,,708,BRUSHY CREEK RD, ,SPARKS,GA,31647-7200,708,BRUSHY CREEK RD,,SPARKS,GA,31647-7200,A,,,01/11/2017,10/16/2017,,MAILED,NO,NO,ELDERLY,NO,S,S,008,008,170,ALAP,00108,,00001,3,
COOK,01340102,BENNETT,WANDA,WEEKS,,184,W CLEMENT AVE, ,LENOX,GA,31637,184,W CLEMENT AVE,,LENOX,GA,31637,A,A,,10/10/2017,10/16/2017,10/23/2017,MAILED,NO,NO,ELDERLY,NO,L,L,008,008,170,ALAP,00104,,00004,10,
COOK,01343538,PAYNE,DAVID,,SR,145,S BOBBY ST, ,LENOX,GA,31637-7509,,PO BOX 183,,LENOX,GA,31637-0018,A,A,,01/20/2017,10/16/2017,10/25/2017,MAILED,NO,NO,DISABLED,NO,L,L,008,008,170,ALAP,00104,,00006,12,
COOK,01345109,WHITE,JOE,LINZE,,207,GAY AVE, ,SPARKS,GA,31647-7330,207,GAY AVE,,SPARKS,GA,31647-7330,A,A,,10/31/2017,10/31/2017,10/31/2017,IN PERSON,NO,NO,,NO,S,S,008,008,170,ALAP,00108,037021,00029,41,
COOK,04525506,PEWEE,WILL,,,504,BRUSHY CREEK DR, ,SPARKS,GA,31647-7211,,PO BOX 416,,SPARKS,GA,31647-0041,A,A,,10/27/2017,10/27/2017,10/27/2017,IN PERSON,NO,NO,,NO,S,S,008,008,170,ALAP,00108,037021,00023,35,
COOK,03373919,WILSON,MARTHA,,,502,BRUSHY CREEK RD, ,SPARKS,GA,31647-7509,502,BRUSHY CREEK RD,,SPARKS,GA,31647-7509,A,A,,10/18/2017,10/18/2017,10/18/2017,IN PERSON,NO,NO,,NO,S,S,008,008,170,ALAP,00108,037021,00005,17,
COOK,00468343,ROOP,JAMES,TIPTON,JR,313,W GRAY AVE, ,LENOX,GA,31637-6852,313,W GRAY AVE,,LENOX,GA,31637-6852,A,A,,10/30/2017,10/30/2017,10/30/2017,IN PERSON,NO,NO,,NO,L,L,008,008,170,ALAP,00104,037021,00026,38,
COOK,08577656,HILL,MARY,,,203,N COLLEGE ST, ,SPARKS,GA,31647,203,N COLLEGE ST,,SPARKS,GA,31647,A,A,,10/23/2017,10/23/2017,10/23/2017,IN PERSON,NO,NO,,NO,S,S,008,008,170,ALAP,00108,037021,00011,23,
COOK,10535886,OBST,RHONDA,LYNNE,,101,N COLLEGE ST, ,SPARKS,GA,31647,101,N COLLEGE ST,,SPARKS,GA,31647,A,A,,10/17/2017,10/17/2017,10/17/2017,IN PERSON,NO,NO,,NO,S,S,008,008,170,ALAP,00108,037021,00003,15,
COOK,01343575,PEWEE,LEROY,,,102,E BRYAN ST, ,SPARKS,GA,31647-7545,,PO BOX 338,,SPARKS,GA,31647-0033,A,A,,10/27/2017,10/27/2017,10/27/2017,IN PERSON,NO,NO,,NO,S,S,008,008,170,ALAP,00108,037021,00022,34,
COOK,01339854,ARNOLD,DORIS,,,10,W CLEMENT AVE, ,LENOX,GA,31637-7137,,PO BOX 187,,LENOX,GA,31637-0018,A,A,,10/25/2017,10/25/2017,10/25/2017,IN PERSON,NO,NO,,NO,L,L,008,008,170,ALAP,00104,037021,00018,30,
COOK,01343066,ROBINSON,DEBRA,DENISE,,605,BRUSHY CREEK RD, ,SPARKS,GA,31647-7514,517,N POPLAR ST,,ADEL,GA,31620-0191,A,A,,11/02/2017,11/02/2017,11/02/2017,IN PERSON,NO,NO,,NO,S,S,008,008,170,ALAP,00108,037021,00031,43,
COOK,01343688,POWERS,SARA,J,,206,PINE ST, ,SPARKS,GA,31647,309,CLEVELAND ST,,SPARKS,GA,31647,A,,,08/24/2017,10/16/2017,,MAILED,NO,NO,DISABLED,NO,S,S,008,008,170,ALAP,00108,,00003,5,
COOK,07466188,JOHNSON,NAKIA,SHANAY,,113,RAILROAD ST, ,SPARKS,GA,31647,113,RAILROAD ST,,SPARKS,GA,31647,A,A,,11/03/2017,11/03/2017,11/03/2017,IN PERSON,NO,NO,,NO,S,S,008,008,170,ALAP,00108,037021,00041,54,
COOK,04601221,DAVIS,ANNE,REESE,,604,PATTERSON ST, ,SPARKS,GA,31647,604,PATTERSON ST,,SPARKS,GA,31647,A,A,,10/19/2017,10/19/2017,10/19/2017,IN PERSON,NO,NO,,NO,S,S,008,008,170,ALAP,00108,037021,00008,20,
COOK,06628611,JOHNSON,ADRIAN,VICTORIA,,115,CHURCH ST, ,SPARKS,GA,31647,115,CHURCH ST,,SPARKS,GA,31647,A,A,,10/30/2017,10/30/2017,10/30/2017,IN PERSON,NO,NO,,NO,S,S,008,008,170,ALAP,00108,037021,00027,39,
COOK,03677225,PILCHER,EUGENE,,,103,N COLLEGE ST, ,SPARKS,GA,31647,,PO BOX 376,,SPARKS,GA,31647-0037,A,A,,10/16/2017,10/16/2017,10/16/2017,IN PERSON,NO,NO,,NO,S,S,008,008,170,ALAP,00108,037021,00002,2,
COOK,03373913,WILSON,JUDY,,,167,W CLEMENT AVE, ,LENOX,GA,31637-6828,167,W CLEMENT AVE,,LENOX,GA,31637-6828,A,A,,10/06/2017,10/16/2017,10/31/2017,MAILED,NO,NO,ELDERLY,NO,L,L,008,008,170,ALAP,00104,,00007,13,
COOK,01342266,JACKSON,EARL,,,203,W BRYAN ST, ,SPARKS,GA,31647-7618,,PO BOX 383,,SPARKS,GA,31647-0038,A,A,,11/03/2017,11/03/2017,11/03/2017,IN PERSON,NO,NO,,NO,S,S,008,008,170,ALAP,00108,037021,00045,58,
COOK,11481855,BENNETT,CORTNEY,ALANA,,214,W CLEMENT AVE, ,LENOX,GA,31637,214,W CLEMENT AVE,,LENOX,GA,31637,A,A,,10/10/2017,10/16/2017,10/23/2017,MAILED,NO,NO,DISABLED,NO,L,L,008,008,170,ALAP,00104,,00002,8,
COOK,07832959,DEBERRY,ROBERT,FERNANDO,,230,S BROAD ST, ,LENOX,GA,31637,230,S BROAD ST,,LENOX,GA,31637,A,A,,10/24/2017,10/24/2017,10/24/2017,IN PERSON,NO,NO,,NO,L,L,008,008,170,ALAP,00104,037021,00015,27,
COOK,01344559,SUTTON,BERNICE,,,213,GAY AVE, ,SPARKS,GA,31647-7330,,PO BOX 358,,SPARKS,GA,31647-0035,A,A,,10/25/2017,10/25/2017,10/25/2017,IN PERSON,NO,NO,,NO,S,S,008,008,170,ALAP,00108,037021,00016,28,
COOK,05353173,HALL,MARTHA,K,,207,PINE ST, ,SPARKS,GA,31647-7423,207,PINE ST,,SPARKS,GA,31647-7423,A,A,,11/02/2017,11/02/2017,11/02/2017,IN PERSON,NO,NO,,NO,S,S,008,008,170,ALAP,00108,037021,00033,45,
COOK,05602672,SYKES,TAWIANA,,,605,BRUSHY CREEK RD, ,SPARKS,GA,31647-7514,,PO BOX 614,,SPARKS,GA,31647-0061,A,A,,11/03/2017,11/03/2017,11/03/2017,IN PERSON,NO,NO,,NO,S,S,008,008,170,ALAP,00108,037021,00044,57,
COOK,05088529,ODOMS,BRIDGET,ELAINE,,113,RAILROAD ST, ,SPARKS,GA,31647,113,RAILROAD ST,,SPARKS,GA,31647,A,A,,11/01/2017,11/01/2017,11/01/2017,IN PERSON,NO,NO,,NO,S,S,008,008,170,ALAP,00108,037021,00030,42,
COOK,01342243,INMAN,LAYMAN,,,209,ALABAMA ST, ,SPARKS,GA,31647-7720,,PO BOX 156,,SPARKS,GA,31647-0015,A,A,,10/19/2017,10/19/2017,10/19/2017,IN PERSON,NO,NO,,NO,S,S,008,008,170,ALAP,00108,037021,00009,21,
COOK,01340677,COPELAND,MELVINA,THOMAS,,212,COLDWELL ST, ,SPARKS,GA,31647-7627,,PO BOX 114,,SPARKS,GA,31647-0011,A,A,,11/02/2017,11/02/2017,11/02/2017,IN PERSON,NO,NO,,NO,S,S,008,008,170,ALAP,00108,037021,00035,47,
COOK,01342502,KEELEY,MADINE,DEBERRY,,406,HODGE ST, ,SPARKS,GA,31647-7727,406,HODGE ST,,SPARKS,GA,31647-7727,A,A,,11/03/2017,11/03/2017,11/03/2017,IN PERSON,NO,NO,,NO,S,S,008,008,170,ALAP,00108,037021,00037,50,
COOK,08733189,HILL,TIMOTHY,,JR,203,N COLLEGE ST, ,SPARKS,GA,31647-7431,203,N COLLEGE ST,,SPARKS,GA,31647-7431,A,A,,10/24/2017,10/24/2017,10/24/2017,IN PERSON,NO,NO,,NO,S,S,008,008,170,ALAP,00108,037021,00013,25,
COOK,07771473,WILSON,WILMA,J,,606,EPPES WAY, ,SPARKS,GA,31647-7304,606,EPPES WAY,,SPARKS,GA,31647-7304,A,A,,10/27/2017,10/27/2017,10/27/2017,IN PERSON,NO,NO,,NO,S,S,008,008,170,ALAP,00108,037021,00019,31,
COOK,03898224,PLYMEL,VERNELL,,,708,BRUSHY CREEK RD, ,SPARKS,GA,31647-7200,708,BRUSHY CREEK RD,,SPARKS,GA,31647-7200,A,,,01/11/2017,10/16/2017,,MAILED,NO,NO,ELDERLY,NO,S,S,008,008,170,ALAP,00108,,00002,4,
COOK,03373917,WILSON,SHARON,LEWIS,,167,W CLEMENT AVE, ,LENOX,GA,31637-6828,167,W CLEMENT AVE,,LENOX,GA,31637-6828,A,A,,10/06/2017,10/16/2017,11/01/2017,MAILED,NO,NO,ELDERLY,NO,L,L,008,008,170,ALAP,00104,,00008,14,
COOK,03368360,ODOMS,MAE,,,302,RHONE ST, ,SPARKS,GA,31647-7729,,PO BOX 410,,SPARKS,GA,31647-0041,A,A,,10/19/2017,10/19/2017,10/19/2017,IN PERSON,NO,NO,,NO,S,S,008,008,170,ALAP,00108,037021,00007,19,
COOK,01340033,BENNETT,GARY,,,184,W CLEMENT AVE, ,LENOX,GA,31637-6825,184,W CLEMENT AVE,,LENOX,GA,31637-6825,A,A,,10/10/2017,10/16/2017,10/23/2017,MAILED,NO,NO,ELDERLY,NO,L,L,008,008,170,ALAP,00104,,00003,9,
COOK,03313933,GIBSON,CASSANDRA,DENISE,,605,ELLIS LN, ,SPARKS,GA,31647-7309,605,ELLIS LN,,SPARKS,GA,31647-7309,A,A,,11/03/2017,11/03/2017,11/03/2017,IN PERSON,NO,NO,,NO,S,S,008,008,170,ALAP,00108,037021,00039,52,
COOK,01343166,MILLER,LUELL,M,,209,MARTIN LUTHER KING JR DR, ,SPARKS,GA,31647-7743,,PO BOX 122,,SPARKS,GA,31647-0012,A,A,,11/02/2017,11/02/2017,11/02/2017,IN PERSON,NO,NO,,NO,S,S,008,008,170,ALAP,00108,037021,00032,44,
COOK,03618453,ROBERTS,CHARLES,E,,107,JANET ST, ,SPARKS,GA,31647-7009,107,JANET ST,,SPARKS,GA,31647-7009,A,A,,01/26/2017,10/16/2017,10/27/2017,MAILED,NO,NO,ELDERLY,NO,S,S,008,008,170,ALAP,00108,,00004,6,
