County,Voter Registration #,Last Name,First Name,Middle Name,Suffix,Street #,Street Name,Apt/Unit,City,State,Zip Code,Mailing Street #,Mailing Street Name,Mailing Apt/Unit,Mailing City,Mailing State,Mailing Zip Code,Application Status,Ballot Status,Status Reason,Application Date,Ballot Issued Date,Ballot Return Date,Ballot Style,Ballot Assisted,Challenged/Provisional,Designation/Reason Issue,ID Required,Municipal Precinct,County Precinct,CNG,SEN,HOUSE	,JUD,Combo #,Vote Center ID,Ballot ID,Post #,Party
CRAWFORD,07949670,GIBSON,LORA,ANN,,375,HIGH POINT RD,APT 11,ROBERTA,GA,31078,375,HIGH POINT RD,APT 11,ROBERTA,GA,31078,A,A,,10/18/2017,10/18/2017,10/18/2017,IN PERSON,NO,NO,,NO,ROBER,2,002,018,140,MACO,00107,039012,00028,33,
CRAWFORD,00287326,ONEAL,DAVID,ALLEN,,260,NEW ST, ,ROBERTA,GA,31078,,PO BOX 591,,ROBERTA,GA,31078,A,A,,10/30/2017,10/30/2017,10/30/2017,IN PERSON,NO,NO,,NO,ROBER,2,002,018,140,MACO,00107,039012,00081,90,
CRAWFORD,00286706,WRIGHT,MAURINE,H,,277,NEW ST, ,ROBERTA,GA,31078-4862,,PO BOX 206,,ROBERTA,GA,31078-0020,A,A,,10/18/2017,10/18/2017,10/18/2017,IN PERSON,NO,NO,,NO,ROBER,2,002,018,140,MACO,00107,039012,00030,35,
CRAWFORD,04530765,BROCK,ALECIA,PAIGE LEWIS,,522,HICKS RD, ,ROBERTA,GA,31078-6004,522,HICKS RD,,ROBERTA,GA,31078-6004,A,A,,10/17/2017,10/17/2017,10/17/2017,IN PERSON,NO,NO,,NO,ROBER,3,002,018,140,MACO,00108,039012,00024,24,
CRAWFORD,00289560,GILES,GARY,EARL,,696,HICKS RD, ,ROBERTA,GA,31078-6010,,PO BOX 633,,ROBERTA,GA,31078-0063,A,A,,10/27/2017,10/27/2017,10/27/2017,IN PERSON,NO,NO,,NO,ROBER,3,002,018,140,MACO,00108,039012,00080,89,
CRAWFORD,00288875,GROEPER,DEBORA,,,207,WEST LAKE ST, ,ROBERTA,GA,31078,,PO BOX 504,,ROBERTA,GA,31078-0050,A,A,,10/18/2017,10/18/2017,10/18/2017,IN PERSON,NO,NO,,NO,ROBER,2,002,018,140,MACO,00107,039012,00027,32,
CRAWFORD,08107142,SEARS,WENDY,RENEE,,157,LAKEVIEW DR, ,ROBERTA,GA,31078,157,LAKEVIEW DR,,ROBERTA,GA,31078,A,A,,10/17/2017,10/17/2017,10/17/2017,IN PERSON,NO,NO,,NO,ROBER,3,002,018,140,MACO,00108,039012,00018,18,
CRAWFORD,00551775,WINGO,WYNELLE,C,,397,SOUTH DUGGER AVE, ,ROBERTA,GA,31078,397,SOUTH DUGGER AVE,,ROBERTA,GA,31078,A,A,,10/25/2017,10/25/2017,10/25/2017,IN PERSON,NO,NO,,NO,ROBER,3,002,018,140,MACO,00108,039012,00069,77,
CRAWFORD,00287105,CODY,GAYLE,W,,246,ANDREWS DR, ,ROBERTA,GA,31078,,PO BOX 158,,ROBERTA,GA,31078-0015,A,A,,10/30/2017,10/30/2017,10/30/2017,IN PERSON,NO,NO,,NO,ROBER,2,002,018,140,MACO,00107,039012,00084,93,
CRAWFORD,05871626,O'NEAL,SCOTT,WOOD,JR,212,MYRTLE DR, ,ROBERTA,GA,31078,212,MYRTLE DR,,ROBERTA,GA,31078,A,A,,10/18/2017,10/18/2017,10/18/2017,IN PERSON,NO,NO,,NO,ROBER,1B,002,018,140,MACO,00109,039012,00034,39,
CRAWFORD,00286999,MATHEWS,JOE,TERRELL,III,291,ANDREWS DR, ,ROBERTA,GA,31078-4883,291,ANDREWS DR,,ROBERTA,GA,31078-4883,A,A,,10/31/2017,10/31/2017,10/31/2017,IN PERSON,NO,NO,,NO,ROBER,2,002,018,140,MACO,00107,039012,00090,100,
CRAWFORD,00287251,SHEETS,R,L,,341,NORTH DUGGER AVE, ,ROBERTA,GA,31078-4850,,PO BOX 87,,ROBERTA,GA,31078-0008,A,A,,05/09/2016,10/18/2017,10/25/2017,MAILED,NO,NO,ELDERLY,NO,ROBER,2,002,018,140,MACO,00107,,00001,27,
CRAWFORD,03667698,HICKS,ALZERLEAN,DUNLAP,,165,EAST CRUSSELLE ST, ,ROBERTA,GA,31078,165,EAST CRUSSELLE ST,,ROBERTA,GA,31078,A,A,,10/24/2017,10/24/2017,10/24/2017,IN PERSON,NO,NO,,NO,ROBER,2,002,018,140,MACO,00107,039012,00059,65,
CRAWFORD,00183662,LEWIS,AMY,DIANNE,,550,HICKS RD, ,ROBERTA,GA,31078-6004,550,HICKS RD,,ROBERTA,GA,31078-6004,A,A,,10/17/2017,10/17/2017,10/17/2017,IN PERSON,NO,NO,,NO,ROBER,3,002,018,140,MACO,00108,039012,00026,26,
CRAWFORD,00287110,CODY,ROBERT,FRANKLIN,,246,ANDREWS DR, ,ROBERTA,GA,31078,,PO BOX 158,,ROBERTA,GA,31078-0015,A,A,,10/30/2017,10/30/2017,10/30/2017,IN PERSON,NO,NO,,NO,ROBER,2,002,018,140,MACO,00107,039012,00085,94,
CRAWFORD,00465925,RONGEY,STEPHANIE,N,,211,EAST AGENCY ST, ,ROBERTA,GA,31078,,PO BOX 154,,ROBERTA,GA,31078-0015,A,A,,10/30/2017,10/30/2017,10/30/2017,IN PERSON,NO,NO,,NO,ROBER,2,002,018,140,MACO,00107,039012,00082,91,
CRAWFORD,00816462,LOCKETT,WILLIAM,CLARENCE,,375,HIGH POINT RD,UNIT 16,ROBERTA,GA,31078-4831,,P. O. BOX 146,,ROBERTA,GA,31078-4831,A,,,11/02/2017,11/02/2017,,MAILED,NO,NO,,NO,ROBER,2,002,018,140,MACO,00107,,00007,111,
CRAWFORD,08165197,LEWIS,JOSHUA,CALEB,,632,HICKS RD, ,ROBERTA,GA,31078-6010,632,HICKS RD,,ROBERTA,GA,31078-6010,A,A,,11/03/2017,11/03/2017,11/03/2017,IN PERSON,NO,NO,,NO,ROBER,3,002,018,140,MACO,00108,039012,00102,115,
CRAWFORD,10733645,WILLIS,WANDA,,,140,SEAGLER RD, ,ROBERTA,GA,31078,,P. O. BOX 43,,ROBERTA,GA,31078,A,A,,10/24/2017,10/24/2017,10/24/2017,IN PERSON,NO,NO,,NO,ROBER,1B,002,018,140,MACO,00109,039012,00061,67,
CRAWFORD,00287086,CARROLL,JAMES,WESLEY,,295,HIGH POINT RD, ,ROBERTA,GA,31078-4851,,PO BOX 343,,ROBERTA,GA,31078-0034,A,A,,10/25/2017,10/25/2017,10/25/2017,IN PERSON,NO,NO,,NO,ROBER,3,002,018,140,MACO,00108,039012,00065,73,
CRAWFORD,00287356,REEP,GENE,N,,65,WEST LAKE ST, ,ROBERTA,GA,31078,65,WEST LAKE ST,,ROBERTA,GA,31078,A,A,,10/17/2017,10/17/2017,10/17/2017,IN PERSON,NO,NO,,NO,ROBER,2,002,018,140,MACO,00107,039012,00013,13,
CRAWFORD,00781577,CHAMBLEY,WILLIAM,E,,212,HIGH POINT RD, ,ROBERTA,GA,31078-4826,212,HIGH POINT RD,,ROBERTA,GA,31078-4826,A,A,,10/20/2017,10/20/2017,10/20/2017,IN PERSON,NO,NO,,NO,ROBER,2,002,018,140,MACO,00107,039012,00047,52,
CRAWFORD,00289986,DUGGER,MARILYN,,,43,JB LILES LN, ,ROBERTA,GA,31078,43,JB LILES LN,,ROBERTA,GA,31078,A,A,,10/20/2017,10/20/2017,10/20/2017,IN PERSON,NO,NO,,NO,ROBER,2,002,018,140,MACO,00107,039012,00051,56,
CRAWFORD,00286907,HORTMAN,WILEY,T,,254,WEST AGENCY ST, ,ROBERTA,GA,31078-4657,,PO BOX 412,,ROBERTA,GA,31078-0041,A,A,,10/20/2017,10/20/2017,10/20/2017,IN PERSON,NO,NO,,NO,ROBER,2,002,018,140,MACO,00107,039012,00046,51,
CRAWFORD,00286993,MARABLE,RITA,D,,250,KIRBY AVE, ,ROBERTA,GA,31078-4834,250,KIRBY AVE,,ROBERTA,GA,31078-4834,A,A,,10/17/2017,10/17/2017,10/17/2017,IN PERSON,NO,NO,,NO,ROBER,2,002,018,140,MACO,00107,039012,00017,17,
CRAWFORD,07353017,CARROLL,KARLI,NICOLE,,34,MYRTLE DR, ,ROBERTA,GA,31078,182,DILLON RD,,BUTLER,GA,31006-4229,A,A,,10/27/2017,10/27/2017,10/27/2017,IN PERSON,NO,NO,,NO,ROBER,1B,002,018,140,MACO,00109,039012,00078,87,
CRAWFORD,00287039,BASSETT,PATRICIA,,,190,NEW ST, ,ROBERTA,GA,31078-4872,190,NEW ST,,ROBERTA,GA,31078-4872,A,A,,10/23/2017,10/23/2017,10/23/2017,IN PERSON,NO,NO,,NO,ROBER,2,002,018,140,MACO,00107,039012,00057,63,
CRAWFORD,00288397,BAILEY,PAT,M,,298,EAST AGENCY ST, ,ROBERTA,GA,31078,,PO BOX 272,,ROBERTA,GA,31078-0027,A,A,,10/20/2017,10/20/2017,10/20/2017,IN PERSON,NO,NO,,NO,ROBER,3,002,018,140,MACO,00108,039012,00049,54,
CRAWFORD,03968122,HELSTROM,RHONDALYN,ELISHA,,185,ANDREWS DR, ,ROBERTA,GA,31078-4885,185,ANDREWS DR,,ROBERTA,GA,31078-4885,A,A,,10/17/2017,10/17/2017,10/17/2017,IN PERSON,NO,NO,,NO,ROBER,2,002,018,140,MACO,00107,039012,00020,20,
CRAWFORD,00287297,MOSS,BARBARA,A,,155,ANDREWS DR, ,ROBERTA,GA,31078-4885,,PO BOX 413,,ROBERTA,GA,31078-0041,A,A,,10/20/2017,10/20/2017,10/20/2017,IN PERSON,NO,NO,,NO,ROBER,2,002,018,140,MACO,00107,039012,00048,53,
CRAWFORD,06287177,GROEPER,EARL,LEROY,,54,WEST LAKE ST, ,ROBERTA,GA,31078,,PO BOX 504,,ROBERTA,GA,31078-0050,A,A,,10/20/2017,10/20/2017,10/20/2017,IN PERSON,NO,NO,,NO,ROBER,2,002,018,140,MACO,00107,039012,00042,47,
CRAWFORD,11482403,HICKS,SOPHIA,RENEE,,83,JB LILES LN, ,ROBERTA,GA,31078,83,JB LILES LN,,ROBERTA,GA,31078,A,A,,10/27/2017,10/27/2017,10/27/2017,IN PERSON,NO,NO,,NO,ROBER,2,002,018,140,MACO,00107,039012,00077,86,
CRAWFORD,00746976,JENKINS,PATRICIA,A,,201,LAKEVIEW DR, ,ROBERTA,GA,31078,,P.O. BOX 232```,,ROBERTA,GA,31078,A,A,,10/19/2017,10/19/2017,10/19/2017,IN PERSON,NO,NO,,NO,ROBER,3,002,018,140,MACO,00108,039012,00037,42,
CRAWFORD,00286747,WILLIAMS,DELMA,JEAN,,102,WEST CRUSSELLE ST, ,ROBERTA,GA,31078-4860,,PO BOX 21,,ROBERTA,GA,31078-0002,A,A,,11/03/2017,11/03/2017,11/03/2017,IN PERSON,NO,NO,,NO,ROBER,2,002,018,140,MACO,00107,039012,00103,116,
CRAWFORD,00288758,CANNON,LYNN,C,,44,WEST AGENCY ST, ,ROBERTA,GA,31078-4654,,PO BOX 729,,ROBERTA,GA,31078-0072,A,A,,10/19/2017,10/19/2017,10/19/2017,IN PERSON,NO,NO,,NO,ROBER,2,002,018,140,MACO,00107,039012,00040,45,
CRAWFORD,00286672,WILLIS,CLINTON,,,149,DAVENPORT DR, ,ROBERTA,GA,31078,,PO BOX 259,,ROBERTA,GA,31078-0025,A,A,,10/17/2017,10/17/2017,10/17/2017,IN PERSON,NO,NO,,NO,ROBER,2,002,018,140,MACO,00107,039012,00012,12,
CRAWFORD,00289749,GRIFFITTS,WILLIAM,HEATH,,119,LAKEVIEW DR, ,ROBERTA,GA,31078,119,LAKEVIEW DR,,ROBERTA,GA,31078,A,A,,10/26/2017,10/26/2017,10/26/2017,IN PERSON,NO,NO,,NO,ROBER,3,002,018,140,MACO,00108,039012,00072,81,
CRAWFORD,07186050,LAW,JOHN,,,360,NEW ST, ,ROBERTA,GA,31078-4854,360,NEW ST,,ROBERTA,GA,31078-4854,A,A,,11/03/2017,11/03/2017,11/03/2017,IN PERSON,NO,NO,,NO,ROBER,2,002,018,140,MACO,00107,039012,00101,114,
CRAWFORD,00287117,COOK,VERA,M,,12,KIRBY AVE, ,ROBERTA,GA,31078,,PO BOX 555,,ROBERTA,GA,31078-0055,A,A,,10/17/2017,10/17/2017,10/17/2017,IN PERSON,NO,NO,,NO,ROBER,2,002,018,140,MACO,00107,039012,00004,4,
CRAWFORD,00286629,TRIBBLE,LAEL,H,,294,SOUTH DUGGER AVE, ,ROBERTA,GA,31078,294,SOUTH DUGGER AVE,,ROBERTA,GA,31078,A,A,,10/16/2017,10/25/2017,10/31/2017,MAILED,NO,NO,ELDERLY,NO,ROBER,3,002,018,140,MACO,00108,,00001,71,
CRAWFORD,00286665,WIGGINS,ANNIE,NELL,,352,MCCRARY AVE,UNIT 4A,ROBERTA,GA,31078-4926,352,MCCRARY AVE,UNIT 4A,ROBERTA,GA,31078-4926,A,A,,10/30/2017,10/30/2017,11/07/2017,MAILED,NO,NO,,NO,ROBER,2,002,018,140,MACO,00107,,00006,95,
CRAWFORD,11482301,MATHIS,WHITNEY,Z,,375,HIGH POINT RD,APT 11,ROBERTA,GA,31078,,P.O. BOX 574,,ROBERTA,GA,31078,A,A,,10/23/2017,10/23/2017,10/23/2017,IN PERSON,NO,NO,,NO,ROBER,2,002,018,140,MACO,00107,039012,00055,61,
CRAWFORD,00287082,CARROLL,BRENDA,BUSBEE,,295,HIGH POINT RD, ,ROBERTA,GA,31078-4851,,PO BOX 343,,ROBERTA,GA,31078-0034,A,A,,10/25/2017,10/25/2017,10/25/2017,IN PERSON,NO,NO,,NO,ROBER,3,002,018,140,MACO,00108,039012,00066,74,
CRAWFORD,06408533,MCDANIEL,THOMAS,WAYNE,SR,10,MCCRARY AVE, ,ROBERTA,GA,31078,10,MCCRARY AVE,,ROBERTA,GA,31078,A,A,,10/18/2017,10/18/2017,10/25/2017,MAILED,NO,NO,,NO,ROBER,2,002,018,140,MACO,00107,,00004,31,
CRAWFORD,10386649,RANDLE,JESSIE,LEE,,361,EAST CRUSSELLE ST, ,ROBERTA,GA,31078,361,E CRUSSELLE ST,,ROBERTA,GA,31078-4827,A,A,,11/01/2017,11/01/2017,11/01/2017,IN PERSON,NO,NO,,NO,ROBER,2,002,018,140,MACO,00107,039012,00096,106,
CRAWFORD,11482301,MATHIS,WHITNEY,Z,,375,HIGH POINT RD,APT 11,ROBERTA,GA,31078,,P.O. BOX 574,,ROBERTA,GA,31078,A,C,Ballot was Undelivered,10/23/2017,10/23/2017,10/23/2017,IN PERSON,NO,NO,,NO,ROBER,2,002,018,140,MACO,00107,039012,00055,60,
CRAWFORD,07291686,HARRAH,MARY,BETH,,189,NEW ST, ,ROBERTA,GA,31078-4873,189,NEW ST,,ROBERTA,GA,31078-4873,A,A,,10/24/2017,10/24/2017,10/24/2017,IN PERSON,NO,NO,,NO,ROBER,2,002,018,140,MACO,00107,039012,00062,68,
CRAWFORD,00643437,BROCK,CHRISTY,MICHELLE,,531,HICKS RD, ,ROBERTA,GA,31078-6005,531,HICKS RD,,ROBERTA,GA,31078-6005,A,A,,11/02/2017,11/02/2017,11/02/2017,IN PERSON,NO,NO,,NO,ROBER,3,002,018,140,MACO,00108,039012,00100,110,
CRAWFORD,01642298,WARE,CHRISTIE,ELAINE,,334,MCCRARY AVE, ,ROBERTA,GA,31078,334,MCCRARY AVE,,ROBERTA,GA,31078,A,A,,10/17/2017,10/17/2017,10/17/2017,IN PERSON,NO,NO,,NO,ROBER,2,002,018,140,MACO,00107,039012,00003,3,
CRAWFORD,08107153,STROUD,THELMA,L,,375,HIGH POINT RD,UNIT 16,ROBERTA,GA,31078,,PO BOX 146,,ROBERTA,GA,31078-0059,A,,,11/02/2017,11/02/2017,,MAILED,NO,NO,,NO,ROBER,2,002,018,140,MACO,00107,,00008,113,
CRAWFORD,00287545,HICKS,WANDA,LEE,,579,HIGH POINT RD, ,ROBERTA,GA,31078-4840,,PO BOX 163,,ROBERTA,GA,31078-0016,A,A,,10/31/2017,10/31/2017,10/31/2017,IN PERSON,NO,NO,,NO,ROBER,2,002,018,140,MACO,00107,039012,00092,102,
CRAWFORD,00287145,DAVIS,WINFRED,,,5,HIGH POINT RD, ,ROBERTA,GA,31078-4856,,PO BOX 146,,ROBERTA,GA,31078-0066,A,,,11/02/2017,11/02/2017,,MAILED,NO,NO,,NO,ROBER,3,002,018,140,MACO,00108,,00002,112,
CRAWFORD,00229920,MILLS,BRANDI,NICOLE TIMM,,471,LEAMON GIBSON RD,28A,ROBERTA,GA,31078,471,LEAMON GIBSON RD,28A,ROBERTA,GA,31078,A,A,,10/20/2017,10/20/2017,10/20/2017,IN PERSON,NO,NO,,NO,ROBER,2,002,018,140,MACO,00107,039012,00045,50,
CRAWFORD,00697266,WOOD,DONALD,LEE,,67,MYRTLE DR, ,ROBERTA,GA,31078-5802,67,MYRTLE DR,,ROBERTA,GA,31078-5802,A,A,,10/20/2017,10/20/2017,10/20/2017,IN PERSON,NO,NO,,NO,ROBER,1B,002,018,140,MACO,00109,039012,00044,49,
CRAWFORD,10639272,MESSERSCHMIDT,WILETTA,MYRTLE,,520,SOUTH MATHEWS ST, ,ROBERTA,GA,31078,8524,US HIGHWAY 80 W,,ROBERTA,GA,31078-3054,A,A,,10/23/2017,10/23/2017,10/23/2017,IN PERSON,NO,NO,,NO,ROBER,3,002,018,140,MACO,00108,039012,00053,58,
CRAWFORD,00287184,GIBSON,BETTY,T,,205,DAVENPORT DR, ,ROBERTA,GA,31078,,PO BOX 291,,ROBERTA,GA,31078-0029,A,A,,10/31/2017,10/31/2017,10/31/2017,IN PERSON,NO,NO,,NO,ROBER,2,002,018,140,MACO,00107,039012,00089,99,
CRAWFORD,04422555,BAILEY,ANNA,K,,130,EAST AGENCY ST, ,ROBERTA,GA,31078-4911,,PO BOX 272,,ROBERTA,GA,31078,A,A,,10/20/2017,10/20/2017,10/20/2017,IN PERSON,NO,NO,,NO,ROBER,3,002,018,140,MACO,00108,039012,00050,55,
CRAWFORD,00149441,LEWIS,BERNARD,MICHAEL,,632,HICKS RD, ,ROBERTA,GA,31078-6010,632,HICKS RD,,ROBERTA,GA,31078-6010,A,A,,10/26/2017,10/26/2017,10/26/2017,IN PERSON,NO,NO,,NO,ROBER,3,002,018,140,MACO,00108,039012,00075,84,
CRAWFORD,05694464,RONGEY,MARK,LYN,,211,EAST AGENCY ST, ,ROBERTA,GA,31078,211,E AGENCY ST,,ROBERTA,GA,31078-4910,A,A,,10/30/2017,10/30/2017,10/30/2017,IN PERSON,NO,NO,,NO,ROBER,2,002,018,140,MACO,00107,039012,00088,98,
CRAWFORD,00181784,RICHARDSON,J,C,,122,SEAGLER RD, ,ROBERTA,GA,31078-5808,122,SEAGLER RD,,ROBERTA,GA,31078-5808,A,A,,11/02/2017,11/02/2017,11/02/2017,IN PERSON,NO,NO,,NO,ROBER,1B,002,018,140,MACO,00109,039012,00099,109,
CRAWFORD,00288310,OWENBY,KATRINA,F,,70,MCCRARY AVE, ,ROBERTA,GA,31078,,PO BOX 810,,ROBERTA,GA,31078-0081,A,A,,10/17/2017,10/17/2017,10/17/2017,IN PERSON,NO,NO,,NO,ROBER,2,002,018,140,MACO,00107,039012,00023,23,
CRAWFORD,02223142,RICHARDSON,THELMA,FLUELLEN,,122,SEAGLER RD, ,ROBERTA,GA,31078-5808,122,SEAGLER RD,,ROBERTA,GA,31078-5808,A,A,,11/02/2017,11/02/2017,11/02/2017,IN PERSON,NO,NO,,NO,ROBER,1B,002,018,140,MACO,00109,039012,00098,108,
CRAWFORD,00287286,HORTMAN,DIANE,,,254,WEST AGENCY ST, ,ROBERTA,GA,31078-4657,,PO BOX 412,,ROBERTA,GA,31078-0041,A,A,,10/17/2017,10/17/2017,10/17/2017,IN PERSON,NO,NO,,NO,ROBER,2,002,018,140,MACO,00107,039012,00006,6,
CRAWFORD,07854489,ANDREWS,COLBY,JAMES,,45,LAKEVIEW DR, ,ROBERTA,GA,31078-4652,,PO BOX 554,,ROBERTA,GA,31078-0055,A,A,,11/01/2017,11/01/2017,11/01/2017,IN PERSON,NO,NO,,NO,ROBER,3,002,018,140,MACO,00108,039012,00093,103,
CRAWFORD,04771227,WILLIS,DENISE,,,370,MCCRARY AVE,UNIT 5A,ROBERTA,GA,31078-4926,,PO BOX 575,,ROBERTA,GA,31078-0057,A,A,,10/25/2017,10/25/2017,10/25/2017,IN PERSON,NO,NO,,NO,ROBER,2,002,018,140,MACO,00107,039012,00070,78,
CRAWFORD,06650079,CARROLL,CLIFFORD,WILBUR,,34,MYRTLE DR, ,ROBERTA,GA,31078,,PO BOX 213,,BUTLER,GA,31006-0021,A,A,,10/27/2017,10/27/2017,10/27/2017,IN PERSON,NO,NO,,NO,ROBER,1B,002,018,140,MACO,00109,039012,00079,88,
CRAWFORD,00286894,ANDREWS,RONALD,J,,45,LAKEVIEW DR, ,ROBERTA,GA,31078-4652,,PO BOX 554,,ROBERTA,GA,31078-0055,A,A,,10/17/2017,10/17/2017,10/17/2017,IN PERSON,NO,NO,,NO,ROBER,3,002,018,140,MACO,00108,039012,00008,8,
CRAWFORD,03979514,DANIEL,BOBBY,JOE,,21,MCCRARY AVE, ,ROBERTA,GA,31078,21,MCCRARY AVE,,ROBERTA,GA,31078,A,A,,10/17/2017,10/17/2017,10/17/2017,IN PERSON,NO,NO,,NO,ROBER,2,002,018,140,MACO,00107,039012,00021,21,
CRAWFORD,00286620,THAXTON,GALE,,,222,ANDREWS DR, ,ROBERTA,GA,31078,,PO BOX 357,,ROBERTA,GA,31078-0035,A,A,,10/30/2017,10/30/2017,10/30/2017,IN PERSON,NO,NO,,NO,ROBER,2,002,018,140,MACO,00107,039012,00087,97,
CRAWFORD,06417013,MATHEWS,JULIA,ROBINSON,,291,ANDREWS DR, ,ROBERTA,GA,31078,291,ANDREWS DR,,ROBERTA,GA,31078,A,,,09/22/2016,,,MAILED,NO,NO,Military Stateside,NO,ROBER,2,002,018,140,MACO,00107,,,,
CRAWFORD,06056074,COOPER,LINDA,ANNETTE,,352,SOUTH DUGGER AVE, ,ROBERTA,GA,31078-4846,,PO BOX 642,,ROBERTA,GA,31078-0064,A,A,,10/24/2017,10/24/2017,10/24/2017,IN PERSON,NO,NO,,NO,ROBER,3,002,018,140,MACO,00108,039012,00060,66,
CRAWFORD,05872290,ONEAL,KRISTEN,CAROL,,212,MYRTLE DR, ,ROBERTA,GA,31078,212,MYRTLE DR,,ROBERTA,GA,31078,A,A,,10/26/2017,10/26/2017,10/26/2017,IN PERSON,NO,NO,,NO,ROBER,1B,002,018,140,MACO,00109,039012,00073,82,
CRAWFORD,00287708,SPILLERS,STANLEY,,,255,ANDREWS DR, ,ROBERTA,GA,31078-4883,255,ANDREWS DR,,ROBERTA,GA,31078-4883,A,A,,10/19/2017,10/19/2017,10/19/2017,IN PERSON,NO,NO,,NO,ROBER,2,002,018,140,MACO,00107,039012,00039,44,
CRAWFORD,00286629,TRIBBLE,LAEL,H,,294,SOUTH DUGGER AVE, ,ROBERTA,GA,31078,700,JOHNSON RD,,ROBERTA,GA,31078,A,C,Ballot was Undelivered,10/10/2016,10/18/2017,10/24/2017,MAILED,NO,NO,ELDERLY,NO,ROBER,3,002,018,140,MACO,00108,,00001,28,
CRAWFORD,10416570,RANDLE,NYCULA,ROBINSON,,361,EAST CRUSSELLE ST, ,ROBERTA,GA,31078,361,E CRUSSELLE ST,,ROBERTA,GA,31078-4827,A,A,,11/01/2017,11/01/2017,11/01/2017,IN PERSON,NO,NO,,NO,ROBER,2,002,018,140,MACO,00107,039012,00097,107,
CRAWFORD,00287000,MATHEWS,NANCY,P,,291,ANDREWS DR, ,ROBERTA,GA,31078-4883,291,ANDREWS DR,,ROBERTA,GA,31078-4883,A,A,,10/30/2017,10/30/2017,10/30/2017,IN PERSON,NO,NO,,NO,ROBER,2,002,018,140,MACO,00107,039012,00083,92,
CRAWFORD,00287116,COOK,CHARLES,M,,12,KIRBY AVE, ,ROBERTA,GA,31078,,PO BOX 555,,ROBERTA,GA,31078-0055,A,A,,10/17/2017,10/17/2017,10/17/2017,IN PERSON,NO,NO,,NO,ROBER,2,002,018,140,MACO,00107,039012,00010,10,
CRAWFORD,11480637,COLLINS,KERMIT,,,403,WEST AGENCY ST, ,ROBERTA,GA,31078,,P. O. BOX 616,,ROBERTA,GA,31078,A,A,,11/01/2017,11/01/2017,11/01/2017,IN PERSON,NO,NO,,NO,ROBER,3,002,018,140,MACO,00108,039012,00094,104,
CRAWFORD,00287080,CANNON,JEFFIE,R,JR,44,WEST AGENCY ST, ,ROBERTA,GA,31078-4654,,PO BOX 729,,ROBERTA,GA,31078-0072,A,A,,10/17/2017,10/17/2017,10/17/2017,IN PERSON,NO,NO,,NO,ROBER,2,002,018,140,MACO,00107,039012,00005,5,
CRAWFORD,00289353,THOMPSON,MARILYN,LARAINE,,375,HIGH POINT RD,APT 20,ROBERTA,GA,31078,375,HIGH POINT RD,APT 20,ROBERTA,GA,31078,A,A,,10/17/2017,10/17/2017,10/17/2017,IN PERSON,NO,NO,,NO,ROBER,2,002,018,140,MACO,00107,039012,00001,1,
CRAWFORD,00287186,GIBSON,CONNIE,,,320,EAST AGENCY ST, ,ROBERTA,GA,31078,,PO BOX 806,,ROBERTA,GA,31078,A,A,,10/19/2017,10/19/2017,10/19/2017,IN PERSON,NO,NO,,NO,ROBER,3,002,018,140,MACO,00108,039012,00036,41,
CRAWFORD,07351219,HELSTROM,MATTHEW,S,,185,ANDREWS DR, ,ROBERTA,GA,31078-4885,185,ANDREWS DR,,ROBERTA,GA,31078-4885,A,A,,10/30/2017,10/30/2017,10/30/2017,IN PERSON,NO,NO,,NO,ROBER,2,002,018,140,MACO,00107,039012,00086,96,
CRAWFORD,00289792,HOLLAND,CAROLE,HAYS,,204,SEAGLER RD, ,ROBERTA,GA,31078-9773,,PO BOX 416,,ROBERTA,GA,31078-0041,A,A,,10/17/2017,10/17/2017,10/17/2017,IN PERSON,NO,NO,,NO,ROBER,1B,002,018,140,MACO,00109,039012,00016,16,
CRAWFORD,08101596,GIBSON,ALFRED,,JR,322,WRIGHT AVE, ,ROBERTA,GA,31078,,PO BOX 2537,,ROBERTA,GA,31078-0061,A,A,,11/01/2017,11/01/2017,11/01/2017,IN PERSON,NO,NO,,NO,ROBER,2,002,018,140,MACO,00107,039012,00095,105,
CRAWFORD,00286629,TRIBBLE,LAEL,H,,294,SOUTH DUGGER AVE, ,ROBERTA,GA,31078,294,SOUTH DUGGER AVE,,ROBERTA,GA,31078,A,C,Ballot was Undelivered,10/16/2017,10/24/2017,,MAILED,NO,NO,ELDERLY,NO,ROBER,3,002,018,140,MACO,00108,,00001,69,
CRAWFORD,06243522,BROWN,LAWRENCE,W,SR,136,MYRTLE DR, ,ROBERTA,GA,31078-5804,,PO BOX 336,,ROBERTA,GA,31078-0033,A,A,,10/18/2017,10/18/2017,10/18/2017,IN PERSON,NO,NO,,NO,ROBER,1B,002,018,140,MACO,00109,039012,00033,38,
CRAWFORD,00287379,SCARBOROUGH,ELIZABETH,B,,221,ANDREWS DR, ,ROBERTA,GA,31078-4883,2408,NORTH TIFT AVE.,SUITE 102,TIFTON,GA,31794,A,,,10/18/2017,10/18/2017,,MAILED,NO,NO,ELDERLY,NO,ROBER,2,002,018,140,MACO,00107,,00002,29,
CRAWFORD,00141623,LEWIS,SHELIA,DIANNE,,632,HICKS RD, ,ROBERTA,GA,31078-6010,632,HICKS RD,,ROBERTA,GA,31078-6010,A,A,,10/26/2017,10/26/2017,10/26/2017,IN PERSON,NO,NO,,NO,ROBER,3,002,018,140,MACO,00108,039012,00074,83,
CRAWFORD,03343425,BROWN,YVONNE,COX,,393,EAST AGENCY ST, ,ROBERTA,GA,31078,393,EAST AGENCY ST,,ROBERTA,GA,31078,A,A,,10/17/2017,10/17/2017,10/17/2017,IN PERSON,NO,NO,,NO,ROBER,2,002,018,140,MACO,00107,039012,00002,2,
CRAWFORD,00287654,RESPRESS,JESSIE,T,,555,WRIGHT AVE, ,ROBERTA,GA,31078,,PO BOX 94,,ROBERTA,GA,31078-0009,A,A,,10/23/2017,10/23/2017,10/23/2017,IN PERSON,NO,NO,,NO,ROBER,2,002,018,140,MACO,00107,039012,00056,62,
CRAWFORD,04535534,BROCK,WILLIE,EUGENE,,522,HICKS RD, ,ROBERTA,GA,31078-6004,522,HICKS RD,,ROBERTA,GA,31078-6004,A,A,,10/17/2017,10/17/2017,10/17/2017,IN PERSON,NO,NO,,NO,ROBER,3,002,018,140,MACO,00108,039012,00025,25,
CRAWFORD,00287298,MOSS,RONNIE,,,155,ANDREWS DR, ,ROBERTA,GA,31078-4885,,PO BOX 413,,ROBERTA,GA,31078-0041,A,A,,10/17/2017,10/17/2017,10/17/2017,IN PERSON,NO,NO,,NO,ROBER,2,002,018,140,MACO,00107,039012,00022,22,
CRAWFORD,00287335,BROWN,BRENDA,BANKSTON,,136,MYRTLE DR, ,ROBERTA,GA,31078-5804,,PO BOX 336,,ROBERTA,GA,31078-0033,A,A,,10/18/2017,10/18/2017,10/18/2017,IN PERSON,NO,NO,,NO,ROBER,1B,002,018,140,MACO,00109,039012,00032,37,
CRAWFORD,00286624,THAXTON,WINCEL,,,98,NEW ST, ,ROBERTA,GA,31078,,PO BOX 357,,ROBERTA,GA,31078-0035,A,A,,10/18/2017,10/18/2017,10/18/2017,IN PERSON,NO,NO,,NO,ROBER,2,002,018,140,MACO,00107,039012,00029,34,
CRAWFORD,00287661,WILLIAMS,DANA,,,545,WEST AGENCY ST, ,ROBERTA,GA,31078-4703,545,WEST AGENCY ST,,ROBERTA,GA,31078-4703,A,A,,10/18/2017,10/18/2017,10/18/2017,IN PERSON,NO,NO,,NO,ROBER,1B,002,018,140,MACO,00109,039012,00031,36,
CRAWFORD,00812925,WOOD,JANET,CANNINGTON,,67,MYRTLE DR, ,ROBERTA,GA,31078-5802,67,MYRTLE DR,,ROBERTA,GA,31078-5802,A,A,,10/20/2017,10/20/2017,10/20/2017,IN PERSON,NO,NO,,NO,ROBER,1B,002,018,140,MACO,00109,039012,00043,48,
CRAWFORD,06438555,BROCK,KELLEY,RAY,,531,HICKS RD, ,ROBERTA,GA,31078-6005,531,HICKS RD,,ROBERTA,GA,31078-6005,A,A,,10/23/2017,10/23/2017,10/23/2017,IN PERSON,NO,NO,,NO,ROBER,3,002,018,140,MACO,00108,039012,00054,59,
CRAWFORD,10796821,BARNETTE,KEITH,WAYNE,,176,LAKEVIEW DR, ,ROBERTA,GA,31078,176,LAKEVIEW DR,,ROBERTA,GA,31078,A,A,,10/17/2017,10/17/2017,10/17/2017,IN PERSON,NO,NO,,NO,ROBER,3,002,018,140,MACO,00108,039012,00014,14,
CRAWFORD,00287960,ANDREWS,PAM,T,,45,LAKEVIEW DR, ,ROBERTA,GA,31078-4652,,PO BOX 554,,ROBERTA,GA,31078-0055,A,A,,10/17/2017,10/17/2017,10/17/2017,IN PERSON,NO,NO,,NO,ROBER,3,002,018,140,MACO,00108,039012,00009,9,
CRAWFORD,02056926,NELSON,KEITH,WAYNE,,585,SOUTH DUGGER AVE, ,ROBERTA,GA,31078,,PO BOX 26,,ROBERTA,GA,31078-0002,A,A,,10/25/2017,10/25/2017,10/25/2017,IN PERSON,NO,NO,,NO,ROBER,3,002,018,140,MACO,00108,039012,00063,70,
CRAWFORD,00286636,WALKER,ANITA,D,,491,SOUTH DUGGER AVE, ,ROBERTA,GA,31078,491,SOUTH DUGGER AVE,,ROBERTA,GA,31078,A,A,,10/26/2017,10/26/2017,10/26/2017,IN PERSON,NO,NO,,NO,ROBER,3,002,018,140,MACO,00108,039012,00071,79,
CRAWFORD,00288182,SPILLERS,SYBIL,P,,255,ANDREWS DR, ,ROBERTA,GA,31078-4883,255,ANDREWS DR,,ROBERTA,GA,31078-4883,A,A,,10/17/2017,10/17/2017,10/17/2017,IN PERSON,NO,NO,,NO,ROBER,2,002,018,140,MACO,00107,039012,00007,7,
CRAWFORD,00287078,CALLOWAY,GILBERT,,,651,NORTH DUGGER AVE, ,ROBERTA,GA,31078,,PO BOX 313,,ROBERTA,GA,31078-0031,A,A,,10/25/2017,10/25/2017,10/25/2017,IN PERSON,NO,NO,,NO,ROBER,2,002,018,140,MACO,00107,039012,00067,75,
CRAWFORD,00286692,COLBERT,IRENE,,,360,WEST AGENCY ST, ,ROBERTA,GA,31078-4655,,PO BOX 786,,ROBERTA,GA,31078-0078,A,A,,10/17/2017,10/17/2017,10/17/2017,IN PERSON,NO,NO,,NO,ROBER,3,002,018,140,MACO,00108,039012,00019,19,
CRAWFORD,07974525,HEARD,GLORIA,MANNING,,360,NEW ST, ,ROBERTA,GA,31078-4854,360,NEW ST,,ROBERTA,GA,31078-4854,A,A,,10/19/2017,10/19/2017,10/19/2017,IN PERSON,NO,NO,,NO,ROBER,2,002,018,140,MACO,00107,039012,00041,46,
CRAWFORD,00136748,STEPHENSON,ALFORD,LEE,III,94,LAKEVIEW DR, ,ROBERTA,GA,31078,94,LAKEVIEW DR,,ROBERTA,GA,31078,A,A,,10/25/2017,10/25/2017,10/25/2017,IN PERSON,NO,NO,,NO,ROBER,3,002,018,140,MACO,00108,039012,00064,72,
CRAWFORD,00287944,CRAWFORD,ANNIE,LEE,,101,JB LILES LN,UNIT 16,ROBERTA,GA,31078-4913,101,JB LILES LN,APT F 17,ROBERTA,GA,31078-4913,A,A,,10/26/2017,10/26/2017,11/07/2017,MAILED,NO,NO,,NO,ROBER,2,002,018,140,MACO,00107,,00005,80,
CRAWFORD,00287038,BASSETT,BILLY,JOE,,190,NEW ST, ,ROBERTA,GA,31078-4872,190,NEW ST,,ROBERTA,GA,31078-4872,A,A,,10/23/2017,10/23/2017,10/23/2017,IN PERSON,NO,NO,,NO,ROBER,2,002,018,140,MACO,00107,039012,00058,64,
CRAWFORD,00286645,WALKER,WILLIAM,JERRY,,491,SOUTH DUGGER AVE, ,ROBERTA,GA,31078-4825,491,SOUTH DUGGER AVE,,ROBERTA,GA,31078-4825,A,A,,10/25/2017,10/25/2017,10/25/2017,IN PERSON,NO,NO,,NO,ROBER,3,002,018,140,MACO,00108,039012,00068,76,
CRAWFORD,05904857,COOPER,RICHARD,C,,352,SOUTH DUGGER AVE, ,ROBERTA,GA,31078-4846,,PO BOX 642,,ROBERTA,GA,31078-0064,A,A,,10/17/2017,10/17/2017,10/17/2017,IN PERSON,NO,NO,,NO,ROBER,3,002,018,140,MACO,00108,039012,00015,15,
CRAWFORD,00287443,MCDANIEL,PATRICIA,KAY,,10,MCCRARY AVE, ,ROBERTA,GA,31078,10,MCCRARY AVE,,ROBERTA,GA,31078,A,A,,10/18/2017,10/18/2017,10/25/2017,MAILED,NO,NO,,NO,ROBER,2,002,018,140,MACO,00107,,00003,30,
CRAWFORD,00286679,WILLIS,MAMIE,JEAN,,149,DAVENPORT DR, ,ROBERTA,GA,31078,149,DAVENPORT DR,,ROBERTA,GA,31078,A,A,,10/17/2017,10/17/2017,10/17/2017,IN PERSON,NO,NO,,NO,ROBER,2,002,018,140,MACO,00107,039012,00011,11,
CRAWFORD,00287355,STARNES,LEDA,H,,111,NORTH DUGGER AVE, ,ROBERTA,GA,31078-4815,,PO BOX 63,,ROBERTA,GA,31078-0006,A,A,,10/23/2017,10/23/2017,10/23/2017,IN PERSON,NO,NO,,NO,ROBER,2,002,018,140,MACO,00107,039012,00052,57,
CRAWFORD,08228459,HARRAH,ANGELA,ELIZABETH,,189,NEW ST, ,ROBERTA,GA,31078,189,NEW ST,,ROBERTA,GA,31078,A,A,,10/31/2017,10/31/2017,10/31/2017,IN PERSON,NO,NO,,NO,ROBER,2,002,018,140,MACO,00107,039012,00091,101,
CRAWFORD,00288578,SHORT,SHARON,SUE,,161,NEW ST, ,ROBERTA,GA,31078-4873,,PO BOX 12,,ROBERTA,GA,31078-0001,A,A,,10/19/2017,10/19/2017,10/19/2017,IN PERSON,NO,NO,,NO,ROBER,2,002,018,140,MACO,00107,039012,00038,43,
CRAWFORD,00287029,BAGGARLEY,PHYLLIS,T,,35,HIGH POINT RD, ,ROBERTA,GA,31078-4856,35,HIGH POINT RD,,ROBERTA,GA,31078-4856,A,A,,10/18/2017,10/18/2017,10/18/2017,IN PERSON,NO,NO,,NO,ROBER,3,002,018,140,MACO,00108,039012,00035,40,
CRAWFORD,07733041,CANADY,DERANNA,FULLINGTON,,388,EAST CRUSSELLE ST, ,ROBERTA,GA,31078-4828,388,EAST CRUSSELLE ST,,ROBERTA,GA,31078-4828,A,A,,10/27/2017,10/27/2017,10/27/2017,IN PERSON,NO,NO,,NO,ROBER,2,002,018,140,MACO,00107,039012,00076,85,
