County,Voter Registration #,Last Name,First Name,Middle Name,Suffix,Street #,Street Name,Apt/Unit,City,State,Zip Code,Mailing Street #,Mailing Street Name,Mailing Apt/Unit,Mailing City,Mailing State,Mailing Zip Code,Application Status,Ballot Status,Status Reason,Application Date,Ballot Issued Date,Ballot Return Date,Ballot Style,Ballot Assisted,Challenged/Provisional,Designation/Reason Issue,ID Required,Municipal Precinct,County Precinct,CNG,SEN,HOUSE	,JUD,Combo #,Vote Center ID,Ballot ID,Post #,Party
DADE,01062254,THOMPSON,BETTY,JEAN,,100,ORIOLE CIR, ,TRENTON,GA,30752-2133,,PO BOX 126,,TRENTON,GA,30752-0012,A,,,10/16/2017,10/16/2017,,MAILED,NO,NO,,NO,TR,960,014,053,001,LOMO,00014,,00302,5,
DADE,07491049,TALBOTT,JON,THOMAS,,45,TALBOTT WAY,A,TRENTON,GA,30752-4776,45,TALBOTT WAY,A,TRENTON,GA,30752-4776,A,A,,10/18/2017,10/18/2017,10/18/2017,IN PERSON,NO,NO,,NO,,960,014,053,001,LOMO,00004,041001,00063,71,
DADE,01062230,TAYLOR,DONALD,CALVIN,,160,CHURCH ST, ,TRENTON,GA,30752-2409,,PO BOX 1209,,TRENTON,GA,30752-0120,A,A,,10/31/2017,10/31/2017,10/31/2017,IN PERSON,NO,NO,,NO,TR,960,014,053,001,LOMO,00014,041001,00266,287,
DADE,01061047,BRITT,FRED,ESTEN,,95,ROSEWOOD DR, ,TRENTON,GA,30752-3016,,PO BOX 1402,,TRENTON,GA,30752-0140,A,A,,10/30/2017,10/30/2017,10/30/2017,IN PERSON,NO,NO,,NO,TR,960,014,053,001,LOMO,00014,041001,00251,272,
DADE,01061231,CROSS,LAURA,,,237,GLENWOOD DR, ,TRENTON,GA,30752-2321,237,GLENWOOD DR,,TRENTON,GA,30752-2321,A,A,,10/27/2017,10/27/2017,10/27/2017,IN PERSON,NO,NO,,NO,TR,960,014,053,001,LOMO,00014,041001,00215,235,
DADE,08322294,HICKEY,PHILIP,ANDREW,,1905,MASON RD, ,RISING FAWN,GA,30738,1905,MASON RD,,RISING FAWN,GA,30738,A,A,,10/17/2017,10/17/2017,10/17/2017,IN PERSON,NO,NO,,NO,,1038,014,053,001,LOMO,00004,041001,00030,37,
DADE,07553444,NUNLEY,GLENDA,GAIL,,70,ASHTON LN, ,TRENTON,GA,30752,,PO BOX 1756,,TRENTON,GA,30752-0175,A,A,,10/20/2017,10/20/2017,10/26/2017,MAILED,NO,NO,ELDERLY,NO,TR,960,014,053,001,LOMO,00014,,00308,106,
DADE,01061158,CHRISTOPHER,BETTY,,,11,OAK AVE, ,TRENTON,GA,30752-2810,,PO BOX 38,,TRENTON,GA,30752-0003,A,A,,10/23/2017,10/23/2017,10/23/2017,IN PERSON,NO,NO,,NO,TR,960,014,053,001,LOMO,00014,041001,00114,129,
DADE,06290699,RUSHING,JOE,FREDRICK,,188,CHURCH ST, ,TRENTON,GA,30752-2409,188,CHURCH ST,,TRENTON,GA,30752-2409,A,A,,10/27/2017,10/27/2017,10/27/2017,IN PERSON,NO,NO,,NO,TR,960,014,053,001,LOMO,00014,041001,00207,227,
DADE,01063049,MASSENGALE,BILLY,JOE,,135,SLYGO RD, ,TRENTON,GA,30752-4214,135,SLYGO RD,,TRENTON,GA,30752-4214,A,A,,10/18/2017,10/18/2017,10/18/2017,IN PERSON,NO,NO,,NO,,974,014,053,001,LOMO,00004,041001,00049,57,
DADE,01060965,BEAUDOIN,STEVEN,A,,2,POPLAR AVE, ,TRENTON,GA,30752-2838,,PO BOX 474,,TRENTON,GA,30752-0047,A,A,,11/02/2017,11/02/2017,11/02/2017,IN PERSON,NO,NO,,NO,TR,960,014,053,001,LOMO,00014,041001,00336,364,
DADE,10382330,EASTER,ANGELA,ROSE,,101,POPE TRL, ,WILDWOOD,GA,30757,101,POPE TRL,,WILDWOOD,GA,30757-3720,A,A,,10/17/2017,10/17/2017,10/18/2017,IN PERSON,NO,NO,,NO,,974,014,053,001,LOMO,00004,041001,00050,58,
DADE,01061138,CASH,MARK,S,,400,SUNSET DR, ,TRENTON,GA,30752-2314,400,SUNSET DR,,TRENTON,GA,30752-2314,A,A,,10/27/2017,10/27/2017,10/30/2017,IN PERSON,NO,NO,,NO,TR,960,014,053,001,LOMO,00014,041001,00238,259,
DADE,04812159,MAHAN,RICHARD,,,203,LEA RD, ,WILDWOOD,GA,30757,,PO BOX 125,,WILDWOOD,GA,30757,A,A,,10/26/2017,10/26/2017,10/26/2017,IN PERSON,NO,NO,,NO,,974,014,053,001,LOMO,00004,041001,00197,214,
DADE,04895152,GEDDIE,GROVER,ELLIS,,89,CHURCH ST, ,TRENTON,GA,30752-2410,89,CHURCH ST,,TRENTON,GA,30752-2410,A,A,,10/25/2017,10/25/2017,10/25/2017,IN PERSON,NO,NO,,NO,TR,960,014,053,001,LOMO,00014,041001,00164,181,
DADE,01061227,CURETON,CATHY,,,125,ORIOLE CIR, ,TRENTON,GA,30752-2132,125,ORIOLE CIR,,TRENTON,GA,30752-2132,A,A,,10/20/2017,10/20/2017,10/20/2017,IN PERSON,NO,NO,,NO,TR,960,014,053,001,LOMO,00014,041001,00101,112,
DADE,06985757,TOWNSELL,MELISSA,DAWN,,410,BIBLE CAMP RD, ,TRENTON,GA,30752-4703,410,BIBLE CAMP RD,,TRENTON,GA,30752-4703,A,A,,10/20/2017,10/20/2017,10/20/2017,IN PERSON,NO,NO,,NO,,1222,014,053,001,LOMO,00004,041001,00106,117,
DADE,01065126,SEWELL,JOE,DOUGLAS,,13555,N MAIN ST, ,TRENTON,GA,30752,13555,N MAIN ST,,TRENTON,GA,30752-2013,A,A,,10/20/2017,10/20/2017,10/20/2017,IN PERSON,NO,NO,,NO,TR,960,014,053,001,LOMO,00014,041001,00102,113,
DADE,06212391,SHRADER,LISA,GILBERT,,218,CANARY AVE, ,TRENTON,GA,30752,218,CANARY AVE,,TRENTON,GA,30752,A,A,,10/26/2017,10/26/2017,10/26/2017,IN PERSON,NO,NO,,NO,TR,960,014,053,001,LOMO,00014,041001,00181,198,
DADE,01061161,CHRISTOPHER,LARRY,DAVID,,544,WALNUT AVE, ,TRENTON,GA,30752-2828,544,WALNUT AVE,,TRENTON,GA,30752-2828,A,A,,11/02/2017,11/02/2017,11/02/2017,IN PERSON,NO,NO,,NO,TR,960,014,053,001,LOMO,00014,041001,00328,356,
DADE,05449788,HARTMAN,DON,LEE,,150,MAGGIE BLUFF, ,LOOKOUT MOUNTAIN,GA,30750-4168,150,MAGGIE BLUFF,,LOOKOUT MOUNTAIN,GA,30750-4168,A,A,,10/25/2017,10/25/2017,10/25/2017,IN PERSON,NO,NO,,NO,,1889,014,053,001,LOMO,00004,041001,00176,193,
DADE,06857164,JAMISON,CHARLINE,WOMACK,,412,HARTLINE RD, ,TRENTON,GA,30752-4931,412,HARTLINE RD,,TRENTON,GA,30752-4931,A,A,,10/23/2017,10/23/2017,10/23/2017,IN PERSON,NO,NO,,NO,,1222,014,053,001,LOMO,00004,041001,00128,143,
DADE,01062338,ATKINS,CONNIE,SUE,,525,MEMORIAL LN, ,TRENTON,GA,30752-2113,,PO BOX 1409,,TRENTON,GA,30752-0140,A,A,,10/18/2017,10/18/2017,10/24/2017,MAILED,NO,NO,,NO,,960,014,053,001,LOMO,00004,,00001,46,
DADE,01062237,TAYLOR,JOHNNY,,,101,CEDAR LN, ,TRENTON,GA,30752-3037,,PO BOX 415,,TRENTON,GA,30752-0041,A,A,,10/19/2017,10/19/2017,10/19/2017,IN PERSON,NO,NO,,NO,TR,960,014,053,001,LOMO,00014,041001,00092,100,
DADE,01067277,HICKS,MARVIN,DONALD,,63,ROSEWOOD DR, ,TRENTON,GA,30752-3016,63,ROSEWOOD DR,,TRENTON,GA,30752-3016,A,A,,10/19/2017,10/19/2017,10/19/2017,IN PERSON,NO,NO,,NO,TR,960,014,053,001,LOMO,00014,041001,00084,92,
DADE,01062506,BLEVINS,JENNIFER,ANNE,,200,CASE AVE, ,TRENTON,GA,30752-2407,200,CASE AVE,,TRENTON,GA,30752-2407,A,A,,11/02/2017,11/02/2017,11/02/2017,IN PERSON,NO,NO,,NO,TR,960,014,053,001,LOMO,00014,041001,00329,357,
DADE,01062511,BLEVINS,RUSSELL,LEROY,,199,NEW ENGLAND RD, ,WILDWOOD,GA,30757-3917,199,NEW ENGLAND RD,,WILDWOOD,GA,30757-3917,A,A,,10/25/2017,10/25/2017,10/25/2017,IN PERSON,NO,NO,,NO,,974,014,053,001,LOMO,00004,041001,00162,179,
DADE,01061876,NEWT,MARTHA,CLAUDINE,,86,STRAWBERRY LN, ,TRENTON,GA,30752-5013,86,STRAWBERRY LN,,TRENTON,GA,30752-5013,A,A,,10/19/2017,10/19/2017,10/19/2017,IN PERSON,NO,NO,,NO,,1222,014,053,001,LOMO,00004,041001,00082,90,
DADE,01061634,JOHNSON,ROBERT,TERRELL,,42,MALENDA DR, ,TRENTON,GA,30752-3024,42,MALENDA DR,,TRENTON,GA,30752-3024,A,A,,10/19/2017,10/19/2017,10/19/2017,IN PERSON,NO,NO,,NO,TR,960,014,053,001,LOMO,00014,041001,00086,94,
DADE,01062903,HICKS,NANCY,CAROLE,,287,STEELE RD, ,WILDWOOD,GA,30757-3714,287,STEELE RD,,WILDWOOD,GA,30757-3714,A,A,,11/01/2017,11/01/2017,11/01/2017,IN PERSON,NO,NO,,NO,,974,014,053,001,LOMO,00004,041001,00307,331,
DADE,01062913,HIXSON,GENE,HAMLIN,,2385,CREEK RD, ,WILDWOOD,GA,30757-3929,2385,CREEK RD,,WILDWOOD,GA,30757-3929,A,A,,10/31/2017,10/31/2017,10/31/2017,IN PERSON,NO,NO,,NO,,974,014,053,001,LOMO,00004,041001,00277,299,
DADE,05258742,COURTE,ELIZABETH,V,,140,S SHIVAS CRST, ,RISING FAWN,GA,30738-6317,140,S SHIVAS CRST,,RISING FAWN,GA,30738-6317,A,A,,10/23/2017,10/23/2017,10/23/2017,IN PERSON,NO,NO,,NO,,1889,014,053,001,LOMO,00004,041001,00121,136,
DADE,01062305,WALKER,VICKI,AVERY,,286,WALNUT AVE, ,TRENTON,GA,30752-2827,286,WALNUT AVE,,TRENTON,GA,30752-2827,A,A,,10/18/2017,10/18/2017,10/18/2017,IN PERSON,NO,NO,,NO,TR,960,014,053,001,LOMO,00014,041001,00054,62,
DADE,08445722,MABRY,RICHARD,DAVID,,18,WOODLAND CT, ,TRENTON,GA,30752-4697,18,WOODLAND CT,,TRENTON,GA,30752-4697,A,A,,11/02/2017,11/02/2017,11/02/2017,IN PERSON,NO,NO,,NO,,960,014,053,001,LOMO,00004,041001,00335,363,
DADE,01062000,REED,VIRGINIA,,,11316,S MAIN ST,APT B37,TRENTON,GA,30752,11316,S MAIN ST,APT B37,TRENTON,GA,30752,A,A,,11/01/2017,11/01/2017,11/01/2017,IN PERSON,NO,NO,,NO,TR,960,014,053,001,LOMO,00014,041001,00298,322,
DADE,01062964,JOLLY,CALVIN,LAMAR,,475,COOLEY RD,R1,WILDWOOD,GA,30757-4036,475,COOLEY RD,R1,WILDWOOD,GA,30757-4036,A,A,,10/30/2017,10/30/2017,10/30/2017,IN PERSON,NO,NO,,NO,,974,014,053,001,LOMO,00004,041001,00243,264,
DADE,01064144,PIERCE,BELINDA,L,,11316,S MAIN ST,UNIT 2,TRENTON,GA,30752,129,CHEROKEE TRAIL,UNIT 2,TRENTON,GA,30752-0066,A,A,,11/01/2017,11/01/2017,11/01/2017,IN PERSON,NO,NO,,NO,TR,960,014,053,001,LOMO,00014,041001,00292,316,
DADE,08589078,HUFFMAN,STACY,LYNN,,173,CHRISTYS LN, ,TRENTON,GA,30752-4200,173,CHRISTYS LN,,TRENTON,GA,30752-4200,A,A,,11/03/2017,11/03/2017,11/03/2017,IN PERSON,NO,NO,,NO,,974,014,053,001,LOMO,00004,041001,00345,373,
DADE,01065811,MORGAN,CHARLES,CONRAD,,370,MORGAN LN, ,RISING FAWN,GA,30738,,PO BOX 126,,RISING FAWN,GA,30738,A,A,,11/03/2017,11/03/2017,11/03/2017,IN PERSON,NO,NO,,NO,,1038,014,053,001,LOMO,00004,041001,00348,376,
DADE,01063224,REED,MICHAEL,ROY,,2392,BACK VALLEY RD, ,TRENTON,GA,30752-4642,,PO BOX 1749,,TRENTON,GA,30752-0174,A,A,,10/23/2017,10/23/2017,10/23/2017,IN PERSON,NO,NO,,NO,,960,014,053,001,LOMO,00004,041001,00129,144,
DADE,01062229,TAYLOR,DARLENE,,,58,ROSEWOOD DR, ,TRENTON,GA,30752-3012,58,ROSEWOOD DR,,TRENTON,GA,30752-3012,A,C,Administrative Cancellation,10/31/2017,10/31/2017,10/31/2017,IN PERSON,NO,NO,,NO,TR,960,014,053,001,LOMO,00014,041001,00262,283,
DADE,01062857,HALL,GORDON,LEROY,,120,WAWONA DR, ,WILDWOOD,GA,30757-4101,,PO BOX 59,,WILDWOOD,GA,30757-0005,A,,,10/23/2017,10/23/2017,,MAILED,NO,NO,,NO,,974,014,053,001,LOMO,00004,,00601,128,
DADE,10474720,HURST,ANGELA,MARIE,,91,BLACKSTOCK LN, ,TRENTON,GA,30752,91,BLACKSTOCK LN,,TRENTON,GA,30752-2635,A,A,,10/24/2017,10/24/2017,10/24/2017,IN PERSON,NO,NO,,NO,,960,014,053,001,LOMO,00004,041001,00149,164,
DADE,01063325,SMITH,LEONDA,A,,3998,SLYGO RD, ,TRENTON,GA,30752-4116,3998,SLYGO RD,,TRENTON,GA,30752-4116,A,A,,10/26/2017,10/26/2017,10/26/2017,IN PERSON,NO,NO,,NO,,974,014,053,001,LOMO,00004,041001,00190,207,
DADE,10595375,ROBINSON,CHRISTIAN,DANE,,8980,HIGHWAY 301, ,TRENTON,GA,30752,8980,HIGHWAY 301,,TRENTON,GA,30752-5011,A,A,,10/18/2017,10/18/2017,10/18/2017,IN PERSON,NO,NO,,NO,,1222,014,053,001,LOMO,00004,041001,00048,56,
DADE,07429593,TALBOTT,SUSAN,K,,45,TALBOTT WAY, ,TRENTON,GA,30752-4776,45,TALBOTT WAY,,TRENTON,GA,30752-4776,A,A,,10/18/2017,10/18/2017,10/18/2017,IN PERSON,NO,NO,,NO,,960,014,053,001,LOMO,00004,041001,00064,72,
DADE,01061689,LAWSON,ADRIAN,THOMAS,,230,WALNUT AVE, ,TRENTON,GA,30752-2827,230,WALNUT AVE,,TRENTON,GA,30752-2827,A,A,,10/27/2017,10/27/2017,10/27/2017,IN PERSON,NO,NO,,NO,TR,960,014,053,001,LOMO,00014,041001,00212,232,
DADE,06290645,RUSHING,BERTHA,CORINNE,,188,CHURCH ST, ,TRENTON,GA,30752-2409,188,CHURCH ST,,TRENTON,GA,30752-2409,A,A,,10/27/2017,10/27/2017,10/27/2017,IN PERSON,NO,NO,,NO,TR,960,014,053,001,LOMO,00014,041001,00206,226,
DADE,01061380,GASS,BRYAN,E,,1140,GULCH RD, ,TRENTON,GA,30752-2618,1140,GULCH RD,,TRENTON,GA,30752-2618,A,A,,10/20/2017,10/20/2017,10/20/2017,IN PERSON,NO,NO,,NO,,960,014,053,001,LOMO,00004,041001,00099,110,
DADE,06058257,WALLIN,JASON,LEVI,,262,POPLAR AVE, ,TRENTON,GA,30752-2840,262,POPLAR AVE,,TRENTON,GA,30752-2840,A,A,,10/26/2017,10/26/2017,10/26/2017,IN PERSON,NO,NO,,NO,TR,960,014,053,001,LOMO,00014,041001,00194,211,
DADE,03311519,PANGLE,LILA,JEAN,,622,MCKAIG RD, ,TRENTON,GA,30752-4629,,PO BOX 745,,TRENTON,GA,30752-0074,A,A,,11/01/2017,11/01/2017,11/01/2017,IN PERSON,NO,NO,,NO,TR,960,014,053,001,LOMO,00014,041001,00288,312,
DADE,01061160,CHRISTOPHER,IRIS,MARIE,,544,WALNUT AVE, ,TRENTON,GA,30752-2828,544,WALNUT AVE,,TRENTON,GA,30752-2828,A,A,,11/02/2017,11/02/2017,11/02/2017,IN PERSON,NO,NO,,NO,TR,960,014,053,001,LOMO,00014,041001,00327,355,
DADE,07213597,KACVINSKY,BRIAN,M,,930,MOUNTAIN SHADOWS DR, ,TRENTON,GA,30752,930,MOUNTAIN SHADOWS DR,,TRENTON,GA,30752,A,A,,11/03/2017,11/03/2017,11/03/2017,IN PERSON,NO,NO,,NO,,974,014,053,001,LOMO,00004,041001,00370,398,
DADE,03528905,LANTHRIPP,DEBRA,J,,346,LEIDERMAN RD, ,TRENTON,GA,30752-5708,346,LEIDERMAN RD,,TRENTON,GA,30752-5708,A,A,,10/18/2017,10/18/2017,10/18/2017,IN PERSON,NO,NO,,NO,,1885,014,053,001,LOMO,00004,041001,00047,55,
DADE,04404567,SMITH,FAITH,DIANNE,,546,SPRING LN, ,RISING FAWN,GA,30738-4064,546,SPRING LN,,RISING FAWN,GA,30738-4064,A,A,,11/03/2017,11/03/2017,11/03/2017,IN PERSON,NO,NO,,NO,,1038,014,053,001,LOMO,00004,041001,00346,374,
DADE,01064038,JACKSON,JENNIFER,DENISE,,70,LEON LN, ,RISING FAWN,GA,30738-4213,70,LEON LN,,RISING FAWN,GA,30738-4213,A,A,,11/01/2017,11/01/2017,11/01/2017,IN PERSON,NO,NO,,NO,,1214,014,053,001,LOMO,00004,041001,00293,317,
DADE,06078450,JONES,DANIEL,H,JR,95,WOODMONT PL, ,TRENTON,GA,30752-4693,,PO BOX 142,,TRENTON,GA,30752-0014,A,A,,10/20/2017,10/20/2017,10/20/2017,IN PERSON,NO,NO,,NO,,960,014,053,001,LOMO,00004,041001,00095,104,
DADE,06282761,TAYLOR,EDDY,ARNOLD,,88,PULLEN AVE, ,TRENTON,GA,30752-2801,88,PULLEN AVE,,TRENTON,GA,30752-2801,A,A,,10/25/2017,10/25/2017,10/25/2017,IN PERSON,NO,NO,,NO,TR,960,014,053,001,LOMO,00014,041001,00178,195,
DADE,10855458,STOTT,CLARICE,GOODFELLOW,,12362,MAIN ST, ,TRENTON,GA,30752,12362,MAIN ST,,TRENTON,GA,30752,A,A,,11/01/2017,11/01/2017,11/01/2017,IN PERSON,NO,NO,,NO,TR,960,014,053,001,LOMO,00014,041001,00301,325,
DADE,01346249,CARSWELL,BETTY,S,,4462,BROW RD, ,TRENTON,GA,30752-5538,4462,BROW RD,,TRENTON,GA,30752-5538,A,A,,11/03/2017,11/03/2017,11/03/2017,IN PERSON,NO,NO,,NO,,1885,014,053,001,LOMO,00004,041001,00365,393,
DADE,01061085,BUFFINGTON,DOROTHY,FAY,,89,N PINE ST, ,TRENTON,GA,30752-2503,89,N PINE ST,,TRENTON,GA,30752-2503,A,C,Rejected Ballot that has been re-issued,10/26/2017,10/26/2017,10/31/2017,MAILED,NO,NO,,NO,TR,960,014,053,001,LOMO,00014,,00314,219,
DADE,01061826,MCCORMICK,CHRIS,W,,183,ELLIS RD, ,TRENTON,GA,30752-5014,183,ELLIS RD,,TRENTON,GA,30752-5014,A,A,,10/17/2017,10/17/2017,10/17/2017,IN PERSON,NO,NO,,NO,,1222,014,053,001,LOMO,00004,041001,00027,34,
DADE,01061755,MEEKS,PATRICIA,D,,266,MEMORIAL LN, ,TRENTON,GA,30752-2110,266,MEMORIAL LN,,TRENTON,GA,30752-2110,A,A,,10/24/2017,10/24/2017,10/24/2017,IN PERSON,NO,NO,,NO,TR,960,014,053,001,LOMO,00014,041001,00153,168,
DADE,01061874,NEWT,JIMMY,C,,86,STRAWBERRY LN, ,TRENTON,GA,30752-5013,86,STRAWBERRY LN,,TRENTON,GA,30752-5013,A,A,,10/18/2017,10/18/2017,10/18/2017,IN PERSON,NO,NO,,NO,,1222,014,053,001,LOMO,00004,041001,00059,67,
DADE,04661838,LOVE,SANDRA,CHRISTINE,,101,CEDAR LN, ,TRENTON,GA,30752,,PO BOX 223,,TRENTON,GA,30752-0022,A,A,,10/30/2017,10/30/2017,10/30/2017,IN PERSON,NO,NO,,NO,TR,960,014,053,001,LOMO,00014,041001,00260,281,
DADE,04135490,SMYTH,JAMES,GREGORY,,3557,CREEK RD, ,WILDWOOD,GA,30757-3852,,PO BOX 383,,WILDWOOD,GA,30757-0038,A,A,,10/24/2017,10/24/2017,10/24/2017,IN PERSON,NO,NO,,NO,,974,014,053,001,LOMO,00004,041001,00146,161,
DADE,01062647,TOWNSEND,LISA,CONAWAY,,478,HARRIS RD, ,TRENTON,GA,30752-4237,,PO BOX 202,,WILDWOOD,GA,30757-0020,A,A,,10/24/2017,10/24/2017,10/24/2017,IN PERSON,NO,NO,,NO,,974,014,053,001,LOMO,00004,041001,00154,169,
DADE,00938630,BAILEY,DONALD,V,,109,WILD ACRES LN, ,RISING FAWN,GA,30738-4254,109,WILD ACRES LN,,RISING FAWN,GA,30738-4254,A,A,,10/19/2017,10/19/2017,10/19/2017,IN PERSON,NO,NO,,NO,,1214,014,053,001,LOMO,00004,041001,00075,83,
DADE,01062033,CASE,SANDY,MARIE,,126,JOHN ST, ,TRENTON,GA,30752-2418,,PO BOX 525,,TRENTON,GA,30752-0052,A,A,,11/02/2017,11/02/2017,11/02/2017,IN PERSON,NO,NO,,NO,TR,960,014,053,001,LOMO,00014,041001,00333,361,
DADE,03426986,REEVES,MARY,ELIZABETH,,186,TY LN, ,TRENTON,GA,30752,186,TY LN,,TRENTON,GA,30752,A,A,,10/19/2017,10/19/2017,10/19/2017,IN PERSON,NO,NO,,NO,,974,014,053,001,LOMO,00004,041001,00068,76,
DADE,01063028,LOWERY,TOMMY,AUTHOR,,101,LAKE HILLS PL, ,TRENTON,GA,30752-2120,101,LAKE HILLS PL,,TRENTON,GA,30752-2120,A,A,,10/27/2017,10/27/2017,10/27/2017,IN PERSON,NO,NO,,NO,TR,960,014,053,001,LOMO,00014,041001,00209,229,
DADE,01063437,WHEELER,WILLIAM,DOUGLAS,,2285,SLYGO RD, ,TRENTON,GA,30752-4502,2285,SLYGO RD,,TRENTON,GA,30752-4502,A,A,,10/26/2017,10/26/2017,10/26/2017,IN PERSON,NO,NO,,NO,,974,014,053,001,LOMO,00004,041001,00195,212,
DADE,01063245,HOLIFIELD,MICHELE,MURPHY,,788,LAKE HILLS DR, ,TRENTON,GA,30752-2118,788,LAKE HILLS DR,,TRENTON,GA,30752-2118,A,A,,10/26/2017,10/26/2017,10/26/2017,IN PERSON,NO,NO,,NO,TR,960,014,053,001,LOMO,00014,041001,00180,197,
DADE,01066043,WILSON,LINDA,ELAINE,,28,HAWKINS LN, ,RISING FAWN,GA,30738-2927,28,HAWKINS LN,,RISING FAWN,GA,30738-2927,A,A,,10/31/2017,10/31/2017,10/31/2017,IN PERSON,NO,NO,,NO,,1038,014,053,001,LOMO,00004,041001,00268,289,
DADE,01065934,STEELE,LINDA,JANIS,,484,ROSEWOOD DR, ,TRENTON,GA,30752-3015,484,ROSEWOOD DR,,TRENTON,GA,30752-3015,A,A,,10/23/2017,10/23/2017,10/23/2017,IN PERSON,NO,NO,,NO,TR,960,014,053,001,LOMO,00014,041001,00130,145,
DADE,06818918,GRIFFIN,KEVIN,SCOTT,,77,BOND ST, ,TRENTON,GA,30752,77,BOND ST,,TRENTON,GA,30752-2305,A,A,,11/03/2017,11/03/2017,11/03/2017,IN PERSON,NO,NO,,NO,TR,960,014,053,001,LOMO,00014,041001,00350,378,
DADE,08538666,FLOYD,DYLON,RAY,,568,DISTRICT LINE RD, ,TRENTON,GA,30752-4744,568,DISTRICT LINE RD,,TRENTON,GA,30752-4744,A,A,,10/25/2017,10/25/2017,10/25/2017,IN PERSON,NO,NO,,NO,,1222,014,053,001,LOMO,00004,041001,00174,191,
DADE,01063921,ROSS,AURA,KATHERINE,,1494,CHEROKEE TRL, ,RISING FAWN,GA,30738-4162,1494,CHEROKEE TRL,,RISING FAWN,GA,30738-4162,A,A,,10/28/2017,10/28/2017,10/28/2017,IN PERSON,NO,NO,,NO,,1214,014,053,001,LOMO,00004,041001,00224,244,
DADE,06060341,GLOVER,JAMES,GREGORY,,1916,CREEK RD, ,WILDWOOD,GA,30757-3928,1916,CREEK RD,,WILDWOOD,GA,30757-3928,A,A,,10/16/2017,10/16/2017,10/16/2017,IN PERSON,NO,NO,,NO,,974,014,053,001,LOMO,00004,041001,00010,17,
DADE,00421060,BLACK,THOMAS,ANDREW,,1285,DISTRICT LINE RD, ,TRENTON,GA,30752,1285,DISTRICT LINE RD,,TRENTON,GA,30752,A,A,,10/16/2017,10/16/2017,10/16/2017,IN PERSON,NO,NO,,NO,,1222,014,053,001,LOMO,00004,041001,00004,11,
DADE,06952524,SMITH,TAMARA,MARIE,,9955,HIGHWAY 11, ,TRENTON,GA,30752-4618,9955,HIGHWAY 11,,TRENTON,GA,30752-4618,A,A,,10/30/2017,10/30/2017,10/30/2017,IN PERSON,NO,NO,,NO,,960,014,053,001,LOMO,00004,041001,00254,275,
DADE,07223639,HILL,JANA,LOUISE,,145,OAKWOOD AVE,APT C6,TRENTON,GA,30752,,PO BOX 1166,,TRENTON,GA,30752-0116,A,A,,11/01/2017,11/01/2017,11/01/2017,IN PERSON,NO,NO,,NO,TR,960,014,053,001,LOMO,00014,041001,00306,330,
DADE,01065599,CLARK,EARL,L,,4655,CLOVERDALE RD, ,RISING FAWN,GA,30738-4900,4655,CLOVERDALE RD,,RISING FAWN,GA,30738-4900,A,A,,10/17/2017,10/17/2017,10/17/2017,IN PERSON,NO,NO,,NO,,1038,014,053,001,LOMO,00004,041001,00015,22,
DADE,01063101,MCBRYAR,CLINTON,,,16880,HIGHWAY 11, ,WILDWOOD,GA,30757-3859,16880,HIGHWAY 11,,WILDWOOD,GA,30757-3859,A,A,,10/25/2017,10/25/2017,10/25/2017,IN PERSON,NO,NO,,NO,,974,014,053,001,LOMO,00004,041001,00158,175,
DADE,01063474,WILSON,STEPHEN,G,,21115,HIGHWAY 11, ,WILDWOOD,GA,30757-3704,,PO BOX 103,,WILDWOOD,GA,30757-0010,A,A,,10/31/2017,10/31/2017,10/31/2017,IN PERSON,NO,NO,,NO,,974,014,053,001,LOMO,00004,041001,00261,282,
DADE,10815453,BOGGS,LARRY,GENE,,3511,MASON RD, ,RISING FAWN,GA,30738,3511,MASON RD,,RISING FAWN,GA,30738-2914,A,A,,10/19/2017,10/19/2017,10/19/2017,IN PERSON,NO,NO,,NO,,1038,014,053,001,LOMO,00004,041001,00076,84,
DADE,01062235,TAYLOR,JEREMY,D,,486,SUNSET DR, ,TRENTON,GA,30752-2314,486,SUNSET DR,,TRENTON,GA,30752-2314,A,A,,10/26/2017,10/26/2017,10/26/2017,IN PERSON,NO,NO,,NO,TR,960,014,053,001,LOMO,00014,041001,00191,208,
DADE,01065464,YORK,BLENDA,LUCILLE,,7911,HIGHWAY 301, ,TRENTON,GA,30752-5203,7911,HIGHWAY 301,,TRENTON,GA,30752-5203,A,A,,10/18/2017,10/18/2017,10/18/2017,IN PERSON,NO,NO,,NO,,1222,014,053,001,LOMO,00004,041001,00043,51,
DADE,05597015,WADE,SAMUEL,C,,2383,CREEK RD, ,WILDWOOD,GA,30757,2383,CREEK RD,,WILDWOOD,GA,30757,A,A,,10/28/2017,10/28/2017,10/28/2017,IN PERSON,NO,NO,,NO,,974,014,053,001,LOMO,00004,041001,00228,249,
DADE,01064035,DUVALL,PAULA,LEE,,855,PINEY RD, ,TRENTON,GA,30752-2702,855,PINEY RD,,TRENTON,GA,30752-2702,A,A,,10/31/2017,10/31/2017,10/31/2017,IN PERSON,NO,NO,,NO,,960,014,053,001,LOMO,00004,041001,00272,293,
DADE,01063083,MOORE,RUTH,,,20877,HIGHWAY 11, ,WILDWOOD,GA,30757-4142,,PO BOX 72,,WILDWOOD,GA,30757-0007,A,A,,10/26/2017,10/26/2017,10/26/2017,IN PERSON,NO,NO,,NO,,974,014,053,001,LOMO,00004,041001,00179,196,
DADE,01060902,GLASER,OPHELIA,KAY,,11490,S MAIN ST, ,TRENTON,GA,30752-2832,,PO BOX 489,,TRENTON,GA,30752-0048,A,A,,10/30/2017,10/30/2017,10/30/2017,IN PERSON,NO,NO,,NO,TR,960,014,053,001,LOMO,00014,041001,00255,276,
DADE,06050983,SCOTT-WALLIN,HEATHER,DALENNA,,262,POPLAR AVE, ,TRENTON,GA,30752-2840,262,POPLAR AVE,,TRENTON,GA,30752-2840,A,A,,10/26/2017,10/26/2017,10/26/2017,IN PERSON,NO,NO,,NO,TR,960,014,053,001,LOMO,00014,041001,00193,210,
DADE,01062795,FOSTER,JAMES,DOUGLAS,,5833,CREEK RD, ,WILDWOOD,GA,30757,,124,,WILDWOOD,GA,30757,A,A,,10/26/2017,10/26/2017,10/26/2017,IN PERSON,NO,NO,,NO,,974,014,053,001,LOMO,00004,041001,00182,199,
DADE,04735102,BROWN,STEPHANIE,LYNN,,634,POPLAR ST, ,TRENTON,GA,30752,634,POPLAR ST,,TRENTON,GA,30752,A,A,,10/18/2017,10/18/2017,10/18/2017,IN PERSON,NO,NO,,NO,TR,960,014,053,001,LOMO,00014,041001,00052,60,
DADE,01062432,YORK,JANET,I,,31,CEDAR LN, ,TRENTON,GA,30752-3002,,PO BOX 96,,TRENTON,GA,30752-0009,A,A,,10/23/2017,10/23/2017,10/23/2017,IN PERSON,NO,NO,,NO,TR,960,014,053,001,LOMO,00014,041001,00119,134,
DADE,05268287,YOUNG,DAVID,RICHARD,,1297,HATFIELD RD, ,RISING FAWN,GA,30738-4560,1297,HATFIELD RD,,RISING FAWN,GA,30738-4560,A,A,,10/18/2017,10/18/2017,10/18/2017,IN PERSON,NO,NO,,NO,,1038,014,053,001,LOMO,00004,041001,00038,45,
DADE,04866113,ORTWEIN,JEFFREY,ADAM,,225,BEAR CLAW LN, ,RISING FAWN,GA,30738,225,BEAR CLAW LN,,RISING FAWN,GA,30738-5157,A,A,,11/02/2017,11/02/2017,11/02/2017,IN PERSON,NO,NO,,NO,,1214,014,053,001,LOMO,00004,041001,00332,360,
DADE,01061452,GRAY,MARY,LOIS,,13981,N MAIN ST, ,TRENTON,GA,30752-2023,,PO BOX 143,,TRENTON,GA,30752-0014,A,A,,11/02/2017,11/02/2017,11/06/2017,MAILED,NO,NO,,NO,TR,960,014,053,001,LOMO,00014,,00319,343,
DADE,06659481,ADKINS,SHARON,MARIE,,111,GLENVIEW DR,APT 4,TRENTON,GA,30752,111,GLENVIEW DR,APT 4,TRENTON,GA,30752,A,A,,10/27/2017,10/27/2017,10/27/2017,IN PERSON,NO,NO,,NO,TR,960,014,053,001,LOMO,00014,041001,00222,242,
DADE,01062855,HALL,DANNY,H,,204,CANDY LN, ,WILDWOOD,GA,30757-3956,,PO BOX 311,,WILDWOOD,GA,30757-0031,A,A,,11/01/2017,11/01/2017,11/01/2017,IN PERSON,NO,NO,,NO,,974,014,053,001,LOMO,00004,041001,00304,328,
DADE,10557236,JUSTUS,PATTY,,,11316,S MAIN ST,APT B 36,TRENTON,GA,30752,11316,S MAIN ST,APT C50,TRENTON,GA,30752,A,A,,11/01/2017,11/02/2017,11/07/2017,MAILED,NO,NO,,NO,TR,960,014,053,001,LOMO,00014,,00318,342,
DADE,10259261,BEAUDOIN,STEVEN,TYCE,,2,POPLAR AVE, ,TRENTON,GA,30752,2,POPLAR AVE,,TRENTON,GA,30752,A,A,,11/03/2017,11/03/2017,11/03/2017,IN PERSON,NO,NO,,NO,TR,960,014,053,001,LOMO,00014,041001,00371,399,
DADE,01061317,EMMETT,JOHN,R,,555,LAKE HILLS DR, ,TRENTON,GA,30752-2119,,PO BOX 843,,TRENTON,GA,30752-0084,A,A,,10/18/2017,10/18/2017,10/18/2017,IN PERSON,NO,NO,,NO,TR,960,014,053,001,LOMO,00014,041001,00058,66,
DADE,01067148,WOOTEN,NATHAN,JAMES,,610,MCKAIG RD, ,TRENTON,GA,30752,,P.O. BOX 576,,TRENTON,GA,30752,A,A,,10/18/2017,10/18/2017,10/18/2017,IN PERSON,NO,NO,,NO,TR,960,014,053,001,LOMO,00014,041001,00046,54,
DADE,01065170,SMITH,BRENDA,GAIL,,818,SMITH RD, ,TRENTON,GA,30752-5028,818,SMITH RD,,TRENTON,GA,30752-5028,A,A,,10/18/2017,10/18/2017,10/18/2017,IN PERSON,NO,NO,,NO,,1222,014,053,001,LOMO,00004,041001,00036,43,
DADE,01061674,KYZER,YVONNE,ADDINGTON,,59,MAY AVE, ,TRENTON,GA,30752-2519,,PO BOX 766,,TRENTON,GA,30752-0076,A,A,,11/02/2017,11/02/2017,11/02/2017,IN PERSON,NO,NO,,NO,TR,960,014,053,001,LOMO,00014,041001,00314,340,
DADE,01061435,GOFF,ROBERT,F,SR,55,GLENWOOD DR, ,TRENTON,GA,30752-2319,55,GLENWOOD DR,,TRENTON,GA,30752-2319,A,A,,10/17/2017,10/17/2017,10/17/2017,IN PERSON,NO,NO,,NO,TR,960,014,053,001,LOMO,00014,041001,00018,25,
DADE,08327082,HILL,COLTON,ALEXANDER,,1931,SLYGO RD, ,TRENTON,GA,30752-4224,1931,SLYGO RD,,TRENTON,GA,30752-4224,A,A,,10/28/2017,10/28/2017,10/28/2017,IN PERSON,NO,NO,,NO,,974,014,053,001,LOMO,00004,041001,00233,254,
DADE,05951687,STEWART,SARA,AGNES,,602,POPLAR ST, ,TRENTON,GA,30752-2134,602,POPLAR ST,,TRENTON,GA,30752-2134,A,A,,10/23/2017,10/23/2017,11/01/2017,MAILED,NO,NO,ELDERLY,NO,TR,960,014,053,001,LOMO,00014,,00309,121,
DADE,03390486,TAYLOR,TONIA,MICHELLE,,88,PULLEN AVE, ,TRENTON,GA,30752-2801,88,PULLEN AVE,,TRENTON,GA,30752-2801,A,A,,10/25/2017,10/25/2017,10/25/2017,IN PERSON,NO,NO,,NO,TR,960,014,053,001,LOMO,00014,041001,00175,192,
DADE,01061057,MCMAHAN,MARTHA,LYNN,,450,WILLIAMS ST, ,TRENTON,GA,30752,450,WILLIAMS ST,,TRENTON,GA,30752,A,A,,11/03/2017,11/03/2017,11/03/2017,IN PERSON,NO,NO,,NO,,960,014,053,001,LOMO,00004,041001,00360,388,
DADE,01061088,BUFFINGTON,KERMIT,LEE,,89,N PINE ST, ,TRENTON,GA,30752-2503,89,N PINE ST,,TRENTON,GA,30752-2503,A,,,10/31/2017,10/31/2017,,MAILED,NO,NO,,NO,TR,960,014,053,001,LOMO,00014,,00317,305,
DADE,01062461,ATHERTON,THOMAS,H,,1462,BALLARD RD, ,TRENTON,GA,30752-5509,1462,BALLARD RD,,TRENTON,GA,30752-5509,A,A,,10/23/2017,10/23/2017,10/23/2017,IN PERSON,NO,NO,,NO,,1885,014,053,001,LOMO,00004,041001,00108,119,
DADE,01061760,MOON,RHONDA,DONIECE,,11088,HIGHWAY 11, ,TRENTON,GA,30752-3030,411,LAKE HILLS DR,,TRENTON,GA,30752-0146,A,C,Ballot Turned in on Election Day,11/01/2017,11/01/2017,11/07/2017,MAILED,NO,NO,,NO,,960,014,053,001,LOMO,00004,,00004,334,
DADE,01061894,PAGE,CHARLES,MAX,,94,GLENVIEW DR, ,TRENTON,GA,30752-2326,94,GLENVIEW DR,,TRENTON,GA,30752-2326,A,A,,10/18/2017,10/18/2017,10/18/2017,IN PERSON,NO,NO,,NO,TR,960,014,053,001,LOMO,00014,041001,00041,49,
DADE,04661931,MOON,DAVID,SHAWN,,11088,HIGHWAY 11, ,TRENTON,GA,30752-3030,411,LAKE HILLS DR,,TRENTON,GA,30752-0146,A,C,Ballot Turned in on Election Day,11/01/2017,11/01/2017,11/07/2017,MAILED,NO,NO,,NO,,960,014,053,001,LOMO,00004,,00003,333,
DADE,04135485,SMYTH,TERESA,LYNN,,3557,CREEK RD, ,WILDWOOD,GA,30757-3852,,PO BOX 383,,WILDWOOD,GA,30757-0038,A,A,,10/23/2017,10/23/2017,10/23/2017,IN PERSON,NO,NO,,NO,,974,014,053,001,LOMO,00004,041001,00120,135,
DADE,01063922,ROSS,BERTHA,JEAN,,648,CHEROKEE LOOP, ,RISING FAWN,GA,30738,648,CHEROKEE LOOP,,RISING FAWN,GA,30738,A,A,,10/30/2017,10/30/2017,10/30/2017,IN PERSON,NO,NO,,NO,,1214,014,053,001,LOMO,00004,041001,00253,274,
DADE,10527749,SHARP,DEBORAH,ANN,,96,PORTER RD, ,TRENTON,GA,30752,,P.O. BOX 1051,,TRENTON,GA,30752,A,A,,11/01/2017,11/01/2017,11/01/2017,IN PERSON,NO,NO,,NO,,1222,014,053,001,LOMO,00004,041001,00295,319,
DADE,01065930,STALLINGS,CARLTON,E,,659,DEER HEAD COVE RD, ,RISING FAWN,GA,30738-4858,659,DEER HEAD COVE RD,,RISING FAWN,GA,30738-4858,A,A,,10/30/2017,10/30/2017,10/30/2017,IN PERSON,NO,NO,,NO,,1038,014,053,001,LOMO,00004,041001,00245,266,
DADE,04756228,FAUSCETT,REECE,FRANKLIN,,150,ORIOLE CIR, ,TRENTON,GA,30752-2133,,PO BOX 6,,TRENTON,GA,30752,A,A,,10/19/2017,10/19/2017,10/19/2017,IN PERSON,NO,NO,,NO,TR,960,014,053,001,LOMO,00014,041001,00093,101,
DADE,01067299,POWELL,ROSE,SMITH,,5492,HIGHWAY 11, ,RISING FAWN,GA,30738-4502,5492,HIGHWAY 11,,RISING FAWN,GA,30738-4502,A,A,,11/02/2017,11/02/2017,11/02/2017,IN PERSON,NO,NO,,NO,,1038,014,053,001,LOMO,00004,041001,00323,351,
DADE,11015061,CROSS,CARRIE,ELIZABETH,,237,GLENWOOD DR, ,TRENTON,GA,30752,237,GLENWOOD DR,,TRENTON,GA,30752,A,A,,10/23/2017,10/23/2017,10/23/2017,IN PERSON,NO,NO,,NO,TR,960,014,053,001,LOMO,00014,041001,00139,154,
DADE,08179185,POWELL,TYLER,ALLAN,,14020,N MAIN ST, ,TRENTON,GA,30752-2024,,PO BOX 762,,TRENTON,GA,30752-0076,A,A,,10/16/2017,10/16/2017,11/06/2017,MAILED,NO,NO,,NO,TR,960,014,053,001,LOMO,00014,,00306,9,
DADE,06857175,JAMISON,ALVIN,JENNINGS,,412,HARTLINE RD, ,TRENTON,GA,30752-4931,412,HARTLINE RD,,TRENTON,GA,30752-4931,A,A,,10/23/2017,10/23/2017,10/23/2017,IN PERSON,NO,NO,,NO,,1222,014,053,001,LOMO,00004,041001,00115,130,
DADE,01063542,BRADFORD,ALLAN,LEE,,111,MELISSA LN, ,RISING FAWN,GA,30738-4383,111,MELISSA LN,,RISING FAWN,GA,30738-4383,A,A,,10/18/2017,10/18/2017,10/18/2017,IN PERSON,NO,NO,,NO,,1889,014,053,001,LOMO,00004,041001,00060,68,
DADE,01063297,SIMS,CORA,PAULETT,,731,DAVE BROWN RD, ,TRENTON,GA,30752-4309,731,DAVE BROWN RD,,TRENTON,GA,30752-4309,A,A,,10/31/2017,10/31/2017,10/31/2017,IN PERSON,NO,NO,,NO,,974,014,053,001,LOMO,00004,041001,00286,310,
DADE,08803974,STOGLIN,REBEKAH,MARIE CARNEY,,13067,N MAIN ST, ,TRENTON,GA,30752-2211,13067,N MAIN ST,,TRENTON,GA,30752-2211,A,A,,10/17/2017,10/17/2017,10/17/2017,IN PERSON,NO,NO,,NO,TR,960,014,053,001,LOMO,00014,041001,00022,29,
DADE,01063572,BRADFORD,THOMAS,ELDON,,75,MELISSA LN, ,RISING FAWN,GA,30738-4383,75,MELISSA LN,,RISING FAWN,GA,30738-4383,A,A,,10/16/2017,10/16/2017,10/16/2017,IN PERSON,NO,NO,,NO,,1889,014,053,001,LOMO,00004,041001,00009,16,
DADE,01061028,BRANDON,WANDA,J,,112,WREN AVE, ,TRENTON,GA,30752-2522,,PO BOX 513,,TRENTON,GA,30752-0051,A,,,10/16/2017,10/16/2017,,MAILED,NO,NO,,NO,TR,960,014,053,001,LOMO,00014,,00304,7,
DADE,01062126,SMITH,COUNDINIA,M,,14,VALLEY DR, ,TRENTON,GA,30752-2136,,PO BOX 285,,TRENTON,GA,30752-0028,A,A,,10/26/2017,10/26/2017,10/26/2017,IN PERSON,NO,NO,,NO,TR,960,014,053,001,LOMO,00014,041001,00184,201,
DADE,06714138,SMITH,MELISSA,B,,87,PRATER RD, ,TRENTON,GA,30752-5024,87,PRATER RD,,TRENTON,GA,30752-5024,A,A,,10/17/2017,10/17/2017,10/17/2017,IN PERSON,NO,NO,,NO,,1222,014,053,001,LOMO,00004,041001,00032,39,
DADE,01062900,HICKS,JAMES,R,,287,STEELE RD, ,WILDWOOD,GA,30757-3714,287,STEELE RD,,WILDWOOD,GA,30757-3714,A,A,,11/01/2017,11/01/2017,11/01/2017,IN PERSON,NO,NO,,NO,,974,014,053,001,LOMO,00004,041001,00308,332,
DADE,01067290,POWELL,MARK,J,,5492,HIGHWAY 11, ,RISING FAWN,GA,30738-4502,5492,HIGHWAY 11,,RISING FAWN,GA,30738-4502,A,A,,11/02/2017,11/02/2017,11/02/2017,IN PERSON,NO,NO,,NO,,1038,014,053,001,LOMO,00004,041001,00322,350,
DADE,01062062,RUSSELL,ROBERT,WAYNE,,5851,HIGHWAY 136, ,TRENTON,GA,30752,5851,HIGHWAY 136,,TRENTON,GA,30752,A,A,,10/19/2017,10/19/2017,10/19/2017,IN PERSON,NO,NO,,NO,TR,960,014,053,001,LOMO,00014,041001,00089,97,
DADE,01061453,GRAY,SANDRA,D,,11316,S MAIN ST, ,TRENTON,GA,30752,11316,S MAIN ST,,TRENTON,GA,30752,A,A,,10/31/2017,10/31/2017,10/31/2017,IN PERSON,NO,NO,,NO,TR,960,014,053,001,LOMO,00014,041001,00274,295,
DADE,01061649,KENNEDY,BOBBY,J,,110,GLENWOOD DR, ,TRENTON,GA,30752-2320,,PO BOX 382,,TRENTON,GA,30752-0038,A,A,,10/28/2017,10/28/2017,10/28/2017,IN PERSON,NO,NO,,NO,TR,960,014,053,001,LOMO,00014,041001,00236,257,
DADE,08086564,POUNDS,THOMAS,A,,298,WILD ACRES LN, ,RISING FAWN,GA,30738-4254,298,WILD ACRES LN,,RISING FAWN,GA,30738-4254,A,A,,10/17/2017,10/17/2017,10/17/2017,IN PERSON,NO,NO,,NO,,1214,014,053,001,LOMO,00004,041001,00019,26,
DADE,01062054,ROWELL,DANNY,JOE,,10881,HIGHWAY 11, ,TRENTON,GA,30752-3026,,PO BOX 852,,TRENTON,GA,30752-0085,A,A,,11/01/2017,11/01/2017,11/01/2017,IN PERSON,NO,NO,,NO,,960,014,053,001,LOMO,00004,041001,00313,339,
DADE,01064043,STEWART,BARBARA,FORSHEE,,76,POPLAR AVE, ,TRENTON,GA,30752-2838,,PO BOX 1501,,TRENTON,GA,30752-0150,A,A,,10/27/2017,10/27/2017,10/27/2017,IN PERSON,NO,NO,,NO,TR,960,014,053,001,LOMO,00014,041001,00203,222,
DADE,10489329,MCMAHAN,MELISSA,A,,63,CHEROKEE TRL, ,TRENTON,GA,30752,63,CHEROKEE TRL,,TRENTON,GA,30752-2673,A,A,,10/19/2017,10/19/2017,10/19/2017,IN PERSON,NO,NO,,NO,,960,014,053,001,LOMO,00004,041001,00088,96,
DADE,01061434,GOFF,MARY,RUTH,,55,GLENWOOD DR, ,TRENTON,GA,30752-2319,55,GLENWOOD DR,,TRENTON,GA,30752-2319,A,A,,11/03/2017,11/03/2017,11/03/2017,IN PERSON,NO,NO,,NO,TR,960,014,053,001,LOMO,00014,041001,00349,377,
DADE,07554337,NUNLEY,WILLIE,RONDAL,,70,ASHTON LN, ,TRENTON,GA,30752,,PO BOX 374,,TRENTON,GA,30752-0037,A,A,,10/20/2017,10/20/2017,10/26/2017,MAILED,NO,NO,ELDERLY,NO,TR,960,014,053,001,LOMO,00014,,00307,105,
DADE,06556507,BLEVINS,MARTIN,LEROY,,38,HICKORY ST, ,TRENTON,GA,30752-2844,38,HICKORY ST,,TRENTON,GA,30752-2844,A,A,,11/03/2017,11/03/2017,11/03/2017,IN PERSON,NO,NO,,NO,TR,960,014,053,001,LOMO,00014,041001,00342,370,
DADE,01061378,GASS,BILLIE,G,,1140,GULCH RD, ,TRENTON,GA,30752-2618,1140,GULCH RD,,TRENTON,GA,30752-2618,A,A,,10/20/2017,10/20/2017,10/20/2017,IN PERSON,NO,NO,,NO,,960,014,053,001,LOMO,00004,041001,00100,111,
DADE,06812383,KENNEY,LLOYD,RICHARD,III,538,SELLS LN, ,TRENTON,GA,30752,538,SELLS LN,,TRENTON,GA,30752,A,A,,10/25/2017,10/25/2017,10/25/2017,IN PERSON,NO,NO,,NO,,960,014,053,001,LOMO,00004,041001,00173,190,
DADE,05529245,HILL,KIRBY,LEE,,145,OAKWOOD AVE,C6,TRENTON,GA,30752,145,OAKWOOD AVE,C6,TRENTON,GA,30752,A,A,,11/01/2017,11/01/2017,11/01/2017,IN PERSON,NO,NO,,NO,TR,960,014,053,001,LOMO,00014,041001,00305,329,
DADE,03501896,THURMAN,CYNTHIA,YVONNE,,480,CHEROKEE TRL, ,TRENTON,GA,30752-2672,480,CHEROKEE TRL,,TRENTON,GA,30752-2672,A,A,,10/18/2017,10/18/2017,10/18/2017,IN PERSON,NO,NO,,NO,,960,014,053,001,LOMO,00004,041001,00042,50,
DADE,01065190,SMITH,JAMES,DEWEY,,818,SMITH RD, ,TRENTON,GA,30752-5028,818,SMITH RD,,TRENTON,GA,30752-5028,A,A,,10/18/2017,10/18/2017,10/18/2017,IN PERSON,NO,NO,,NO,,1222,014,053,001,LOMO,00004,041001,00037,44,
DADE,01061088,BUFFINGTON,KERMIT,LEE,,89,N PINE ST, ,TRENTON,GA,30752-2503,89,N PINE ST,,TRENTON,GA,30752-2503,A,R,Insufficient Oath Information,10/26/2017,10/26/2017,10/31/2017,MAILED,NO,NO,,NO,TR,960,014,053,001,LOMO,00014,,00313,218,
DADE,03586430,TINKER,APRIL,LORAINE,,1000,SHELTON RD, ,TRENTON,GA,30752-4948,1000,SHELTON RD,,TRENTON,GA,30752-4948,A,A,,10/18/2017,10/18/2017,10/18/2017,IN PERSON,NO,NO,,NO,,1222,014,053,001,LOMO,00004,041001,00040,48,
DADE,00073056,ATKINS,LINDA,F,,189,WREN AVE, ,TRENTON,GA,30752-2522,,PO BOX 31,,TRENTON,GA,30752-0003,A,A,,10/26/2017,10/26/2017,10/26/2017,IN PERSON,NO,NO,,NO,TR,960,014,053,001,LOMO,00014,041001,00202,221,
DADE,00083708,CONAWAY,GLENDA,A,,4091,SLYGO RD, ,TRENTON,GA,30752-4117,4091,SLYGO RD,,TRENTON,GA,30752-4117,A,A,,10/24/2017,10/24/2017,10/24/2017,IN PERSON,NO,NO,,NO,,974,014,053,001,LOMO,00004,041001,00142,157,
DADE,01062912,HIXSON,CAROLYN,JOE,,2385,CREEK RD, ,WILDWOOD,GA,30757-3929,2385,CREEK RD,,WILDWOOD,GA,30757-3929,A,A,,10/31/2017,10/31/2017,10/31/2017,IN PERSON,NO,NO,,NO,,974,014,053,001,LOMO,00004,041001,00278,300,
DADE,01061967,POWELL,PHYLLIS,K,,14020,N MAIN ST, ,TRENTON,GA,30752-2024,,PO BOX 762,,TRENTON,GA,30752-0076,A,A,,10/19/2017,10/19/2017,10/19/2017,IN PERSON,NO,NO,,NO,TR,960,014,053,001,LOMO,00014,041001,00090,98,
DADE,10569272,HURST,KELLY,WELLS,II,91,BLACKSTOCK LN, ,TRENTON,GA,30752,91,BLACKSTOCK LN,,TRENTON,GA,30752-2635,A,A,,10/24/2017,10/24/2017,10/24/2017,IN PERSON,NO,NO,,NO,,960,014,053,001,LOMO,00004,041001,00148,163,
DADE,05805001,MILLER,LAWRENCE,JASON,,742,DOYLE LN, ,WILDWOOD,GA,30752-3868,742,DOYLE LN,,WILDWOOD,GA,30752-3868,A,A,,10/18/2017,10/18/2017,10/18/2017,IN PERSON,NO,NO,,NO,,974,014,053,001,LOMO,00004,041001,00034,41,
DADE,04847509,BROWN,BOBBY,WAYNE,,876,BACK VALLEY RD, ,TRENTON,GA,30752-4639,876,BACK VALLEY RD,,TRENTON,GA,30752-4639,A,A,,10/28/2017,10/28/2017,10/28/2017,IN PERSON,NO,NO,,NO,,960,014,053,001,LOMO,00004,041001,00235,256,
DADE,08553994,STOGLIN,DAMIEN,MATTHEW,,13067,N MAIN ST, ,TRENTON,GA,30752-2211,13067,N MAIN ST,,TRENTON,GA,30752-2211,A,A,,10/17/2017,10/17/2017,10/17/2017,IN PERSON,NO,NO,,NO,TR,960,014,053,001,LOMO,00014,041001,00026,33,
DADE,06533640,PACK,DEBRA,JOHNSON,,120,CORA CIR, ,TRENTON,GA,30752,,P.O. BOX 1185,,TRENTON,GA,30752,A,A,,11/02/2017,11/02/2017,11/02/2017,IN PERSON,NO,NO,,NO,TR,960,014,053,001,LOMO,00014,041001,00316,344,
DADE,01065793,LONG,DONALD,J,,289,HOLDER LOOP, ,RISING FAWN,GA,30738-4002,289,HOLDER LOOP ROAD,,RISING FAWN,GA,30738,A,A,,10/23/2017,10/23/2017,10/23/2017,IN PERSON,NO,NO,,NO,,1038,014,053,001,LOMO,00004,041001,00122,137,
DADE,01065815,MURPHY,JACKSON,H,,3067,BACK VALLEY RD, ,TRENTON,GA,30752-4652,3067,BACK VALLEY RD,,TRENTON,GA,30752-4652,A,A,,11/02/2017,11/02/2017,11/02/2017,IN PERSON,NO,NO,,NO,,960,014,053,001,LOMO,00004,041001,00317,345,
DADE,01065901,RYAN,DAVID,JESSE,,2447,BYRDS CHAPEL RD, ,RISING FAWN,GA,30738-4420,2447,BYRDS CHAPEL RD,,RISING FAWN,GA,30738-4420,A,A,,10/19/2017,10/19/2017,10/19/2017,IN PERSON,NO,NO,,NO,,1038,014,053,001,LOMO,00004,041001,00069,77,
DADE,01063436,WHEELER,THELMA,JEAN,,2285,SLYGO RD, ,TRENTON,GA,30752-4502,2285,SLYGO RD,,TRENTON,GA,30752-4502,A,A,,10/26/2017,10/26/2017,10/26/2017,IN PERSON,NO,NO,,NO,,974,014,053,001,LOMO,00004,041001,00196,213,
DADE,10569182,GASS,SANDY,LYNN,,316,OLD HALES GAP RD, ,TRENTON,GA,30752,316,OLD HALES GAP RD,,TRENTON,GA,30752-4207,A,A,,10/31/2017,10/31/2017,10/31/2017,IN PERSON,NO,NO,,NO,,974,014,053,001,LOMO,00004,041001,00280,302,
DADE,01064795,KEITH,JACQUALINE,R,,820,SMITH RD, ,TRENTON,GA,30752-5028,820,SMITH RD,,TRENTON,GA,30752-5028,A,A,,10/17/2017,10/17/2017,10/17/2017,IN PERSON,NO,NO,,NO,,1222,014,053,001,LOMO,00004,041001,00024,31,
DADE,01064461,CLARK,OZELL,FRANKLIN,JR,2765,BROW RD, ,TRENTON,GA,30752-5343,2765,BROW RD,,TRENTON,GA,30752-5343,A,A,,10/19/2017,10/19/2017,10/19/2017,IN PERSON,NO,NO,,NO,,1222,014,053,001,LOMO,00004,041001,00081,89,
DADE,03560654,SHEEHAN-LOWERY,EILEEN,M,,101,LAKE HILLS PL, ,TRENTON,GA,30752-2120,101,LAKE HILLS PL,,TRENTON,GA,30752-2120,A,A,,10/27/2017,10/27/2017,10/27/2017,IN PERSON,NO,NO,,NO,TR,960,014,053,001,LOMO,00014,041001,00210,230,
DADE,01062086,SEWELL,BETHANY,D,,13555,N MAIN ST, ,TRENTON,GA,30752,,PO BOX 756,,TRENTON,GA,30752-0067,A,A,,10/20/2017,10/20/2017,10/20/2017,IN PERSON,NO,NO,,NO,TR,960,014,053,001,LOMO,00014,041001,00103,114,
DADE,01063779,MATTHEWS,WILLIAM,EUGENE,,3135,GRIFF JOHNSON RD, ,MENLO,GA,30731-5150,3135,GRIFF JOHNSON RD,,CLOUDLAND,GA,30731-5150,A,A,,11/02/2017,11/02/2017,11/02/2017,IN PERSON,NO,NO,,NO,,1214,014,053,001,LOMO,00004,041001,00326,354,
DADE,10375069,CROSS,CARL,ZACHARY,,237,GLENWOOD DR, ,TRENTON,GA,30752,237,GLENWOOD DR,,TRENTON,GA,30752-2321,A,A,,10/23/2017,10/23/2017,10/23/2017,IN PERSON,NO,NO,,NO,TR,960,014,053,001,LOMO,00014,041001,00133,148,
DADE,01062891,HENEGAR,JERRY,LYNN,,407,BERNICE DR, ,TRENTON,GA,30752-2690,407,BERNICE DR,,TRENTON,GA,30752-2690,A,A,,10/23/2017,10/23/2017,10/23/2017,IN PERSON,NO,NO,,NO,TR,960,014,053,001,LOMO,00014,041001,00123,138,
DADE,01061816,MCBRYAR,DONALD,F,,13996,N MAIN ST, ,TRENTON,GA,30752-2022,,PO BOX 414,,TRENTON,GA,30752-0041,A,A,,10/16/2017,10/16/2017,10/23/2017,MAILED,NO,NO,ELDERLY,NO,TR,960,014,053,001,LOMO,00014,,00303,6,
DADE,01061633,JOHNSON,MYRA,ELLEN,,42,MALENDA DR, ,TRENTON,GA,30752-3024,42,MALENDA DR,,TRENTON,GA,30752-3024,A,A,,10/19/2017,10/19/2017,10/19/2017,IN PERSON,NO,NO,,NO,TR,960,014,053,001,LOMO,00014,041001,00087,95,
DADE,01062055,ROWELL,MARTHA,L,,10881,HIGHWAY 11, ,TRENTON,GA,30752-3026,,PO BOX 852,,TRENTON,GA,30752-0085,A,A,,10/27/2017,10/27/2017,10/27/2017,IN PERSON,NO,NO,,NO,,960,014,053,001,LOMO,00004,041001,00217,237,
DADE,01066876,NEWTON,JEFFREY,KENNETH,,122,PLEASANT HILL RD, ,LOOKOUT MOUNTAIN,GA,30750-4601,122,PLEASANT HILL RD,,LOOKOUT MOUNTAIN,GA,30750-4601,A,A,,10/23/2017,10/23/2017,10/23/2017,IN PERSON,NO,NO,,NO,,1889,014,053,001,LOMO,00004,041001,00126,141,
DADE,04827819,FRISKE,GARRY,DEAN,,3432,MASON RD, ,RISING FAWN,GA,30738-2913,,PO BOX 192,,RISING FAWN,GA,30738-0019,A,A,,11/02/2017,11/02/2017,11/02/2017,IN PERSON,NO,NO,,NO,,1038,014,053,001,LOMO,00004,041001,00320,348,
DADE,04357596,MAHAN,DEBORAH,LYNN,,203,CHAMBERS LN, ,TRENTON,GA,30752,,PO BOX 125,,WILDWOOD,GA,30757-0012,A,A,,10/23/2017,10/23/2017,10/23/2017,IN PERSON,NO,NO,,NO,,974,014,053,001,LOMO,00004,041001,00112,126,
DADE,01066994,SCOTT,DARRELL,VINCENT,,128,MOUNTAIN MEADOWS RD, ,LOOKOUT MOUNTAIN,GA,30750-4615,128,MOUNTAIN MEADOWS RD,,LOOKOUT MOUNTAIN,GA,30750-4615,A,A,,10/31/2017,10/31/2017,10/31/2017,IN PERSON,NO,NO,,NO,,1889,014,053,001,LOMO,00004,041001,00282,306,
DADE,05081860,HICKEY,MARTIN,W,,11316,S MAIN ST, ,TRENTON,GA,30752,11316,S MAIN ST,,TRENTON,GA,30752,A,A,,11/01/2017,11/01/2017,11/01/2017,IN PERSON,NO,NO,,NO,TR,960,014,053,001,LOMO,00014,041001,00291,315,
DADE,04167086,SNOW,LEONARD,NELSON,,73,N CASE AVE, ,TRENTON,GA,30752-2513,73,N CASE AVE,,TRENTON,GA,30752-2513,A,A,,10/23/2017,10/23/2017,10/23/2017,IN PERSON,NO,NO,,NO,TR,960,014,053,001,LOMO,00014,041001,00131,146,
DADE,01062063,RUSSELL,SHIRLEY,R,,5851,HIGHWAY 136, ,TRENTON,GA,30752,5851,HIGHWAY 136,,TRENTON,GA,30752,A,A,,05/03/2016,10/16/2017,10/19/2017,MAILED,NO,NO,ELDERLY,NO,TR,960,014,053,001,LOMO,00014,,00305,8,
DADE,01061062,BROWN,BEVERLY,J,,69,MOUNTAIN VIEW RD, ,TRENTON,GA,30752-3001,69,MOUNTAIN VIEW RD,,TRENTON,GA,30752-3001,A,A,,10/30/2017,10/30/2017,10/30/2017,IN PERSON,NO,NO,,NO,,960,014,053,001,LOMO,00004,041001,00248,269,
DADE,01061065,BROWN,KATHRYN,G,,67,MOUNTAIN VIEW RD, ,TRENTON,GA,30752-3001,67,MOUNTAIN VIEW RD,,TRENTON,GA,30752-3001,A,A,,10/24/2017,10/24/2017,10/24/2017,IN PERSON,NO,NO,,NO,,960,014,053,001,LOMO,00004,041001,00141,156,
DADE,01060957,BATTLES,BENFORD,ARLON,,220,N PINE ST, ,TRENTON,GA,30752-2130,220,N PINE ST,,TRENTON,GA,30752-2130,A,A,,10/17/2017,10/17/2017,10/17/2017,IN PERSON,NO,NO,,NO,TR,960,014,053,001,LOMO,00014,041001,00017,24,
DADE,01060956,BATTLES,BETTY,L,,220,N PINE ST, ,TRENTON,GA,30752-2130,220,N PINE ST,,TRENTON,GA,30752-2130,A,A,,10/17/2017,10/17/2017,10/17/2017,IN PERSON,NO,NO,,NO,TR,960,014,053,001,LOMO,00014,041001,00016,23,
DADE,01061045,BRITT,ALMA,F,,95,ROSEWOOD DR, ,TRENTON,GA,30752-3016,,PO BOX 1402,,TRENTON,GA,30752-0140,A,A,,10/30/2017,10/30/2017,10/30/2017,IN PERSON,NO,NO,,NO,TR,960,014,053,001,LOMO,00014,041001,00250,271,
DADE,01061080,HOUTS,LUCRETIA,GAIL,,13980,N MAIN ST, ,TRENTON,GA,30752-2022,,PO BOX 691,,TRENTON,GA,30752-0069,A,A,,11/02/2017,11/02/2017,11/02/2017,IN PERSON,NO,NO,,NO,TR,960,014,053,001,LOMO,00014,041001,00318,346,
DADE,05969805,WINCHESTER,BARBARA,JEAN,,48,CEDAR BREEZE, ,TRENTON,GA,30752-2329,48,CEDAR BREEZE,,TRENTON,GA,30752-2329,A,A,,11/01/2017,11/01/2017,11/01/2017,IN PERSON,NO,NO,,NO,TR,960,014,053,001,LOMO,00014,041001,00309,335,
DADE,01061388,GASS,JAMES,OTIS,,318,GLENVIEW DR, ,TRENTON,GA,30752-2328,318,GLENVIEW DR,,TRENTON,GA,30752-2328,A,A,,10/19/2017,10/19/2017,10/19/2017,IN PERSON,NO,NO,,NO,TR,960,014,053,001,LOMO,00014,041001,00067,75,
DADE,07111382,FITZGERALD,MARLEEN,ANN,,102,LOOKOUT CIR, ,TRENTON,GA,30752-2692,102,LOOKOUT CIR,,TRENTON,GA,30752-2692,A,A,,10/19/2017,10/19/2017,10/19/2017,IN PERSON,NO,NO,,NO,TR,960,014,053,001,LOMO,00014,041001,00080,88,
DADE,01060919,AVANS,PATRICIA,ANN,,53,MALENDA DR, ,TRENTON,GA,30752-3024,53,MALENDA DR,,TRENTON,GA,30752-3024,A,A,,10/25/2017,10/25/2017,10/25/2017,IN PERSON,NO,NO,,NO,TR,960,014,053,001,LOMO,00014,041001,00169,186,
DADE,01062853,HALL,BETTYE,H,,204,CANDY LN, ,WILDWOOD,GA,30757-3956,204,CANDY LN,,WILDWOOD,GA,30757-3956,A,A,,10/27/2017,10/27/2017,11/01/2017,MAILED,NO,NO,ELDERLY,NO,,974,014,053,001,LOMO,00004,,00602,223,
DADE,03845275,VAUGHAN,TAMMIE,TERRA LAVADA ,,1931,SLYGO RD, ,TRENTON,GA,30752-4224,1931,SLYGO RD,,TRENTON,GA,30752-4224,A,A,,11/03/2017,11/03/2017,11/03/2017,IN PERSON,NO,NO,,NO,,974,014,053,001,LOMO,00004,041001,00343,371,
DADE,01065303,STONE,EVAN,E,,41,GULCH RD, ,TRENTON,GA,30752,,P.O. BOX 829,,TRENTON,GA,30752,A,A,,10/31/2017,10/31/2017,10/31/2017,IN PERSON,NO,NO,,NO,,960,014,053,001,LOMO,00004,041001,00271,292,
DADE,01061403,GEDDIE,JOSEPH,W,,34,SCENIC DR, ,TRENTON,GA,30752-2104,,PO BOX 655,,TRENTON,GA,30752-0065,A,A,,10/24/2017,10/24/2017,10/24/2017,IN PERSON,NO,NO,,NO,TR,960,014,053,001,LOMO,00014,041001,00137,152,
DADE,06528081,WARD,KENNETH,RAY,,254,POPLAR AVE, ,TRENTON,GA,30752,254,POPLAR AVE,,TRENTON,GA,30752,A,A,,11/02/2017,11/02/2017,11/02/2017,IN PERSON,NO,NO,,NO,TR,960,014,053,001,LOMO,00014,041001,00324,352,
DADE,10543131,WEATHERS,TIMOTHY,FRANKLIN,,150,MONTAGUE ST, ,TRENTON,GA,30752,150,MONTAGUE ST,,TRENTON,GA,30752,A,A,,11/01/2017,11/01/2017,11/01/2017,IN PERSON,NO,NO,,NO,TR,960,014,053,001,LOMO,00014,041001,00310,336,
DADE,03303426,HESTER,RUSSELL,D,JR,61,JAMES ST,APT 3,TRENTON,GA,30752,61,JAMES ST,APT 3,TRENTON,GA,30752,A,A,,10/20/2017,10/20/2017,10/20/2017,IN PERSON,NO,NO,,NO,,960,014,053,001,LOMO,00004,041001,00098,109,
DADE,10337677,BOGGS,BRENDA,MARIE,,3511,MASON RD, ,RISING FAWN,GA,30738,3511,MASON RD,,RISING FAWN,GA,30738,A,A,,10/17/2017,10/17/2017,10/17/2017,IN PERSON,NO,NO,,NO,,1038,014,053,001,LOMO,00004,041001,00013,20,
DADE,04024155,HENDERSON,ALISON,TRUITT,,151,CHRISTYS LN, ,TRENTON,GA,30752-4200,151,CHRISTYS LN,,TRENTON,GA,30752-4200,A,A,,11/03/2017,11/03/2017,11/03/2017,IN PERSON,NO,NO,,NO,,974,014,053,001,LOMO,00004,041001,00356,384,
DADE,06119942,MASON,VALICIA,RENEE,,220,POPLAR AVE,UNIT #A4,TRENTON,GA,30752,220,POPLAR AVE,UNIT #A4,TRENTON,GA,30752,A,A,,11/02/2017,11/02/2017,11/02/2017,IN PERSON,NO,NO,,NO,TR,960,014,053,001,LOMO,00014,041001,00337,365,
DADE,04245915,WHEELER,PAMELA,STAR,,622,MCKAIG RD, ,TRENTON,GA,30752,622,MCKAIG RD,,TRENTON,GA,30752,A,A,,11/03/2017,11/03/2017,11/03/2017,IN PERSON,NO,NO,,NO,TR,960,014,053,001,LOMO,00014,041001,00362,390,
DADE,01061226,CURETON,CARRIE,LEE,,13734,N MAIN ST, ,TRENTON,GA,30752-2018,13734,N MAIN ST,,TRENTON,GA,30752-2018,A,A,,11/03/2017,11/03/2017,11/03/2017,IN PERSON,NO,NO,,NO,TR,960,014,053,001,LOMO,00014,041001,00363,391,
DADE,01060970,BENNETT,PATSY,D,,180,ROSEWOOD DR, ,TRENTON,GA,30752-3013,,PO BOX 483,,TRENTON,GA,30752-0048,A,A,,10/17/2017,10/17/2017,10/17/2017,IN PERSON,NO,NO,,NO,TR,960,014,053,001,LOMO,00014,041001,00029,36,
DADE,01061631,JOHNSON,JOY,E,,111,GLENWOOD DR, ,TRENTON,GA,30752-2319,111,GLENWOOD DR,,TRENTON,GA,30752-2319,A,A,,10/27/2017,10/27/2017,10/27/2017,IN PERSON,NO,NO,,NO,TR,960,014,053,001,LOMO,00014,041001,00219,239,
DADE,07386919,PARKS,ROBERT,LOUIS,,307,DENNIS RD, ,TRENTON,GA,30752-5662,307,DENNIS RD,,TRENTON,GA,30752-5662,A,A,,10/26/2017,10/26/2017,10/26/2017,IN PERSON,NO,NO,,NO,,1885,014,053,001,LOMO,00004,041001,00186,203,
DADE,00937666,BAILEY,MARY,E,,109,WILD ACRES LN, ,RISING FAWN,GA,30738-4254,109,WILD ACRES LN,,RISING FAWN,GA,30738-4254,A,A,,10/19/2017,10/19/2017,10/19/2017,IN PERSON,NO,NO,,NO,,1214,014,053,001,LOMO,00004,041001,00066,74,
DADE,01061815,GALLOWAY,ANGELA,DELYNN,,559,MEMORIAL DR, ,RISING FAWN,GA,30738-5125,559,MEMORIAL DR,,RISING FAWN,GA,30738-5125,A,A,,10/18/2017,10/18/2017,10/18/2017,IN PERSON,NO,NO,,NO,,1214,014,053,001,LOMO,00004,041001,00053,61,
DADE,01061791,MORRIS,SHARON,R,,525,POPLAR ST, ,TRENTON,GA,30752-2510,,PO BOX 851,,TRENTON,GA,30752-0085,A,A,,11/01/2017,11/01/2017,11/01/2017,IN PERSON,NO,NO,,NO,TR,960,014,053,001,LOMO,00014,041001,00311,337,
DADE,01061806,MULLINS,CAROL,E,,601,POPLAR ST, ,TRENTON,GA,30752,,PO BOX 271,,TRENTON,GA,30752-0027,A,A,,10/23/2017,10/23/2017,10/30/2017,MAILED,NO,NO,,NO,TR,960,014,053,001,LOMO,00014,,00310,123,
DADE,07122611,ARNOLD,LISA,ELIZABETH,,33,HANNA CEMETERY RD, ,RISING FAWN,GA,30738,33,HANNA CEMETERY RD,,RISING FAWN,GA,30738-4865,A,A,,10/17/2017,10/17/2017,10/17/2017,IN PERSON,NO,NO,,NO,,1038,014,053,001,LOMO,00004,041001,00020,27,
DADE,01061969,POWELL,TERRY,ALLAN,,14020,N MAIN ST, ,TRENTON,GA,30752-2024,,PO BOX 762,,TRENTON,GA,30752-0076,A,A,,10/28/2017,10/28/2017,10/28/2017,IN PERSON,NO,NO,,NO,TR,960,014,053,001,LOMO,00014,041001,00226,247,
DADE,05657579,JONES,REBECCA,MARIE,,170,CANYON PARK DR, ,TRENTON,GA,30752-2642,170,CANYON PARK DR,,TRENTON,GA,30752-2642,A,A,,11/02/2017,11/02/2017,11/02/2017,IN PERSON,NO,NO,,NO,,960,014,053,001,LOMO,00004,041001,00325,353,
DADE,04421415,PATTERSON,MARK,LESLIE,,210,CHAMBERS LN,B,TRENTON,GA,30752,210,CHAMBER LN,,TRENTON,GA,30752-0423,A,A,,10/30/2017,10/30/2017,10/30/2017,IN PERSON,NO,NO,,NO,,974,014,053,001,LOMO,00004,041001,00249,270,
DADE,00933496,BRADFORD,BETTY,JO,,79,BEAR CREEK DR, ,RISING FAWN,GA,30738-4392,79,BEAR CREEK DR,,RISING FAWN,GA,30738-4392,A,A,,10/31/2017,10/31/2017,10/31/2017,IN PERSON,NO,NO,,NO,,1214,014,053,001,LOMO,00004,041001,00276,297,
DADE,05209378,CERVELLI,PETER,DOMINIC,,140,S SHIVAS CRST, ,RISING FAWN,GA,30738-6317,140,S SHIVAS CRST,,RISING FAWN,GA,30738-6317,A,A,,10/17/2017,10/17/2017,10/17/2017,IN PERSON,NO,NO,,NO,,1889,014,053,001,LOMO,00004,041001,00025,32,
DADE,01065256,STEPHENS,STACY,WAYNE,,377,SADDLE CLUB RD, ,TRENTON,GA,30752-5224,377,SADDLE CLUB RD,,TRENTON,GA,30752-5224,A,A,,11/01/2017,11/01/2017,11/01/2017,IN PERSON,NO,NO,,NO,,1222,014,053,001,LOMO,00004,041001,00289,313,
DADE,05489658,STREET,TRACY,ANDREW,,20989,HIGHWAY 11, ,WILDWOOD,GA,30757,,PO BOX 95,,WILDWOOD,GA,30757-0009,A,A,,11/03/2017,11/03/2017,11/03/2017,IN PERSON,NO,NO,,NO,,974,014,053,001,LOMO,00004,041001,00368,396,
DADE,01063365,THOMPSON,MYRTLE,JUNE,,11316,S MAIN ST,APT 29,TRENTON,GA,30752,11316,S MAIN ST,APT 29,TRENTON,GA,30752,A,A,,10/23/2017,10/23/2017,10/23/2017,IN PERSON,NO,NO,,NO,TR,960,014,053,001,LOMO,00014,041001,00117,132,
DADE,01064874,RALEY,CECILIA,KAY,,61,SMITH DR, ,TRENTON,GA,30752-5039,61,SMITH DR,,TRENTON,GA,30752-5039,A,A,,10/27/2017,10/27/2017,10/27/2017,IN PERSON,NO,NO,,NO,,1222,014,053,001,LOMO,00004,041001,00223,243,
DADE,06465402,COKER,MARCUS,T,,131,PACE DR,C2,TRENTON,GA,30752-2414,131,PACE DR,C2,TRENTON,GA,30752-2414,A,A,,11/03/2017,11/03/2017,11/03/2017,IN PERSON,NO,NO,,NO,TR,960,014,053,001,LOMO,00014,041001,00351,379,
DADE,01066045,WILSON,WALTER,LANE,,28,HAWKINS LN, ,RISING FAWN,GA,30738-2927,28,HAWKINS LN,,RISING FAWN,GA,30738-2927,A,A,,11/02/2017,11/02/2017,11/02/2017,IN PERSON,NO,NO,,NO,,1038,014,053,001,LOMO,00004,041001,00319,347,
DADE,01061589,SHAW,CINDY,S,,616,MAINE AVE, ,WILDWOOD,GA,30757-3912,,PO BOX 105,,TRENTON,GA,30752-0010,A,A,,10/23/2017,10/23/2017,10/23/2017,IN PERSON,NO,NO,,NO,,974,014,053,001,LOMO,00004,041001,00113,127,
DADE,01062141,SNOW,SHELIA,KATHALEEN,,571,LAKE HILLS DR, ,TRENTON,GA,30752,571,LAKE HILLS DR,,TRENTON,GA,30752,A,A,,10/23/2017,10/23/2017,10/23/2017,IN PERSON,NO,NO,,NO,TR,960,014,053,001,LOMO,00014,041001,00132,147,
DADE,04799766,COLE,MATTHEW,DEWAYNE,,1022,CASEY RD, ,TRENTON,GA,30752-5326,,PO BOX 395,,TRENTON,GA,30752-0039,A,A,,10/18/2017,10/18/2017,10/18/2017,IN PERSON,NO,NO,,NO,,1222,014,053,001,LOMO,00004,041001,00062,70,
DADE,01062704,DOYLE,ANNA,,,16245,HIGHWAY 11, ,WILDWOOD,GA,30757-3860,16245,HIGHWAY 11,,WILDWOOD,GA,30757-3860,A,A,,10/23/2017,10/23/2017,10/23/2017,IN PERSON,NO,NO,,NO,,974,014,053,001,LOMO,00004,041001,00110,122,
DADE,01061580,HOLLAND,GLENN,MICHAEL,,10,HOLLAND ST, ,TRENTON,GA,30752-2309,10,HOLLAND ST,,TRENTON,GA,30752-2309,A,A,,10/27/2017,10/27/2017,10/27/2017,IN PERSON,NO,NO,,NO,TR,960,014,053,001,LOMO,00014,041001,00205,225,
DADE,01065903,RYAN,ROBERT,ANDERSON,JR,586,FISHER RD, ,RISING FAWN,GA,30738-4530,,PO BOX 506,,TRENTON,GA,30752-0050,A,A,,10/16/2017,10/16/2017,10/16/2017,IN PERSON,NO,NO,,NO,,1038,014,053,001,LOMO,00004,041001,00007,14,
DADE,01065719,HAWKINS,VERENICE,,,131,HAWKINS LN, ,RISING FAWN,GA,30738-2926,131,HAWKINS LN,,RISING FAWN,GA,30738-2926,A,A,,10/26/2017,10/26/2017,10/26/2017,IN PERSON,NO,NO,,NO,,1038,014,053,001,LOMO,00004,041001,00185,202,
DADE,07986524,HARRIS,SANDRA,LEE,,1390,TATUM GULF RD, ,MENLO,GA,30731-5127,1390,TATUM GULF RD,,MENLO,GA,30731-5127,A,A,,10/26/2017,10/26/2017,10/26/2017,IN PERSON,NO,NO,,NO,,1214,014,053,001,LOMO,00004,041001,00189,206,
DADE,01066324,MORGAN,ROY,E,JR,966,NEW HOME RD, ,TRENTON,GA,30752-5514,966,NEW HOME RD,,TRENTON,GA,30752-5514,A,A,,10/27/2017,10/27/2017,10/27/2017,IN PERSON,NO,NO,,NO,,1885,014,053,001,LOMO,00004,041001,00216,236,
DADE,02193346,RUMLEY,TED,MAXWELL,II,49,CHEROKEE TRL, ,RISING FAWN,GA,30738,49,CHEROKEE TRL,,RISING FAWN,GA,30738,A,A,,10/16/2017,10/16/2017,10/16/2017,IN PERSON,NO,NO,,NO,,1214,014,053,001,LOMO,00004,041001,00005,13,
DADE,07567154,PAGE,WANDA,GASS,,34,GLENWOOD DR, ,TRENTON,GA,30752-2320,,PO BOX 366,,TRENTON,GA,30752-0036,A,A,,10/27/2017,10/27/2017,10/27/2017,IN PERSON,NO,NO,,NO,TR,960,014,053,001,LOMO,00014,041001,00218,238,
DADE,01065311,STREET,DONNA,MARIE,,720,BROW RD, ,TRENTON,GA,30752-5332,,PO BOX 1013,,TRENTON,GA,30752-0101,A,A,,10/17/2017,10/17/2017,10/17/2017,IN PERSON,NO,NO,,NO,,1222,014,053,001,LOMO,00004,041001,00031,38,
DADE,01062648,WILLINGHAM,SHERRY,MARLENE,,200,DOGWOOD LN, ,WILDWOOD,GA,30757-3867,200,DOGWOOD LN,,WILDWOOD,GA,30757-3867,A,A,,10/24/2017,10/24/2017,10/24/2017,IN PERSON,NO,NO,,NO,,974,014,053,001,LOMO,00004,041001,00136,151,
DADE,01066938,TORRES,ROBIN,LAGAYLE,,488,LAKE HILLS DR, ,TRENTON,GA,30752,488,LAKE HILLS DR,,TRENTON,GA,30752,A,A,,10/25/2017,10/25/2017,11/01/2017,MAILED,NO,NO,,NO,TR,960,014,053,001,LOMO,00014,,00311,172,
DADE,07529920,MURPHY,PATTY,L,,1866,PORTER RD, ,TRENTON,GA,30752-5102,1866,PORTER RD,,TRENTON,GA,30752-5102,A,A,,10/31/2017,10/31/2017,10/31/2017,IN PERSON,NO,NO,,NO,,1222,014,053,001,LOMO,00004,041001,00265,286,
DADE,04895143,GEDDIE,GLENDA,FAYE,,89,CHURCH ST, ,TRENTON,GA,30752-2410,89,CHURCH ST,,TRENTON,GA,30752-2410,A,A,,10/25/2017,10/25/2017,10/25/2017,IN PERSON,NO,NO,,NO,TR,960,014,053,001,LOMO,00014,041001,00165,182,
DADE,01062172,STONE,DOYLE,STANLEY,,13857,N MAIN ST, ,TRENTON,GA,30752-2021,,PO BOX 523,,TRENTON,GA,30752-0052,A,A,,10/31/2017,10/31/2017,10/31/2017,IN PERSON,NO,NO,,NO,TR,960,014,053,001,LOMO,00014,041001,00285,309,
DADE,11443041,BUCHANAN,GABRIEL,,,13980,N MAIN ST, ,TRENTON,GA,30752,,P O BOX,,TRENTON,GA,30752,A,A,,10/28/2017,10/28/2017,10/28/2017,IN PERSON,NO,NO,,NO,TR,960,014,053,001,LOMO,00014,041001,00227,248,
DADE,01064111,STEELE,SHIRLEY,JANE,,37,ROSEWOOD DR, ,TRENTON,GA,30752-3016,,PO BOX 1124,,TRENTON,GA,30752-0112,A,A,,11/01/2017,11/01/2017,11/01/2017,IN PERSON,NO,NO,,NO,TR,960,014,053,001,LOMO,00014,041001,00297,321,
DADE,04638427,ISSENBERG,MARK,KENAN,,3005,PLUM NELLY RD, ,RISING FAWN,GA,30738-4118,3005,PLUM NELLY RD,,RISING FAWN,GA,30738-4118,A,A,,10/18/2017,10/18/2017,10/18/2017,IN PERSON,NO,NO,,NO,,1214,014,053,001,LOMO,00004,041001,00057,65,
DADE,02120925,THOMAS,SANDRA,FOWLER,,3382,BACK VALLEY RD, ,TRENTON,GA,30752,,P.O. BOX 676,,TRENTON,GA,30752,A,A,,10/17/2017,10/17/2017,10/17/2017,IN PERSON,NO,NO,,NO,,960,014,053,001,LOMO,00004,041001,00023,30,
DADE,01061532,HESTER,GREGORY,LEE,,45,VALLEY DR, ,TRENTON,GA,30752-2136,,PO BOX 739,,TRENTON,GA,30752-0073,A,A,,10/30/2017,10/30/2017,10/30/2017,IN PERSON,NO,NO,,NO,TR,960,014,053,001,LOMO,00014,041001,00256,277,
DADE,08686144,THARP,MAGGIE,ASIA MARIE,,178,WILLIAMS ST, ,TRENTON,GA,30752-2721,178,WILLIAMS ST,,TRENTON,GA,30752-2721,A,A,,10/28/2017,10/28/2017,10/28/2017,IN PERSON,NO,NO,,NO,,960,014,053,001,LOMO,00004,041001,00230,251,
DADE,06119805,PANGLE,LARRY,REX,,622,MCKAIG RD, ,TRENTON,GA,30752-4629,622,MCKAIG RD,,TRENTON,GA,30752-4629,A,A,,11/01/2017,11/01/2017,11/01/2017,IN PERSON,NO,NO,,NO,TR,960,014,053,001,LOMO,00014,041001,00287,311,
DADE,01062131,SMITH,JOHN,DOYLE,,6933,HIGHWAY 136, ,TRENTON,GA,30752,,PO BOX 919,,TRENTON,GA,30752-0091,A,A,,10/20/2017,10/20/2017,10/20/2017,IN PERSON,NO,NO,,NO,,960,014,053,001,LOMO,00004,041001,00104,115,
DADE,01067278,HICKS,DOROTHY,ANN,,63,ROSEWOOD DR, ,TRENTON,GA,30752-3016,63,ROSEWOOD DR,,TRENTON,GA,30752-3016,A,A,,10/19/2017,10/19/2017,10/19/2017,IN PERSON,NO,NO,,NO,TR,960,014,053,001,LOMO,00014,041001,00085,93,
DADE,05268632,TORRES,TODD,M,,488,LAKE HILLS DR, ,TRENTON,GA,30752,488,LAKE HILLS DR,,TRENTON,GA,30752,A,A,,10/25/2017,10/25/2017,11/07/2017,MAILED,NO,NO,,NO,TR,960,014,053,001,LOMO,00014,,00312,173,
DADE,01062176,STONE,JO,ANN,,13857,N MAIN ST, ,TRENTON,GA,30752-2021,,PO BOX 523,,TRENTON,GA,30752-0052,A,A,,10/31/2017,10/31/2017,10/31/2017,IN PERSON,NO,NO,,NO,TR,960,014,053,001,LOMO,00014,041001,00284,308,
DADE,05951249,KING,MICHAEL,,,684,PINEY RD, ,TRENTON,GA,30752-2746,684,PINEY RD,,TRENTON,GA,30752-2746,A,A,,10/18/2017,10/18/2017,10/18/2017,IN PERSON,NO,NO,,NO,,960,014,053,001,LOMO,00004,041001,00035,42,
DADE,01060912,ATKINS,GENE,RANDOLPH,,525,MEMORIAL LN, ,TRENTON,GA,30752-2113,,PO BOX 1409,,TRENTON,GA,30752-0140,A,A,,11/02/2017,11/02/2017,11/02/2017,IN PERSON,NO,NO,,NO,,960,014,053,001,LOMO,00004,041001,00334,362,
DADE,01061847,BROWN,ANN,W,,876,BACK VALLEY RD, ,TRENTON,GA,30752-4639,876,BACK VALLEY RD,,TRENTON,GA,30752-4639,A,A,,10/28/2017,10/28/2017,10/28/2017,IN PERSON,NO,NO,,NO,,960,014,053,001,LOMO,00004,041001,00234,255,
DADE,01061692,LAWSON,ELSIE,B,,230,WALNUT AVE, ,TRENTON,GA,30752-2827,230,WALNUT AVE,,TRENTON,GA,30752-2827,A,A,,11/02/2017,11/02/2017,11/02/2017,IN PERSON,NO,NO,,NO,TR,960,014,053,001,LOMO,00014,041001,00338,366,
DADE,01675319,MORRISON,MARY,C,,1339,TATUM GULF RD, ,MENLO,GA,30731-5128,1339,TATUM GULF RD,,MENLO,GA,30731-5128,A,A,,10/26/2017,10/26/2017,10/26/2017,IN PERSON,NO,NO,,NO,,1214,014,053,001,LOMO,00004,041001,00200,217,
DADE,01063085,MORRIS,DWIGHT,E,,60,MORGAN RD, ,WILDWOOD,GA,30752-4424,60,MORGAN RD,,WILDWOOD,GA,30752-4424,A,A,,10/25/2017,10/25/2017,10/25/2017,IN PERSON,NO,NO,,NO,,974,014,053,001,LOMO,00004,041001,00168,185,
DADE,01063895,PENNINGTON,KENNETH,E,,761,SUNSET DR, ,RISING FAWN,GA,30738-4122,761,SUNSET DR,,RISING FAWN,GA,30738-4122,A,A,,10/18/2017,10/18/2017,10/18/2017,IN PERSON,NO,NO,,NO,,1214,014,053,001,LOMO,00004,041001,00055,63,
DADE,07213641,SELLS,JAMES,JULIAN,,661,SELLS LN, ,TRENTON,GA,30752,661,SELLS LN,,TRENTON,GA,30752,A,A,,10/24/2017,10/24/2017,10/24/2017,IN PERSON,NO,NO,,NO,,960,014,053,001,LOMO,00004,041001,00156,171,
DADE,10716929,GASS,ROBERT,SHANE,,318,GLENVIEW DR, ,TRENTON,GA,30752,318,GLENVIEW DR,,TRENTON,GA,30752,A,A,,10/31/2017,10/31/2017,10/31/2017,IN PERSON,NO,NO,,NO,TR,960,014,053,001,LOMO,00014,041001,00279,301,
DADE,04024042,HENDERSON,CHARLES,EUGENE,,151,CHRISTYS LN, ,TRENTON,GA,30752-4200,151,CHRISTYS LN,,TRENTON,GA,30752-4200,A,A,,11/03/2017,11/03/2017,11/03/2017,IN PERSON,NO,NO,,NO,,974,014,053,001,LOMO,00004,041001,00355,383,
DADE,10011040,HEDDEN,GAIL,MOORE,,2267,SLYGO RD, ,TRENTON,GA,30752,2267,SLYGO RD,,TRENTON,GA,30752-4502,A,A,,11/03/2017,11/03/2017,11/03/2017,IN PERSON,NO,NO,,NO,,974,014,053,001,LOMO,00004,041001,00347,375,
DADE,10408683,BONTEKOE,STEPHEN,PAUL,JR,822,NEW HOME RD, ,TRENTON,GA,30752,822,NEW HOME RD,,TRENTON,GA,30752-5562,A,A,,10/30/2017,10/30/2017,10/30/2017,IN PERSON,NO,NO,,NO,,1885,014,053,001,LOMO,00004,041001,00246,267,
DADE,02622923,WALLACE,PHYLLIS,THOMPSON,,255,BROW RD, ,TRENTON,GA,30752,255,BROW RD,,TRENTON,GA,30752-5459,A,A,,10/19/2017,10/19/2017,10/19/2017,IN PERSON,NO,NO,,NO,,1222,014,053,001,LOMO,00004,041001,00078,86,
DADE,00925110,CROSS,CYNTHIA,COKER,,997,MASON RD, ,RISING FAWN,GA,30738,,P.O. BOX 901,,TRENTON,GA,30752,A,A,,10/18/2017,10/18/2017,10/18/2017,IN PERSON,NO,NO,,NO,,1038,014,053,001,LOMO,00004,041001,00033,40,
DADE,01062348,WHEELER,MARGARET,HELEN,,249,SELLS LN, ,TRENTON,GA,30752,,PO BOX 596,,TRENTON,GA,30752-0059,A,A,,10/28/2017,10/28/2017,10/28/2017,IN PERSON,NO,NO,,NO,TR,960,014,053,001,LOMO,00014,041001,00229,250,
DADE,04444820,BAKER,FRANK,BURFORD,,94,BROW LAKE LOOP RD, ,LOOKOUT MOUNTAIN,GA,30750-4120,94,BROW LAKE LOOP RD,,LOOKOUT MOUNTAIN,GA,30750-4120,A,A,,10/26/2017,10/26/2017,10/26/2017,IN PERSON,NO,NO,,NO,,1889,014,053,001,LOMO,00004,041001,00187,204,
DADE,02715803,CASE,JOSEPH,A,,126,JOHN ST, ,TRENTON,GA,30752-2418,,PO BOX 525,,TRENTON,GA,30752-0052,A,A,,11/02/2017,11/02/2017,11/02/2017,IN PERSON,NO,NO,,NO,TR,960,014,053,001,LOMO,00014,041001,00331,359,
DADE,10375117,EASTER,TIMOTHY,ALLEN,,101,POPE TRL, ,WILDWOOD,GA,30757,101,POPE TRL,,WILDWOOD,GA,30757-3720,A,A,,10/17/2017,10/17/2017,10/18/2017,IN PERSON,NO,NO,,NO,,974,014,053,001,LOMO,00004,041001,00051,59,
DADE,01061864,NETHERY,CAROLYN,JO,,365,1ST ST, ,TRENTON,GA,30752-2404,365,1ST ST,,TRENTON,GA,30752-2404,A,A,,11/03/2017,11/03/2017,11/03/2017,IN PERSON,NO,NO,,NO,TR,960,014,053,001,LOMO,00014,041001,00359,387,
DADE,01060931,BAIN,DEWEY,ALFRED,,10787,HIGHWAY 11, ,TRENTON,GA,30752-3026,,PO BOX 753,,TRENTON,GA,30752-0075,A,A,,10/30/2017,10/30/2017,10/30/2017,IN PERSON,NO,NO,,NO,,960,014,053,001,LOMO,00004,041001,00257,278,
DADE,04270307,CUNNINGHAM,DAVID,LEWIS,JR,341,GUINN RD, ,WILDWOOD,GA,30757-3719,341,GUINN RD,,WILDWOOD,GA,30757-3719,A,A,,10/30/2017,10/30/2017,10/30/2017,IN PERSON,NO,NO,,NO,,974,014,053,001,LOMO,00004,041001,00252,273,
DADE,01061118,CARTER,EUGENE,E,,51,CASE CIR, ,TRENTON,GA,30752-2518,,PO BOX 22,,TRENTON,GA,30752-0002,A,A,,10/16/2017,10/16/2017,10/16/2017,IN PERSON,NO,NO,,NO,TR,960,014,053,001,LOMO,00014,041001,00001,1,
DADE,01062983,KING,DONALD,F,,2855,HIGHWAY 299, ,WILDWOOD,GA,30757-4041,2855,HIGHWAY 299,,WILDWOOD,GA,30757-4041,A,A,,10/30/2017,10/30/2017,10/30/2017,IN PERSON,NO,NO,,NO,,974,014,053,001,LOMO,00004,041001,00242,263,
DADE,01061893,PAGE,BARRY,E,,1568,BACK VALLEY RD, ,TRENTON,GA,30752-4641,1568,BACK VALLEY RD,,TRENTON,GA,30752-4641,A,A,,10/25/2017,10/25/2017,10/25/2017,IN PERSON,NO,NO,,NO,,960,014,053,001,LOMO,00004,041001,00163,180,
DADE,06955670,TOWNSELL,JONATHAN,DALE,,388,BIBLE CAMP RD, ,TRENTON,GA,30752-4703,388,BIBLE CAMP RD,,TRENTON,GA,30752-4703,A,A,,10/20/2017,10/20/2017,10/20/2017,IN PERSON,NO,NO,,NO,,1222,014,053,001,LOMO,00004,041001,00105,116,
DADE,07150030,AVANS,TERRY,DWIGHT,JR,53,MALENDA DR, ,TRENTON,GA,30752-3024,53,MALENDA DR,,TRENTON,GA,30752-3024,A,A,,10/24/2017,10/24/2017,10/24/2017,IN PERSON,NO,NO,,NO,TR,960,014,053,001,LOMO,00014,041001,00143,158,
DADE,00072216,ATKINS,JERALD,ALFORD,,189,WREN AVE, ,TRENTON,GA,30752-2522,,PO BOX 31,,TRENTON,GA,30752-0003,A,A,,10/26/2017,10/26/2017,10/26/2017,IN PERSON,NO,NO,,NO,TR,960,014,053,001,LOMO,00014,041001,00201,220,
DADE,04746554,WHITZELL,STACY,LEN,,1700,BACK VALLEY RD, ,TRENTON,GA,30752-4641,1700,BACK VALLEY RD,,TRENTON,GA,30752-4641,A,A,,10/26/2017,10/26/2017,10/26/2017,IN PERSON,NO,NO,,NO,,960,014,053,001,LOMO,00004,041001,00199,216,
DADE,03731523,PATTERSON,ROCELIA,KAY,,176,N PINE ST, ,TRENTON,GA,30752-2502,176,N PINE ST,,TRENTON,GA,30752-2502,A,A,,11/03/2017,11/03/2017,11/03/2017,IN PERSON,NO,NO,,NO,TR,960,014,053,001,LOMO,00014,041001,00369,397,
DADE,10798446,WINTERS,EARL,ALBERT EDWARD,,150,AIR CASTLE DR, ,TRENTON,GA,30752,150,AIR CASTLE DR,,TRENTON,GA,30752-3101,A,A,,11/03/2017,11/03/2017,11/03/2017,IN PERSON,NO,NO,,NO,,960,014,053,001,LOMO,00004,041001,00357,385,
DADE,01065797,LONG,MARY,KINGERY,,289,HOLDER LOOP, ,RISING FAWN,GA,30738-4002,,PO BOX 171,,RISING FAWN,GA,30738-0017,A,A,,10/23/2017,10/23/2017,10/23/2017,IN PERSON,NO,NO,,NO,,1038,014,053,001,LOMO,00004,041001,00124,139,
DADE,01065843,MCMAHAN,GEORGE,,JR,450,WILLIAMS ST, ,TRENTON,GA,30752,450,WILLIAMS ST,,TRENTON,GA,30752-2723,A,A,,11/03/2017,11/03/2017,11/03/2017,IN PERSON,NO,NO,,NO,,960,014,053,001,LOMO,00004,041001,00353,381,
DADE,07292852,FITZGERALD,DEVIN,PATRICK,,102,LOOKOUT CIR, ,TRENTON,GA,30752-2692,102,LOOKOUT CIR,,TRENTON,GA,30752-2692,A,A,,10/19/2017,10/19/2017,10/19/2017,IN PERSON,NO,NO,,NO,TR,960,014,053,001,LOMO,00014,041001,00079,87,
DADE,01061167,CLARK,AUDREY,J,,781,DANIELS RD, ,TRENTON,GA,30752,,PO BOX 1205,,TRENTON,GA,30752-0120,A,A,,10/30/2017,10/30/2017,10/30/2017,IN PERSON,NO,NO,,NO,,960,014,053,001,LOMO,00004,041001,00259,280,
DADE,01062313,WARREN,JOHN,L,JR,327,CHEROKEE TRL, ,TRENTON,GA,30752-2634,,PO BOX 712,,TRENTON,GA,30752-0071,A,A,,11/02/2017,11/02/2017,11/02/2017,IN PERSON,NO,NO,,NO,,960,014,053,001,LOMO,00004,041001,00339,367,
DADE,10375122,ROGERS,JAMES,ROBIN,JR,4269,HIGHWAY 11, ,RISING FAWN,GA,30738,,PO BOX 246,,RISING FAWN,GA,30738-0246,A,A,,10/20/2017,10/20/2017,10/20/2017,IN PERSON,NO,NO,,NO,,1038,014,053,001,LOMO,00004,041001,00097,108,
DADE,01061991,RAINES,JANICE,CLEO,,11316,S MAIN ST,APT B41,TRENTON,GA,30752,11316,S MAIN ST,APT B41,TRENTON,GA,30752-2883,A,A,,10/31/2017,10/31/2017,11/07/2017,MAILED,NO,NO,,NO,TR,960,014,053,001,LOMO,00014,,00315,298,
DADE,01066671,FRETTS,ROBERT,J,,75,MARTIN LN, ,LOOKOUT MOUNTAIN,GA,30750-4506,75,MARTIN LN,,LOOKOUT MOUNTAIN,GA,30750-4506,A,A,,10/28/2017,10/28/2017,10/28/2017,IN PERSON,NO,NO,,NO,,1889,014,053,001,LOMO,00004,041001,00225,245,
DADE,01062561,BUFFINGTON,CORA,L,,526,HICKS HOLLOW RD, ,TRENTON,GA,30752,526,HICKS HOLLOW RD,,TRENTON,GA,30752,A,A,,10/19/2017,10/19/2017,10/19/2017,IN PERSON,NO,NO,,NO,,974,014,053,001,LOMO,00004,041001,00073,81,
DADE,05837205,FRANKLIN,EMILY,MOORE,,841,GULCH RD, ,TRENTON,GA,30752-2623,841,GULCH RD,,TRENTON,GA,30752-2623,A,A,,10/30/2017,10/30/2017,10/30/2017,IN PERSON,NO,NO,,NO,,960,014,053,001,LOMO,00004,041001,00258,279,
DADE,06591349,BECKER,LARRY,GENE,,381,CHURCH ST,APT 1,TRENTON,GA,30752,,PO BOX 834,,TRENTON,GA,30752,A,A,,10/18/2017,10/18/2017,10/18/2017,IN PERSON,NO,NO,,NO,TR,960,014,053,001,LOMO,00014,041001,00045,53,
DADE,06146749,AVANS,TRES,BENJAMIN,,53,MALENDA DR, ,TRENTON,GA,30752-3024,53,MALENDA DR,,TRENTON,GA,30752-3024,A,A,,10/31/2017,10/31/2017,10/31/2017,IN PERSON,NO,NO,,NO,TR,960,014,053,001,LOMO,00014,041001,00267,288,
DADE,05530548,HARTLINE,BETTY,RENAE,,247,CHARLOTTE DR, ,LOOKOUT MOUNTAIN,GA,30750,247,CHARLOTTE DR,,LOOKOUT MOUNTAIN,GA,30750,A,A,,11/01/2017,11/01/2017,11/01/2017,IN PERSON,NO,NO,,NO,,1889,014,053,001,LOMO,00004,041001,00299,323,
DADE,10550248,HICKEY,SARAH,ELIZABETH,,1905,MASON RD, ,RISING FAWN,GA,30738,1905,MASON RD,,RISING FAWN,GA,30738-2906,A,A,,10/17/2017,10/17/2017,10/17/2017,IN PERSON,NO,NO,,NO,,1038,014,053,001,LOMO,00004,041001,00028,35,
DADE,01062705,DOYLE,ANTHONY,RAYMOND,,16245,HIGHWAY 11, ,WILDWOOD,GA,30757-3860,16245,HIGHWAY 11,,WILDWOOD,GA,30757-3860,A,A,,05/19/2016,10/23/2017,10/26/2017,MAILED,NO,NO,ELDERLY,NO,,974,014,053,001,LOMO,00004,,00600,124,
DADE,01062336,WHEELER,CARLE,L,,249,SELLS LN, ,TRENTON,GA,30752,,PO BOX 596,,TRENTON,GA,30752-0059,A,A,,10/17/2017,10/17/2017,10/17/2017,IN PERSON,NO,NO,,NO,TR,960,014,053,001,LOMO,00014,041001,00012,19,
DADE,03998888,WEST,THECKLA,H,,582,NEW HOME LOOP, ,TRENTON,GA,30752-5628,,1466,,TRENTON,GA,30752,A,A,,10/18/2017,10/18/2017,10/18/2017,IN PERSON,NO,NO,,NO,,1885,014,053,001,LOMO,00004,041001,00039,47,
DADE,01061071,BROWN,RUSSELL,DEAN,,67,MOUNTAIN VIEW RD, ,TRENTON,GA,30752-3001,67,MOUNTAIN VIEW RD,,TRENTON,GA,30752-3001,A,A,,10/24/2017,10/24/2017,10/24/2017,IN PERSON,NO,NO,,NO,,960,014,053,001,LOMO,00004,041001,00140,155,
DADE,01061785,MOORE,WOODROW,D,,64,VALLEY DR, ,TRENTON,GA,30752-2136,,PO BOX 324,,TRENTON,GA,30752-0032,A,A,,10/19/2017,10/19/2017,10/19/2017,IN PERSON,NO,NO,,NO,TR,960,014,053,001,LOMO,00014,041001,00074,82,
DADE,01064108,SHAW,IRIA,LORENE,,68,N PINE ST, ,TRENTON,GA,30752-2523,68,N PINE ST,,TRENTON,GA,30752-2523,A,A,,10/25/2017,10/25/2017,10/25/2017,IN PERSON,NO,NO,,NO,TR,960,014,053,001,LOMO,00014,041001,00171,188,
DADE,10375077,DOYLE,CODY,P,,41,HICKORY ST, ,TRENTON,GA,30752,41,HICKORY ST,,TRENTON,GA,30752,A,A,,10/18/2017,10/18/2017,10/18/2017,IN PERSON,NO,NO,,NO,TR,960,014,053,001,LOMO,00014,041001,00056,64,
DADE,01062349,WHEELER,MARTHA,O,,88,ORIOLE CIR, ,TRENTON,GA,30752-2133,,PO BOX 487,,TRENTON,GA,30752-0048,A,A,,11/03/2017,11/03/2017,11/03/2017,IN PERSON,NO,NO,,NO,TR,960,014,053,001,LOMO,00014,041001,00352,380,
DADE,01063007,LEE,CHARLES,,,6242,CREEK RD, ,WILDWOOD,GA,30757-3825,,104,,WILDWOOD,GA,30757,A,A,,10/31/2017,10/31/2017,10/31/2017,IN PERSON,NO,NO,,NO,,974,014,053,001,LOMO,00004,041001,00269,290,
DADE,01061074,BROWN,WILLIAM,CHARLES,,69,MOUNTAIN VIEW RD, ,TRENTON,GA,30752-3001,69,MOUNTAIN VIEW RD,,TRENTON,GA,30752-3001,A,A,,10/30/2017,10/30/2017,10/30/2017,IN PERSON,NO,NO,,NO,,960,014,053,001,LOMO,00004,041001,00247,268,
DADE,00921830,BRANDON,DEENA,DANTZLER,,466,POPLAR ST, ,TRENTON,GA,30752-2508,466,POPLAR ST,,TRENTON,GA,30752-2508,A,A,,11/01/2017,11/01/2017,11/01/2017,IN PERSON,NO,NO,,NO,TR,960,014,053,001,LOMO,00014,041001,00303,327,
DADE,01061316,EMMETT,BETTY,R,,555,LAKE HILLS DR, ,TRENTON,GA,30752-2119,,PO BOX 843,,TRENTON,GA,30752-0084,A,A,,10/17/2017,10/17/2017,10/17/2017,IN PERSON,NO,NO,,NO,TR,960,014,053,001,LOMO,00014,041001,00011,18,
DADE,01061565,HILLEY,WANDA,JEAN,,94,LAKE HILLS PL, ,TRENTON,GA,30752-2121,94,LAKE HILLS PL,,TRENTON,GA,30752-2121,A,A,,10/24/2017,10/24/2017,10/24/2017,IN PERSON,NO,NO,,NO,TR,960,014,053,001,LOMO,00014,041001,00152,167,
DADE,01064097,MCGEE,CHERYL,RUTH,,840,LAKE HILLS DR, ,TRENTON,GA,30752-2139,,PO BOX 817,,TRENTON,GA,30752-0081,A,A,,10/27/2017,10/27/2017,10/27/2017,IN PERSON,NO,NO,,NO,TR,960,014,053,001,LOMO,00014,041001,00220,240,
DADE,01061463,GRONEK,MICHAEL,WAYNE,,439,WILLIAMS ST, ,TRENTON,GA,30752-2738,439,WILLIAMS ST,,TRENTON,GA,30752-2738,A,A,,10/23/2017,10/23/2017,10/23/2017,IN PERSON,NO,NO,,NO,,960,014,053,001,LOMO,00004,041001,00127,142,
DADE,10022399,STONE,RANDAL,,,404,OAK AVE, ,TRENTON,GA,30752,404,OAK AVE,,TRENTON,GA,30752,A,A,,10/31/2017,10/31/2017,10/31/2017,IN PERSON,NO,NO,,NO,TR,960,014,053,001,LOMO,00014,041001,00281,303,
DADE,02238010,WILLIAMS,DONALD,MICHAEL,,300,OLD HALES GAP RD, ,TRENTON,GA,30752-4207,137,R1,,TRENTON,GA,30752-0970,A,A,,11/03/2017,11/03/2017,11/03/2017,IN PERSON,NO,NO,,NO,,974,014,053,001,LOMO,00004,041001,00367,395,
DADE,05530120,CAVANAUGH,STEVEN,DONOVAN,,1860,BYRDS CHAPEL RD, ,RISING FAWN,GA,30738-4419,1860,BYRDS CHAPEL RD,,RISING FAWN,GA,30738-4419,A,A,,11/03/2017,11/03/2017,11/03/2017,IN PERSON,NO,NO,,NO,,1038,014,053,001,LOMO,00004,041001,00366,394,
DADE,04565674,TINKER,DEBORAH,ROBERTS,,692,LEIDERMAN RD, ,TRENTON,GA,30752-5710,692,LEIDERMAN RD,,TRENTON,GA,30752-5710,A,A,,11/03/2017,11/03/2017,11/03/2017,IN PERSON,NO,NO,,NO,,1885,014,053,001,LOMO,00004,041001,00354,382,
DADE,08085787,THORNBURY,PAUL,CHAMPION,,14330,HIGHWAY 11, ,TRENTON,GA,30752,14330,HIGHWAY 11,,TRENTON,GA,30752,A,A,,10/19/2017,10/19/2017,10/19/2017,IN PERSON,NO,NO,,NO,,974,014,053,001,LOMO,00004,041001,00072,80,
DADE,08607325,BOLTON,MARY,MOORE,,560,HIGHWAY 301, ,TRENTON,GA,30752-4729,560,HIGHWAY 301,,TRENTON,GA,30752-4729,A,A,,11/02/2017,11/02/2017,11/02/2017,IN PERSON,NO,NO,,NO,,1222,014,053,001,LOMO,00004,041001,00330,358,
DADE,01061710,SHARP,KENDRA,LYNETTE,,6919,HIGHWAY 136, ,TRENTON,GA,30752,,PO BOX 1345,,TRENTON,GA,30752-0134,A,A,,11/03/2017,11/03/2017,11/03/2017,IN PERSON,NO,NO,,NO,,960,014,053,001,LOMO,00004,041001,00358,386,
DADE,05633625,SMITH,ANSEL,RILEY,,472,BEAVER DR, ,TRENTON,GA,30752,472,BEAVER DR,,TRENTON,GA,30752,A,A,,10/25/2017,10/25/2017,10/25/2017,IN PERSON,NO,NO,,NO,,1222,014,053,001,LOMO,00004,041001,00160,177,
DADE,01062858,HALL,JEANNETTE,BYRL,,120,WAWONA DR, ,WILDWOOD,GA,30757-4101,,PO BOX 59,,WILDWOOD,GA,30757-0005,A,A,,10/23/2017,10/23/2017,10/23/2017,IN PERSON,NO,NO,,NO,,974,014,053,001,LOMO,00004,041001,00111,125,
DADE,01061536,HIBBS,HARRY,L,,22,MIDDLETON CIR, ,TRENTON,GA,30752-2921,,PO BOX 111,,TRENTON,GA,30752-0011,A,A,,10/20/2017,10/20/2017,10/20/2017,IN PERSON,NO,NO,,NO,TR,960,014,053,001,LOMO,00014,041001,00107,118,
DADE,07464487,LAMB,BRITTANY,NICHOLE,,404,OAK AVE, ,TRENTON,GA,30752-2873,404,OAK AVE,,TRENTON,GA,30752-2873,A,A,,10/31/2017,10/31/2017,10/31/2017,IN PERSON,NO,NO,,NO,TR,960,014,053,001,LOMO,00014,041001,00264,285,
DADE,01061754,MEEKS,GARLAND,GAINZELL,,266,MEMORIAL LN, ,TRENTON,GA,30752-2110,266,MEMORIAL LN,,TRENTON,GA,30752-2110,A,A,,10/24/2017,10/24/2017,10/24/2017,IN PERSON,NO,NO,,NO,TR,960,014,053,001,LOMO,00014,041001,00135,150,
DADE,01061629,JOHNSON,CHARLES,O,,111,GLENWOOD DR, ,TRENTON,GA,30752-2319,111,GLENWOOD DR,,TRENTON,GA,30752-2319,A,A,,11/02/2017,11/02/2017,11/02/2017,IN PERSON,NO,NO,,NO,TR,960,014,053,001,LOMO,00014,041001,00315,341,
DADE,01061821,MCBRYAR,OMA,MAE,,159,TONY RD, ,TRENTON,GA,30752-2627,,PO BOX 758,,TRENTON,GA,30752-0075,A,A,,10/16/2017,10/16/2017,10/16/2017,IN PERSON,NO,NO,,NO,,960,014,053,001,LOMO,00004,041001,00003,10,
DADE,01061829,MCCORMICK,WENDELL,AUSTIN,,74,WALNUT AVE, ,TRENTON,GA,30752-2827,,PO BOX 764,,TRENTON,GA,30752-0076,A,A,,10/16/2017,10/16/2017,10/16/2017,IN PERSON,NO,NO,,NO,TR,960,014,053,001,LOMO,00014,041001,00002,2,
DADE,00382784,YORK,JOY,DENISE,,276,SARAH CHAPEL RD, ,WILDWOOD,GA,30757-3849,276,SARAH CHAPEL RD,,WILDWOOD,GA,30757-3849,A,A,,10/24/2017,10/24/2017,10/24/2017,IN PERSON,NO,NO,,NO,,974,014,053,001,LOMO,00004,041001,00134,149,
DADE,01061813,MCALPIN,RHONDA,GAYLA,,280,PAGE AVE, ,TRENTON,GA,30752-2912,280,PAGE AVE,,TRENTON,GA,30752-2912,A,A,,10/25/2017,10/25/2017,10/25/2017,IN PERSON,NO,NO,,NO,TR,960,014,053,001,LOMO,00014,041001,00157,174,
DADE,08023823,MCGEE,EDWARD,LLOYD,,840,LAKE HILLS DR, ,TRENTON,GA,30752-2139,,PO BOX 817,,TRENTON,GA,30752-0081,A,A,,10/27/2017,10/27/2017,10/27/2017,IN PERSON,NO,NO,,NO,TR,960,014,053,001,LOMO,00014,041001,00221,241,
DADE,10918578,BOGGS,PAMALA,J THORNTON,,11316,S MAIN ST,APT A 16,TRENTON,GA,30752,11316,S MAIN ST,APT A 16,TRENTON,GA,30752,A,A,,11/01/2017,11/01/2017,11/01/2017,IN PERSON,NO,NO,,NO,TR,960,014,053,001,LOMO,00014,041001,00300,324,
DADE,01063396,VAUGHAN,WILLIAM,K,,18567,HIGHWAY 11, ,WILDWOOD,GA,30757-3834,18567,HIGHWAY 11,,WILDWOOD,GA,30757-3834,A,A,,11/01/2017,11/01/2017,11/01/2017,IN PERSON,NO,NO,,NO,,974,014,053,001,LOMO,00004,041001,00294,318,
DADE,01063379,TOWNSEND,MARY,RUTH,,134,OLD BIRMINGHAM , ,WILDWOOD,GA,30757-3707,,PO BOX 105,,WILDWOOD,GA,30757-0010,A,A,,10/16/2017,10/16/2017,10/16/2017,IN PERSON,NO,NO,,NO,,974,014,053,001,LOMO,00004,041001,00008,15,
DADE,01066096,BREEDLOVE,LINDA,J,,1043,NEW HOME RD, ,TRENTON,GA,30752-5515,1043,NEW HOME RD,,TRENTON,GA,30752-5515,A,A,,10/19/2017,10/19/2017,10/19/2017,IN PERSON,NO,NO,,NO,,1885,014,053,001,LOMO,00004,041001,00083,91,
DADE,01062314,WARREN,NITA,MARILYN,,327,CHEROKEE TRL, ,TRENTON,GA,30752-2634,,PO BOX 712,,TRENTON,GA,30752-0071,A,A,,11/02/2017,11/02/2017,11/02/2017,IN PERSON,NO,NO,,NO,,960,014,053,001,LOMO,00004,041001,00340,368,
DADE,01061900,PAGE,REBECCA,C,,1568,BACK VALLEY RD, ,TRENTON,GA,30752-4641,1568,BACK VALLEY RD,,TRENTON,GA,30752-4641,A,A,,10/31/2017,10/31/2017,10/31/2017,IN PERSON,NO,NO,,NO,,960,014,053,001,LOMO,00004,041001,00275,296,
DADE,01061564,HILLEY,TALVIS,FRAN,,94,LAKE HILLS PL, ,TRENTON,GA,30752-2121,94,LAKE HILLS PL,,TRENTON,GA,30752-2121,A,A,,10/24/2017,10/24/2017,10/24/2017,IN PERSON,NO,NO,,NO,TR,960,014,053,001,LOMO,00014,041001,00151,166,
DADE,01062234,TAYLOR,HELEN,DARLENE,,629,MCKAIG RD, ,TRENTON,GA,30752-4624,629,MCKAIG RD,,TRENTON,GA,30752-4624,A,A,,10/31/2017,10/31/2017,10/31/2017,IN PERSON,NO,NO,,NO,TR,960,014,053,001,LOMO,00014,041001,00283,307,
DADE,01061085,BUFFINGTON,DOROTHY,FAY,,89,N PINE ST, ,TRENTON,GA,30752-2503,89,N PINE ST,,TRENTON,GA,30752-2503,A,C,Ballot Turned in on Election Day,10/31/2017,10/31/2017,11/07/2017,MAILED,NO,NO,,NO,TR,960,014,053,001,LOMO,00014,,00316,304,
DADE,05204897,MCMAHAN,THOMAS,A,,1044,CHEROKEE TRL, ,RISING FAWN,GA,30738-4164,1044,CHEROKEE TRL,,RISING FAWN,GA,30738-4164,A,A,,11/03/2017,11/03/2017,11/03/2017,IN PERSON,NO,NO,,NO,,1214,014,053,001,LOMO,00004,041001,00361,389,
DADE,01065941,POWELL,DEBRA,M,,144,LAKE HILLS LN, ,TRENTON,GA,30752-2123,144,LAKE HILLS LN,,TRENTON,GA,30752-2123,A,A,,10/19/2017,10/19/2017,10/19/2017,IN PERSON,NO,NO,,NO,TR,960,014,053,001,LOMO,00014,041001,00070,78,
DADE,08028805,CLAYTON,DEBORAH,JANE,,865,BROW RD, ,TRENTON,GA,30752,865,BROW RD,,TRENTON,GA,30752,A,A,,10/30/2017,10/30/2017,10/30/2017,IN PERSON,NO,NO,,NO,,1222,014,053,001,LOMO,00004,041001,00240,261,
DADE,10970639,BRADFORD,MARY ANN,,,264,PHILLIPS RD, ,LOOKOUT MOUNTAIN,GA,30750,,PO BOX 354,,LOOKOUT MTN.,GA,37350-0354,A,A,,11/02/2017,11/02/2017,11/02/2017,IN PERSON,NO,NO,,NO,,1889,014,053,001,LOMO,00004,041001,00341,369,
DADE,01062434,YORK,LARRY,P,,31,CEDAR LN, ,TRENTON,GA,30752-3002,,PO BOX 96,,TRENTON,GA,30752-0009,A,A,,10/23/2017,10/23/2017,10/23/2017,IN PERSON,NO,NO,,NO,TR,960,014,053,001,LOMO,00014,041001,00118,133,
DADE,04178015,MOON,ANTHONY,REGAN,,231,MOUNTAIN VIEW RD, ,TRENTON,GA,30752-3001,231,MOUNTAIN VIEW RD,,TRENTON,GA,30752-3001,A,A,,10/26/2017,10/26/2017,10/26/2017,IN PERSON,NO,NO,,NO,,960,014,053,001,LOMO,00004,041001,00198,215,
DADE,07231777,LEINBERGER,LYNN,OTTO,,61,LAKE DR, ,TRENTON,GA,30752-4672,61,LAKE DR,,TRENTON,GA,30752-4672,A,A,,10/24/2017,10/24/2017,10/24/2017,IN PERSON,NO,NO,,NO,,960,014,053,001,LOMO,00004,041001,00150,165,
DADE,04873574,VARNELL,SHARON,MURPHY,,1126,LAKE LOOP RD, ,CLOUDLAND,GA,30731-5166,1126,LAKE LOOP RD,,CLOUDLAND,GA,30731-5166,A,A,,10/30/2017,10/30/2017,10/30/2017,IN PERSON,NO,NO,,NO,,1214,014,053,001,LOMO,00004,041001,00241,262,
DADE,03626084,STONE,MISTY,LEA,,404,OAK AVE, ,TRENTON,GA,30752-2809,404,OAK AVE,,TRENTON,GA,30752-2873,A,A,,10/31/2017,10/31/2017,10/31/2017,IN PERSON,NO,NO,,NO,TR,960,014,053,001,LOMO,00014,041001,00263,284,
DADE,10740909,BOWMAN,MALISSA,F,,132,POPE TRL, ,WILDWOOD,GA,30757,132,POPE TRL,,WILDWOOD,GA,30757,A,A,,10/17/2017,10/17/2017,10/17/2017,IN PERSON,NO,NO,,NO,,974,014,053,001,LOMO,00004,041001,00021,28,
DADE,01061673,KYZER,JERRY,A,,59,MAY AVE, ,TRENTON,GA,30752-2519,,PO BOX 766,,TRENTON,GA,30752-0076,A,A,,10/23/2017,10/23/2017,10/23/2017,IN PERSON,NO,NO,,NO,TR,960,014,053,001,LOMO,00014,041001,00109,120,
DADE,01061493,HAMMOND,LORENA,PLESS,,13681,N MAIN ST, ,TRENTON,GA,30752-2017,,PO BOX 544,,TRENTON,GA,30752-0054,A,A,,10/28/2017,10/28/2017,10/28/2017,IN PERSON,NO,NO,,NO,TR,960,014,053,001,LOMO,00014,041001,00231,252,
DADE,01062052,ROONEY,JAMES,R,,162,SPARROW DR, ,TRENTON,GA,30752-4830,,PO BOX 965,,TRENTON,GA,30752-0096,A,A,,11/01/2017,11/01/2017,11/01/2017,IN PERSON,NO,NO,,NO,,1222,014,053,001,LOMO,00004,041001,00290,314,
DADE,08392070,SMITH,BRITTANY,SHAE,,361,FRANK GASS RD, ,TRENTON,GA,30752-5383,361,FRANK GASS RD,,TRENTON,GA,30752-5383,A,A,,11/01/2017,11/01/2017,11/01/2017,IN PERSON,NO,NO,,NO,,1222,014,053,001,LOMO,00004,041001,00302,326,
DADE,01062227,TAYLOR,CHARLEAN,,,50,PINEY RD, ,TRENTON,GA,30752-2626,,PO BOX 233,,TRENTON,GA,30752-0023,A,A,,10/28/2016,10/28/2017,11/06/2017,MAILED,NO,NO,ELDERLY,NO,,960,014,053,001,LOMO,00004,,00002,246,
DADE,03528532,CARSWELL,GRADY,NELSON,,4462,BROW RD, ,TRENTON,GA,30752-5538,4462,BROW RD,,TRENTON,GA,30752-5538,A,A,,11/03/2017,11/03/2017,11/03/2017,IN PERSON,NO,NO,,NO,,1885,014,053,001,LOMO,00004,041001,00364,392,
DADE,01061650,KENNEDY,PAMELA,KAY,,110,GLENWOOD DR, ,TRENTON,GA,30752-2320,,PO BOX 382,,TRENTON,GA,30752-0038,A,A,,10/28/2017,10/28/2017,10/28/2017,IN PERSON,NO,NO,,NO,TR,960,014,053,001,LOMO,00014,041001,00237,258,
DADE,07536400,LUCAS,ESTILL,E,,363,CANYON PARK DR, ,TRENTON,GA,30752-2638,363,CANYON PARK DR,,TRENTON,GA,30752-2638,A,A,,10/19/2017,10/19/2017,10/19/2017,IN PERSON,NO,NO,,NO,,960,014,053,001,LOMO,00004,041001,00091,99,
DADE,01063088,MORRIS,GLORIA,ANN,,60,MORGAN RD, ,WILDWOOD,GA,30752-4424,60,MORGAN RD,,WILDWOOD,GA,30752-4424,A,A,,10/25/2017,10/25/2017,10/25/2017,IN PERSON,NO,NO,,NO,,974,014,053,001,LOMO,00004,041001,00167,184,
DADE,03994112,LAWSON,ALTHA,GLYNIS,,11316,S MAIN ST,C56,TRENTON,GA,30752,11316,S MAIN ST,C56,TRENTON,GA,30752,A,A,,10/24/2017,10/24/2017,10/24/2017,IN PERSON,NO,NO,,NO,TR,960,014,053,001,LOMO,00014,041001,00145,160,
DADE,05451088,HARTMAN,REBECCA,LYNN,,150,MAGGIE BLUFF, ,LOOKOUT MOUNTAIN,GA,30750-4168,150,MAGGIE BLUFF,,LOOKOUT MOUNTAIN,GA,30750-4168,A,A,,10/25/2017,10/25/2017,10/25/2017,IN PERSON,NO,NO,,NO,,1889,014,053,001,LOMO,00004,041001,00177,194,
DADE,07970546,HARRIS,SAMUEL,MITCHELL,,1390,TATUM GULF RD, ,MENLO,GA,30731-5127,1390,TATUM GULF RD,,MENLO,GA,30731-5127,A,A,,10/26/2017,10/26/2017,10/26/2017,IN PERSON,NO,NO,,NO,,1214,014,053,001,LOMO,00004,041001,00188,205,
DADE,01061005,BLEVINS,REX,A,,450,MAINE AVE, ,WILDWOOD,GA,30757-3912,,PO BOX 92,,TRENTON,GA,30752-0009,A,A,,10/19/2017,10/19/2017,10/19/2017,IN PERSON,NO,NO,,NO,,974,014,053,001,LOMO,00004,041001,00071,79,
DADE,01061456,GREENE,GLENDA,JOYCE,,214,MOUNTAIN VIEW RD, ,TRENTON,GA,30752-3000,,PO BOX 602,,TRENTON,GA,30752-0060,A,A,,10/24/2017,10/24/2017,10/24/2017,IN PERSON,NO,NO,,NO,,960,014,053,001,LOMO,00004,041001,00147,162,
DADE,03117746,SAMS,VIRGINIA,STRICKLAND,,4059,SUNSET DR, ,RISING FAWN,GA,30738-5152,4059,SUNSET DR,,RISING FAWN,GA,30738-5152,A,A,,10/25/2017,10/25/2017,10/25/2017,IN PERSON,NO,NO,,NO,,1214,014,053,001,LOMO,00004,041001,00172,189,
DADE,01061901,PAGE,RONALD,D,,53,SUNSET DR, ,TRENTON,GA,30752-2313,53,SUNSET DR,,TRENTON,GA,30752-2313,A,A,,10/20/2017,10/20/2017,10/20/2017,IN PERSON,NO,NO,,NO,TR,960,014,053,001,LOMO,00014,041001,00096,107,
DADE,03661191,TUGGLE,MARCELLE,LOUISE,,445,POPLAR SPRINGS RD, ,TRENTON,GA,30752-4915,445,POPLAR SPRINGS RD,,TRENTON,GA,30752-4915,A,A,,10/31/2017,10/31/2017,10/31/2017,IN PERSON,NO,NO,,NO,,1222,014,053,001,LOMO,00004,041001,00273,294,
DADE,01061828,MCBRYAR,WILLARD,GAINS,,380,BARTON AVE, ,TRENTON,GA,30752-2128,,P.O. BOX 346,,TRENTON,GA,30752-2128,A,A,,10/16/2017,10/16/2017,10/23/2017,MAILED,NO,NO,,NO,TR,960,014,053,001,LOMO,00014,,00301,4,
DADE,10527765,SHARP,RALPH,LEE,JR,96,PORTER RD, ,TRENTON,GA,30752,,P.O. BOX 1051,,TRENTON,GA,30752,A,A,,11/01/2017,11/01/2017,11/01/2017,IN PERSON,NO,NO,,NO,,1222,014,053,001,LOMO,00004,041001,00296,320,
DADE,01061812,MCALPIN,MARK,J,,280,PAGE AVE, ,TRENTON,GA,30752-2912,280,PAGE AVE,,TRENTON,GA,30752-2912,A,A,,10/25/2017,10/25/2017,10/25/2017,IN PERSON,NO,NO,,NO,TR,960,014,053,001,LOMO,00014,041001,00166,183,
DADE,01062814,GARDNER,DEBRA,A,,1517,SLYGO RD, ,TRENTON,GA,30752-4222,1517,SLYGO RD,,TRENTON,GA,30752-4222,A,A,,10/27/2017,10/27/2017,10/27/2017,IN PERSON,NO,NO,,NO,,974,014,053,001,LOMO,00004,041001,00214,234,
DADE,07528567,RUMLEY,DESIREE,CHANELLE,,49,CRIMSON LN, ,RISING FAWN,GA,30738,49,CRIMSON LN,,RISING FAWN,GA,30738,A,A,,10/16/2017,10/16/2017,10/16/2017,IN PERSON,NO,NO,,NO,,1038,014,053,001,LOMO,00004,041001,00006,12,
DADE,07190927,KACVINSKY,ALLISON,D,,930,MOUNTAIN SHADOWS DR, ,TRENTON,GA,30752,,PO BOX 490,,TRENTON,GA,30752-0049,A,A,,10/27/2017,10/27/2017,10/27/2017,IN PERSON,NO,NO,,NO,,974,014,053,001,LOMO,00004,041001,00204,224,
DADE,07516912,BAKER,TIMOTHY,STEPHEN,II,212,FAGAN DR, ,WILDWOOD,GA,30757-3948,212,FAGAN DR,,WILDWOOD,GA,30757-3948,A,A,,11/01/2017,11/01/2017,11/01/2017,IN PERSON,NO,NO,,NO,,974,014,053,001,LOMO,00004,041001,00312,338,
DADE,01065899,RUMLEY,REBECCA,DIANE,,4664,HIGHWAY 11, ,RISING FAWN,GA,30738-4818,,PO BOX 68,,RISING FAWN,GA,30738-0006,A,A,,10/26/2017,10/26/2017,10/26/2017,IN PERSON,NO,NO,,NO,,1038,014,053,001,LOMO,00004,041001,00192,209,
DADE,01065902,RYAN,POLLY,,,2447,BYRDS CHAPEL RD, ,RISING FAWN,GA,30738-4420,2447,BYRDS CHAPEL RD,,RISING FAWN,GA,30738-4420,A,A,,10/26/2017,10/26/2017,10/26/2017,IN PERSON,NO,NO,,NO,,1038,014,053,001,LOMO,00004,041001,00183,200,
DADE,01065900,RUMLEY,TED,MAXWELL,,4664,HIGHWAY 11, ,RISING FAWN,GA,30738-4818,4664,HIGHWAY 11,,RISING FAWN,GA,30738-4818,A,A,,10/18/2017,10/18/2017,10/18/2017,IN PERSON,NO,NO,,NO,,1038,014,053,001,LOMO,00004,041001,00061,69,
DADE,01063381,TOWNSEND,PATRICK,D,JR,478,HARRIS RD, ,TRENTON,GA,30752-4237,,PO BOX 202,,WILDWOOD,GA,30757-0020,A,A,,10/24/2017,10/24/2017,10/24/2017,IN PERSON,NO,NO,,NO,,974,014,053,001,LOMO,00004,041001,00155,170,
DADE,01063310,SLACK,GROVER,ELBRIDGE,,2800,CREEK RD, ,WILDWOOD,GA,30757-3851,2800,CREEK RD,,WILDWOOD,GA,30757-3851,A,A,,10/25/2017,10/25/2017,10/25/2017,IN PERSON,NO,NO,,NO,,974,014,053,001,LOMO,00004,041001,00161,178,
DADE,01064961,NEELY,CATHERINE,,,1561,WORLEY CHAPEL RD, ,TRENTON,GA,30752-4900,1561,WORLEY CHAPEL RD,,TRENTON,GA,30752-4900,A,A,,10/18/2017,10/18/2017,10/18/2017,IN PERSON,NO,NO,,NO,,1222,014,053,001,LOMO,00004,041001,00044,52,
DADE,01064462,CLARK,RHONDA,FAYE,,2765,BROW RD, ,TRENTON,GA,30752-5343,2765,BROW RD,,TRENTON,GA,30752-5343,A,A,,10/19/2017,10/19/2017,10/19/2017,IN PERSON,NO,NO,,NO,,1222,014,053,001,LOMO,00004,041001,00077,85,
DADE,01065929,STALLINGS,BEVERLY,R,,659,DEER HEAD COVE RD, ,RISING FAWN,GA,30738-4858,,144,,RISING FAWN,GA,30738,A,A,,10/30/2017,10/30/2017,10/30/2017,IN PERSON,NO,NO,,NO,,1038,014,053,001,LOMO,00004,041001,00244,265,
DADE,01064733,HIGDON,JUDY,,,6634,HIGHWAY 301, ,TRENTON,GA,30752-5206,6634,HIGHWAY 301,,TRENTON,GA,30752-5206,A,A,,10/27/2017,10/27/2017,10/27/2017,IN PERSON,NO,NO,,NO,,1222,014,053,001,LOMO,00004,041001,00208,228,
DADE,01061399,GEDDIE,ANN,,,34,SCENIC DR, ,TRENTON,GA,30752-2104,,PO BOX 655,,TRENTON,GA,30752-0065,A,A,,10/24/2017,10/24/2017,10/24/2017,IN PERSON,NO,NO,,NO,TR,960,014,053,001,LOMO,00014,041001,00138,153,
DADE,08581382,HUFFMAN,JOHN,THOMAS,,173,CHRISTYS LN, ,TRENTON,GA,30752-4200,173,CHRISTYS LN,,TRENTON,GA,30752-4200,A,A,,11/03/2017,11/03/2017,11/03/2017,IN PERSON,NO,NO,,NO,,974,014,053,001,LOMO,00004,041001,00344,372,
DADE,01063545,BRADFORD,CAROLYN,MOSES,,2922,SCENIC HIGHWAY, ,RISING FAWN,GA,30738-4387,2922,SCENIC HIGHWAY,,RISING FAWN,GA,30738-4387,A,A,,10/18/2017,10/18/2017,10/18/2017,IN PERSON,NO,NO,,NO,,1889,014,053,001,LOMO,00004,041001,00065,73,
DADE,07088956,CLOUD,RONALD,,,312,CLOUD RD, ,TRENTON,GA,30752-5305,312,CLOUD RD,,TRENTON,GA,30752-5305,A,A,,10/23/2017,10/23/2017,10/23/2017,IN PERSON,NO,NO,,NO,,1222,014,053,001,LOMO,00004,041001,00125,140,
DADE,08611295,SMITH,CATHERINE,JANICE,,11316,S MAIN ST,B31,TRENTON,GA,30752,11316,S MAIN ST,B31,TRENTON,GA,30752,A,A,,10/23/2017,10/23/2017,10/23/2017,IN PERSON,NO,NO,,NO,TR,960,014,053,001,LOMO,00014,041001,00116,131,
DADE,01062068,RYAN,THELMA,SUE,,5865,HIGHWAY 11, ,RISING FAWN,GA,30738-4504,,PO BOX 63,,TRENTON,GA,30752-0006,A,A,,10/27/2017,10/27/2017,10/27/2017,IN PERSON,NO,NO,,NO,,1038,014,053,001,LOMO,00004,041001,00213,233,
DADE,01061111,CANNON,NANCY,J,,642,BACK VALLEY RD, ,TRENTON,GA,30752-4638,,PO BOX 575,,TRENTON,GA,30752-0057,A,A,,10/31/2017,10/31/2017,10/31/2017,IN PERSON,NO,NO,,NO,,960,014,053,001,LOMO,00004,041001,00270,291,
DADE,07285944,KOPANKE-PAZ,SANDRA,JEAN,,865,BROW RD, ,TRENTON,GA,30752-5334,865,BROW RD,,TRENTON,GA,30752-5334,A,A,,10/30/2017,10/30/2017,10/30/2017,IN PERSON,NO,NO,,NO,,1222,014,053,001,LOMO,00004,041001,00239,260,
DADE,05366370,PAGE,JOSEPH,LAMAR,,996,BACK VALLEY RD, ,TRENTON,GA,30752,,465,,TRENTON,GA,30752,A,A,,10/24/2017,10/24/2017,10/24/2017,IN PERSON,NO,NO,,NO,,960,014,053,001,LOMO,00004,041001,00144,159,
DADE,01063034,LYNN,CHARLOTTE,IRENE,,13011,N MAIN ST, ,TRENTON,GA,30752,,PO BOX 1322,,TRENTON,GA,30752-0132,A,A,,10/16/2017,10/16/2017,10/23/2017,MAILED,NO,NO,,NO,TR,960,014,053,001,LOMO,00014,,00300,3,
DADE,01065600,CLARK,GLADYS,H,,4655,CLOVERDALE RD, ,RISING FAWN,GA,30738-4900,4655,CLOVERDALE RD,,RISING FAWN,GA,30738-4900,A,A,,10/17/2017,10/17/2017,10/17/2017,IN PERSON,NO,NO,,NO,,1038,014,053,001,LOMO,00004,041001,00014,21,
DADE,01065741,FRISKE,MARY,JANE,,3432,MASON RD, ,RISING FAWN,GA,30738-2913,,PO BOX 192,,RISING FAWN,GA,30738-0019,A,A,,11/02/2017,11/02/2017,11/02/2017,IN PERSON,NO,NO,,NO,,1038,014,053,001,LOMO,00004,041001,00321,349,
DADE,01063104,MCBRYAR,DELILAH,,,16880,HIGHWAY 11, ,WILDWOOD,GA,30757-3859,16880,HIGHWAY 11,,WILDWOOD,GA,30757-3859,A,A,,10/25/2017,10/25/2017,10/25/2017,IN PERSON,NO,NO,,NO,,974,014,053,001,LOMO,00004,041001,00159,176,
DADE,10779848,CAGLE,HAVEN,SKYE,,295,HALL LN, ,TRENTON,GA,30752,295,HALL LN,,TRENTON,GA,30752-4430,A,A,,10/28/2017,10/28/2017,10/28/2017,IN PERSON,NO,NO,,NO,,974,014,053,001,LOMO,00004,041001,00232,253,
DADE,01064305,BLACK,THOMAS,R,,1285,DISTRICT LINE RD, ,TRENTON,GA,30752-4742,1285,DISTRICT LINE RD,,TRENTON,GA,30752-4742,A,A,,10/27/2017,10/27/2017,10/27/2017,IN PERSON,NO,NO,,NO,,1222,014,053,001,LOMO,00004,041001,00211,231,
DADE,06096837,WEEKS,RONALD,ALEXANDER,,670,MCKAIG RD, ,TRENTON,GA,30752,670,MCKAIG RD,,TRENTON,GA,30752,A,A,,10/25/2017,10/25/2017,10/25/2017,IN PERSON,NO,NO,,NO,,960,014,053,001,LOMO,00004,041001,00170,187,
DADE,01066311,MORELAND,JUANITA ANN,JANE,,45,KIRBY RD, ,TRENTON,GA,30752-5613,45,KIRBY RD,,TRENTON,GA,30752-5613,A,A,,10/20/2017,10/20/2017,10/20/2017,IN PERSON,NO,NO,,NO,,1885,014,053,001,LOMO,00004,041001,00094,103,
