County,Voter Registration #,Last Name,First Name,Middle Name,Suffix,Street #,Street Name,Apt/Unit,City,State,Zip Code,Mailing Street #,Mailing Street Name,Mailing Apt/Unit,Mailing City,Mailing State,Mailing Zip Code,Application Status,Ballot Status,Status Reason,Application Date,Ballot Issued Date,Ballot Return Date,Ballot Style,Ballot Assisted,Challenged/Provisional,Designation/Reason Issue,ID Required,Municipal Precinct,County Precinct,CNG,SEN,HOUSE	,JUD,Combo #,Vote Center ID,Ballot ID,Post #,Party
DOOLY,04447146,RAGAN,BRETT,M,,413,AZALEA DR, ,UNADILLA,GA,31091,,PO BOX 957,,UNADILLA,GA,31091-0095,A,,,10/31/2017,10/31/2017,,MAILED,NO,NO,,NO,UNADI,5,002,013,139,CORD,00307,,00028,84,
DOOLY,00602788,HENRY,GWENDOLYN,SWAYER,,261,KINCHEN ST, ,UNADILLA,GA,31091,,PO BOX 512,,UNADILLA,GA,31091-0051,A,A,,10/27/2017,10/27/2017,10/27/2017,IN PERSON,NO,NO,,NO,UNADI,5,002,013,139,CORD,00307,046009,00051,74,
DOOLY,08880129,INGRAM,RAY,CHARLES,,132,MIXON ST,UNIT 132,UNADILLA,GA,31091,,PO BOX 852,,UNADILLA,GA,31091-0085,A,A,,11/07/2017,11/07/2017,11/07/2017,IN PERSON,NO,NO,,NO,UNADI,5,002,013,139,CORD,00307,046009,00112,147,
DOOLY,00602632,MANNING,MAZIE,,,616,CHERRY ST,UNIT 4,UNADILLA,GA,31091-3774,,PO BOX 645,,UNADILLA,GA,31091-0064,A,A,,11/07/2017,11/07/2017,11/07/2017,IN PERSON,NO,NO,,NO,UNADI,5,002,013,139,CORD,00307,046009,00131,166,
DOOLY,00602498,HARRISON,SHIRLEY,,,700,MULBERRY ST, ,UNADILLA,GA,31091,,PO BOX 192,,UNADILLA,GA,31091-0019,A,A,,11/07/2017,11/07/2017,11/07/2017,IN PERSON,NO,NO,,NO,UNADI,5,002,013,139,CORD,00307,046009,00127,162,
DOOLY,00602985,WISE,DORIS,,,232,BLEAKLEY BLVD, ,UNADILLA,GA,31091,,PO BOX 398,,UNADILLA,GA,31091-0039,A,A,,11/07/2017,11/07/2017,11/07/2017,IN PERSON,NO,NO,,NO,UNADI,5,002,013,139,CORD,00307,046009,00118,153,
DOOLY,00602099,ADKINSON,MAXINE,,,150,MIXON ST, ,UNADILLA,GA,31091,,PO BOX 76,,UNADILLA,GA,31091-0007,A,A,,11/07/2017,11/07/2017,11/07/2017,IN PERSON,NO,NO,,NO,UNADI,5,002,013,139,CORD,00307,046009,00125,160,
DOOLY,04684746,ADSIDE,IMANIKA,,,116,IVY ST, ,UNADILLA,GA,31091,,PO BOX 1147,,UNADILLA,GA,31091-0114,A,A,,11/07/2017,11/07/2017,11/07/2017,IN PERSON,NO,NO,,NO,UNADI,5,002,013,139,CORD,00307,046009,00126,161,
DOOLY,04072373,MCLEOD,GILBERT,JEFFERSON,,247,MEADOW LN, ,UNADILLA,GA,31091,,PO BOX 634,,UNADILLA,GA,31091-0063,A,,,10/16/2017,10/16/2017,,MAILED,NO,NO,,NO,UNADI,5,002,013,139,CORD,00307,,00001,,
DOOLY,08406575,CHERRY,VINCENT,KEITH,,399,CRUMPLER AVE, ,UNADILLA,GA,31091,,PO BOX 1156,,UNADILLA,GA,31091-0115,A,A,,11/02/2017,11/02/2017,11/03/2017,IN PERSON,NO,NO,,NO,UNADI,5,002,013,139,CORD,00307,046009,00081,116,
DOOLY,00602674,MCKENZIE,DAZIE,,,691,CHERRY ST, ,UNADILLA,GA,31091-3766,,PO BOX 190,,UNADILLA,GA,31091-0019,A,A,,11/03/2017,11/03/2017,11/03/2017,IN PERSON,NO,NO,,NO,UNADI,5,002,013,139,CORD,00307,046009,00092,128,
DOOLY,00602554,JAMES,BETTY,,,345,KINCHEN ST, ,UNADILLA,GA,31091,,PO BOX 561,,UNADILLA,GA,31091-0056,A,A,,10/26/2017,10/26/2017,10/27/2017,IN PERSON,NO,NO,,NO,UNADI,5,002,013,139,CORD,00307,046009,00040,61,
DOOLY,00602880,DAVIS,PATTI,SPEIGHT,,347,AZALEA DR, ,UNADILLA,GA,31091,,PO BOX 628,,UNADILLA,GA,31091-0062,A,A,,11/01/2017,11/01/2017,11/01/2017,IN PERSON,NO,NO,,NO,UNADI,5,002,013,139,CORD,00307,046009,00072,103,
DOOLY,00602218,ENGRAM,ROSIE,WEBB,,102,TRAVIS DR, ,UNADILLA,GA,31091,,PO BOX 20,,UNADILLA,GA,31091-0002,A,A,,11/03/2017,11/03/2017,11/03/2017,IN PERSON,NO,NO,,NO,UNADI,5,002,013,139,CORD,00307,046009,00090,126,
DOOLY,00605620,LAYFIELD,DORIS,CRENSHAW,,509,MULBERRY ST, ,UNADILLA,GA,31091,,PO BOX 85,,UNADILLA,GA,31091-0008,A,,,10/18/2017,10/18/2017,,MAILED,NO,NO,,NO,UNADI,5,002,013,139,CORD,00307,,00011,24,
DOOLY,00602809,SHUGART,CLINTON,,,845,OAK ST, ,UNADILLA,GA,31091,,PO BOX 306,,UNADILLA,GA,31091-0030,A,C,Administrative Reissuance-Elector Failed to Cast Ballot ,10/16/2017,10/16/2017,10/18/2017,IN PERSON,NO,NO,ELDERLY,NO,UNADI,5,002,013,139,CORD,00307,046009,00004,11,
DOOLY,08380592,SHUGART,DONALD,CLINTON,III,784,DUNCAN AVE, ,UNADILLA,GA,31091-3553,,PO BOX 584,,UNADILLA,GA,31091-0058,A,A,,10/16/2017,10/16/2017,10/16/2017,IN PERSON,NO,NO,,NO,UNADI,5,002,013,139,CORD,00307,046009,00018,32,
DOOLY,00602928,WALLS,GLADYS,B,,263,1ST ST, ,UNADILLA,GA,31091,,PO BOX 75,,UNADILLA,GA,31091-0007,A,,,10/16/2017,10/16/2017,,MAILED,NO,NO,,NO,UNADI,5,002,013,139,CORD,00307,,00004,3,
DOOLY,05837603,WOODSON,CELESTINE,DUHART,,815,KINCHEN ST, ,UNADILLA,GA,31091,,PO BOX 698,,UNADILLA,GA,31091-0069,A,A,,10/19/2017,10/19/2017,10/20/2017,IN PERSON,NO,NO,,NO,UNADI,5,002,013,139,CORD,00307,046009,00019,37,
DOOLY,04072192,WASHINGTON,MAURICE,TERRELL,,426,SECOND ST, ,UNADILLA,GA,31091,,PO BOX 1003,,UNADILLA,GA,31091-0100,A,,,10/19/2017,10/19/2017,,MAILED,NO,NO,,NO,UNADI,5,002,013,139,CORD,00307,,00017,34,
DOOLY,00602493,HARRELL,NELDA,,,1470,BORUM ST, ,UNADILLA,GA,31091,,PO BOX 486,,UNADILLA,GA,31091-0048,A,A,,10/20/2017,10/20/2017,10/20/2017,IN PERSON,NO,NO,,NO,UNADI,5,002,013,139,CORD,00307,046009,00027,45,
DOOLY,00602475,HARMAN,ROBERT,C,II,959,RAILROAD ST W, ,UNADILLA,GA,31091,,PO BOX 334,,UNADILLA,GA,31091-0033,A,A,,10/31/2017,10/31/2017,10/31/2017,IN PERSON,NO,NO,,NO,UNADI,5,002,013,139,CORD,00307,046009,00060,87,
DOOLY,04788591,BROWN,TAMIE,E,,472,DUNCAN AVE, ,UNADILLA,GA,31091,,PO BOX 752,,UNADILLA,GA,31091-0075,A,A,,10/30/2017,10/30/2017,10/30/2017,IN PERSON,NO,NO,,NO,UNADI,5,002,013,139,CORD,00307,046009,00054,77,
DOOLY,00605644,ROBISON,IRA,,,1151,PINE ST, ,UNADILLA,GA,31091-3762,,PO BOX 542,,UNADILLA,GA,31091-0054,A,A,,11/02/2017,11/02/2017,11/03/2017,IN PERSON,NO,NO,,NO,UNADI,5,002,013,139,CORD,00307,046009,00080,115,
DOOLY,06009776,LESTER,LONTAVIUS,ANTONIO,,1045,PINE ST, ,UNADILLA,GA,31091,,PO BOX 1131,,UNADILLA,GA,31091-0113,A,A,,10/30/2017,10/30/2017,10/30/2017,IN PERSON,NO,NO,,NO,UNADI,5,002,013,139,CORD,00307,046009,00056,79,
DOOLY,04788039,BORUM,MICHAEL,E,,690,BORUM ST, ,UNADILLA,GA,31091-3643,690,BORUM ST,,UNADILLA,GA,31091-3643,A,,,10/26/2017,10/26/2017,,MAILED,NO,NO,DISABLED,NO,UNADI,5,002,013,139,CORD,00307,,00020,58,
DOOLY,00602289,COLLINS,KAYE,,,84,POSEY RD, ,UNADILLA,GA,31091,84,POSEY RD,,UNADILLA,GA,31091,A,A,,10/27/2017,10/27/2017,10/27/2017,IN PERSON,NO,NO,,NO,UNADI,5,002,013,139,CORD,00307,046009,00050,73,
DOOLY,00605527,WHITFIELD,LUCIOUS,,,530,GARY ST, ,UNADILLA,GA,31091,,PO BOX 80,,UNADILLA,GA,31091-0008,A,A,,10/25/2017,10/25/2017,10/25/2017,IN PERSON,NO,NO,,NO,UNADI,5,002,013,139,CORD,00307,046009,00037,55,
DOOLY,00602713,PEAVY,DAVID,H,,727,MULBERRY ST, ,UNADILLA,GA,31091,,PO BOX 226,,UNADILLA,GA,31091-0022,A,A,,10/16/2017,10/16/2017,10/16/2017,IN PERSON,NO,NO,,NO,UNADI,5,002,013,139,CORD,00307,046009,00007,14,
DOOLY,00602860,TAYLOR,EARNESTINE,POLLOCK,,348,PEAVY ST, ,UNADILLA,GA,31091,,P 421,,UNADILLA,GA,31091,A,,,10/17/2017,10/17/2017,,MAILED,NO,NO,ELDERLY,NO,UNADI,5,002,013,139,CORD,00307,,00009,16,
DOOLY,00602884,TAYLOR,ROSA,L,,532,GARY ST, ,UNADILLA,GA,31091,,PO BOX 272,,UNADILLA,GA,31091-0027,A,,,10/16/2017,10/16/2017,,MAILED,NO,NO,,NO,UNADI,5,002,013,139,CORD,00307,,00003,2,
DOOLY,03356674,BRIDGES,PATSY,BORUM,,724,BORUM ST, ,UNADILLA,GA,31091-3651,,PO BOX 523,,UNADILLA,GA,31091-0052,A,A,,10/27/2017,10/27/2017,10/27/2017,IN PERSON,NO,NO,,NO,UNADI,5,002,013,139,CORD,00307,046009,00048,71,
DOOLY,07287822,TAYLOR,KAN'TRESA,KEARRIA,,532,GARY ST, ,UNADILLA,GA,31091,,PO BOX 272,,UNADILLA,GA,31091-0027,A,A,,10/25/2017,10/25/2017,10/25/2017,IN PERSON,NO,NO,,NO,UNADI,5,002,013,139,CORD,00307,046009,00039,57,
DOOLY,00602885,TAYLOR,RUBENE,,,146,MIXON ST, ,UNADILLA,GA,31091,146,MIXON ST,,UNADILLA,GA,31091,A,A,,11/01/2017,11/01/2017,11/01/2017,IN PERSON,NO,NO,,NO,UNADI,5,002,013,139,CORD,00307,046009,00069,97,
DOOLY,00602207,BROWN,COSSIE,L,,2895,ARENA RD, ,UNADILLA,GA,31091-4904,2895,ARENA RD,,UNADILLA,GA,31091-4904,A,A,,10/31/2017,10/31/2017,10/31/2017,IN PERSON,NO,NO,ELDERLY,NO,UNADI,5,002,013,139,CORD,00307,046009,00058,85,
DOOLY,00724927,GOODROE,DEBRA,MCWHORTER,,398,THIRD ST, ,UNADILLA,GA,31091,,PO BOX 502,,UNADILLA,GA,31091,A,A,,11/07/2017,11/07/2017,11/07/2017,IN PERSON,NO,NO,,NO,UNADI,5,002,013,139,CORD,00307,046009,00110,145,
DOOLY,00943577,JOHNSON,BETTY,JORDAN,,1120,PLUNKETT RD, ,UNADILLA,GA,31091,1120,PLUNKETT RD,,UNADILLA,GA,31091,A,A,,11/07/2017,11/07/2017,11/07/2017,IN PERSON,NO,NO,,NO,UNADI,5,002,013,139,CORD,00307,046009,00136,171,
DOOLY,00602946,WEST,ALICE,BROWN,,347,PEAVY ST, ,UNADILLA,GA,31091,,PO BOX 123,,UNADILLA,GA,31091-0012,A,A,,11/07/2017,11/07/2017,11/07/2017,IN PERSON,NO,NO,,NO,UNADI,5,002,013,139,CORD,00307,046009,00114,149,
DOOLY,00602114,ANDERSON,MATTIE,IRENE,,620,DUNCAN AVE, ,UNADILLA,GA,31091,,PO BOX 59,,UNADILLA,GA,31091-0005,A,A,,11/07/2017,11/07/2017,11/07/2017,IN PERSON,NO,NO,,NO,UNADI,5,002,013,139,CORD,00307,046009,00121,156,
DOOLY,00602224,BRYANT,JAMES,ARTHUR,,321,PEAVY ST, ,UNADILLA,GA,31091,,PO BOX 1077,,UNADILLA,GA,31091-0107,A,A,,11/03/2017,11/03/2017,11/03/2017,IN PERSON,NO,NO,,NO,UNADI,5,002,013,139,CORD,00307,046009,00084,120,
DOOLY,00602302,HARRIS,ETHEL,COSBY,,589,COSBY ST, ,UNADILLA,GA,31091,,PO BOX 386,,UNADILLA,GA,31091-0038,A,A,,11/03/2017,11/03/2017,11/03/2017,IN PERSON,NO,NO,,NO,UNADI,5,002,013,139,CORD,00307,046009,00087,123,
DOOLY,11327495,NETTLES,JOANNA,LEE,,429,BEACHAM AVE, ,UNADILLA,GA,31091,429,BEACHAM AVE,,UNADILLA,GA,31091-4575,A,A,,11/03/2017,11/03/2017,11/03/2017,IN PERSON,NO,NO,,NO,UNADI,5,002,013,139,CORD,00307,046009,00082,118,
DOOLY,05527813,LAWSON,ROSIE,LEE,,1530,BORUM ST, ,UNADILLA,GA,31091,,PO BOX 94,,UNADILLA,GA,31091-0009,A,,,11/01/2017,11/01/2017,,MAILED,NO,NO,,NO,UNADI,5,002,013,139,CORD,00307,,00032,101,
DOOLY,00602592,KING,LAMAR,,,896,JEANNETTE ST, ,UNADILLA,GA,31091,,PO BOX 15,,UNADILLA,GA,31091-0001,A,A,,11/02/2017,11/02/2017,11/03/2017,IN PERSON,NO,NO,,NO,UNADI,5,002,013,139,CORD,00307,046009,00077,112,
DOOLY,00602433,LEWIS,ANITA,CABLE,,535,CRUMPLER AVE, ,UNADILLA,GA,31091,,PO BOX 125,,UNADILLA,GA,31091-0012,A,A,,10/26/2017,10/26/2017,10/27/2017,IN PERSON,NO,NO,,NO,UNADI,5,002,013,139,CORD,00307,046009,00045,66,
DOOLY,03527638,LEARY,DAVID,,JR,283,PEAVY DR, ,UNADILLA,GA,31091,,PO BOX 1048,,UNADILLA,GA,31091-0104,A,A,,11/01/2017,11/01/2017,11/01/2017,IN PERSON,NO,NO,,NO,UNADI,5,002,013,139,CORD,00307,046009,00067,95,
DOOLY,08459786,LEWIS,DISHAWN,,,525,KINCHEN ST,UNIT 525,UNADILLA,GA,31091,,PO BOX 261,,UNADILLA,GA,31091-0026,A,A,,11/01/2017,11/01/2017,11/01/2017,IN PERSON,NO,NO,,NO,UNADI,5,002,013,139,CORD,00307,046009,00066,94,
DOOLY,01008076,OLIVER,EDDYE,MAE,,281,WHITE ST, ,UNADILLA,GA,31091-4643,,PO BOX 915,,UNADILLA,GA,31091-0091,A,A,,10/17/2017,10/17/2017,10/17/2017,IN PERSON,NO,NO,,NO,UNADI,5,002,013,139,CORD,00307,046009,00011,19,
DOOLY,00602896,THOMAS,CHESTER,,,834,2ND ST, ,UNADILLA,GA,31091,,PO BOX 861,,UNADILLA,GA,31091-0086,A,A,,10/31/2017,10/31/2017,10/31/2017,IN PERSON,NO,NO,,NO,UNADI,5,002,013,139,CORD,00307,046009,00059,86,
DOOLY,05121596,SINYARD,SABRINA,MONIQUE,,420,SECOND ST, ,UNADILLA,GA,31091,,PO BOX 21,,UNADILLA,GA,31091-0002,A,A,,10/16/2017,10/16/2017,10/16/2017,IN PERSON,NO,NO,,NO,UNADI,5,002,013,139,CORD,00307,046009,00002,9,
DOOLY,00602944,WEBB,MARY,,,640,FIRST ST, ,UNADILLA,GA,31091,,PO BOX 963,,UNADILLA,GA,31091-0096,A,,,05/04/2016,10/16/2017,,MAILED,NO,NO,ELDERLY,NO,UNADI,5,002,013,139,CORD,00307,,00006,5,
DOOLY,00602746,RAGAN,JOAN,R,,413,AZALEA DR, ,UNADILLA,GA,31091,,PO BOX 95,,UNADILLA,GA,31091-0009,A,,,10/27/2017,10/27/2017,,MAILED,NO,NO,,NO,UNADI,5,002,013,139,CORD,00307,,00023,69,
DOOLY,05081757,SHEWMAN,BEVERLY,REGISTER,,654,BORUM ST, ,UNADILLA,GA,31091-3643,,PO BOX 79,,UNADILLA,GA,31091-0007,A,A,,11/07/2017,11/07/2017,11/07/2017,IN PERSON,NO,NO,,NO,UNADI,5,002,013,139,CORD,00307,046009,00120,155,
DOOLY,00602958,ADAMS,TRELLA,WEST,,275,CAREY ST, ,UNADILLA,GA,31091,,PO BOX 61,,UNADILLA,GA,31091-0006,A,A,,11/07/2017,11/07/2017,11/07/2017,IN PERSON,NO,NO,,NO,UNADI,5,002,013,139,CORD,00307,046009,00137,172,
DOOLY,04049030,MCKENZIE,JEANNIE,MAE,,289,PEAVY ST, ,UNADILLA,GA,31091,,PO BOX 275,,UNADILLA,GA,31091-0027,A,A,,11/07/2017,11/07/2017,11/07/2017,IN PERSON,NO,NO,,NO,UNADI,5,002,013,139,CORD,00307,046009,00106,141,
DOOLY,00602646,MIDDLEBROOKS,FREDERICK,,,414,BOGAN ST, ,UNADILLA,GA,31091-3753,414,BOGAN ST,,UNADILLA,GA,31091-3753,A,A,,11/07/2017,11/07/2017,11/07/2017,IN PERSON,NO,NO,,NO,UNADI,5,002,013,139,CORD,00307,046009,00132,167,
DOOLY,04684926,SPEIGHT,MICHAEL,GREGORY,,298,AZALEA DR, ,UNADILLA,GA,31091,,PO BOX 310,,UNADILLA,GA,31091-0031,A,A,,11/07/2017,11/07/2017,11/07/2017,IN PERSON,NO,NO,,NO,UNADI,5,002,013,139,CORD,00307,046009,00123,158,
DOOLY,00812364,CLIATT,OSCAR,,,442,SCOTT ST, ,UNADILLA,GA,31091,442,SCOTT ST,,UNADILLA,GA,31091,A,A,,11/07/2017,11/07/2017,11/07/2017,IN PERSON,NO,NO,,NO,UNADI,5,002,013,139,CORD,00307,046009,00116,151,
DOOLY,00602911,THOMPSON,JEAN,GRESHAM,,669,SECOND ST, ,UNADILLA,GA,31091,,PO BOX 245,,UNADILLA,GA,31091-0024,A,A,,11/02/2017,11/02/2017,11/03/2017,IN PERSON,NO,NO,,NO,UNADI,5,002,013,139,CORD,00307,046009,00078,113,
DOOLY,07575380,GOODROE,JOHN,ROBERT,JR,310,NEW ST, ,UNADILLA,GA,31091,,PO BOX 1125,,UNADILLA,GA,31091-0112,A,A,,11/03/2017,11/03/2017,11/03/2017,IN PERSON,NO,NO,,NO,UNADI,5,002,013,139,CORD,00307,046009,00094,130,
DOOLY,00602112,ANDERSON,JOSEPHINE,RELIFORD,,219,PEAVY ST, ,UNADILLA,GA,31091,,PO BOX 606,,UNADILLA,GA,31091-0060,A,A,,11/03/2017,11/03/2017,11/03/2017,IN PERSON,NO,NO,,NO,UNADI,5,002,013,139,CORD,00307,046009,00086,122,
DOOLY,00602615,LESTER,GLORIA,,,419,CAREY ST, ,UNADILLA,GA,31091,,PO BOX 657,,UNADILLA,GA,31091-0065,A,A,,10/25/2017,10/25/2017,10/25/2017,IN PERSON,NO,NO,,NO,UNADI,5,002,013,139,CORD,00307,046009,00035,53,
DOOLY,04821055,BASS,FAUSTINE,BROWN,,160,MIXON ST, ,UNADILLA,GA,31091,,PO BOX 186,,UNADILLA,GA,31091-0018,A,,,11/02/2017,11/02/2017,,MAILED,YES,NO,DISABLED,NO,UNADI,5,002,013,139,CORD,00307,,00034,109,
DOOLY,00602858,TAYLOR,CLIFFORD,,,885,OAK ST, ,UNADILLA,GA,31091,,PO BOX 885,,UNADILLA,GA,31091-0088,A,A,,10/19/2017,10/19/2017,10/20/2017,IN PERSON,NO,NO,,NO,UNADI,5,002,013,139,CORD,00307,046009,00024,42,
DOOLY,08523599,LAYFIELD,BOBBY,LEE,,509,MULBERRY ST, ,UNADILLA,GA,31091,,PO BOX 85,,UNADILLA,GA,31091-0008,A,,,10/18/2017,10/18/2017,,MAILED,NO,NO,,NO,UNADI,5,002,013,139,CORD,00307,,00012,25,
DOOLY,00602109,ANDERSON,CHARLIE,JAMES,SR,219,PEAVY ST, ,UNADILLA,GA,31091,,PO BOX 606,,UNADILLA,GA,31091-0060,A,A,,11/01/2017,11/01/2017,11/01/2017,IN PERSON,NO,NO,,NO,UNADI,5,002,013,139,CORD,00307,046009,00064,92,
DOOLY,00602934,WASHINGTON,JOANN,,,426,SECOND ST, ,UNADILLA,GA,31091,,PO BOX 1003,,UNADILLA,GA,31091-0100,A,,,10/19/2017,10/19/2017,,MAILED,NO,NO,,NO,UNADI,5,002,013,139,CORD,00307,,00018,35,
DOOLY,05837087,WILLIAMS,VICTORIA,DENISE,,157,MEADOW LN,LOT B,UNADILLA,GA,31091,,PO BOX 422,,UNADILLA,GA,31091-0010,A,A,,11/07/2017,11/07/2017,11/07/2017,IN PERSON,NO,NO,,NO,UNADI,5,002,013,139,CORD,00307,046009,00102,137,
DOOLY,01306057,STEEN,DEBRA,F,,789,DUNCAN AVE, ,UNADILLA,GA,31091,789,DUNCAN AVE,,UNADILLA,GA,31091,A,A,,11/07/2017,11/07/2017,11/07/2017,IN PERSON,NO,NO,,NO,UNADI,5,002,013,139,CORD,00307,046009,00100,135,
DOOLY,04050612,LESTER,RHONDA,LAVETTE,,763,BEACHAM AVE,UNIT 19,UNADILLA,GA,31091,,PO BOX 654,,UNADILLA,GA,31091-0065,A,A,,11/07/2017,11/07/2017,11/07/2017,IN PERSON,NO,NO,,NO,UNADI,5,002,013,139,CORD,00307,046009,00117,152,
DOOLY,08529838,SMITH,SAMUEL,RONNIE,,613,DUNCAN AVE, ,UNADILLA,GA,31091,,PO BOX 707,,UNADILLA,GA,31091-0070,A,A,,11/07/2017,11/07/2017,11/07/2017,IN PERSON,NO,NO,,NO,UNADI,5,002,013,139,CORD,00307,046009,00135,170,
DOOLY,00604469,WEST,MELVILLA,,,359,SCHOOL AVE, ,UNADILLA,GA,31091,,PO BOX 371,,UNADILLA,GA,31091-0037,A,A,,11/07/2017,11/07/2017,11/07/2017,IN PERSON,NO,NO,,NO,UNADI,5,002,013,139,CORD,00307,046009,00101,136,
DOOLY,10635155,KING,BRIDGET,SHANTA,,105,WEST AVE, ,UNADILLA,GA,31091,,PO BOX 114,,UNADILLA,GA,31091,A,A,,11/03/2017,11/03/2017,11/06/2017,IN PERSON,NO,NO,,NO,UNADI,5,002,013,139,CORD,00307,046009,00095,131,
DOOLY,00602693,OFFENBURG,JOHN,F,,626,RAILROAD ST, ,UNADILLA,GA,31091-4961,,PO BOX 814,,UNADILLA,GA,31091-0081,A,A,,11/07/2017,11/07/2017,11/07/2017,IN PERSON,NO,NO,,NO,UNADI,5,002,013,139,CORD,00307,046009,00130,165,
DOOLY,07278044,BARTLETT,JULIANNE,WOODWARD,,882,OAK ST, ,UNADILLA,GA,31091,,PO BOX 145,,UNADILLA,GA,31091-0014,A,A,,10/25/2017,10/25/2017,10/25/2017,IN PERSON,NO,NO,,NO,UNADI,5,002,013,139,CORD,00307,046009,00036,54,
DOOLY,00602649,MIDDLEBROOKS,SHEILA,SHERELL,,271,SCOTT ST, ,UNADILLA,GA,31091,,PO BOX 1107,,UNADILLA,GA,31091-0110,A,A,,11/01/2017,11/01/2017,11/01/2017,IN PERSON,NO,NO,,NO,UNADI,5,002,013,139,CORD,00307,046009,00065,93,
DOOLY,03552878,FIELDS,DOLLEAN,,,5,KINCHEN ST,129,UNADILLA,GA,31091,,PO BOX 691,691,UNADILLA,GA,31091-0069,A,A,,10/26/2017,10/26/2017,10/27/2017,IN PERSON,NO,NO,,NO,UNADI,5,002,013,139,CORD,00307,046009,00042,63,
DOOLY,03716895,JONES,ALLEN,H,,434,SECOND ST, ,UNADILLA,GA,31091,,PO BOX 785,,UNADILLA,GA,31091-0078,A,A,,11/03/2017,11/03/2017,11/03/2017,IN PERSON,NO,NO,,NO,UNADI,5,002,013,139,CORD,00307,046009,00085,121,
DOOLY,00605507,HARRELL,JOHNNIE,LEE,,640,1ST ST, ,UNADILLA,GA,31091,,PO BOX 963,,UNADILLA,GA,31091,A,,,10/16/2017,10/16/2017,,MAILED,NO,NO,,NO,UNADI,5,002,013,139,CORD,00307,,00002,1,
DOOLY,00489064,GRIECO,ROBERT,JOSEPH,SR,938,JEANNETTE ST, ,UNADILLA,GA,31091-4652,938,JEANNETTE ST,,UNADILLA,GA,31091-4652,A,A,,10/18/2017,10/18/2017,10/18/2017,IN PERSON,NO,NO,,NO,UNADI,5,002,013,139,CORD,00307,046009,00015,27,
DOOLY,04855445,FELDER,TERIANO,ADYRRAL,,143,MIXON ST, ,UNADILLA,GA,31091,,P675,,UNADILLA,GA,31091-0067,A,A,,11/01/2017,11/01/2017,11/01/2017,IN PERSON,NO,NO,,NO,UNADI,5,002,013,139,CORD,00307,046009,00074,105,
DOOLY,04064457,ODOM,DANNY,,,158,MIXON ST, ,UNADILLA,GA,31091,,PO BOX,UNIT 1114,UNADILLA,GA,31091,A,,,11/02/2017,11/02/2017,,MAILED,YES,NO,,NO,UNADI,5,002,013,139,CORD,00307,,00036,111,
DOOLY,05403016,DAVIS,ANTALENA,N,,233,MYRTIS LAW DR,UNIT 4B,UNADILLA,GA,31091,,PO BOX 1103,,UNADILLA,GA,31091-0110,A,,,10/19/2017,10/19/2017,,MAILED,NO,NO,,NO,UNADI,5,002,013,139,CORD,00307,,00016,33,
DOOLY,03659727,BRIDGES,GEORGE,A,,724,BORUM ST, ,UNADILLA,GA,31091-3651,,PO BOX 523,,UNADILLA,GA,31091-0052,A,,,10/18/2017,10/18/2017,,MAILED,NO,NO,,NO,UNADI,5,002,013,139,CORD,00307,,00013,26,
DOOLY,03356072,DANIELS,BARBARA,ANN,,240,PEAVY ST, ,UNADILLA,GA,31091,,PO BOX 855,,UNADILLA,GA,31091-0085,A,A,,10/30/2017,10/30/2017,10/30/2017,IN PERSON,NO,NO,,NO,UNADI,5,002,013,139,CORD,00307,046009,00057,80,
DOOLY,08380932,WEST,ZACCHAEUS,JAROD H,,359,SCHOOL AVE, ,UNADILLA,GA,31091,,PO BOX 371,,UNADILLA,GA,31091-0037,A,,,11/01/2017,11/01/2017,,MAILED,NO,NO,,NO,UNADI,5,002,013,139,CORD,00307,,00030,99,
DOOLY,00602889,WEST,TERESA,TAYLOR,,439,MCWHORTER ST, ,UNADILLA,GA,31091,,PO BOX 383,,UNADILLA,GA,31091-0038,A,A,,11/01/2017,11/01/2017,11/01/2017,IN PERSON,NO,NO,,NO,UNADI,5,002,013,139,CORD,00307,046009,00070,98,
DOOLY,06511221,DOSTER,FRANCES,ELIZABETH,,1329,BORUM ST, ,UNADILLA,GA,31091,,PO BOX 955,,UNADILLA,GA,31091-0095,A,A,,10/31/2017,10/31/2017,10/31/2017,IN PERSON,NO,NO,,NO,UNADI,5,002,013,139,CORD,00307,046009,00063,91,
DOOLY,04430819,JOHNSON,VEESTA,,,1214,BORUM ST, ,UNADILLA,GA,31091,,PO BOX 223,,UNADILLA,GA,31091,A,,,10/31/2017,10/31/2017,,MAILED,NO,NO,,NO,UNADI,5,002,013,139,CORD,00307,,00025,81,
DOOLY,00602420,GORDON,IREDENE,,,296,CRUMPLER AVE, ,UNADILLA,GA,31091,,PO BOX 185,,UNADILLA,GA,31091-0018,A,,,10/27/2017,10/27/2017,,MAILED,YES,NO,,NO,UNADI,5,002,013,139,CORD,00307,,00024,70,
DOOLY,04464587,ERVIN,GERALDINE,,,126,MIXON ST, ,UNADILLA,GA,31091,,PO BOX 817,,UNADILLA,GA,31091-0081,A,A,,10/20/2017,10/20/2017,10/20/2017,IN PERSON,NO,NO,,NO,UNADI,5,002,013,139,CORD,00307,046009,00026,44,
DOOLY,00604459,WEST,BOBBY,JEAN,,359,SCHOOL AVE, ,UNADILLA,GA,31091,,PO BOX 371,,UNADILLA,GA,31091-0037,A,A,,10/26/2017,10/26/2017,10/27/2017,IN PERSON,NO,NO,,NO,UNADI,5,002,013,139,CORD,00307,046009,00043,64,
DOOLY,00602518,HILAND,JAMES,,,2960,ARENA RD, ,UNADILLA,GA,31091-4903,,PO BOX 443,,UNADILLA,GA,31091-0044,A,A,,11/01/2017,11/01/2017,11/01/2017,IN PERSON,NO,NO,,NO,UNADI,5,002,013,139,CORD,00307,046009,00076,107,
DOOLY,00602809,SHUGART,CLINTON,,,845,OAK ST, ,UNADILLA,GA,31091,845,OAK ST,,UNADILLA,GA,31091,A,A,,10/31/2017,10/31/2017,10/31/2017,MAILED,NO,NO,ELDERLY,NO,UNADI,5,002,013,139,CORD,00307,,00029,90,
DOOLY,06117248,HUDGENS,IRA,,,207,OAK ST, ,UNADILLA,GA,31091,,PO BOX 1106,,UNADILLA,GA,31091-0110,A,A,,10/30/2017,10/30/2017,10/30/2017,IN PERSON,NO,NO,,NO,UNADI,5,002,013,139,CORD,00307,046009,00053,76,
DOOLY,05572845,FRANKLIN,SALAYTHEIN,MONTEZ,,423,SCHOOL AVE, ,UNADILLA,GA,31091,423,SCHOOL AVE,,UNADILLA,GA,31091,A,A,,11/07/2017,11/07/2017,11/07/2017,IN PERSON,NO,NO,,NO,UNADI,5,002,013,139,CORD,00307,046009,00124,159,
DOOLY,06339157,HEATH,AMANDA,L,,955,OAK ST, ,UNADILLA,GA,31091,955,OAK ST,,UNADILLA,GA,31091,A,A,,11/07/2017,11/07/2017,11/07/2017,IN PERSON,NO,NO,,NO,UNADI,5,002,013,139,CORD,00307,046009,00104,139,
DOOLY,08100851,BARRON,JOHN,FREDRICK,,366,RAILROAD ST E, ,UNADILLA,GA,31091,,PO BOX 333,,UNADILLA,GA,31091-0033,A,A,,11/07/2017,11/07/2017,11/07/2017,IN PERSON,NO,NO,,NO,UNADI,5,002,013,139,CORD,00307,046009,00098,133,
DOOLY,00603936,KEY,THEODORE,R,SR,150,MIXON ST, ,UNADILLA,GA,31091,,PO BOX 124,,UNADILLA,GA,31092,A,A,,11/01/2017,11/01/2017,11/01/2017,IN PERSON,NO,NO,,NO,UNADI,5,002,013,139,CORD,00307,046009,00071,102,
DOOLY,00602417,GOODROE,JOHN,ROBERT,SR,398,THIRD ST, ,UNADILLA,GA,31091,,PO BOX 502,,UNADILLA,GA,31091-0050,A,A,,10/16/2017,10/16/2017,10/16/2017,IN PERSON,NO,NO,,NO,UNADI,5,002,013,139,CORD,00307,046009,00008,15,
DOOLY,00605361,WATKINS,DOROTHY ANN,,,790,FIRST ST,UNIT 304,UNADILLA,GA,31091,,PO BOX 71,,UNADILLA,GA,31091,A,,,10/19/2017,10/19/2017,,MAILED,NO,NO,,NO,UNADI,5,002,013,139,CORD,00307,,00019,36,
DOOLY,04050814,ADKINSON,TYRONE,,,384,CRUMPLER AVE, ,UNADILLA,GA,31091,,PO BOX 76,,UNADILLA,GA,31091-0007,A,A,,10/26/2017,10/26/2017,10/27/2017,IN PERSON,NO,NO,,NO,UNADI,5,002,013,139,CORD,00307,046009,00044,65,
DOOLY,00605142,ELLISON,LISA,WEST,,649,SECOND ST, ,UNADILLA,GA,31091,,PO BOX 531,,UNADILLA,GA,31091,A,A,,10/24/2017,10/24/2017,10/24/2017,IN PERSON,NO,NO,,NO,UNADI,5,002,013,139,CORD,00307,046009,00031,49,
DOOLY,04511863,BRANNEN,DERREK,THOR,,1312,RAILROAD ST E, ,UNADILLA,GA,31091,,PO BOX 581,,UNADILLA,GA,31091-0058,A,A,,11/03/2017,11/03/2017,11/03/2017,IN PERSON,NO,NO,,NO,UNADI,5,002,013,139,CORD,00307,046009,00096,83,
DOOLY,00602810,SHUGART,LOUISE,,,845,OAK ST, ,UNADILLA,GA,31091,,PO BOX 306,,UNADILLA,GA,31091-0030,A,,,10/31/2017,10/31/2017,,MAILED,YES,NO,ELDERLY,NO,UNADI,5,002,013,139,CORD,00307,,00026,82,
DOOLY,00602951,WEST,GENEVA,B,,345,KINCHEN ST, ,UNADILLA,GA,31091,,PO BOX 10,,UNADILLA,GA,31091-0001,A,A,,10/23/2017,10/23/2017,10/23/2017,IN PERSON,NO,NO,,NO,UNADI,5,002,013,139,CORD,00307,046009,00030,48,
DOOLY,00723485,DOSTER,CHARLES,RAYMOND,,418,THIRD ST, ,UNADILLA,GA,31091,,PO BOX 788,,UNADILLA,GA,31091-0078,A,A,,11/01/2017,11/01/2017,11/01/2017,IN PERSON,NO,NO,,NO,UNADI,5,002,013,139,CORD,00307,046009,00068,96,
DOOLY,00602980,WILLIAMS,RAYMOND,,,154,MIXON ST, ,UNADILLA,GA,31091,,PO BOX 801,,UNADILLA,GA,31091-0080,A,,,11/02/2017,11/02/2017,,MAILED,YES,NO,,NO,UNADI,5,002,013,139,CORD,00307,,00035,110,
DOOLY,00602811,SHUGART,DONALD,CLINTON,JR,784,DUNCAN AVE, ,UNADILLA,GA,31091,,PO BOX 584,,UNADILLA,GA,31091-0058,A,A,,10/18/2017,10/18/2017,10/18/2017,IN PERSON,NO,NO,,NO,UNADI,5,002,013,139,CORD,00307,046009,00017,29,
DOOLY,00602617,LESTER,LAKETHA,,,419,CAREY ST, ,UNADILLA,GA,31091,,PO BOX 657,,UNADILLA,GA,31091-0065,A,A,,10/25/2017,10/25/2017,10/25/2017,IN PERSON,NO,NO,,NO,UNADI,5,002,013,139,CORD,00307,046009,00034,52,
DOOLY,00602833,SPEIGHT,CHARLES,,,220,AZALEA DR, ,UNADILLA,GA,31091,,PO BOX 303,,UNADILLA,GA,31091-0030,A,A,,11/01/2017,11/01/2017,11/01/2017,IN PERSON,NO,NO,,NO,UNADI,5,002,013,139,CORD,00307,046009,00073,104,
DOOLY,00602519,HILAND,MARLENE,,,2960,ARENA RD, ,UNADILLA,GA,31091-4903,,PO BOX 443,,UNADILLA,GA,31091-0044,A,A,,11/01/2017,11/01/2017,11/01/2017,IN PERSON,NO,NO,,NO,UNADI,5,002,013,139,CORD,00307,046009,00075,106,
DOOLY,05354063,BORUM,EMMITT,WILLIAM,,690,BORUM ST, ,UNADILLA,GA,31091-3643,690,BORUM ST,,UNADILLA,GA,31091-3643,A,,,10/26/2017,10/26/2017,,MAILED,NO,NO,,NO,UNADI,5,002,013,139,CORD,00307,,00021,59,
DOOLY,02636581,BARTLETT,RHONDA,WOODWARD,,882,OAK ST, ,UNADILLA,GA,31091,,PO BOX 145,,UNADILLA,GA,31091-0014,A,A,,10/27/2017,10/27/2017,10/27/2017,IN PERSON,NO,NO,,NO,UNADI,5,002,013,139,CORD,00307,046009,00049,72,
DOOLY,10039220,WEST,JEREMIAH,LEWIS HADDOCK,,359,SCHOOL AVE, ,UNADILLA,GA,31091,,P 371,,UNADILLA,GA,31091,A,,,11/01/2017,11/01/2017,,MAILED,NO,NO,,NO,UNADI,5,002,013,139,CORD,00307,,00031,100,
DOOLY,00601518,ADAMS,JUANITA,ADKINSON,,587,JEANNETTE ST, ,UNADILLA,GA,31091,587,JEANNETTE ST,,UNADILLA,GA,31091,A,A,,11/07/2017,11/07/2017,11/07/2017,IN PERSON,NO,NO,,NO,UNADI,5,002,013,139,CORD,00307,046009,00109,144,
DOOLY,03740455,WEST,TRACY,MICHELL,,299,CAREY ST, ,UNADILLA,GA,31091,,PO BOX 401,,UNADILLA,GA,31091-0040,A,A,,11/07/2017,11/07/2017,11/07/2017,IN PERSON,NO,NO,,NO,UNADI,5,002,013,139,CORD,00307,046009,00108,143,
DOOLY,00605258,LESTER,MEREDITH,M,,205,BROWNS CHAPEL RD, ,UNADILLA,GA,31091-4962,205,BROWNS CHAPEL RD,,UNADILLA,GA,31091-4962,A,A,,11/07/2017,11/07/2017,11/07/2017,IN PERSON,NO,NO,,NO,UNADI,5,002,013,139,CORD,00307,046009,00134,169,
DOOLY,00602675,MCKENZIE,EUNICE,,,289,PEAVY ST, ,UNADILLA,GA,31091,,PO BOX 275,,UNADILLA,GA,31091-0027,A,A,,11/07/2017,11/07/2017,11/07/2017,IN PERSON,NO,NO,,NO,UNADI,5,002,013,139,CORD,00307,046009,00107,142,
DOOLY,00602139,BARRON,JEFFREY,FREDERICK,,606,CHRISTIAN WAY, ,UNADILLA,GA,31091-4953,,PO BOX 964,,UNADILLA,GA,31091-0096,A,A,,11/07/2017,11/07/2017,11/07/2017,IN PERSON,NO,NO,,NO,UNADI,5,002,013,139,CORD,00307,046009,00122,157,
DOOLY,00602497,HARRISON,ALBERT,LLOYD,,700,MULBERRY ST, ,UNADILLA,GA,31091,,PO BOX 192,,UNADILLA,GA,31091-0019,A,A,,11/07/2017,11/07/2017,11/07/2017,IN PERSON,NO,NO,,NO,UNADI,5,002,013,139,CORD,00307,046009,00128,163,
DOOLY,00602156,BILLINGSLEA,BUFORD,,,571,DUNCAN AVE, ,UNADILLA,GA,31091,,PO BOX 753,,UNADILLA,GA,31091-0075,A,,,11/02/2017,11/02/2017,,MAILED,YES,NO,,NO,UNADI,5,002,013,139,CORD,00307,,00037,117,
DOOLY,03505004,CHERRY,EARL,,,310,PEAVY ST, ,UNADILLA,GA,31091,,PO BOX 677,,UNADILLA,GA,31091-0067,A,A,,10/26/2017,10/26/2017,10/27/2017,IN PERSON,NO,NO,,NO,UNADI,5,002,013,139,CORD,00307,046009,00046,67,
DOOLY,08760914,PASSMORE,DAVIS,,,148,MIXON ST, ,UNADILLA,GA,31091,,P 786,,UNADILLA,GA,31091,A,A,,11/03/2017,11/03/2017,11/03/2017,IN PERSON,NO,NO,,NO,UNADI,5,002,013,139,CORD,00307,046009,00088,124,
DOOLY,05329622,IRWIN,DANIEL,LLOYD,,821,OAK ST, ,UNADILLA,GA,31091,,PO BOX 277,,UNADILLA,GA,31091-0027,A,A,,10/17/2017,10/17/2017,10/17/2017,IN PERSON,NO,NO,,NO,UNADI,5,002,013,139,CORD,00307,046009,00012,20,
DOOLY,06601623,MERCER,KENNY,WILLIAM,,311,IVY ST, ,UNADILLA,GA,31091,,PO BOX 32,,UNADILLA,GA,31091-0003,A,A,,10/19/2017,10/19/2017,10/20/2017,IN PERSON,NO,NO,,NO,UNADI,5,002,013,139,CORD,00307,046009,00020,38,
DOOLY,11338940,NETTLES,CLEVELAND,MORGAN,,429,BEACHAM AVE, ,UNADILLA,GA,31091,429,BEACHAM AVE,,UNADILLA,GA,31091-4575,A,A,,11/03/2017,11/03/2017,11/03/2017,IN PERSON,YES,NO,,NO,UNADI,5,002,013,139,CORD,00307,046009,00083,119,
DOOLY,06658734,FOSTER,BRIDGETTE,DANIELS,,329,CHERRY ST, ,UNADILLA,GA,31091,,PO BOX 148,,UNADILLA,GA,31091-0014,A,,,10/18/2017,10/18/2017,,MAILED,NO,NO,,NO,UNADI,5,002,013,139,CORD,00307,,00014,30,
DOOLY,00602949,WEST,CORENE,,,238,CAREY ST, ,UNADILLA,GA,31091,,PO BOX 397,,UNADILLA,GA,31091-0039,A,A,,10/24/2017,10/24/2017,10/24/2017,IN PERSON,NO,NO,,NO,UNADI,5,002,013,139,CORD,00307,046009,00032,50,
DOOLY,03488745,KENDRICK,L,D,,3319,PINE ST, ,UNADILLA,GA,31091,,PO BOX 1092,,UNADILLA,GA,31091-0109,A,A,,10/17/2017,10/17/2017,10/17/2017,IN PERSON,YES,NO,,NO,UNADI,5,002,013,139,CORD,00307,046009,00009,17,
DOOLY,08067466,MIXON,MICHAEL,JOSEPH,,221,AZALEA DR, ,UNADILLA,GA,31091,,PO BOX 1004,,UNADILLA,GA,31091-0100,A,A,,10/19/2017,10/19/2017,10/20/2017,IN PERSON,NO,NO,,NO,UNADI,5,002,013,139,CORD,00307,046009,00021,39,
DOOLY,04527045,FOSTER,EDDIE,CHARLES,,329,CHERRY ST, ,UNADILLA,GA,31091,,PO BOX 148,,UNADILLA,GA,31091-0014,A,,,10/18/2017,10/18/2017,,MAILED,NO,NO,,NO,UNADI,5,002,013,139,CORD,00307,,00015,31,
DOOLY,03514467,TAYLOR,GWENDOLYN,JORDAN,,885,OAK ST, ,UNADILLA,GA,31091,,PO BOX 881,,UNADILLA,GA,31091-0088,A,A,,10/19/2017,10/19/2017,10/20/2017,IN PERSON,NO,NO,,NO,UNADI,5,002,013,139,CORD,00307,046009,00023,41,
DOOLY,01714013,BASHAW,MARTHA,I,,2999,PINE ST, ,UNADILLA,GA,31091,2999,PINE ST,,UNADILLA,GA,31091,A,A,,10/17/2017,10/17/2017,10/17/2017,IN PERSON,NO,NO,,NO,UNADI,5,002,013,139,CORD,00307,046009,00014,22,
DOOLY,07579035,DARSEY,AMOS,DAVID,,398,THIRD ST, ,UNADILLA,GA,31091,,502,,UNADILLA,GA,31091,A,A,,10/26/2017,10/26/2017,10/27/2017,IN PERSON,NO,NO,,NO,UNADI,5,002,013,139,CORD,00307,046009,00047,68,
DOOLY,08319655,TAYLOR MANNING,PATRICIA,ANN,,499,CAREY ST, ,UNADILLA,GA,31091,,PO BOX 645,,UNADILLA,GA,31091-0064,A,,,11/02/2017,11/02/2017,,MAILED,YES,NO,,NO,UNADI,5,002,013,139,CORD,00307,,00033,108,
DOOLY,02510083,BARTLETT,JOSEPH,D,,882,OAK ST, ,UNADILLA,GA,31091,,PO BOX 145,,UNADILLA,GA,31091-0014,A,,,10/26/2017,10/26/2017,,MAILED,NO,NO,,NO,UNADI,5,002,013,139,CORD,00307,,00022,60,
DOOLY,00602378,FLUELLEN,MARY,NELL,,292,WEST AVE,UNIT 292,UNADILLA,GA,31091,,PO BOX 263,,UNADILLA,GA,31091-0026,A,A,,10/17/2017,10/17/2017,10/17/2017,IN PERSON,NO,NO,,NO,UNADI,5,002,013,139,CORD,00307,046009,00010,18,
DOOLY,02356456,WARD,ALINE,,,382,BOGAN ST, ,UNADILLA,GA,31091,,PO BOX 152,,UNADILLA,GA,31091,A,A,,10/20/2017,10/20/2017,10/20/2017,IN PERSON,NO,NO,,NO,UNADI,5,002,013,139,CORD,00307,046009,00025,43,
DOOLY,03659646,WHITTAKER,DETRICK,D,,527,CRUMPLER AVE, ,UNADILLA,GA,31091,,PO BOX 418,,UNADILLA,GA,31091-0041,A,,,10/16/2017,10/16/2017,,MAILED,NO,NO,,NO,UNADI,5,002,013,139,CORD,00307,,00007,6,
DOOLY,00602909,THOMAS,VALENTINA,KENDRICK,,834,SECOND ST, ,UNADILLA,GA,31091,,PO BOX 861,,UNADILLA,GA,31091-0086,A,A,,10/16/2017,10/16/2017,10/16/2017,IN PERSON,NO,NO,,NO,UNADI,5,002,013,139,CORD,00307,046009,00001,8,
DOOLY,00605671,WATSON,MARSHA,C,,2936,PINE ST, ,UNADILLA,GA,31091,2936,PINE ST,,UNADILLA,GA,31091,A,A,,11/02/2017,11/02/2017,11/03/2017,IN PERSON,NO,NO,,NO,UNADI,5,002,013,139,CORD,00307,046009,00079,114,
DOOLY,00602804,SHEWMAN,LEROY,,,573,THARPE RD, ,UNADILLA,GA,31091-4536,,PO BOX 934,,UNADILLA,GA,31091-0093,A,A,,11/07/2017,11/07/2017,11/07/2017,IN PERSON,NO,NO,,NO,UNADI,5,002,013,139,CORD,00307,046009,00105,140,
DOOLY,00602861,TAYLOR,FAIROW,,JR,155,JOHN D LAW DR, ,UNADILLA,GA,31091,,PO BOX 711,,UNADILLA,GA,31091-0071,A,A,,11/07/2017,11/07/2017,11/07/2017,IN PERSON,NO,NO,,NO,UNADI,5,002,013,139,CORD,00307,046009,00097,132,
DOOLY,02208363,VINSON,GWENDOLYN,WADE,,814,KINCHEN ST, ,UNADILLA,GA,31091,,PO BOX 58,,UNADILLA,GA,31091-0005,A,A,,11/07/2017,11/07/2017,11/07/2017,IN PERSON,NO,NO,,NO,UNADI,5,002,013,139,CORD,00307,046009,00113,148,
DOOLY,03965827,WEST,CHARLES,L,,716,DUNCAN AVE, ,UNADILLA,GA,31091,,PO BOX 403,,UNADILLA,GA,31091-0040,A,A,,11/07/2017,11/07/2017,11/07/2017,IN PERSON,NO,NO,,NO,UNADI,5,002,013,139,CORD,00307,046009,00119,154,
DOOLY,03505191,BROWN,REBECCA,SUE,,375,MCWHORTER ST, ,UNADILLA,GA,31091,,PO BOX 57,,UNADILLA,GA,31091-0005,A,A,,11/03/2017,11/03/2017,11/03/2017,IN PERSON,NO,NO,,NO,UNADI,5,002,013,139,CORD,00307,046009,00089,125,
DOOLY,00602550,WHITTAKER,SARAH,INGRAM,,536,GARY ST, ,UNADILLA,GA,31091,,PO BOX 418,,UNADILLA,GA,31091-0041,A,A,,10/16/2017,10/16/2017,10/16/2017,IN PERSON,NO,NO,,NO,UNADI,5,002,013,139,CORD,00307,046009,00003,10,
DOOLY,00605330,MEDLEY,BETTY,JO,,1197,BORUM ST, ,UNADILLA,GA,31091,,PO BOX 271,,UNADILLA,GA,31091-0024,A,A,,10/17/2017,10/17/2017,10/17/2017,IN PERSON,NO,NO,,NO,UNADI,5,002,013,139,CORD,00307,046009,00013,21,
DOOLY,00602247,CALDWELL,LUCILE,,,290,PEAVY ST, ,UNADILLA,GA,31091,,PO BOX 122,,UNADILLA,GA,31091-0012,A,A,,10/25/2017,10/25/2017,10/25/2017,IN PERSON,NO,NO,,NO,UNADI,5,002,013,139,CORD,00307,046009,00033,51,
DOOLY,00602867,TAYLOR,JEANNETTE,,,286,BEACHAM AVE, ,UNADILLA,GA,31091,,PO BOX 21,,UNADILLA,GA,31091-0002,A,A,,10/16/2017,10/16/2017,10/16/2017,IN PERSON,NO,NO,,NO,UNADI,5,002,013,139,CORD,00307,046009,00005,12,
DOOLY,00604715,FELDER,RUTHIE,MAE,,275,CHERRY ST, ,UNADILLA,GA,31091,,PO BOX 435,,UNADILLA,GA,31091-0043,A,A,,10/25/2017,10/25/2017,10/25/2017,IN PERSON,NO,NO,,NO,UNADI,5,002,013,139,CORD,00307,046009,00038,56,
DOOLY,08113212,ALLEN,ELAINE,ISABEL,,620,MULBERRY ST, ,UNADILLA,GA,31091-3682,620,MULBERRY ST,,UNADILLA,GA,31091-3682,A,A,,10/18/2017,10/18/2017,10/18/2017,IN PERSON,NO,NO,,NO,UNADI,5,002,013,139,CORD,00307,046009,00016,28,
DOOLY,00602170,BOWEN,BETTY,D,,355,MCWHORTER ST, ,UNADILLA,GA,31091,,PO BOX 202,,UNADILLA,GA,31091-0020,A,A,,10/31/2017,10/31/2017,10/31/2017,IN PERSON,NO,NO,,NO,UNADI,5,002,013,139,CORD,00307,046009,00061,88,
DOOLY,00597436,KINDEL,TOMMY,L,,1550,BORUM ST, ,UNADILLA,GA,31091,1550,BORUM ST,,UNADILLA,GA,31091,A,A,,11/07/2017,11/07/2017,11/07/2017,IN PERSON,NO,NO,,NO,UNADI,5,002,013,139,CORD,00307,046009,00103,138,
DOOLY,00602249,CARTER,KORTIES,,,208,WHITE ST,LOT 25,UNADILLA,GA,31091-4642,208,WHITE ST,LOT 25,UNADILLA,GA,31091-4642,A,A,,11/07/2017,11/07/2017,11/07/2017,IN PERSON,NO,NO,,NO,UNADI,5,002,013,139,CORD,00307,046009,00133,168,
DOOLY,00602212,BROWN,LURRY,,SR,472,DUNCAN AVE, ,UNADILLA,GA,31091,472,DUNCAN AVE,,UNADILLA,GA,31091,A,A,,11/07/2017,11/07/2017,11/07/2017,IN PERSON,NO,NO,,NO,UNADI,5,002,013,139,CORD,00307,046009,00115,150,
DOOLY,04897923,HOLMES,BRANDON,,,435,PEAVY ST,UNIT 428,UNADILLA,GA,31091,,PO BOX 469,,UNADILLA,GA,31091,A,A,,11/07/2017,11/07/2017,11/07/2017,IN PERSON,NO,NO,,NO,UNADI,5,002,013,139,CORD,00307,046009,00111,146,
DOOLY,00602940,WEBB,CYNTHIA,,,95,BARRON ST, ,UNADILLA,GA,31091,,PO BOX 905,,UNADILLA,GA,31091,A,A,,11/07/2017,11/07/2017,11/07/2017,IN PERSON,NO,NO,,NO,UNADI,5,002,013,139,CORD,00307,046009,00129,164,
DOOLY,04855472,WILSON,TERRY,ANN,,451,BOGAN ST, ,UNADILLA,GA,31091,,PO BOX 497,,UNADILLA,GA,31091-0049,A,A,,11/07/2017,11/07/2017,11/07/2017,IN PERSON,NO,NO,,NO,UNADI,5,002,013,139,CORD,00307,046009,00099,134,
DOOLY,00602483,HARRELL,ELAINE,,,349,BEACHAM AVE, ,UNADILLA,GA,31091,,PO BOX 67,,UNADILLA,GA,31091-0006,A,A,,10/26/2017,10/26/2017,10/27/2017,IN PERSON,NO,NO,,NO,UNADI,5,002,013,139,CORD,00307,046009,00041,62,
DOOLY,06075634,LESTER,KENTRELLA,LASHAY,,268,SCOTT ST, ,UNADILLA,GA,31091-4656,,PO BOX 834,,UNADILLA,GA,31091-0083,A,A,,11/03/2017,11/03/2017,11/03/2017,IN PERSON,NO,NO,,NO,UNADI,5,002,013,139,CORD,00307,046009,00091,127,
DOOLY,00602186,BRANNEN,JACK,VINSOR,,1312,RAILROAD ST E, ,UNADILLA,GA,31091,,PO BOX 581,,UNADILLA,GA,31091-0058,A,A,,11/03/2017,11/03/2017,11/03/2017,IN PERSON,NO,NO,,NO,UNADI,5,002,013,139,CORD,00307,046009,00093,129,
DOOLY,03507174,DOLPH,ARTHUR,NEWELL,,632,3RD ST, ,UNADILLA,GA,31091,,PO BOX 986,,UNADILLA,GA,31091-0098,A,A,,10/16/2017,10/16/2017,10/16/2017,IN PERSON,NO,NO,,NO,UNADI,5,002,013,139,CORD,00307,046009,00006,13,
DOOLY,04978576,BRIDGES,BRIDGET,LYNN,,724,BORUM ST, ,UNADILLA,GA,31091,724,BORUM ST,,UNADILLA,GA,31091,A,,,10/18/2017,10/18/2017,,MAILED,NO,NO,,NO,UNADI,5,002,013,139,CORD,00307,,00010,23,
DOOLY,00605530,WASHINGTON,JOHNNIE KATE,,,309,CRUMPLER AVE, ,UNADILLA,GA,31091,,PO BOX 644,,UNADILLA,GA,31091-0064,A,,,05/03/2016,10/16/2017,,MAILED,NO,NO,ELDERLY,NO,UNADI,5,002,013,139,CORD,00307,,00005,4,
DOOLY,00605349,SINYARD,GERALDINE,,,335,MCWHORTER ST, ,UNADILLA,GA,31091,,PO BOX 73,,UNADILLA,GA,31091-0007,A,A,,10/20/2017,10/20/2017,10/20/2017,IN PERSON,NO,NO,,NO,UNADI,5,002,013,139,CORD,00307,046009,00028,46,
DOOLY,00602490,HUDGENS,LARRESSIE,HARRELL,,207,OAK ST, ,UNADILLA,GA,31091,,PO BOX 1106,,UNADILLA,GA,31091-0110,A,A,,10/30/2017,10/30/2017,10/30/2017,IN PERSON,NO,NO,,NO,UNADI,5,002,013,139,CORD,00307,046009,00055,78,
DOOLY,00489063,GRIECO,KIMBERLY,D,,938,JEANNETTE ST, ,UNADILLA,GA,31091-4652,938,JEANNETTE ST,,UNADILLA,GA,31091-4652,A,A,,10/27/2017,10/27/2017,10/27/2017,IN PERSON,NO,NO,,NO,UNADI,5,002,013,139,CORD,00307,046009,00052,75,
DOOLY,00602655,MIXON,MYRON,,,2732,PINE ST, ,UNADILLA,GA,31091-7702,,PO BOX 25,,UNADILLA,GA,31091,A,A,,10/19/2017,10/19/2017,10/20/2017,IN PERSON,NO,NO,,NO,UNADI,5,002,013,139,CORD,00307,046009,00022,40,
DOOLY,00602172,BOWEN,ISAAC,JACK,,355,MCWHORTER ST, ,UNADILLA,GA,31091,,PO BOX 202,,UNADILLA,GA,31091-0020,A,A,,10/31/2017,10/31/2017,10/31/2017,IN PERSON,NO,NO,,NO,UNADI,5,002,013,139,CORD,00307,046009,00062,89,
DOOLY,01273031,RIDDLE,JIMMY,TRICE,,335,MCWHORTER ST, ,UNADILLA,GA,31091,,PO BOX 73,,UNADILLA,GA,31091-0007,A,A,,10/20/2017,10/20/2017,10/20/2017,IN PERSON,NO,NO,,NO,UNADI,5,002,013,139,CORD,00307,046009,00029,47,
DOOLY,03281223,WHITTAKER,DEXTER,EUGENE,,536,GARY ST, ,UNADILLA,GA,31091,,PO BOX 418,,UNADILLA,GA,31091-0041,A,,,10/16/2017,10/16/2017,,MAILED,NO,NO,,NO,UNADI,5,002,013,139,CORD,00307,,00008,7,
