County,Voter Registration #,Last Name,First Name,Middle Name,Suffix,Street #,Street Name,Apt/Unit,City,State,Zip Code,Mailing Street #,Mailing Street Name,Mailing Apt/Unit,Mailing City,Mailing State,Mailing Zip Code,Application Status,Ballot Status,Status Reason,Application Date,Ballot Issued Date,Ballot Return Date,Ballot Style,Ballot Assisted,Challenged/Provisional,Designation/Reason Issue,ID Required,Municipal Precinct,County Precinct,CNG,SEN,HOUSE	,JUD,Combo #,Vote Center ID,Ballot ID,Post #,Party
DOUGHERTY,00021230,PRESTON,PATRICIA,HAGIN,,2712,MCLAIN LN, ,ALBANY,GA,31707,4528,STAGECOACH RD,,ALBANY,GA,31705,A,A,,10/16/2017,10/16/2017,10/16/2017,IN PERSON,NO,NO,,NO,02,02,002,012,153,DHRT,00217,047077,00001,12,
DOUGHERTY,00008900,GREEN,CHRISTINE,,,1211,E SOCIETY AVE, ,ALBANY,GA,31705-2021,1211,E SOCIETY AVE,,ALBANY,GA,31705,A,A,,10/19/2017,10/23/2017,11/06/2017,MAILED,NO,NO,,NO,17,17,002,012,153,DHRT,00212,,00009,35,
DOUGHERTY,00010160,FREEMAN,GLORIA,JACKSON,,624,W 1ST AVE, ,ALBANY,GA,31701-2102,624,W 1ST AVE,,ALBANY,GA,31701-2102,A,R,Ballot Not Returned By Election Day,11/02/2017,11/02/2017,11/08/2017,MAILED,NO,NO,ELDERLY,NO,15,15,002,012,153,DHRT,00212,,00004,112,
DOUGHERTY,06845330,KNIGHTON,CHERYL,D,,645,W SOCIETY AVE,APT 245,ALBANY,GA,31701-2175,645,W SOCIETY AVE,APT 245,ALBANY,GA,31701-2175,A,A,,10/19/2017,10/23/2017,11/07/2017,MAILED,NO,NO,DISABLED,NO,15,15,002,012,153,DHRT,00212,,00002,33,
DOUGHERTY,00015995,WILLIAMS,BETTY,JEAN,,710,ANDOVER LN, ,ALBANY,GA,31705-1253,710,ANDOVER LN,,ALBANY,GA,31705-1253,A,A,,11/02/2017,11/02/2017,11/02/2017,IN PERSON,NO,NO,,NO,17,17,002,012,153,DHRT,00212,047077,00083,108,
DOUGHERTY,00010275,JENKINS,HOMER,,JR,731,BARKLEY BLVD, ,ALBANY,GA,31705-1207,731,BARKLEY BLVD,,ALBANY,GA,31705-1207,A,A,,10/20/2017,10/20/2017,10/20/2017,IN PERSON,NO,NO,,NO,17,17,002,012,153,DHRT,00212,047077,00018,30,
DOUGHERTY,00014762,STREET,LUELLA,SMITH,,1114,E 2ND AVE, ,ALBANY,GA,31705-1312,1114,E 2ND AVE,,ALBANY,GA,31705-1312,A,,,11/02/2017,11/03/2017,,MAILED,NO,NO,ELDERLY,NO,17,17,002,012,153,DHRT,00212,,00015,135,
DOUGHERTY,03829424,HARPER,BENNIE,,,803,BLAYLOCK ST, ,ALBANY,GA,31705-2001,803,BLAYLOCK ST,,ALBANY,GA,31705-2001,A,A,,10/16/2017,10/16/2017,10/20/2017,MAILED,NO,NO,ELDERLY,NO,17,17,002,012,153,DHRT,00212,,00006,9,
DOUGHERTY,04513206,WESTER,DEBORAH,WILLIAMS,,1004,W 3RD AVE,UNIT 1/2,ALBANY,GA,31701-1708,1004,W 3RD AVE,UNIT 1/2,ALBANY,GA,31701-1708,A,A,,11/01/2017,11/01/2017,11/01/2017,IN PERSON,NO,NO,,NO,15,15,002,012,153,DHRT,00212,047077,00077,102,
DOUGHERTY,03561460,LEE,TERRY,ALAN,,919,9TH AVE, ,ALBANY,GA,31701,919,9TH AVE,,ALBANY,GA,31701,A,A,,10/27/2017,10/27/2017,10/27/2017,IN PERSON,NO,NO,,NO,01,01,002,012,153,DHRT,00217,047077,00040,61,
DOUGHERTY,00007569,DEITER,MARY,T,,706,16TH AVE, ,ALBANY,GA,31701-1308,706,16TH AVE,,ALBANY,GA,31701-1308,A,C,Voter Requested Cancel,10/23/2017,10/30/2017,10/31/2017,MAILED,NO,NO,,NO,01,01,002,012,153,DHRT,00217,,00005,81,
DOUGHERTY,06552854,CARR,DIZZIE,LOUIS,,906,11TH AVE, ,ALBANY,GA,31701-1547,906,11TH AVE,,ALBANY,GA,31701-1547,A,A,,11/02/2017,11/02/2017,11/02/2017,IN PERSON,NO,NO,,NO,01,01,002,012,153,DHRT,00217,047077,00104,130,
DOUGHERTY,04982763,BROWN,DEACON MR DARNELL,,,1001,SWIFT ST,APT 1,ALBANY,GA,31705,1001,SWIFT ST,APT 1,ALBANY,GA,31705,A,A,,10/24/2017,10/24/2017,10/24/2017,IN PERSON,NO,NO,,NO,17,17,002,012,153,DHRT,00212,047077,00023,39,
DOUGHERTY,00012768,PARKER,HELEN,CLAUDIA,,801,6TH AVE, ,ALBANY,GA,31701-1880,801,6TH AVE,,ALBANY,GA,31701-1880,A,A,,10/17/2017,10/17/2017,10/17/2017,IN PERSON,NO,NO,,NO,01,01,002,012,153,DHRT,00217,047077,00005,16,
DOUGHERTY,00015900,WHITLOW,GUSSIE,LOWE,,1023,INVERNESS RD, ,ALBANY,GA,31705-1236,1023,INVERNESS RD,,ALBANY,GA,31705-1236,A,A,,11/02/2017,11/02/2017,11/02/2017,IN PERSON,NO,NO,,NO,17,17,002,012,153,DHRT,00212,047077,00094,120,
DOUGHERTY,04727135,BROWN,ELIZABETH,LEE,,920,W 3RD AVE, ,ALBANY,GA,31701-1706,920,W 3RD AVE,,ALBANY,GA,31701-1706,A,A,,10/25/2017,10/25/2017,10/25/2017,IN PERSON,NO,NO,,NO,15,15,002,012,153,DHRT,00212,047077,00030,48,
DOUGHERTY,00027579,GIDDENS,DENNIS,L,,1424,CROMARTIE BEACH DR, ,ALBANY,GA,31705-1043,1424,CROMARTIE BEACH DR,,ALBANY,GA,31705-1043,A,A,,11/03/2017,11/03/2017,11/03/2017,IN PERSON,NO,NO,,NO,24,24,002,012,153,DHRT,00212,047077,00109,137,
DOUGHERTY,10300975,CALLOWAY,JALESSA,TYREEKA,,525,DON CUTLER SR DR,APT 60,ALBANY,GA,31705,525,DON CUTLER SR DR,APT 60,ALBANY,GA,31705,A,A,,11/01/2017,11/01/2017,11/01/2017,IN PERSON,NO,NO,,NO,17,17,002,012,153,DHRT,00212,047077,00080,105,
DOUGHERTY,00017438,CROSS,LOUISE,GIVENS,,605,HOBSON ST, ,ALBANY,GA,31705-1226,605,HOBSON ST,,ALBANY,GA,31705-1226,A,A,,10/25/2017,10/25/2017,10/25/2017,IN PERSON,NO,NO,,NO,17,17,002,012,153,DHRT,00212,047077,00029,47,
DOUGHERTY,00020981,CREWS,GREGORY,RYAN,,1613,PALMYRA RD,A,ALBANY,GA,31701-1568,1613,PALMYRA RD,A,ALBANY,GA,31701-1568,A,A,,10/27/2017,10/27/2017,10/27/2017,IN PERSON,NO,NO,,NO,01,01,002,012,153,DHRT,00217,047077,00046,67,
DOUGHERTY,00013777,ROTH,JAC,E,JR,1214,N MCKINLEY ST, ,ALBANY,GA,31701-1848,1214,N MCKINLEY ST,,ALBANY,GA,31701-1848,A,A,,10/25/2017,10/25/2017,10/25/2017,IN PERSON,NO,NO,,NO,01,01,002,012,153,DHRT,00217,047077,00028,46,
DOUGHERTY,00819539,MCEWEN,BRADFORD,GERALD,,910,6TH AVE, ,ALBANY,GA,31701-1743,910,6TH AVE,,ALBANY,GA,31701-1743,A,A,,10/30/2017,10/30/2017,10/30/2017,IN PERSON,NO,NO,,NO,01,01,002,012,153,DHRT,00217,047077,00058,82,
DOUGHERTY,00030687,CULPEPPER,MAELU,DARSEY,,908,6TH AVE, ,ALBANY,GA,31701-1743,908,6TH AVE,,ALBANY,GA,31701-1743,A,A,,10/31/2017,10/31/2017,10/31/2017,IN PERSON,NO,NO,,NO,01,01,002,012,153,DHRT,00217,047077,00063,87,
DOUGHERTY,06049283,MCCONNELL,JUDI,CHRISTINE,,717,W 2ND AVE, ,ALBANY,GA,31701-1802,,24 AVENUE DE BOUCONNE,,31530 LEVIGNAC,GA,,A,,,06/07/2017,10/16/2017,,MAILED,NO,NO,Overseas Temporary Resident,NO,15,15,002,012,153,DHRT,00212,,00001,8,
DOUGHERTY,04955936,JELKS,SANDRA,MARIE,,201,MERRITT ST, ,ALBANY,GA,31705-1990,201,MERRITT ST,,ALBANY,GA,31705-1990,A,A,,11/03/2017,11/03/2017,11/03/2017,IN PERSON,NO,NO,,NO,17,17,002,012,153,DHRT,00212,047077,00123,152,
DOUGHERTY,10293843,STUBBS,TERRY,KENT,,903,W 1ST AVE, ,ALBANY,GA,31701,903,W 1ST AVE,,ALBANY,GA,31701,A,A,,11/01/2017,11/01/2017,11/01/2017,IN PERSON,NO,NO,,NO,15,15,002,012,153,DHRT,00212,047077,00074,98,
DOUGHERTY,00021704,JONES,ALICE,M,,1315,E 1ST AVE, ,ALBANY,GA,31705-1305,1315,E 1ST AVE,,ALBANY,GA,31705-1305,A,,,10/16/2017,10/16/2017,,MAILED,NO,NO,DISABLED,NO,17,17,002,012,153,DHRT,00212,,00007,10,
DOUGHERTY,00024085,MATHIS,EDRITT,TODD,,707,GOODALL AVE, ,ALBANY,GA,31705-1218,707,GOODALL AVE,,ALBANY,GA,31705-1218,A,,,10/27/2017,10/27/2017,,MAILED,NO,NO,DISABLED,NO,17,17,002,012,153,DHRT,00212,,00011,53,
DOUGHERTY,00018309,JONES,ROBERTA,PEARL,,1105,JORDAN ST, ,ALBANY,GA,31705-1371,1105,JORDAN ST,,ALBANY,GA,31705-1371,A,A,,10/24/2017,10/24/2017,10/24/2017,IN PERSON,NO,NO,,NO,17,17,002,012,153,DHRT,00212,047077,00025,43,
DOUGHERTY,00022663,LYONS,EVA,BELLE,,509,BLAYLOCK ST, ,ALBANY,GA,31705,509,BLAYLOCK ST,,ALBANY,GA,31705,A,A,,10/10/2017,10/16/2017,10/20/2017,MAILED,NO,NO,DISABLED,NO,17,17,002,012,153,DHRT,00212,,00004,6,
DOUGHERTY,00012943,PETE,VERLIE,WILLIAMS,,1617,RED OAK LN, ,ALBANY,GA,31701,1617,RED OAK LN,,ALBANY,GA,31701,A,A,,10/19/2017,10/19/2017,10/19/2017,IN PERSON,NO,NO,,NO,01,01,002,012,153,DHRT,00217,047077,00012,24,
DOUGHERTY,00025574,DAVIS,BENNIE,MAE,,1308,HOBSON ST, ,ALBANY,GA,31705,1308,HOBSON ST,,ALBANY,GA,31705,A,A,,11/03/2017,11/03/2017,11/03/2017,IN PERSON,NO,NO,,NO,17,17,002,012,153,DHRT,00212,047077,00121,150,
DOUGHERTY,00026001,GIBSON,JOHNNY,CECIL,,712,ANDOVER LN, ,ALBANY,GA,31705-1253,712,ANDOVER LN,,ALBANY,GA,31705-1253,A,A,,11/01/2017,11/01/2017,11/01/2017,IN PERSON,NO,NO,,NO,17,17,002,012,153,DHRT,00212,047077,00075,99,
DOUGHERTY,00019965,GORECKI,JOSEPHINE,BRIDGES,,823,W 1ST AVE, ,ALBANY,GA,31701-2105,823,W 1ST AVE,,ALBANY,GA,31701-2105,A,A,,11/03/2017,11/03/2017,11/03/2017,IN PERSON,NO,NO,,NO,15,15,002,012,153,DHRT,00212,047077,00113,141,
DOUGHERTY,00189394,SANCHO,MARILYN,PAGE,,1004,SWIFT ST, ,ALBANY,GA,31705,1004,SWIFT ST,,ALBANY,GA,31705,A,A,,11/02/2017,11/02/2017,11/02/2017,IN PERSON,NO,NO,,NO,17,17,002,012,153,DHRT,00212,047077,00086,111,
DOUGHERTY,00595705,FALLIN,KATHRYN,O DETTE,,1218,N MCKINLEY ST, ,ALBANY,GA,31701-1848,,PO BOX 1217,,ALBANY,GA,31702-0121,A,A,,10/20/2017,10/20/2017,10/20/2017,IN PERSON,NO,NO,,NO,01,01,002,012,153,DHRT,00217,047077,00019,31,
DOUGHERTY,00024508,HAYNES,RONNIE,WAYNE,,820,ROSEDALE AVE, ,ALBANY,GA,31701-2112,820,ROSEDALE AVE,,ALBANY,GA,31701,A,A,,10/18/2017,10/18/2017,10/18/2017,IN PERSON,NO,NO,,NO,15,15,002,012,153,DHRT,00212,047077,00008,19,
DOUGHERTY,00030285,PARTRIDGE,LESLIE,MICHELLE,,822,W 2ND AVE, ,ALBANY,GA,31701-1805,822,W 2ND AVE,,ALBANY,GA,31701-1805,A,A,,10/30/2017,10/30/2017,10/30/2017,IN PERSON,NO,NO,,NO,15,15,002,012,153,DHRT,00212,047077,00050,73,
DOUGHERTY,04887218,GASS,MELISSA,ANN,,427,MULBERRY AVE, ,ALBANY,GA,31705-1945,,PO BOX 7647,,VALDOSTA,GA,31698,A,A,,11/01/2017,11/01/2017,11/01/2017,IN PERSON,NO,NO,,NO,17,17,002,012,153,DHRT,00212,047077,00076,101,
DOUGHERTY,04028613,BARNES,DOLORES,WRIGHT,,700,ANDOVER LN, ,ALBANY,GA,31705,700,ANDOVER LN,,ALBANY,GA,31705,A,A,,10/31/2017,10/31/2017,10/31/2017,IN PERSON,NO,NO,,NO,17,17,002,012,153,DHRT,00212,047077,00065,89,
DOUGHERTY,03543854,WILLIAMS,JOHNNY,LEE,,710,ANDOVER LN, ,ALBANY,GA,31705-1253,710,ANDOVER LN,,ALBANY,GA,31705-1253,A,A,,10/19/2017,10/19/2017,10/19/2017,IN PERSON,NO,NO,,NO,17,17,002,012,153,DHRT,00212,047077,00010,21,
DOUGHERTY,01656001,LIVINGSTON,WILLIAM,G,,693,W TIFT AVE,B,ALBANY,GA,31701-2131,693,W TIFT AVE,B,ALBANY,GA,31701-2131,A,A,,10/27/2017,10/27/2017,10/27/2017,IN PERSON,NO,NO,,NO,15,15,002,012,153,DHRT,00212,047077,00041,62,
DOUGHERTY,00005547,BELT,PATRICIA,B,,909,PEACOCK DR, ,ALBANY,GA,31701-1818,,PO BOX 188,,ALBANY,GA,31702-0018,A,A,,11/02/2017,11/02/2017,11/02/2017,IN PERSON,NO,NO,,NO,15,15,002,012,153,DHRT,00212,047077,00087,113,
DOUGHERTY,05014808,WEBB,CAROLYN,BROWN,,1024,INVERNESS RD, ,ALBANY,GA,31705-1237,1024,INVERNESS RD,,ALBANY,GA,31705-1237,A,A,,10/27/2017,10/27/2017,10/27/2017,IN PERSON,NO,NO,,NO,17,17,002,012,153,DHRT,00212,047077,00035,56,
DOUGHERTY,00006442,CARR,DORIS,B,,1322,E ROOSEVELT AVE, ,ALBANY,GA,31705-2058,1322,E ROOSEVELT AVE,,ALBANY,GA,31705-2058,A,A,,10/17/2017,10/17/2017,10/17/2017,IN PERSON,NO,NO,,NO,17,17,002,012,153,DHRT,00212,047077,00004,15,
DOUGHERTY,00007569,DEITER,MARY,T,,706,16TH AVE, ,ALBANY,GA,31701-1308,706,16TH AVE,,ALBANY,GA,31701-1308,A,A,,10/31/2017,10/31/2017,10/31/2017,IN PERSON,NO,NO,,NO,01,01,002,012,153,DHRT,00217,047077,00064,88,
DOUGHERTY,00008426,MCPHERSON,JANIE,F,,1007,E RESIDENCE AVE, ,ALBANY,GA,31705-1244,1007,E RESIDENCE AVE,,ALBANY,GA,31705-1244,A,A,,10/30/2017,10/30/2017,10/30/2017,IN PERSON,NO,NO,,NO,17,17,002,012,153,DHRT,00212,047077,00059,83,
DOUGHERTY,11477981,BOONE,ANTOINETTE,,,1194,E RESIDENCE AVE, ,ALBANY,GA,31705,1194,E RESIDENCE AVE,,ALBANY,GA,31705-2044,A,A,,10/20/2017,10/20/2017,10/20/2017,IN PERSON,NO,NO,,NO,17,17,002,012,153,DHRT,00212,047077,00014,26,
DOUGHERTY,10598668,JONES,NATHAN,COLAN,,918,17TH AVE, ,ALBANY,GA,31701,918,17TH AVE,,ALBANY,GA,31701,A,A,,11/03/2017,11/03/2017,11/03/2017,IN PERSON,NO,NO,,NO,01,01,002,012,153,DHRT,00217,047077,00112,140,
DOUGHERTY,00005684,BLANCH,WILLIE,K,,1414,E 3RD AVE, ,ALBANY,GA,31705-1326,1414,E 3RD AVE,,ALBANY,GA,31705-1326,A,A,,10/24/2017,10/24/2017,10/24/2017,IN PERSON,NO,NO,,NO,17,17,002,012,153,DHRT,00212,047077,00024,40,
DOUGHERTY,00015646,WATKINS,JURL,POTEAT,,1139,E ROOSEVELT AVE, ,ALBANY,GA,31705-2084,1139,E ROOSEVELT AVE,,ALBANY,GA,31705-2084,A,A,,11/03/2017,11/03/2017,11/07/2017,MAILED,NO,NO,DISABLED,NO,17,17,002,012,153,DHRT,00212,,00016,154,
DOUGHERTY,00039132,HUNTER,ALFRED,PAUL,,714,10TH AVE, ,ALBANY,GA,31701,714,10TH AVE,,ALBANY,GA,31701,A,A,,11/02/2017,11/02/2017,11/02/2017,IN PERSON,NO,NO,,NO,01,01,002,012,153,DHRT,00217,047077,00093,119,
DOUGHERTY,03960299,CLYDE,ROOSEVELT,,,804,HOBSON ST, ,ALBANY,GA,31705-1231,804,HOBSON ST,,ALBANY,GA,31705-1231,A,A,,11/03/2017,11/03/2017,11/03/2017,IN PERSON,NO,NO,,NO,17,17,002,012,153,DHRT,00212,047077,00114,142,
DOUGHERTY,10488236,HANSEN,PATRICIA,ANN,,2510,HAVERHILL CT, ,ALBANY,GA,31707,2510,HAVERHILL CT,,ALBANY,GA,31707,A,A,,10/30/2017,10/30/2017,10/30/2017,IN PERSON,NO,NO,,NO,02,02,002,012,153,DHRT,00217,047077,00130,160,
DOUGHERTY,00316395,FAVORS,TIMOTHY,C,,1205,E RESIDENCE AVE, ,ALBANY,GA,31705-2045,1120,E ROOSEVELT AVE,,ALBANY,GA,31705,A,C,Ballot was Undelivered,10/10/2017,10/16/2017,11/08/2017,MAILED,NO,NO,DISABLED,NO,17,17,002,012,153,DHRT,00212,,00003,4,
DOUGHERTY,00022761,ENGLISH,DANIEL,FREDERICK,,710,16TH AVE, ,ALBANY,GA,31701-1308,710,16TH AVE,,ALBANY,GA,31701-1308,A,A,,10/23/2017,10/23/2017,10/30/2017,MAILED,NO,NO,ELDERLY,NO,01,01,002,012,153,DHRT,00217,,00002,32,
DOUGHERTY,00007611,DEREUS,MARVIN,D,,2013,MCINTOSH RD, ,ALBANY,GA,31701-1564,2013,MCINTOSH RD,,ALBANY,GA,31701,A,A,,11/02/2017,11/02/2017,11/02/2017,IN PERSON,NO,NO,,NO,01,01,002,012,153,DHRT,00217,047077,00097,123,
DOUGHERTY,00011641,MURPHY,MARGARET,MATHIS,,707,GOODALL AVE, ,ALBANY,GA,31705-1218,707,GOODALL AVE,,ALBANY,GA,31705-1218,A,,,10/27/2017,10/27/2017,,MAILED,NO,NO,DISABLED,NO,17,17,002,012,153,DHRT,00212,,00012,52,
DOUGHERTY,00030593,VICKERS,ETHEL,R,,1323,E TIFT AVE, ,ALBANY,GA,31705-2069,1323,E TIFT AVE,,ALBANY,GA,31705-2069,A,A,,11/02/2017,11/02/2017,11/02/2017,IN PERSON,NO,NO,,NO,17,17,002,012,153,DHRT,00212,047077,00103,129,
DOUGHERTY,00005891,BRANCH,ETHELLE,O,,814,15TH AVE, ,ALBANY,GA,31701-1331,814,15TH AVE,,ALBANY,GA,31701-1331,A,R,Ballot Not Returned By Election Day,11/03/2017,11/03/2017,11/08/2017,MAILED,NO,NO,ELDERLY,NO,01,01,002,012,153,DHRT,00217,,00006,144,
DOUGHERTY,00007610,DEREUS,MARIE,OWEN,,2013,MCINTOSH RD, ,ALBANY,GA,31701-1564,2013,MCINTOSH RD,,ALBANY,GA,31701-1564,A,A,,11/02/2017,11/02/2017,11/02/2017,IN PERSON,NO,NO,,NO,01,01,002,012,153,DHRT,00217,047077,00096,122,
DOUGHERTY,07635874,BARNES,ROBERT,LEE,JR,700,ANDOVER LN, ,ALBANY,GA,31705-1253,700,ANDOVER LN,,ALBANY,GA,31705-1253,A,A,,10/31/2017,10/31/2017,10/31/2017,IN PERSON,NO,NO,,NO,17,17,002,012,153,DHRT,00212,047077,00066,90,
DOUGHERTY,01304869,PURKS,JAMES,H,III,523,5TH AVE,A,ALBANY,GA,31701-1907,523,5TH AVE,A,ALBANY,GA,31701-1907,A,A,,10/20/2017,10/20/2017,10/20/2017,IN PERSON,NO,NO,,NO,01,01,002,012,153,DHRT,00217,047077,00016,28,
DOUGHERTY,00043256,POPE,ADONIS,,,629,16TH AVE,APT 31,ALBANY,GA,31701,629,16TH AVE,APT 31,ALBANY,GA,31701,A,A,,10/23/2017,10/23/2017,10/23/2017,IN PERSON,NO,NO,,NO,01,01,002,012,153,DHRT,00217,047077,00021,37,
DOUGHERTY,00016718,MERRITT,ALICE,GOINS,,2024,BEACHVIEW DR, ,ALBANY,GA,31705-1024,2024,BEACHVIEW DR,,ALBANY,GA,31705,A,A,,10/18/2017,10/18/2017,10/18/2017,IN PERSON,NO,NO,,NO,24,24,002,012,153,DHRT,00212,047077,00009,20,
DOUGHERTY,00018085,HAYNES,VICTORIA,JOLIVETTE,,820,ROSEDALE AVE, ,ALBANY,GA,31701-2112,820,ROSEDALE AVE,,ALBANY,GA,31701,A,A,,10/18/2017,10/18/2017,10/18/2017,IN PERSON,NO,NO,,NO,15,15,002,012,153,DHRT,00212,047077,00007,18,
DOUGHERTY,00009069,GURLEY,BENJAMIN,H,,912,W 3RD AVE, ,ALBANY,GA,31701-1706,912,W 3RD AVE,,ALBANY,GA,31701-1706,A,A,,10/20/2017,10/20/2017,10/20/2017,IN PERSON,NO,NO,,NO,15,15,002,012,153,DHRT,00212,047077,00015,27,
DOUGHERTY,00033915,TALLEY,LOU,ANN,,815,6TH AVE, ,ALBANY,GA,31701-1880,815,6TH AVE,,ALBANY,GA,31701-1880,A,A,,11/02/2017,11/02/2017,11/02/2017,IN PERSON,NO,NO,,NO,01,01,002,012,153,DHRT,00217,047077,00106,132,
DOUGHERTY,00017429,WATKINS,EARTHA,MARQVETTA,,1139,E ROOSEVELT AVE, ,ALBANY,GA,31705-2084,1139,E ROOSEVELT AVE,,ALBANY,GA,31705-2084,A,A,,11/03/2017,11/03/2017,11/03/2017,IN PERSON,NO,NO,,NO,17,17,002,012,153,DHRT,00212,047077,00124,153,
DOUGHERTY,00015160,ROTH,LISA,GEESLIN,,1214,N MCKINLEY ST, ,ALBANY,GA,31701-1848,1214,N MCKINLEY ST,,ALBANY,GA,31701-1848,A,A,,10/25/2017,10/25/2017,10/25/2017,IN PERSON,NO,NO,,NO,01,01,002,012,153,DHRT,00217,047077,00027,45,
DOUGHERTY,00011037,LASTER,VIVIAN,TAWANA,,1632,RED OAK LN, ,ALBANY,GA,31701,1632,RED OAK LN,,ALBANY,GA,31701,A,A,,10/27/2017,10/27/2017,10/27/2017,IN PERSON,NO,NO,,NO,01,01,002,012,153,DHRT,00217,047077,00036,57,
DOUGHERTY,00467393,MITCHELL,BARBARA,C,,717,8TH AVE, ,ALBANY,GA,31701-1502,717,8TH AVE,,ALBANY,GA,31701-1502,A,A,,10/30/2017,10/30/2017,10/30/2017,IN PERSON,NO,NO,,NO,01,01,002,012,153,DHRT,00217,047077,00051,74,
DOUGHERTY,00025982,WASHINGTON,BETTY,HEATH,,1007,INVERNESS RD, ,ALBANY,GA,31705-1236,1007,INVERNESS RD,,ALBANY,GA,31705-1236,A,,,10/16/2017,10/16/2017,,MAILED,NO,NO,DISABLED,NO,17,17,002,012,153,DHRT,00212,,00008,11,
DOUGHERTY,00028850,CRAWFORD,EARL,,,1000,DON CUTLER SR DR, ,ALBANY,GA,31705-1261,1000,DON CUTLER SR DR,,ALBANY,GA,31705-1261,A,A,,11/02/2017,11/02/2017,11/02/2017,IN PERSON,NO,NO,,NO,17,17,002,012,153,DHRT,00212,047077,00081,106,
DOUGHERTY,04231821,WHITFIELD,RASHUNDA,E,,1901,SCHLEY AVE, ,ALBANY,GA,31707-1860,1901,SCHLEY AVE,,ALBANY,GA,31707-1860,A,A,,10/27/2017,10/27/2017,10/27/2017,IN PERSON,NO,NO,,NO,02,02,002,012,153,DHRT,00217,047077,00043,64,
DOUGHERTY,01830573,EVANS-FORD,GLORIA,,,1107,RAWSON DR, ,ALBANY,GA,31701-1849,1107,RAWSON DR,,ALBANY,GA,31701-1849,A,A,,11/02/2017,11/02/2017,11/02/2017,IN PERSON,NO,NO,,NO,01,01,002,012,153,DHRT,00217,047077,00107,133,
DOUGHERTY,00021699,WILLIAMS,ELLEANOR,ANN,,1203,E RESIDENCE AVE, ,ALBANY,GA,31705,1203,E RESIDENCE AVE,,ALBANY,GA,31705,A,A,,11/03/2017,11/03/2017,11/03/2017,IN PERSON,NO,NO,,NO,17,17,002,012,153,DHRT,00212,047077,00125,155,
DOUGHERTY,00012276,MOORE,WILBERT,,,819,DON CUTLER SR DR, ,ALBANY,GA,31705-1242,819,DON CUTLER SR DR,,ALBANY,GA,31705-1242,A,A,,10/19/2017,10/19/2017,10/19/2017,IN PERSON,NO,NO,,NO,17,17,002,012,153,DHRT,00212,047077,00011,23,
DOUGHERTY,00006233,ROBERTS,SANDRA,BUNTS,,1183,E RESIDENCE AVE, ,ALBANY,GA,31705,1183,E RESIDENCE AVE,,ALBANY,GA,31705,A,A,,11/02/2017,11/02/2017,11/02/2017,IN PERSON,NO,NO,,NO,17,17,002,012,153,DHRT,00212,047077,00089,115,
DOUGHERTY,10536838,CLAY,ARNOLD,E,,1004,SWIFT ST, ,ALBANY,GA,31705,1004,SWIFT ST,,ALBANY,GA,31705,A,A,,11/02/2017,11/02/2017,11/02/2017,IN PERSON,NO,NO,,NO,17,17,002,012,153,DHRT,00212,047077,00085,110,
DOUGHERTY,00029155,ANDERSON,ESTHER,MURRAY,,920,HOBSON ST, ,ALBANY,GA,31705-1233,920,HOBSON ST,,ALBANY,GA,31705-1233,A,A,,10/19/2017,10/19/2017,10/19/2017,IN PERSON,NO,NO,,NO,17,17,002,012,153,DHRT,00212,047077,00013,25,
DOUGHERTY,00021516,HOWARD,LEE,ROY,,1400,CROMARTIE BEACH DR, ,ALBANY,GA,31705-1043,1400,CROMARTIE BEACH DR,,ALBANY,GA,31705-1043,A,A,,10/24/2017,10/24/2017,11/01/2017,MAILED,NO,NO,ELDERLY,NO,24,24,002,012,153,DHRT,00212,,00002,41,
DOUGHERTY,00007569,DEITER,MARY,T,,706,16TH AVE, ,ALBANY,GA,31701-1308,706,16TH AVE,,ALBANY,GA,31701-1308,A,C,Rejected Ballot that has been re-issued,09/01/2017,10/16/2017,10/20/2017,MAILED,NO,NO,,NO,01,01,002,012,153,DHRT,00217,,00001,3,
DOUGHERTY,00017980,JAMES,CARL,RANDOLPH,,811,15TH AVE, ,ALBANY,GA,31701-1332,811,15TH AVE,,ALBANY,GA,31701-1332,A,A,,10/23/2017,10/23/2017,10/23/2017,IN PERSON,NO,NO,,NO,01,01,002,012,153,DHRT,00217,047077,00020,36,
DOUGHERTY,05584740,CLARK,BONITA,BRADSHAW,,907,9TH AVE, ,ALBANY,GA,31701,907,9TH AVE,,ALBANY,GA,31701,A,A,,11/01/2017,11/01/2017,11/01/2017,IN PERSON,NO,NO,,NO,01,01,002,012,153,DHRT,00217,047077,00069,93,
DOUGHERTY,00018007,JOINER,VIRGINIA,ANNE,,618,W 4TH AVE,C,ALBANY,GA,31701,618,W 4TH AVE,C,ALBANY,GA,31701,A,A,,10/24/2017,10/24/2017,10/24/2017,IN PERSON,NO,NO,,NO,01,01,002,012,153,DHRT,00217,047077,00022,38,
DOUGHERTY,00010288,JENKINS,PAULINE,W,,731,BARKLEY BLVD, ,ALBANY,GA,31705-1207,731,BARKLEY BLVD,,ALBANY,GA,31705-1207,A,A,,10/20/2017,10/20/2017,10/20/2017,IN PERSON,NO,NO,,NO,17,17,002,012,153,DHRT,00212,047077,00017,29,
DOUGHERTY,04395761,CIRONE,VICKI,LYNN,,922,W 2ND AVE, ,ALBANY,GA,31701-1702,922,W 2ND AVE,,ALBANY,GA,31701-1702,A,A,,10/30/2017,10/30/2017,10/30/2017,IN PERSON,NO,NO,,NO,15,15,002,012,153,DHRT,00212,047077,00056,79,
DOUGHERTY,05017396,ROBERTS,SHERMAN,G,,1183,E RESIDENCE AVE, ,ALBANY,GA,31705,1183,E RESIDENCE AVE,,ALBANY,GA,31705,A,A,,11/02/2017,11/02/2017,11/02/2017,IN PERSON,NO,NO,,NO,17,17,002,012,153,DHRT,00212,047077,00090,116,
DOUGHERTY,03699733,SMALLS,SHIRLEY,ANN,,709,DARTMOUTH LN, ,ALBANY,GA,31705-1211,709,DARTMOUTH LN,,ALBANY,GA,31705-1211,A,A,,11/03/2017,11/03/2017,11/03/2017,IN PERSON,NO,NO,,NO,17,17,002,012,153,DHRT,00212,047077,00126,156,
DOUGHERTY,00013523,RHODES,BYRON,B,JR,2612,RHODES ST, ,ALBANY,GA,31701-1178,2612,RHODES ST,,ALBANY,GA,31701-1178,A,A,,11/01/2017,11/01/2017,11/01/2017,IN PERSON,NO,NO,,NO,01,01,002,012,153,DHRT,00217,047077,00071,95,
DOUGHERTY,00014797,GIBSON,BARBARA,MCCARTHAN,,712,ANDOVER LN, ,ALBANY,GA,31705,712,ANDOVER LN,,ALBANY,GA,31705,A,A,,10/31/2017,11/01/2017,11/06/2017,MAILED,NO,NO,DISABLED,NO,17,17,002,012,153,DHRT,00212,,00013,100,
DOUGHERTY,00011621,MATHIS,ANNIE,RUTH,,1192,CLARK AVE, ,ALBANY,GA,31705-2285,1192,CLARK AVE,,ALBANY,GA,31705-2285,A,A,,10/10/2017,10/16/2017,10/20/2017,MAILED,NO,NO,ELDERLY,NO,17,17,002,012,153,DHRT,00212,,00005,7,
DOUGHERTY,01299464,SCOTT,WAYNE,DAVIS,,1633,RED OAK LN, ,ALBANY,GA,31701,1633,RED OAK LN,,ALBANY,GA,31701,A,A,,11/02/2017,11/02/2017,11/02/2017,IN PERSON,NO,NO,,NO,01,01,002,012,153,DHRT,00217,047077,00101,127,
DOUGHERTY,00014760,STREET,CECIL,,,1114,E 2ND AVE, ,ALBANY,GA,31705-1312,1114,E 2ND AVE,,ALBANY,GA,31705-1312,A,,,11/02/2017,11/03/2017,,MAILED,NO,NO,ELDERLY,NO,17,17,002,012,153,DHRT,00212,,00014,134,
DOUGHERTY,00031977,HARDEN,ANGELIA,LATESA,,1905,STUART AVE,B,ALBANY,GA,31707,1905,STUART AVE,B,ALBANY,GA,31707,A,A,,10/27/2017,10/27/2017,10/27/2017,IN PERSON,NO,NO,,NO,02,02,002,012,153,DHRT,00217,047077,00039,60,
DOUGHERTY,02427402,JONES,DEBORAH,ANNE,,1105,JORDAN ST, ,ALBANY,GA,31705,1105,JORDAN ST,,ALBANY,GA,31705,A,A,,10/27/2017,10/27/2017,10/27/2017,IN PERSON,NO,NO,,NO,17,17,002,012,153,DHRT,00212,047077,00047,68,
DOUGHERTY,00021094,WAITERS,GLADYS,JEAN,,1321,CLARK AVE,A,ALBANY,GA,31705-2263,1321,CLARK AVE,A,ALBANY,GA,31705-2263,A,A,,10/30/2017,10/30/2017,10/30/2017,IN PERSON,NO,NO,,NO,17,17,002,012,153,DHRT,00212,047077,00049,72,
DOUGHERTY,00033525,KEGLER,DANETA,LYNNE,,923,8TH AVE, ,ALBANY,GA,31701-1506,923,8TH AVE,,ALBANY,GA,31701-1506,A,A,,11/02/2017,11/02/2017,11/02/2017,IN PERSON,NO,NO,,NO,01,01,002,012,153,DHRT,00217,047077,00082,107,
DOUGHERTY,00037346,LEE,MARY,LOUISE,,919,9TH AVE, ,ALBANY,GA,31701-1514,919,9TH AVE,,ALBANY,GA,31701-1514,A,A,,10/18/2017,10/18/2017,10/18/2017,IN PERSON,NO,NO,,NO,01,01,002,012,153,DHRT,00217,047077,00006,17,
DOUGHERTY,00023676,WASHINGTON,SARA,COLE,,1104,E SOCIETY AVE, ,ALBANY,GA,31705,1104,E SOCIETY AVE,,ALBANY,GA,31705,A,A,,11/03/2017,11/03/2017,11/03/2017,IN PERSON,NO,NO,,NO,17,17,002,012,153,DHRT,00212,047077,00115,143,
DOUGHERTY,00005754,BOONE,IRENE,HOLSEY,,1194,E RESIDENCE AVE, ,ALBANY,GA,31705,1194,E RESIDENCE AVE,,ALBANY,GA,31705,A,A,,10/10/2017,10/16/2017,10/20/2017,MAILED,NO,NO,DISABLED,NO,17,17,002,012,153,DHRT,00212,,00001,1,
DOUGHERTY,00018118,WESTON,EUGENIA,R,,922,9TH AVE,A,ALBANY,GA,31701-1515,922,9TH AVE,A,ALBANY,GA,31701-1515,A,A,,11/03/2017,11/03/2017,11/03/2017,IN PERSON,NO,NO,,NO,01,01,002,012,153,DHRT,00217,047077,00122,151,
DOUGHERTY,00008672,GIDDENS,GUSSIE,JEAN,,1915,BUCK LN,B,ALBANY,GA,31707-1750,1915,BUCK LN,B,ALBANY,GA,31707-1750,A,A,,11/03/2017,11/03/2017,11/03/2017,IN PERSON,NO,NO,,NO,02,02,002,012,153,DHRT,00217,047077,00117,146,
DOUGHERTY,00016035,WILLIAMS,HAROLD,,,503,HOBSON ST, ,ALBANY,GA,31705-1224,503,HOBSON ST,,ALBANY,GA,31705-1224,A,A,,10/26/2017,10/26/2017,10/26/2017,IN PERSON,NO,NO,,NO,17,17,002,012,153,DHRT,00212,047077,00031,49,
DOUGHERTY,00009501,HAYNES,INELL,L,,1400,GREENBRIER CT, ,ALBANY,GA,31705-1099,1400,GREENBRIER CT,,ALBANY,GA,31705-1099,A,A,,11/03/2017,11/03/2017,11/03/2017,IN PERSON,NO,NO,,NO,24,24,002,012,153,DHRT,00212,047077,00127,157,
DOUGHERTY,00006944,CONNOR,AILEEN,,,2029,STUART AVE, ,ALBANY,GA,31707-1707,2029,STUART AVE,,ALBANY,GA,31707,A,A,,10/31/2017,10/31/2017,10/31/2017,IN PERSON,NO,NO,,NO,02,02,002,012,153,DHRT,00217,047077,00060,84,
DOUGHERTY,06158264,GAINES,COURTNEY,SHERRELL,,1807,SCHLEY AVE, ,ALBANY,GA,31707,1807,SCHLEY AVE,,ALBANY,GA,31707,A,A,,10/30/2017,10/30/2017,10/30/2017,IN PERSON,NO,NO,,NO,02,02,002,012,153,DHRT,00217,047077,00057,80,
DOUGHERTY,00013632,GIDDENS,BERNICE,ROBERTS,,1424,CROMARTIE BEACH DR, ,ALBANY,GA,31705-1043,1424,CROMARTIE BCH,,ALBANY,GA,31705,A,A,,11/03/2017,11/03/2017,11/03/2017,IN PERSON,NO,NO,,NO,24,24,002,012,153,DHRT,00212,047077,00111,139,
DOUGHERTY,00009663,HIGHTOWER,EARLENE,HOUSTON,,400,CLARK AVE, ,ALBANY,GA,31705-1953,400,CLARK AVE,,ALBANY,GA,31705-1953,A,A,,11/02/2017,11/02/2017,11/02/2017,IN PERSON,NO,NO,,NO,17,17,002,012,153,DHRT,00212,047077,00099,125,
DOUGHERTY,00020660,ROSS,EVELYN,DELORIS,,1004,DON CUTLER SR DR, ,ALBANY,GA,31705-1261,1004,DON CUTLER SR DR,,ALBANY,GA,31705-1261,A,A,,10/27/2017,10/27/2017,10/27/2017,IN PERSON,NO,NO,,NO,17,17,002,012,153,DHRT,00212,047077,00042,63,
DOUGHERTY,00030932,HASTINGS,ANGELA,PIPPIN,,1610,KEN GARDENS RD, ,ALBANY,GA,31707-1828,1610,KEN GARDENS RD,,ALBANY,GA,31707-1828,A,A,,11/03/2017,11/03/2017,11/03/2017,IN PERSON,NO,NO,,NO,02,02,002,012,153,DHRT,00217,047077,00110,138,
DOUGHERTY,00027158,GREEN,HELEN,BRADFORD,,1407,E 2ND AVE, ,ALBANY,GA,31705-1317,1407,E 2ND AVE,,ALBANY,GA,31705-1317,A,A,,10/27/2017,10/27/2017,10/27/2017,IN PERSON,NO,NO,,NO,17,17,002,012,153,DHRT,00212,047077,00048,69,
DOUGHERTY,00021845,KEIGLER,DELORIS,JOHNSON,,803,HOBSON ST, ,ALBANY,GA,31705-1230,803,HOBSON ST,,ALBANY,GA,31705-1230,A,A,,11/03/2017,11/03/2017,11/03/2017,IN PERSON,NO,NO,,NO,17,17,002,012,153,DHRT,00212,047077,00129,159,
DOUGHERTY,03254364,MERIDY,FELICIA,ANN,,1209,CROMARTIE BEACH DR, ,ALBANY,GA,31705-1038,1209,CROMARTIE BEACH DR,,ALBANY,GA,31705-1038,A,A,,11/02/2017,11/02/2017,11/02/2017,IN PERSON,NO,NO,,NO,24,24,002,012,153,DHRT,00212,047077,00092,118,
DOUGHERTY,07177689,MARTIN,NAKEISHA,NICOLE,,507,SWIFT ST,K2,ALBANY,GA,31705-2081,507,SWIFT ST,K2,ALBANY,GA,31705-2081,A,A,,11/03/2017,11/03/2017,11/03/2017,IN PERSON,NO,NO,,NO,17,17,002,012,153,DHRT,00212,047077,00118,147,
DOUGHERTY,00029135,JONES,JERRY,KEITH,,504,8TH AVE, ,ALBANY,GA,31701-1606,504,8TH AVE,,ALBANY,GA,31701-1606,A,A,,10/25/2017,10/25/2017,10/25/2017,IN PERSON,NO,NO,,NO,01,01,002,012,153,DHRT,00217,047077,00026,44,
DOUGHERTY,00009227,HAMMOND,JOHNNIE,PEARL,,711,BARKLEY BLVD, ,ALBANY,GA,31705-1207,711,BARKLEY BLVD,,ALBANY,GA,31705-1207,A,A,,10/31/2017,10/31/2017,10/31/2017,IN PERSON,NO,NO,,NO,17,17,002,012,153,DHRT,00212,047077,00062,86,
DOUGHERTY,07421685,LINKHORN,RICKY,BRIAN,,645,W SOCIETY AVE, ,ALBANY,GA,31701-2175,645,W SOCIETY AVE,,ALBANY,GA,31701-2175,A,A,,10/19/2017,10/23/2017,11/07/2017,MAILED,NO,NO,DISABLED,NO,15,15,002,012,153,DHRT,00212,,00003,34,
DOUGHERTY,00033610,GASKINS,MILDRED,BROWN,,1024,INVERNESS RD, ,ALBANY,GA,31705-1237,1024,INVERNESS RD,,ALBANY,GA,31705-1237,A,A,,10/27/2017,10/27/2017,10/27/2017,IN PERSON,NO,NO,,NO,17,17,002,012,153,DHRT,00212,047077,00034,55,
DOUGHERTY,04395892,HASTINGS,JOE,JUNIOR,II,1610,KEN GARDENS RD, ,ALBANY,GA,31707-1828,1610,KEN GARDENS RD,,ALBANY,GA,31707-1828,A,A,,11/03/2017,11/03/2017,11/03/2017,IN PERSON,NO,NO,,NO,02,02,002,012,153,DHRT,00217,047077,00108,136,
DOUGHERTY,07271620,GREEN,CASSAUNDRA,,,819,9TH AVE, ,ALBANY,GA,31701,819,9TH AVE,,ALBANY,GA,31701,A,A,,11/02/2017,11/02/2017,11/02/2017,IN PERSON,NO,NO,,NO,01,01,002,012,153,DHRT,00217,047077,00105,131,
DOUGHERTY,00020388,FROST,MARY,ALLEN,,1608,N MADISON ST, ,ALBANY,GA,31701-1654,1608,N MADISON ST,,ALBANY,GA,31701-1654,A,A,,10/27/2017,10/27/2017,10/27/2017,IN PERSON,NO,NO,,NO,01,01,002,012,153,DHRT,00217,047077,00037,58,
DOUGHERTY,00015899,WHITLOW,ALFRED,,,1023,INVERNESS RD, ,ALBANY,GA,31705-1236,1023,INVERNESS RD,,ALBANY,GA,31705-1236,A,A,,11/02/2017,11/02/2017,11/02/2017,IN PERSON,NO,NO,,NO,17,17,002,012,153,DHRT,00212,047077,00095,121,
DOUGHERTY,04083214,BA,FELISHA,PITTS,,1400,SHERMAN DR, ,ALBANY,GA,31701-1870,1400,SHERMAN DR,,ALBANY,GA,31701-1870,A,A,,10/27/2017,10/27/2017,10/27/2017,IN PERSON,NO,NO,,NO,01,01,002,012,153,DHRT,00217,047077,00044,65,
DOUGHERTY,04028706,SOKOLOWSKI,TRINITY,J,,904,17TH AVE, ,ALBANY,GA,31701-1312,904,17TH AVE,,ALBANY,GA,31701-1312,A,A,,11/02/2017,11/02/2017,11/02/2017,IN PERSON,NO,NO,,NO,01,01,002,012,153,DHRT,00217,047077,00098,124,
DOUGHERTY,01655862,KELLEY,NANCY,SAYRE,,918,W 3RD AVE, ,ALBANY,GA,31701-1706,918,W 3RD AVE,,ALBANY,GA,31701-1706,A,A,,11/03/2017,11/03/2017,11/03/2017,IN PERSON,NO,NO,,NO,15,15,002,012,153,DHRT,00212,047077,00116,145,
DOUGHERTY,00012231,MONTGOMERY,LULA,LOCKETT,,822,FARRELL CT, ,ALBANY,GA,31705-1217,822,FARRELL CT,,ALBANY,GA,31705-1217,A,A,,10/30/2017,10/30/2017,10/30/2017,IN PERSON,NO,NO,,NO,17,17,002,012,153,DHRT,00212,047077,00053,76,
DOUGHERTY,00010856,HEARD,ROSA,BARNES,,1307,E TIFT AVE, ,ALBANY,GA,31705-2069,1307,E TIFT AVE,,ALBANY,GA,31705-2069,A,A,,10/26/2017,10/27/2017,11/01/2017,MAILED,NO,NO,ELDERLY,NO,17,17,002,012,153,DHRT,00212,,00010,50,
DOUGHERTY,04897212,SILAS,EDITH,DIANN,,1820,COBBLESTONE CT, ,ALBANY,GA,31707,1820,COBBLESTONE CT,,ALBANY,GA,31707,A,A,,11/01/2017,11/01/2017,11/01/2017,IN PERSON,NO,NO,,NO,02,02,002,012,153,DHRT,00217,047077,00070,94,
DOUGHERTY,00032162,HALL,JENETTA,SHARON,,1309,E 4TH AVE, ,ALBANY,GA,31705-1331,1309,E 4TH AVE,,ALBANY,GA,31705-1331,A,A,,11/01/2017,11/01/2017,11/01/2017,IN PERSON,NO,NO,,NO,17,17,002,012,153,DHRT,00212,047077,00079,104,
DOUGHERTY,00009668,HIGHTOWER,OZELL,B,JR,400,CLARK AVE, ,ALBANY,GA,31705-1953,400,CLARK AVE,,ALBANY,GA,31705-1953,A,A,,11/02/2017,11/02/2017,11/02/2017,IN PERSON,NO,NO,,NO,17,17,002,012,153,DHRT,00212,047077,00100,126,
DOUGHERTY,00030202,CLAY,LONNIE,PAUL,,1307,E ROOSEVELT AVE, ,ALBANY,GA,31705-2057,,PO BOX 888,,ALBANY,GA,31702,A,A,,10/16/2017,10/16/2017,10/16/2017,IN PERSON,NO,NO,,NO,17,17,002,012,153,DHRT,00212,047077,00003,14,
DOUGHERTY,00012232,MONTGOMERY,ROBERT,LEE,,822,FARRELL CT, ,ALBANY,GA,31705-1217,822,FARRELL CT,,ALBANY,GA,31705-1217,A,A,,10/30/2017,10/30/2017,10/30/2017,IN PERSON,NO,NO,,NO,17,17,002,012,153,DHRT,00212,047077,00054,77,
DOUGHERTY,06060453,WESTER,UNDRELL,LEE,,903,FAULK CT, ,ALBANY,GA,31705,903,FAULK CT,,ALBANY,GA,31705,A,A,,10/26/2017,10/26/2017,10/26/2017,IN PERSON,NO,NO,,NO,17,17,002,012,153,DHRT,00212,047077,00131,161,
DOUGHERTY,00007187,ROBINSON,RUTH,CREWS,,1613,PALMYRA RD, ,ALBANY,GA,31701-1568,1613,PALMYRA RD,APT A,ALBANY,GA,31701-1568,A,A,,10/27/2017,10/30/2017,11/06/2017,MAILED,NO,NO,DISABLED,NO,01,01,002,012,153,DHRT,00217,,00003,70,
DOUGHERTY,00007070,COUCH,WANDA,BOWERMAN,,1001,ROSEDALE AVE, ,ALBANY,GA,31701,1001,ROSEDALE AVE,,ALBANY,GA,31701,A,A,,10/30/2017,10/30/2017,10/30/2017,IN PERSON,NO,NO,,NO,15,15,002,012,153,DHRT,00212,047077,00052,75,
DOUGHERTY,01653378,TURNER,PHYLLIS,JONES,,814,N JACKSON ST, ,ALBANY,GA,31701-2386,,PO BOX 1575,,ALBANY,GA,31702-0157,A,A,,11/02/2017,11/02/2017,11/02/2017,IN PERSON,NO,NO,,NO,15,15,002,012,153,DHRT,00212,047077,00088,114,
DOUGHERTY,03680144,TUMBLIN,ELMO,,,1014,DON CUTLER SR DR, ,ALBANY,GA,31705-1268,1014,DON CUTLER SR DR,,ALBANY,GA,31705-1268,A,A,,10/27/2017,10/27/2017,10/27/2017,IN PERSON,NO,NO,,NO,17,17,002,012,153,DHRT,00212,047077,00032,51,
DOUGHERTY,08942888,HILL,SHAWANDA,KATRESA,,1813,SCHLEY AVE, ,ALBANY,GA,31707,1813,SCHLEY AVE,,ALBANY,GA,31707,A,A,,10/27/2017,10/27/2017,10/27/2017,IN PERSON,NO,NO,,NO,02,02,002,012,153,DHRT,00217,047077,00033,54,
DOUGHERTY,00012073,MILLER,LILLIAN,C,,805,DON CUTLER SR DR, ,ALBANY,GA,31705-1242,805,DON CUTLER SR DR,,ALBANY,GA,31705-1242,A,A,,11/01/2017,11/01/2017,11/01/2017,IN PERSON,NO,NO,,NO,17,17,002,012,153,DHRT,00212,047077,00073,97,
DOUGHERTY,00013525,RHODES,ELSIE,LITTLE,,2612,RHODES ST, ,ALBANY,GA,31701-1178,2612,RHODES ST,,ALBANY,GA,31701-1178,A,A,,11/01/2017,11/01/2017,11/01/2017,IN PERSON,NO,NO,,NO,01,01,002,012,153,DHRT,00217,047077,00078,103,
DOUGHERTY,00940384,LASTER,MARVIN,BERNARD,,703,HOBSON ST, ,ALBANY,GA,31705-1228,703,HOBSON ST,,ALBANY,GA,31705-1228,A,A,,10/16/2017,10/16/2017,10/16/2017,IN PERSON,NO,NO,,NO,17,17,002,012,153,DHRT,00212,047077,00002,13,
DOUGHERTY,05555386,PARTRIDGE,RONALD,WAYNE,JR,822,W 2ND AVE, ,ALBANY,GA,31701-1805,822,W 2ND AVE,,ALBANY,GA,31701-1805,A,A,,10/27/2017,10/27/2017,10/27/2017,IN PERSON,NO,NO,,NO,15,15,002,012,153,DHRT,00212,047077,00038,59,
DOUGHERTY,00008814,GOREE,ELIZA,MATHIS,,1405,CROMARTIE BEACH DR, ,ALBANY,GA,31705-1042,1405,CROMARTIE BEACH DR,,ALBANY,GA,31705-1042,A,A,,10/10/2017,10/16/2017,10/20/2017,MAILED,NO,NO,ELDERLY,NO,24,24,002,012,153,DHRT,00212,,00001,5,
DOUGHERTY,00043130,FAULKNER,TRINA,ELIZABETH,,618,W 4TH AVE,A,ALBANY,GA,31701-1824,618,W 4TH AVE,A,ALBANY,GA,31701-1824,A,A,,11/03/2017,11/03/2017,11/03/2017,IN PERSON,NO,NO,,NO,01,01,002,012,153,DHRT,00217,047077,00128,158,
DOUGHERTY,07002482,BARBER,ABBY,SUE,,624,W 4TH AVE, ,ALBANY,GA,31701,624,W 4TH AVE,APT B,ALBANY,GA,31701,A,,,10/30/2017,10/30/2017,,MAILED,NO,NO,,NO,01,01,002,012,153,DHRT,00217,,00004,71,
DOUGHERTY,00021551,HOWARD,WILHELMINA,BLAKELY,,1400,CROMARTIE BEACH DR, ,ALBANY,GA,31705-1043,1400,CROMARTIE BEACH DR,,ALBANY,GA,31705-1043,A,A,,10/24/2017,10/24/2017,11/01/2017,MAILED,NO,NO,ELDERLY,NO,24,24,002,012,153,DHRT,00212,,00003,42,
DOUGHERTY,00041231,WHITAKER,ANDRE,LAGEEGEE,,1931,BUCK LN,A,ALBANY,GA,31707-1750,1931,BUCK LN,A,ALBANY,GA,31707-1750,A,A,,11/02/2017,11/02/2017,11/02/2017,IN PERSON,NO,NO,,NO,02,02,002,012,153,DHRT,00217,047077,00084,109,
DOUGHERTY,00005655,BLACKMON,FREDDIE,L,,1209,CROMARTIE BEACH DR, ,ALBANY,GA,31705-1038,1209,CROMARTIE BEACH DR,,ALBANY,GA,31705-1038,A,A,,11/02/2017,11/02/2017,11/02/2017,IN PERSON,NO,NO,,NO,24,24,002,012,153,DHRT,00212,047077,00091,117,
DOUGHERTY,00021609,HOOKS,HENRY,LEE,,1414,CROMARTIE BEACH DR, ,ALBANY,GA,31705-1043,1414,CROMARTIE BCH,,ALBANY,GA,31705,A,A,,10/31/2017,10/31/2017,10/31/2017,IN PERSON,NO,NO,,NO,24,24,002,012,153,DHRT,00212,047077,00067,91,
DOUGHERTY,00017018,BRYANT,PHYLLIS,MAE,,1192,E RESIDENCE AVE, ,ALBANY,GA,31705-2044,1192,E RESIDENCE AVE,,ALBANY,GA,31705-2044,A,,,10/10/2017,10/16/2017,,MAILED,NO,NO,DISABLED,NO,17,17,002,012,153,DHRT,00212,,00002,2,
DOUGHERTY,11297421,MALLORY,KIARA,DAYCHELLE,,717,DON CUTLER SR DR, ,ALBANY,GA,31705,717,DON CUTLER SR DR,,ALBANY,GA,31705,A,A,,11/03/2017,11/03/2017,11/03/2017,IN PERSON,NO,NO,,NO,17,17,002,012,153,DHRT,00212,047077,00119,148,
DOUGHERTY,00009350,WILLIAMS,JANICE,HARRIS,,717,DON CUTLER SR DR, ,ALBANY,GA,31705-1240,717,DON CUTLER SR DR,,ALBANY,GA,31705-1240,A,A,,11/03/2017,11/03/2017,11/03/2017,IN PERSON,NO,NO,,NO,17,17,002,012,153,DHRT,00212,047077,00120,149,
DOUGHERTY,00024303,HOOKS,JOYCE,HOSLEY,,1414,CROMARTIE BEACH DR, ,ALBANY,GA,31705-1043,1414,CROMARTIE BCH,,ALBANY,GA,31705,A,A,,10/31/2017,10/31/2017,10/31/2017,IN PERSON,NO,NO,,NO,24,24,002,012,153,DHRT,00212,047077,00068,92,
DOUGHERTY,00621331,SCOTT,MARY,HICKS,,1633,RED OAK LN, ,ALBANY,GA,31701,1633,RED OAK LN,,ALBANY,GA,31701,A,A,,11/02/2017,11/02/2017,11/02/2017,IN PERSON,NO,NO,,NO,01,01,002,012,153,DHRT,00217,047077,00102,128,
DOUGHERTY,00009262,HARDEGREE,HARRY,LEE,,2527,BASCOM DR, ,ALBANY,GA,31707-1879,2527,BASCOM DR,,ALBANY,GA,31707-1879,A,A,,09/28/2016,10/19/2017,10/25/2017,MAILED,NO,NO,DISABLED,NO,02,02,002,012,153,DHRT,00217,,00001,22,
DOUGHERTY,00012081,MILLER,PETER,,JR,805,DON CUTLER SR DR, ,ALBANY,GA,31705-1242,805,DON CUTLER SR DR,,ALBANY,GA,31705-1242,A,A,,11/01/2017,11/01/2017,11/01/2017,IN PERSON,NO,NO,,NO,17,17,002,012,153,DHRT,00212,047077,00072,96,
DOUGHERTY,10630447,HALL,BARNES,L,,1233,RAWSON DR, ,ALBANY,GA,31701,1233,RAWSON DR,,ALBANY,GA,31701,A,A,,10/30/2017,10/30/2017,10/30/2017,IN PERSON,NO,NO,,NO,01,01,002,012,153,DHRT,00217,047077,00055,78,
DOUGHERTY,00006585,CHAMPION,ELIZABETH,HOLLIS,,905,W 2ND AVE, ,ALBANY,GA,31701-1701,905,W 2ND AVE,,ALBANY,GA,31701-1701,A,A,,10/31/2017,10/31/2017,10/31/2017,IN PERSON,NO,NO,,NO,15,15,002,012,153,DHRT,00212,047077,00061,85,
DOUGHERTY,00005226,KIEFER,KAREN,AUTRY,,709,MUSE AVE, ,ALBANY,GA,31701-2226,709,MUSE AVE,,ALBANY,GA,31701-2226,A,A,,10/27/2017,10/27/2017,10/27/2017,IN PERSON,NO,NO,,NO,15,15,002,012,153,DHRT,00212,047077,00045,66,
