County,Voter Registration #,Last Name,First Name,Middle Name,Suffix,Street #,Street Name,Apt/Unit,City,State,Zip Code,Mailing Street #,Mailing Street Name,Mailing Apt/Unit,Mailing City,Mailing State,Mailing Zip Code,Application Status,Ballot Status,Status Reason,Application Date,Ballot Issued Date,Ballot Return Date,Ballot Style,Ballot Assisted,Challenged/Provisional,Designation/Reason Issue,ID Required,Municipal Precinct,County Precinct,CNG,SEN,HOUSE	,JUD,Combo #,Vote Center ID,Ballot ID,Post #,Party
DOUGLAS,07543461,ESPINOSA,GENE,D,,2597,CHIPPING CT, ,VILLA RICA,GA,30180-5839,2597,CHIPPING CT,,VILLA RICA,GA,30180-5839,A,A,,10/25/2017,10/25/2017,10/25/2017,IN PERSON,NO,NO,,NO,642,1258,013,030,067,DOUG,00653,048030,00044,46,
DOUGLAS,05125976,GOOCH,JOHNNIE,RAY,,3109,GOLFERS WAY, ,VILLA RICA,GA,30180,3109,GOLFERS WAY,,VILLA RICA,GA,30180,A,A,,10/31/2017,10/31/2017,10/31/2017,IN PERSON,NO,NO,,NO,642,1258,013,030,067,DOUG,00653,048030,00070,72,
DOUGLAS,05584536,MIHLFRIED,JOSEPH,PATRICK,,2165,SHOREHAVEN ST, ,VILLA RICA,GA,30180-8435,2165,SHOREHAVEN ST,,VILLA RICA,GA,30180-8435,A,A,,10/25/2017,10/25/2017,10/25/2017,IN PERSON,NO,NO,,NO,642,1258,013,030,067,DOUG,00653,048030,00045,47,
DOUGLAS,06723924,SMITH,MARGARET,ELIZABETH,,9751,REFLECTIONS DR, ,VILLA RICA,GA,30180-8429,9751,REFLECTIONS DR,,VILLA RICA,GA,30180-8429,A,A,,10/24/2017,10/24/2017,10/31/2017,MAILED,NO,NO,,NO,642,1258,013,030,067,DOUG,00653,,00002,32,
DOUGLAS,08315069,SARGEANT,MARSHA,A,,3023,CATAMARAN CV, ,VILLA RICA,GA,30180-8404,3023,CATAMARAN CV,,VILLA RICA,GA,30180-8404,A,A,,10/31/2017,10/31/2017,10/31/2017,IN PERSON,NO,NO,,NO,642,1258,013,030,067,DOUG,00653,048030,00069,71,
DOUGLAS,10866551,GILBERT,LEROY,HIRAM,III,2008,SWEET BAY DR, ,VILLA RICA,GA,30180,2008,SWEET BAY DR,,VILLA RICA,GA,30180,A,A,,11/03/2017,11/03/2017,11/03/2017,IN PERSON,NO,NO,,NO,642,1258,013,030,067,DOUG,00653,048030,00091,93,
DOUGLAS,02162332,SMITH,LINDA,SIMPSON,,2087,SILHOUETTE CT, ,VILLA RICA,GA,30180-8433,2087,SILHOUETTE CT,,VILLA RICA,GA,30180-8433,A,A,,10/31/2017,10/31/2017,10/31/2017,IN PERSON,NO,NO,,NO,642,1258,013,030,067,DOUG,00653,048030,00065,67,
DOUGLAS,02162315,SMITH,ALAN,OLIVER,,2087,SILHOUETTE CT, ,VILLA RICA,GA,30180-8433,2087,SILHOUETTE CT,,VILLA RICA,GA,30180-8433,A,A,,10/31/2017,10/31/2017,10/31/2017,IN PERSON,NO,NO,,NO,642,1258,013,030,067,DOUG,00653,048030,00064,66,
DOUGLAS,06686280,BALDWIN,DOROTHY,JOAN,,2103,OSPREY CV,LOT 4,VILLA RICA,GA,30180,2103,OSPREY CV,LOT 4,VILLA RICA,GA,30180,A,A,,10/26/2017,10/26/2017,10/26/2017,IN PERSON,NO,NO,,NO,642,1258,013,030,067,DOUG,00653,048030,00047,49,
DOUGLAS,00088559,GREEN,SUE,LUCAS,,2650,NEIGHBORHOOD WALK S, ,VILLA RICA,GA,30180-5822,2650,NEIGHBORHOOD WALK S,,VILLA RICA,GA,30180-5822,A,A,,11/01/2017,11/01/2017,11/01/2017,IN PERSON,NO,NO,,NO,642,1258,013,030,067,DOUG,00653,048030,00071,73,
DOUGLAS,02637167,MOORE,ROSA,B,,2652,NEIGHBORHOOD WALK S, ,VILLA RICA,GA,30180-5822,2652,NEIGHBORHOOD WALK S,,VILLA RICA,GA,30180-5822,A,A,,10/30/2017,10/30/2017,10/30/2017,IN PERSON,NO,NO,,NO,642,1258,013,030,067,DOUG,00653,048030,00054,56,
DOUGLAS,02660863,ESKEW,STEPHEN,MICHAEL,SR,5008,KENT CT, ,VILLA RICA,GA,30180-5862,5008,KENT CT,,VILLA RICA,GA,30180-5862,A,A,,10/23/2017,10/23/2017,10/23/2017,IN PERSON,NO,NO,,NO,642,1258,013,030,067,DOUG,00639,048030,00016,17,
DOUGLAS,02963997,MARINO,ELIZABETH,W,,2301,VINEYARD CT, ,VILLA RICA,GA,30180-5869,2301,VINEYARD CT,,VILLA RICA,GA,30180-5869,A,A,,10/23/2017,10/23/2017,10/23/2017,IN PERSON,NO,NO,,NO,642,1258,013,030,067,DOUG,00653,048030,00019,20,
DOUGLAS,08922506,MARSHALL,LILLIAN,GAIL,,9771,REFLECTIONS DR, ,VILLA RICA,GA,30180,9771,REFLECTIONS DR,,VILLA RICA,GA,30180,A,A,,11/01/2017,11/01/2017,11/01/2017,IN PERSON,NO,NO,,NO,642,1258,013,030,067,DOUG,00653,048030,00074,76,
DOUGLAS,07981580,BEATTIE,LARRY,WILLIAM,,9791,REFLECTIONS DR, ,VILLA RICA,GA,30180,9791,REFLECTIONS DR,,VILLA RICA,GA,30180,A,A,,10/30/2017,10/30/2017,10/30/2017,IN PERSON,NO,NO,,NO,642,1258,013,030,067,DOUG,00653,048030,00052,54,
DOUGLAS,01201137,ROYAL,DEBORAH,JANE,,3004,CATAMARAN CV, ,VILLA RICA,GA,30180-8403,3004,CATAMARAN CV,,VILLA RICA,GA,30180-8403,A,A,,10/17/2017,10/17/2017,10/17/2017,IN PERSON,NO,NO,,NO,642,1258,013,030,067,DOUG,00653,048030,00003,4,
DOUGLAS,05439285,ROGERS,ALICE,SUSAN,,9805,MOSS POINTE PATH, ,VILLA RICA,GA,30180-6905,9805,MOSS POINTE PATH,,VILLA RICA,GA,30180-6905,A,A,,10/25/2017,10/25/2017,10/25/2017,IN PERSON,NO,NO,,NO,642,1258,013,030,067,DOUG,00641,048030,00036,38,
DOUGLAS,10366965,KING,BRENDA,JOYCE,,2595,CHIPPING CT, ,VILLA RICA,GA,30180,2595,CHIPPING CT,,VILLA RICA,GA,30180,A,A,,10/30/2017,10/30/2017,10/30/2017,IN PERSON,NO,NO,,NO,642,1258,013,030,067,DOUG,00653,048030,00060,62,
DOUGLAS,03631218,HILTON,JAMES,WILLIAM,,9881,SHORELINE PKWY, ,VILLA RICA,GA,30180,9881,SHORELINE PKWY,,VILLA RICA,GA,30180,A,A,,10/24/2017,10/24/2017,10/24/2017,IN PERSON,NO,NO,,NO,642,1258,013,030,067,DOUG,00653,048030,00028,29,
DOUGLAS,05353327,MIHLFRIED,BETTY,L,,2165,SHOREHAVEN ST, ,VILLA RICA,GA,30180-8435,2165,SHOREHAVEN ST,,VILLA RICA,GA,30180-8435,A,A,,10/19/2017,10/19/2017,10/19/2017,IN PERSON,NO,NO,,NO,642,1258,013,030,067,DOUG,00653,048030,00008,9,
DOUGLAS,10125439,DEFAYETTE,DEBRA,LYON,,2684,MARINER WAY, ,VILLA RICA,GA,30180,2684,MARINER WAY,,VILLA RICA,GA,30180,A,A,,10/23/2017,10/23/2017,10/23/2017,IN PERSON,NO,NO,,NO,642,1258,013,030,067,DOUG,00653,048030,00018,19,
DOUGLAS,06890430,GRACE,GEORGE,WILLIAM,,210,MILLPOND PKWY, ,VILLA RICA,GA,30180-6986,210,MILLPOND PKWY,,VILLA RICA,GA,30180-6986,A,A,,10/30/2017,10/30/2017,10/30/2017,IN PERSON,NO,NO,,NO,642,1258,013,030,067,DOUG,00641,048030,00057,59,
DOUGLAS,01201138,ROYAL,LARRY,WAYNE,,3004,CATAMARAN CV, ,VILLA RICA,GA,30180-8403,3004,CATAMARAN CV,,VILLA RICA,GA,30180-8403,A,A,,11/03/2017,11/03/2017,11/03/2017,IN PERSON,NO,NO,,NO,642,1258,013,030,067,DOUG,00653,048030,00093,95,
DOUGLAS,03566808,WHITAKER,CLARENCE,LEBRON,,220,MILLWHEEL DR, ,VILLA RICA,GA,30180-6990,220,MILLWHEEL DR,,VILLA RICA,GA,30180-6990,A,A,,11/02/2017,11/02/2017,11/02/2017,IN PERSON,NO,NO,,NO,642,1258,013,030,067,DOUG,00641,048030,00080,82,
DOUGLAS,07688074,BARBER,EVERETT,ELLSWORTH,,3016,CATAMARAN CV, ,VILLA RICA,GA,30180,3016,CATAMARAN CV,,VILLA RICA,GA,30180,A,A,,11/03/2017,11/03/2017,11/03/2017,IN PERSON,NO,NO,,NO,642,1258,013,030,067,DOUG,00653,048030,00090,92,
DOUGLAS,05823850,HLADIK,LOUISE,MARIE,,9783,REFLECTIONS DR, ,VILLA RICA,GA,30180,9783,REFLECTIONS DR,,VILLA RICA,GA,30180,A,A,,10/25/2017,10/25/2017,10/25/2017,IN PERSON,NO,NO,,NO,642,1258,013,030,067,DOUG,00653,048030,00042,44,
DOUGLAS,03002343,HARPER,SANDRA,S,,9610,COASTAL POINTE DR, ,VILLA RICA,GA,30180-8443,9610,COASTAL POINTE DR,,VILLA RICA,GA,30180-8443,A,A,,10/25/2017,10/25/2017,10/25/2017,IN PERSON,NO,NO,,NO,642,1258,013,030,067,DOUG,00653,048030,00035,37,
DOUGLAS,07328324,BEATTIE,JANET,PRIEST,,9791,REFLECTIONS DR, ,VILLA RICA,GA,30180-8429,9791,REFLECTIONS DR,,VILLA RICA,GA,30180-8429,A,A,,10/30/2017,10/30/2017,10/30/2017,IN PERSON,NO,NO,,NO,642,1258,013,030,067,DOUG,00653,048030,00053,55,
DOUGLAS,05290839,THOMPSON,ELIZABETH,BROCK,,3413,DOES CT, ,VILLA RICA,GA,30180-8476,3413,DOES CT,,VILLA RICA,GA,30180-8476,A,A,,11/02/2017,11/02/2017,11/02/2017,IN PERSON,NO,NO,,NO,642,1258,013,030,067,DOUG,00653,048030,00078,80,
DOUGLAS,10121260,MCDOUGAL,CHRIS,J,,6004,OAKBROOK CT, ,VILLA RICA,GA,30180,6004,OAKBROOK CT,,VILLA RICA,GA,30180,A,A,,11/02/2017,11/02/2017,11/02/2017,IN PERSON,NO,NO,,NO,642,1258,013,030,067,DOUG,00653,048030,00075,77,
DOUGLAS,10468612,NINO QUIROZ,ALFONSO,,,1021,SOUTHWOOD DR, ,VILLA RICA,GA,30180,1021,SOUTHWOOD DR,,VILLA RICA,GA,30180,A,A,,11/03/2017,11/03/2017,11/03/2017,IN PERSON,NO,NO,,NO,642,1258,013,030,067,DOUG,00653,048030,00094,96,
DOUGLAS,00312049,BURROUGHS,SONDRA,A,,2098,SILHOUETTE CT, ,VILLA RICA,GA,30180-8433,2098,SILHOUETTE CT,,VILLA RICA,GA,30180-8433,A,A,,10/18/2017,10/18/2017,10/18/2017,IN PERSON,NO,NO,,NO,642,1258,013,030,067,DOUG,00653,048030,00004,5,
DOUGLAS,02985261,CABANAW,CYNTHIA,A,,2093,SILHOUETTE CT, ,VILLA RICA,GA,30180,2093,SILHOUETTE CT,,VILLA RICA,GA,30180,A,A,,11/01/2017,11/01/2017,11/01/2017,IN PERSON,NO,NO,,NO,642,1258,013,030,067,DOUG,00653,048030,00072,74,
DOUGLAS,06723913,SMITH,BYRON,EARL,,9751,REFLECTIONS DR, ,VILLA RICA,GA,30180-8429,9751,REFLECTIONS DR,,VILLA RICA,GA,30180-8429,A,A,,10/24/2017,10/24/2017,10/24/2017,IN PERSON,NO,NO,,NO,642,1258,013,030,067,DOUG,00653,048030,00030,31,
DOUGLAS,07460279,TESNOW,DENNIS,EDWIN,,9622,COASTAL POINTE DR, ,VILLA RICA,GA,30180-8443,9622,COASTAL POINTE DR,,VILLA RICA,GA,30180-8443,A,A,,10/23/2017,10/23/2017,10/23/2017,IN PERSON,NO,NO,,NO,642,1258,013,030,067,DOUG,00653,048030,00014,15,
DOUGLAS,03121608,JENKINS,GARY,ALLEN,,9638,COASTAL POINTE DR, ,VILLA RICA,GA,30180,9638,COASTAL POINTE DR,,VILLA RICA,GA,30180,A,A,,11/02/2017,11/02/2017,11/02/2017,IN PERSON,NO,NO,,NO,642,1258,013,030,067,DOUG,00653,048030,00081,83,
DOUGLAS,10201464,MCDANIEL,ROBYN,MIRACLE LA'GAYLE,,9450,CREEKSTONE CT, ,VILLA RICA,GA,30180,9450,CREEKSTONE CT,,VILLA RICA,GA,30180,A,A,,11/03/2017,11/03/2017,11/03/2017,IN PERSON,NO,NO,,NO,642,1258,013,030,067,DOUG,00641,048030,00088,90,
DOUGLAS,03175500,MILLER,BERNICE,,,3390,LAUREL SPRINGS CV, ,VILLA RICA,GA,30180,3390,LAUREL SPRINGS CV,,VILLA RICA,GA,30180,A,A,,10/30/2017,10/30/2017,10/30/2017,IN PERSON,NO,NO,,NO,642,1258,013,030,067,DOUG,00641,048030,00061,63,
DOUGLAS,02961696,TILLER,GENEVA,HOLBROOKS,,1013,CHESTNUT CREEK DR, ,VILLA RICA,GA,30180-5845,1013,CHESTNUT CREEK DR,,VILLA RICA,GA,30180-5845,A,A,,10/24/2017,10/24/2017,10/24/2017,IN PERSON,NO,NO,,NO,642,1258,013,030,067,DOUG,00653,048030,00029,30,
DOUGLAS,02487780,HENRICKSON,HALLIE,P,,220,EAGLES FLT, ,VILLA RICA,GA,30180-6998,220,EAGLES FLT,,VILLA RICA,GA,30180-6998,A,A,,10/30/2017,10/30/2017,10/30/2017,IN PERSON,NO,NO,,NO,642,1258,013,030,067,DOUG,00653,048030,00056,58,
DOUGLAS,03175505,MILLER,BRUCE,ZEEK,,3390,LAUREL SPRINGS CV, ,VILLA RICA,GA,30180,3390,LAUREL SPRINGS CV,,VILLA RICA,GA,30180,A,A,,10/30/2017,10/30/2017,10/30/2017,IN PERSON,NO,NO,,NO,642,1258,013,030,067,DOUG,00641,048030,00062,64,
DOUGLAS,04938101,POWELL,BEVERLY,LAYNE,,9604,COASTAL POINTE DR, ,VILLA RICA,GA,30180-8443,9604,COASTAL POINTE DR,,VILLA RICA,GA,30180-8443,A,,,10/16/2017,10/17/2017,,MAILED,NO,NO,,NO,642,1258,013,030,067,DOUG,00653,,00001,3,
DOUGLAS,08704087,FLOWERS,CONNIE,CANNON,,3107,GOLFERS WAY, ,VILLA RICA,GA,30180,3107,GOLFERS WAY,,VILLA RICA,GA,30180,A,A,,10/25/2017,10/25/2017,10/25/2017,IN PERSON,NO,NO,,NO,642,1258,013,030,067,DOUG,00653,048030,00038,40,
DOUGLAS,10958643,KELLIS,PAUL,RONALD,,9845,REFLECTIONS DR, ,VILLA RICA,GA,30180,9845,REFLECTIONS DR,,VILLA RICA,GA,30180,A,A,,10/24/2017,10/24/2017,10/24/2017,IN PERSON,NO,NO,,NO,642,1258,013,030,067,DOUG,00653,048030,00025,26,
DOUGLAS,08557318,WILLIAMS,IRENE,,,1029,OVERLOOK DR, ,VILLA RICA,GA,30180-5806,1029,OVERLOOK DR,,VILLA RICA,GA,30180-5806,A,A,,10/25/2017,10/25/2017,10/25/2017,IN PERSON,NO,NO,,NO,642,1258,013,030,067,DOUG,00653,048030,00033,35,
DOUGLAS,02959498,WEAVER,MABELENE,L,,2142,BIRKDALE ST, ,VILLA RICA,GA,30180-8434,2142,BIRKDALE ST,,VILLA RICA,GA,30180-8434,A,A,,10/31/2017,10/31/2017,10/31/2017,IN PERSON,NO,NO,ELDERLY,NO,642,1258,013,030,067,DOUG,00653,048030,00067,69,
DOUGLAS,04921046,POWELL,CLARENCE,EARL,,9604,COASTAL POINTE DR, ,VILLA RICA,GA,30180-8443,9604,COASTAL POINTE DR,,VILLA RICA,GA,30180-8443,A,A,,10/16/2017,10/16/2017,10/16/2017,IN PERSON,NO,NO,,NO,642,1258,013,030,067,DOUG,00653,048030,00002,2,
DOUGLAS,07543456,ESPINOSA,ALMA,G,,2597,CHIPPING CT, ,VILLA RICA,GA,30180-5839,2597,CHIPPING CT,,VILLA RICA,GA,30180-5839,A,A,,10/25/2017,10/25/2017,10/25/2017,IN PERSON,NO,NO,,NO,642,1258,013,030,067,DOUG,00653,048030,00043,45,
DOUGLAS,02981694,GALBRAITH,LAURIE,JANE,,9869,REFLECTIONS DR, ,VILLA RICA,GA,30180-8428,9869,REFLECTIONS DR,,VILLA RICA,GA,30180-8428,A,A,,10/20/2017,10/20/2017,10/20/2017,IN PERSON,NO,NO,,NO,642,1258,013,030,067,DOUG,00653,048030,00011,12,
DOUGLAS,03064695,MEYER,HARALD,W,,9809,REFLECTIONS DR, ,VILLA RICA,GA,30180-8428,9809,REFLECTIONS DR,,VILLA RICA,GA,30180-8428,A,A,,10/24/2017,10/24/2017,10/24/2017,IN PERSON,NO,NO,,NO,642,1258,013,030,067,DOUG,00653,048030,00031,33,
DOUGLAS,05221584,FISHER,MAURICE,ALLAN,,3400,LAKE BREEZE CT, ,VILLA RICA,GA,30180-3360,3400,LAKE BREEZE CT,,VILLA RICA,GA,30180-3360,A,A,,10/24/2017,10/24/2017,10/24/2017,IN PERSON,NO,NO,,NO,642,1258,013,030,067,DOUG,00641,048030,00032,34,
DOUGLAS,02094424,SCOGGINS,DIANNE,LYNETTE,,9999,BRIDGEWATER POINTE, ,VILLA RICA,GA,30180-3488,9999,BRIDGEWATER POINTE,,VILLA RICA,GA,30180-3488,A,A,,10/25/2017,10/25/2017,10/25/2017,IN PERSON,NO,NO,,NO,642,1258,013,030,067,DOUG,00653,048030,00040,42,
DOUGLAS,00774204,BROWN,DONALD,WAYNE,,1007,FAIRWAY SEVEN, ,VILLA RICA,GA,30180,1007,FAIRWAY SEVEN,,VILLA RICA,GA,30180,A,A,,10/24/2017,10/24/2017,10/24/2017,IN PERSON,NO,NO,,NO,642,1258,013,030,067,DOUG,00653,048030,00022,23,
DOUGLAS,07684242,LEWIS,IRMA,J,,211,MILLWHEEL DR, ,VILLA RICA,GA,30180-6989,211,MILLWHEEL DR,,VILLA RICA,GA,30180-6989,A,A,,10/31/2017,10/31/2017,10/31/2017,IN PERSON,NO,NO,,NO,642,1258,013,030,067,DOUG,00641,048030,00068,70,
DOUGLAS,02957846,TAYLOR,JUANITA,P,,9875,REFLECTIONS DR, ,VILLA RICA,GA,30180-8428,9875,REFLECTIONS DR,,VILLA RICA,GA,30180-8428,A,A,,10/30/2017,10/30/2017,10/30/2017,IN PERSON,NO,NO,,NO,642,1258,013,030,067,DOUG,00653,048030,00055,57,
DOUGLAS,08274535,SARGEANT,REGINALD,ETHELBERT,,3023,CATAMARAN CV, ,VILLA RICA,GA,30180-8404,3023,CATAMARAN CV,,VILLA RICA,GA,30180-8404,A,A,,10/31/2017,10/31/2017,10/31/2017,IN PERSON,NO,NO,,NO,642,1258,013,030,067,DOUG,00653,048030,00066,68,
DOUGLAS,03037025,JENKINS,CELESTE,,,2081,SILHOUETTE CT, ,VILLA RICA,GA,30180-8433,2081,SILHOUETTE CT,,VILLA RICA,GA,30180-8433,A,A,,11/02/2017,11/02/2017,11/02/2017,IN PERSON,NO,NO,,NO,642,1258,013,030,067,DOUG,00653,048030,00082,84,
DOUGLAS,08557323,WILLIAMS,ROBERT,T,,1029,OVERLOOK DR, ,VILLA RICA,GA,30180-5806,1029,OVERLOOK DR,,VILLA RICA,GA,30180-5806,A,A,,10/25/2017,10/25/2017,10/25/2017,IN PERSON,NO,NO,,NO,642,1258,013,030,067,DOUG,00653,048030,00034,36,
DOUGLAS,02469617,JONES,GREGORY,R,,9968,BRIDGEWATER POINTE, ,VILLA RICA,GA,30180-3496,9968,BRIDGEWATER POINTE,,VILLA RICA,GA,30180-3496,A,A,,10/27/2017,10/27/2017,10/27/2017,IN PERSON,NO,NO,,NO,642,1258,013,030,067,DOUG,00653,048030,00049,51,
DOUGLAS,05168048,HAMMOND,WILLIAM,EDWIN,,2080,SILHOUETTE CT, ,VILLA RICA,GA,30180-8433,2080,SILHOUETTE CT,,VILLA RICA,GA,30180-8433,A,A,,10/19/2017,10/19/2017,10/19/2017,IN PERSON,NO,NO,,NO,642,1258,013,030,067,DOUG,00653,048030,00009,10,
DOUGLAS,00788469,BROWN,HWA,YONG,,1007,FAIRWAY SEVEN, ,VILLA RICA,GA,30180,1007,FAIRWAY SEVEN,,VILLA RICA,GA,30180,A,A,,10/24/2017,10/24/2017,10/24/2017,IN PERSON,NO,NO,,NO,642,1258,013,030,067,DOUG,00653,048030,00023,24,
DOUGLAS,06324878,PARKINSON,JANICE,KATHLEEN,,1025,SYCAMORE LN, ,VILLA RICA,GA,30180-5859,1025,SYCAMORE LN,,VILLA RICA,GA,30180-5859,A,A,,10/20/2017,10/20/2017,10/20/2017,IN PERSON,NO,NO,,NO,642,1258,013,030,067,DOUG,00653,048030,00013,14,
DOUGLAS,02868571,NIELSEN,DORIS,JOAN,,9827,REFLECTIONS DR, ,VILLA RICA,GA,30180-8428,9827,REFLECTIONS DR,,VILLA RICA,GA,30180-8428,A,A,,10/30/2017,10/30/2017,10/30/2017,IN PERSON,NO,NO,,NO,642,1258,013,030,067,DOUG,00653,048030,00059,61,
DOUGLAS,05197373,HAMMOND,CAROLE,ANN,,2080,SILHOUETTE CT, ,VILLA RICA,GA,30180-8433,2080,SILHOUETTE CT,,VILLA RICA,GA,30180-8433,A,A,,10/19/2017,10/19/2017,10/19/2017,IN PERSON,NO,NO,,NO,642,1258,013,030,067,DOUG,00653,048030,00010,11,
DOUGLAS,02985529,MCDANIEL,PRISCILLA,G,,9450,CREEKSTONE CT, ,VILLA RICA,GA,30180-3376,9450,CREEKSTONE CT,,VILLA RICA,GA,30180-3376,A,A,,11/02/2017,11/02/2017,11/02/2017,IN PERSON,NO,NO,,NO,642,1258,013,030,067,DOUG,00641,048030,00085,87,
DOUGLAS,05410433,DUPREL,WANDA,JOHNSON,,2612,NEIGHBORHOOD WALK, ,VILLA RICA,GA,30180-5824,2612,NEIGHBORHOOD WALK,,VILLA RICA,GA,30180-5824,A,A,,10/30/2017,10/30/2017,10/30/2017,IN PERSON,NO,NO,,NO,642,1258,013,030,067,DOUG,00653,048030,00050,52,
DOUGLAS,05410428,DUPREL,JOHN,O,,2612,NEIGHBORHOOD WALK, ,VILLA RICA,GA,30180-5824,2612,NEIGHBORHOOD WALK,,VILLA RICA,GA,30180-5824,A,A,,10/30/2017,10/30/2017,10/30/2017,IN PERSON,NO,NO,,NO,642,1258,013,030,067,DOUG,00653,048030,00051,53,
DOUGLAS,02382720,ESKEW,BRENDA,P,,5008,KENT CT, ,VILLA RICA,GA,30180-5862,5008,KENT CT,,VILLA RICA,GA,30180-5862,A,A,,10/23/2017,10/23/2017,10/23/2017,IN PERSON,NO,NO,,NO,642,1258,013,030,067,DOUG,00639,048030,00015,16,
DOUGLAS,08704101,FLOWERS,THOMAS,ANTON,,3107,GOLFERS WAY, ,VILLA RICA,GA,30180,3107,GOLFERS WAY,,VILLA RICA,GA,30180,A,A,,10/25/2017,10/25/2017,10/25/2017,IN PERSON,NO,NO,,NO,642,1258,013,030,067,DOUG,00653,048030,00039,41,
DOUGLAS,06145192,COUPET,HENRIETTA,,,2166,SHOREHAVEN ST, ,VILLA RICA,GA,30180-8435,2166,SHOREHAVEN ST,,VILLA RICA,GA,30180-8435,A,A,,11/02/2017,11/02/2017,11/02/2017,IN PERSON,NO,NO,,NO,642,1258,013,030,067,DOUG,00653,048030,00077,79,
DOUGLAS,02169314,ENGLER,MARCIA,GURTHIE,,9501,CONNERS RD,APT 606,VILLA RICA,GA,30180,9501,CONNERS RD,APT 606,VILLA RICA,GA,30180,A,A,,10/18/2017,10/18/2017,10/18/2017,IN PERSON,NO,NO,,NO,642,1258,013,030,067,DOUG,00639,048030,00005,6,
DOUGLAS,05439288,ROGERS,THOMAS,SEBASTAIN,,9805,MOSS POINTE PATH, ,VILLA RICA,GA,30180-6905,9805,MOSS POINTE PATH,,VILLA RICA,GA,30180-6905,A,A,,10/25/2017,10/25/2017,10/25/2017,IN PERSON,NO,NO,,NO,642,1258,013,030,067,DOUG,00641,048030,00037,39,
DOUGLAS,05823847,HLADIK,DAVID,ALLEN,,9783,REFLECTIONS DR, ,VILLA RICA,GA,30180,9783,REFLECTIONS DR,,VILLA RICA,GA,30180,A,A,,10/25/2017,10/25/2017,10/25/2017,IN PERSON,NO,NO,,NO,642,1258,013,030,067,DOUG,00653,048030,00041,43,
DOUGLAS,03403646,CASEY,SANDRA,P,,2130,BIRKDALE ST, ,VILLA RICA,GA,30180,2130,BIRKDALE ST,,VILLA RICA,GA,30180,A,A,,11/02/2017,11/02/2017,11/02/2017,IN PERSON,NO,NO,,NO,642,1258,013,030,067,DOUG,00653,048030,00084,86,
DOUGLAS,03085860,IRIZARRY,JOHN,MANUEL,,3030,CATAMARAN CV, ,VILLA RICA,GA,30180-8403,3030,CATAMARAN CV,,VILLA RICA,GA,30180-8403,A,A,,11/03/2017,11/03/2017,11/03/2017,IN PERSON,NO,NO,,NO,642,1258,013,030,067,DOUG,00653,048030,00087,89,
DOUGLAS,10381370,CARSON,PATSY,ANN,,9821,REFLECTIONS DR, ,VILLA RICA,GA,30180,9821,REFLECTIONS DR,,VILLA RICA,GA,30180,A,A,,10/19/2017,10/19/2017,10/19/2017,IN PERSON,NO,NO,,NO,642,1258,013,030,067,DOUG,00653,048030,00006,7,
DOUGLAS,06967282,CAVENDER,ANTOINETTE,D,,2501,STILLWATER DR, ,VILLA RICA,GA,30180-8467,2501,STILLWATER DR,,VILLA RICA,GA,30180-8467,A,A,,10/24/2017,10/24/2017,10/24/2017,IN PERSON,NO,NO,,NO,642,1258,013,030,067,DOUG,00653,048030,00024,25,
DOUGLAS,05743846,COX,JAMES,JOSEPH,,9833,REFLECTIONS DR, ,VILLA RICA,GA,30180,9833,REFLECTIONS DR,,VILLA RICA,GA,30180,A,A,,10/30/2017,10/30/2017,10/30/2017,IN PERSON,NO,NO,,NO,642,1258,013,030,067,DOUG,00653,048030,00058,60,
DOUGLAS,10971380,KELLIS,BRENDA,GAIL,,9845,REFLECTIONS DR, ,VILLA RICA,GA,30180,9845,REFLECTIONS DR,,VILLA RICA,GA,30180,A,A,,10/24/2017,10/24/2017,10/24/2017,IN PERSON,NO,NO,,NO,642,1258,013,030,067,DOUG,00653,048030,00026,27,
DOUGLAS,03770979,SULLIVAN,LENA,WILTZ,,2059,DARTMOTH WAY, ,VILLA RICA,GA,30180,2059,DARTMOTH WAY,,VILLA RICA,GA,30180,A,A,,10/25/2017,10/25/2017,10/25/2017,IN PERSON,NO,NO,,NO,642,1258,013,030,067,DOUG,00639,048030,00046,48,
DOUGLAS,10252867,LOSEIL,JOSEPH,,,1025,SYCAMORE LN, ,VILLA RICA,GA,30180,1025,SYCAMORE LN,,VILLA RICA,GA,30180,A,A,,10/20/2017,10/20/2017,10/20/2017,IN PERSON,NO,NO,,NO,642,1258,013,030,067,DOUG,00653,048030,00012,13,
DOUGLAS,05289678,THOMPSON,FRAY,,,3413,DOES CT, ,VILLA RICA,GA,30180-8476,3413,DOES CT,,VILLA RICA,GA,30180-8476,A,A,,11/02/2017,11/02/2017,11/02/2017,IN PERSON,NO,NO,,NO,642,1258,013,030,067,DOUG,00653,048030,00079,81,
DOUGLAS,08922456,MARSHALL,PAUL,DAVID,,9771,REFLECTIONS DR, ,VILLA RICA,GA,30180,9771,REFLECTIONS DR,,VILLA RICA,GA,30180,A,A,,11/01/2017,11/01/2017,11/01/2017,IN PERSON,NO,NO,,NO,642,1258,013,030,067,DOUG,00653,048030,00073,75,
DOUGLAS,04934270,WOODS,WILLIE,M,,10049,HARMON SPRINGS DR, ,VILLA RICA,GA,30180-3491,10049,HARMON SPRINGS DR,,VILLA RICA,GA,30180-3491,A,A,,10/26/2017,10/26/2017,10/26/2017,IN PERSON,NO,NO,,NO,642,1258,013,030,067,DOUG,00653,048030,00048,50,
DOUGLAS,05473458,SMITH,TOKIWA,TAWANA,,206,MILLPOND PKWY, ,VILLA RICA,GA,30180-6986,206,MILLPOND PKWY,,VILLA RICA,GA,30180-6986,A,A,,11/03/2017,11/03/2017,11/03/2017,IN PERSON,NO,NO,,NO,642,1258,013,030,067,DOUG,00641,048030,00086,88,
DOUGLAS,10866545,GILBERT,JUDITH,CHRISTINE,,2008,SWEET BAY DR, ,VILLA RICA,GA,30180,2008,SWEET BAY DR,,VILLA RICA,GA,30180,A,A,,11/03/2017,11/03/2017,11/03/2017,IN PERSON,NO,NO,,NO,642,1258,013,030,067,DOUG,00653,048030,00092,94,
DOUGLAS,07688082,BARBER,MARLENE,L,,3016,CATAMARAN CV, ,VILLA RICA,GA,30180-8403,3016,CATAMARAN CV,,VILLA RICA,GA,30180-8403,A,A,,11/03/2017,11/03/2017,11/03/2017,IN PERSON,NO,NO,,NO,642,1258,013,030,067,DOUG,00653,048030,00089,91,
DOUGLAS,06374001,FLEMING,MARTHA,ANN,,2014,REFLECTIVE WATERS RD, ,VILLA RICA,GA,30180-6973,2014,REFLECTIVE WATERS RD,,VILLA RICA,GA,30180-6973,A,A,,10/16/2017,10/16/2017,10/16/2017,IN PERSON,NO,NO,,NO,642,1258,013,030,067,DOUG,00639,048030,00001,1,
DOUGLAS,10555767,MCDOUGAL,TRAVIS,I,,6004,OAKBROOK CT, ,VILLA RICA,GA,30180,6004,OAKBROOK CT,,VILLA RICA,GA,30180,A,A,,11/02/2017,11/02/2017,11/02/2017,IN PERSON,NO,NO,,NO,642,1258,013,030,067,DOUG,00653,048030,00076,78,
DOUGLAS,03421848,MEYER,WANDA,REEMES,,9809,REFLECTIONS DR, ,VILLA RICA,GA,30180-8428,9809,REFLECTIONS DR,,VILLA RICA,GA,30180-8428,A,A,,10/19/2017,10/19/2017,10/19/2017,IN PERSON,NO,NO,,NO,642,1258,013,030,067,DOUG,00653,048030,00007,8,
DOUGLAS,02178167,MCDOUGAL,GILBERT,E,,6004,OAKBROOK CT, ,VILLA RICA,GA,30180,,P.O. BOX 636,,VILLA RICA,GA,30180,A,A,,10/24/2017,10/24/2017,10/24/2017,IN PERSON,NO,NO,,NO,642,1258,013,030,067,DOUG,00653,048030,00021,22,
DOUGLAS,02989988,JENKINS,KIMBERLY,S,,9638,COASTAL POINTE DR, ,VILLA RICA,GA,30180-8443,9638,COASTAL POINTE DR,,VILLA RICA,GA,30180-8443,A,A,,11/02/2017,11/02/2017,11/02/2017,IN PERSON,NO,NO,,NO,642,1258,013,030,067,DOUG,00653,048030,00083,85,
DOUGLAS,10125441,DEFAYETTE,RANDY,LEE,,2684,MARINER WAY, ,VILLA RICA,GA,30180,2684,MARINER WAY,,VILLA RICA,GA,30180,A,A,,10/23/2017,10/23/2017,10/23/2017,IN PERSON,NO,NO,,NO,642,1258,013,030,067,DOUG,00653,048030,00017,18,
DOUGLAS,02776181,HILTON,PEGGY,CARROLL,,9881,SHORELINE PKWY, ,VILLA RICA,GA,30180,9881,SHORELINE PKWY,,VILLA RICA,GA,30180,A,A,,10/24/2017,10/24/2017,10/24/2017,IN PERSON,NO,NO,,NO,642,1258,013,030,067,DOUG,00653,048030,00027,28,
DOUGLAS,02421787,JONES,DEBORAH,B,,9968,BRIDGEWATER POINTE, ,VILLA RICA,GA,30180-3496,9968,BRIDGEWATER POINTE,,VILLA RICA,GA,30180-3496,A,A,,10/30/2017,10/30/2017,10/30/2017,IN PERSON,NO,NO,,NO,642,1258,013,030,067,DOUG,00653,048030,00063,65,
DOUGLAS,02960663,ECHOLS,BONNIE,GOPAL,,9753,REFLECTIONS DR, ,VILLA RICA,GA,30180-8429,9753,REFLECTIONS DR,,VILLA RICA,GA,30180-8429,A,A,,10/24/2017,10/24/2017,10/24/2017,IN PERSON,NO,NO,,NO,642,1258,013,030,067,DOUG,00653,048030,00020,21,
