County,Voter Registration #,Last Name,First Name,Middle Name,Suffix,Street #,Street Name,Apt/Unit,City,State,Zip Code,Mailing Street #,Mailing Street Name,Mailing Apt/Unit,Mailing City,Mailing State,Mailing Zip Code,Application Status,Ballot Status,Status Reason,Application Date,Ballot Issued Date,Ballot Return Date,Ballot Style,Ballot Assisted,Challenged/Provisional,Designation/Reason Issue,ID Required,Municipal Precinct,County Precinct,CNG,SEN,HOUSE	,JUD,Combo #,Vote Center ID,Ballot ID,Post #,Party
EARLY,08683923,LEVATTE,COURTLAND,CHANNING,,61,S JEFFERSON AVE, ,BLAKELY,GA,39823,61,S JEFFERSON AVE,,BLAKELY,GA,39823,A,A,,10/17/2017,10/17/2017,10/17/2017,IN PERSON,NO,NO,,NO,B-2,B,002,011,151,PATA,00052,049013,00033,135,
EARLY,03380921,CEASAR,MONICA,LASHEIKA,,170,BLAKELY COMMONS CIR, ,BLAKELY,GA,39823-1981,170,BLAKELY COMMONS CIR,,BLAKELY,GA,39823-1981,A,A,,10/18/2017,10/18/2017,10/18/2017,IN PERSON,NO,NO,,NO,B-1,B,002,011,151,PATA,00032,049013,00055,163,
EARLY,01616194,BLACKMON,MARTHA,ANN,,1441,N CHURCH ST, ,BLAKELY,GA,39823-1906,1441,N CHURCH ST,,BLAKELY,GA,39823-1906,A,A,,10/12/2017,10/16/2017,10/23/2017,MAILED,NO,NO,,NO,B-1,B,002,011,151,PATA,00032,,32015,15,
EARLY,01616257,HOLMES,WILKIE,J,,842,HOWELL ST, ,BLAKELY,GA,39823-1719,842,HOWELL ST,,BLAKELY,GA,39823-1719,A,A,,10/12/2017,10/16/2017,10/23/2017,MAILED,YES,NO,,NO,B-1,B,002,011,151,PATA,00032,,32004,4,
EARLY,05828717,SMITH,BRIDGETTE,D,,80,BLAKELY COMMONS CIR, ,BLAKELY,GA,39823-1980,80,BLAKELY COMMONS CIR,,BLAKELY,GA,39823-1980,R,,WRONG ADDRESS,10/12/2017,,,MAILED,NO,NO,,NO,B-1,B,002,011,151,PATA,00032,,,29,
EARLY,01612532,JARRETT,DYAN,L,,347,CLUB DR, ,BLAKELY,GA,39823-3827,,PO BOX 726,,BLAKELY,GA,39823-0072,A,A,,10/26/2017,10/26/2017,10/26/2017,IN PERSON,NO,NO,,NO,B-2,B,002,011,151,PATA,00051,049013,00157,271,
EARLY,04124773,THORNTON,JANET,,,411,DAMASCUS ST,UNIT 17,BLAKELY,GA,39823-2678,411,DAMASCUS ST,UNIT 17,BLAKELY,GA,39823-2678,A,A,,10/12/2017,10/16/2017,10/23/2017,MAILED,YES,NO,DISABLED,NO,B-1,B,002,011,151,PATA,00031,,31022,22,
EARLY,05828717,SMITH,BRIDGETTE,D,,80,BLAKELY COMMONS CIR, ,BLAKELY,GA,39823-1980,80,BLAKELY COMMONS CIR,,BLAKELY,GA,39823-1980,A,A,,10/26/2017,10/26/2017,10/26/2017,IN PERSON,NO,NO,,NO,B-1,B,002,011,151,PATA,00032,049013,00167,282,
EARLY,01612743,MILLS,HENRY,A,,657,N MAIN ST, ,BLAKELY,GA,39823-2022,657,N MAIN ST,,BLAKELY,GA,39823-2022,A,A,,10/26/2017,10/26/2017,10/26/2017,IN PERSON,NO,NO,,NO,B-1,B,002,011,151,PATA,00032,049013,00163,277,
EARLY,07459498,POWELL,BILLY,JOE,,120,CEDAR AVE, ,BLAKELY,GA,39823-2829,5257,TEXAS AVE,,NORFOLK,GA,23513-0166,A,A,,10/27/2017,10/27/2017,10/27/2017,IN PERSON,NO,NO,,NO,B-2,B,002,011,151,PATA,00048,049013,00191,308,
EARLY,08242156,WILLIAMS,DANDRE,OMAR,,310,S CHURCH ST, ,BLAKELY,GA,39823,310,S CHURCH ST,,BLAKELY,GA,39823,A,A,,11/01/2017,11/01/2017,11/01/2017,IN PERSON,NO,NO,,NO,B-2,B,002,011,151,PATA,00048,049013,00249,370,
EARLY,08303708,MCLENDON,SHEILA,ANN,,140,JACKSON AVE, ,BLAKELY,GA,39823,140,JACKSON AVE,,BLAKELY,GA,39823,A,A,,10/12/2017,10/16/2017,10/23/2017,MAILED,NO,NO,DISABLED,NO,B-1,B,002,011,151,PATA,00032,,32038,39,
EARLY,01613095,SMITH,ROBERT,K,,58,HOBBS ST, ,BLAKELY,GA,39823-3928,58,HOBBS ST,,BLAKELY,GA,39823-3928,A,A,,10/26/2017,10/26/2017,10/26/2017,IN PERSON,NO,NO,,NO,B-2,B,002,011,151,PATA,00048,049013,00170,285,
EARLY,08286233,BOOZER,BREANNA,ROSHUN,,356,HOWELL ST,UNIT 27,BLAKELY,GA,39823-2065,356,HOWELL ST,UNIT 27,BLAKELY,GA,39823-2065,A,,,10/12/2017,10/16/2017,,MAILED,NO,NO,,NO,B-1,B,002,011,151,PATA,00032,,32008,8,
EARLY,05823716,LEE,MARY,J,,485,LIBERTY ST, ,BLAKELY,GA,39823-2611,485,LIBERTY ST,,BLAKELY,GA,39823-2611,A,A,,10/18/2017,10/18/2017,10/18/2017,IN PERSON,YES,NO,,NO,B-1,B,002,011,151,PATA,00032,049013,00061,169,
EARLY,10419768,GLENN,SHARRON,LA'SHAY,,1980,TARVER DR, ,BLAKELY,GA,39823,1980,TARVER DR,,BLAKELY,GA,39823,A,A,,10/18/2017,10/18/2017,10/18/2017,IN PERSON,NO,NO,,NO,B-2,B,002,011,151,PATA,00048,049013,00065,173,
EARLY,11448763,THOMAS,DAMACQUANN,,,450,JESSE JOHNSON DR, ,BLAKELY,GA,39823,450,JESSE JOHNSON DR,,BLAKELY,GA,39823,A,A,,10/12/2017,10/16/2017,11/07/2017,MAILED,NO,NO,,NO,B-1,B,002,011,151,PATA,00032,,32097,98,
EARLY,01616058,EAFORD,JENNIFER,MARIE,,16,CHIPSTEAD AVE, ,BLAKELY,GA,39823-2943,16,CHIPSTEAD AVE,,BLAKELY,GA,39823-2943,A,A,,10/19/2017,10/19/2017,10/19/2017,IN PERSON,NO,NO,,NO,B-1,B,002,011,151,PATA,00032,049013,00092,202,
EARLY,03670010,KING,ROBERT,EDWARD,JR,934,SOUTHSIDE DR, ,BLAKELY,GA,39823-3741,934,SOUTHSIDE DR,,BLAKELY,GA,39823-3741,A,A,,10/31/2017,10/31/2017,10/31/2017,IN PERSON,NO,NO,,NO,B-2,B,002,011,151,PATA,00048,049013,00212,330,
EARLY,02241460,WILLIAMS,ANNA,JEAN,,19192,E SOUTH BLVD, ,BLAKELY,GA,39823-3338,19192,E SOUTH BLVD,,BLAKELY,GA,39823-3338,A,A,,10/12/2017,10/16/2017,10/26/2017,MAILED,NO,NO,DISABLED,NO,B-1,B,002,011,151,PATA,00031,,31083,84,
EARLY,01611634,PERKINS,CHARLIE,WILL,,165,BLAKELY COMMONS CIR, ,BLAKELY,GA,39823-1981,165,BLAKELY COMMONS CIR,,BLAKELY,GA,39823-1981,A,A,,02/17/2016,10/18/2017,10/25/2017,MAILED,YES,NO,DISABLED,NO,B-1,B,002,011,151,PATA,00032,,32105,154,
EARLY,10452860,GILBERT,TOMMY,LEE,,392,EVERGREEN AVE, ,BLAKELY,GA,39823,392,EVERGREEN AVE,,BLAKELY,GA,39823,A,A,,10/16/2017,10/16/2017,10/16/2017,IN PERSON,NO,NO,,NO,B-1,B,002,011,151,PATA,00032,049013,00015,117,
EARLY,01613109,STARR,CLIFFORD,JOEL,JR,85,WILLOW GLEN DR, ,BLAKELY,GA,39823-3701,85,WILLOW GLEN DR,,BLAKELY,GA,39823-3701,A,A,,10/25/2017,10/25/2017,10/25/2017,IN PERSON,NO,NO,,NO,B-2,B,002,011,151,PATA,00051,049013,00152,266,
EARLY,10446443,REED,JESSIE,,,902,DAMASCUS ST, ,BLAKELY,GA,39823,902,DAMASCUS ST,,BLAKELY,GA,39823,A,A,,10/17/2017,10/17/2017,10/17/2017,IN PERSON,NO,NO,,NO,B-1,B,002,011,151,PATA,00053,049013,00032,134,
EARLY,11433314,HENDERSON,IDA,M,,18868,E SOUTH BLVD, ,BLAKELY,GA,39823,18868,E SOUTH BLVD,,BLAKELY,GA,39823,A,A,,10/12/2017,10/16/2017,10/23/2017,MAILED,YES,NO,,NO,B-1,B,002,011,151,PATA,00031,,31096,97,
EARLY,08281109,BLACKMON,DEZZIE,,,1441,N CHURCH ST, ,BLAKELY,GA,39823-1906,1441,N CHURCH ST,,BLAKELY,GA,39823-1906,A,A,,10/12/2017,10/16/2017,10/23/2017,MAILED,YES,NO,DISABLED,NO,B-1,B,002,011,151,PATA,00032,,32014,14,
EARLY,01616628,WIMBERLY,MICHELLE,,,208,HOGAN AVE, ,BLAKELY,GA,39823-3106,208,HOGAN AVE,,BLAKELY,GA,39823-3106,A,A,,10/12/2017,10/16/2017,10/23/2017,MAILED,NO,NO,,NO,B-1,B,002,011,151,PATA,00032,,32028,28,
EARLY,10569589,OGDEN,ROBIN,YVETTE,,19208,E SOUTH BLVD, ,BLAKELY,GA,39823,19208,E SOUTH BLVD,,BLAKELY,GA,39823,A,A,,10/24/2017,10/24/2017,10/24/2017,IN PERSON,NO,NO,,NO,B-1,B,002,011,151,PATA,00031,049013,00139,253,
EARLY,01615552,BLACKMON,MARY,JO,,390,BLAKELY COMMONS CIR, ,BLAKELY,GA,39823-1983,390,BLAKELY COMMONS CIR,,BLAKELY,GA,39823-1983,A,A,,10/12/2017,10/16/2017,10/23/2017,MAILED,NO,NO,DISABLED,NO,B-1,B,002,011,151,PATA,00032,,32041,42,
EARLY,08526823,WARREN,JOYCE,,,411,DAMASCUS ST,UNIT 9,BLAKELY,GA,39823-2677,411,DAMASCUS ST,UNIT 9,BLAKELY,GA,39823-2677,A,A,,10/12/2017,10/16/2017,11/02/2017,MAILED,YES,NO,DISABLED,NO,B-1,B,002,011,151,PATA,00031,,31024,24,
EARLY,02240134,GODFREY,SHERRIE,,,148,HOGAN AVE, ,BLAKELY,GA,39823,148,HOGAN AVE,,BLAKELY,GA,39823,A,A,,04/15/2016,10/16/2017,10/25/2017,MAILED,NO,NO,DISABLED,NO,B-1,B,002,011,151,PATA,00032,,32030,31,
EARLY,06042172,EAFORD,ERICA,SHANELLE,,356,HOWELL ST,UNIT 48,BLAKELY,GA,39823-2067,356,HOWELL ST,UNIT 48,BLAKELY,GA,39823-2067,A,A,,10/17/2017,10/17/2017,10/17/2017,IN PERSON,NO,NO,,NO,B-1,B,002,011,151,PATA,00032,049013,00034,136,
EARLY,05461433,SWANSON,THELMA,LEE,,356,HOWELL ST,UNIT 17,BLAKELY,GA,39823,356,HOWELL ST,UNIT 17,BLAKELY,GA,39823,A,A,,10/16/2017,10/16/2017,10/16/2017,IN PERSON,NO,NO,,NO,B-1,B,002,011,151,PATA,00032,049013,00003,101,
EARLY,07278057,LEWIS,JESSICA,CHARMAINE,,65,BLAKELY COMMONS CIR, ,BLAKELY,GA,39823-1980,65,BLAKELY COMMONS CIR,,BLAKELY,GA,39823-1980,A,A,,10/30/2017,10/30/2017,10/30/2017,IN PERSON,NO,NO,,NO,B-1,B,002,011,151,PATA,00032,049013,00201,318,
EARLY,01612922,PITTMAN,JEAN,,,33,W BUTLER AVE, ,BLAKELY,GA,39823-1915,33,W BUTLER AVE,,BLAKELY,GA,39823-1915,A,A,,10/31/2017,10/31/2017,10/31/2017,IN PERSON,NO,NO,,NO,B-1,B,002,011,151,PATA,00032,049013,00223,342,
EARLY,04933645,LEONARD,CHRISTEN,JOY,,356,HOWELL ST,UNIT 28,BLAKELY,GA,39823-2066,356,HOWELL ST,UNIT 28,BLAKELY,GA,39823-2066,A,A,,10/12/2017,10/16/2017,10/25/2017,MAILED,YES,NO,DISABLED,NO,B-1,B,002,011,151,PATA,00032,,32050,51,
EARLY,08670720,WIDENER,JASPER,DONALD,JR,203,WOODLAWN DR, ,BLAKELY,GA,39823-1653,,PO BOX 102,,BLAKELY,GA,39823-0010,A,A,,10/26/2017,10/26/2017,10/26/2017,IN PERSON,NO,NO,,NO,B-2,B,002,011,151,PATA,00048,049013,00159,273,
EARLY,04184847,LEE,GERALDINE,,,356,HOWELL ST,UNIT 16,BLAKELY,GA,39823-2064,356,HOWELL ST,UNIT 16,BLAKELY,GA,39823-2064,A,A,,11/03/2017,11/03/2017,11/03/2017,IN PERSON,NO,NO,,NO,B-1,B,002,011,151,PATA,00032,049013,00311,433,
EARLY,01616604,GOWAN,DIANE,,,114,BAPTIST BRANCH RD, ,BLAKELY,GA,39823,114,BAPTIST BRANCH RD,,BLAKELY,GA,39823,A,A,,11/03/2017,11/03/2017,11/03/2017,IN PERSON,NO,NO,,NO,B-2,B,002,011,151,PATA,00052,049013,00298,420,
EARLY,01612263,GILBERT,ELLEN,,,468,LIBERTY ST,UNIT 17,BLAKELY,GA,39823-2664,468,LIBERTY ST,UNIT 17,BLAKELY,GA,39823-2664,A,A,,10/12/2017,10/16/2017,10/19/2017,MAILED,YES,NO,,NO,B-1,B,002,011,151,PATA,00032,,32079,80,
EARLY,06100141,GILBERT,ROSA,H,,18916,E SOUTH BLVD, ,BLAKELY,GA,39823-3334,18916,E SOUTH BLVD,,BLAKELY,GA,39823-3334,A,A,,10/12/2017,10/16/2017,10/25/2017,MAILED,NO,NO,,NO,B-1,B,002,011,151,PATA,00031,,31044,45,
EARLY,07751630,FREEMAN,SHENIKA,NICOLE,,392,EVERGREEN AVE, ,BLAKELY,GA,39823-3122,392,EVERGREEN AVE,,BLAKELY,GA,39823-3122,A,A,,10/16/2017,10/16/2017,10/16/2017,IN PERSON,NO,NO,,NO,B-1,B,002,011,151,PATA,00032,049013,00014,116,
EARLY,07568668,SWORDS,BOBBY,C,,444,N MAIN ST, ,BLAKELY,GA,39823-2014,,PO BOX 676,,BLAKELY,GA,39823-0067,A,A,,10/23/2017,10/23/2017,10/23/2017,IN PERSON,NO,NO,,NO,B-1,B,002,011,151,PATA,00032,049013,00130,242,
EARLY,10503171,HARRIS,TRAVIS,D,,117,NORTH AVE, ,BLAKELY,GA,39823,117,NORTH AVE,,BLAKELY,GA,39823,A,A,,10/31/2017,10/31/2017,10/31/2017,IN PERSON,YES,NO,,NO,B-1,B,002,011,151,PATA,00032,049013,00214,332,
EARLY,01613704,BUTLER,SAMUEL,,,18,W CARRIE CT, ,BLAKELY,GA,39823-2821,18,W CARRIE CT,,BLAKELY,GA,39823-2821,A,A,,10/23/2017,10/23/2017,10/23/2017,IN PERSON,NO,NO,,NO,B-2,B,002,011,151,PATA,00048,049013,00119,230,
EARLY,01614042,DIXON,CHARLES,,,17821,CEDAR SPRINGS RD,APT. 13,BLAKELY,GA,39823,17821,CEDAR SPRINGS RD,APT. 13,BLAKELY,GA,39823,A,A,,10/25/2017,10/25/2017,10/25/2017,IN PERSON,NO,NO,,NO,B-2,B,002,011,151,PATA,00048,049013,00155,269,
EARLY,03352554,CRAFT,JIMMY,,,411,DAMASCUS ST,UNIT 28,BLAKELY,GA,39823-2679,411,DAMASCUS ST,UNIT 28,BLAKELY,GA,39823-2679,A,A,,10/26/2017,10/26/2017,10/26/2017,IN PERSON,NO,NO,,NO,B-1,B,002,011,151,PATA,00031,049013,00173,288,
EARLY,01615652,ROGERS,LOUIE,E,,84,EVERGREEN AVE, ,BLAKELY,GA,39823-3114,84,EVERGREEN AVE,,BLAKELY,GA,39823-3114,A,A,,10/23/2017,10/24/2017,10/31/2017,MAILED,YES,NO,DISABLED,NO,B-1,B,002,011,151,PATA,00032,,32113,251,
EARLY,07550337,FREEMAN,BRENDA,,,591,JESSE JOHNSON DR, ,BLAKELY,GA,39823,,P.O. BOX 423,,BLAKELY,GA,39823,A,A,,10/12/2017,10/16/2017,10/23/2017,MAILED,NO,NO,,NO,B-1,B,002,011,151,PATA,00031,,31043,44,
EARLY,07562117,BUTLER,GLORIA,ANN,,411,DAMASCUS ST,UNIT 30,BLAKELY,GA,39823-2679,411,DAMASCUS ST,UNIT 30,BLAKELY,GA,39823-2679,A,A,,10/12/2017,10/16/2017,10/30/2017,MAILED,NO,NO,,NO,B-1,B,002,011,151,PATA,00031,,31026,26,
EARLY,01612460,HOWARD,MARK,ANTHONY,,21536,LUCILE RD, ,BLAKELY,GA,39823-3529,21536,LUCILE RD,,BLAKELY,GA,39823-3529,A,A,,10/17/2017,10/17/2017,10/17/2017,IN PERSON,NO,NO,,NO,B-2,B,002,011,151,PATA,00051,049013,00029,131,
EARLY,08518257,HOLMES,BARBARA,,,468,LIBERTY ST,UNIT 20,BLAKELY,GA,39823,468,LIBERTY ST,UNIT 20,BLAKELY,GA,39823,A,A,,10/25/2017,10/25/2017,10/25/2017,IN PERSON,NO,NO,,NO,B-1,B,002,011,151,PATA,00032,049013,00149,263,
EARLY,06263612,HILTON,SHEILA,KAY,,411,DAMASCUS ST,UNIT 16,BLAKELY,GA,39823,411,DAMASCUS ST,UNIT 16,BLAKELY,GA,39823,A,A,,10/26/2017,10/26/2017,10/26/2017,IN PERSON,NO,NO,,NO,B-1,B,002,011,151,PATA,00031,049013,00161,275,
EARLY,10020420,JAMES,KIMBERLY,ANN,,139,CEDAR AVE, ,BLAKELY,GA,39823,139,CEDAR AVE,,BLAKELY,GA,39823,A,A,,10/24/2017,10/24/2017,10/24/2017,IN PERSON,NO,NO,,NO,B-2,B,002,011,151,PATA,00052,049013,00140,254,
EARLY,07278180,HAYES,CYNTHIA,SHENISE,,356,HOWELL ST,UNIT 27,BLAKELY,GA,39823-2065,356,HOWELL ST,UNIT 27,BLAKELY,GA,39823-2065,A,A,,10/12/2017,10/16/2017,10/23/2017,MAILED,YES,NO,DISABLED,NO,B-1,B,002,011,151,PATA,00032,,32046,47,
EARLY,05924087,COLLIER,WYLENE,RICKS,,411,DAMASCUS ST,UNIT 12,BLAKELY,GA,39823-2678,411,DAMASCUS ST,UNIT 6,BLAKELY,GA,39823-2678,A,A,,10/12/2017,10/16/2017,10/25/2017,MAILED,NO,NO,DISABLED,NO,B-1,B,002,011,151,PATA,00031,,31075,76,
EARLY,06072842,OFTON,LINDA,,,221,PALMETTO AVE, ,BLAKELY,GA,39823,,PO BOX 904,,BLAKELY,GA,39823,A,,,10/16/2017,10/16/2017,,MAILED,NO,NO,,NO,B-1,B,002,011,151,PATA,00032,,32098,111,
EARLY,05233671,YARBROUGH,TERRENCE,LAMAR,,6147,FREEMAN RD, ,BLAKELY,GA,39823-2718,6147,FREEMAN RD,,BLAKELY,GA,39823-2718,A,A,,10/27/2017,10/27/2017,10/27/2017,IN PERSON,NO,NO,,NO,B-2,B,002,011,151,PATA,00052,049013,00186,303,
EARLY,06861284,MCCOY,MATTIE,BEE,,981,DAMASCUS ST, ,BLAKELY,GA,39823-3313,981,DAMASCUS ST,,BLAKELY,GA,39823-3313,A,A,,10/12/2017,10/16/2017,10/23/2017,MAILED,NO,NO,DISABLED,NO,B-1,B,002,011,151,PATA,00053,,53069,70,
EARLY,01612643,LESTER,JOYCELYN,C,,9,WASHINGTON AVE, ,BLAKELY,GA,39823-2122,,PO BOX 706,,BLAKELY,GA,39823,A,A,,11/01/2017,11/01/2017,11/01/2017,IN PERSON,NO,NO,,NO,B-1,B,002,011,151,PATA,00032,049013,00240,359,
EARLY,05917012,O'NEAL,BERTHA,MAE,,49,TOM SAWYER DR, ,BLAKELY,GA,39823-1554,,PO BOX 105,,BLAKELY,GA,39823-0010,A,A,,10/27/2017,10/27/2017,10/27/2017,IN PERSON,NO,NO,,NO,B-2,B,002,011,151,PATA,00052,049013,00193,310,
EARLY,01612575,JONES,WILLIE,C,,246,HOWELL ST, ,BLAKELY,GA,39823-2005,246,HOWELL ST,,BLAKELY,GA,39823-2005,A,A,,10/12/2017,10/16/2017,10/25/2017,MAILED,YES,NO,,NO,B-1,B,002,011,151,PATA,00032,,32085,86,
EARLY,03526698,LOVERING,PHYLLIS,KATE,,337,CEDAR AVE, ,BLAKELY,GA,39823,337,CEDAR AVE,,BLAKELY,GA,39823,A,A,,10/24/2017,10/24/2017,10/24/2017,IN PERSON,NO,NO,,NO,B-2,B,002,011,151,PATA,00052,049013,00136,248,
EARLY,01613688,JACKSON,MYRTICE,,,59,PALMETTO AVE, ,BLAKELY,GA,39823-3144,59,PALMETTO AVE,,BLAKELY,GA,39823-3144,A,A,,10/19/2017,10/19/2017,10/19/2017,IN PERSON,YES,NO,,NO,B-1,B,002,011,151,PATA,00032,049013,00078,186,
EARLY,08636222,NIX,SAMANTHA,SANTANA,,356,HOWELL ST,APT 32,BLAKELY,GA,39823,356,HOWELL ST,APT 32,BLAKELY,GA,39823,A,A,,11/03/2017,11/03/2017,11/03/2017,IN PERSON,NO,NO,,NO,B-1,B,002,011,151,PATA,00032,049013,00320,442,
EARLY,01612015,COX,KAREN,KIDD,,22002,LUCILE RD, ,BLAKELY,GA,39823-3537,22002,LUCILE RD,,BLAKELY,GA,39823-3537,A,A,,11/01/2017,11/01/2017,11/01/2017,IN PERSON,NO,NO,,NO,B-2,B,002,011,151,PATA,00051,049013,00245,366,
EARLY,01613233,WATSON,GINGER,C,,305,CLUB DR, ,BLAKELY,GA,39823-3827,305,CLUB DR,,BLAKELY,GA,39823-3827,A,A,,11/03/2017,11/03/2017,11/03/2017,IN PERSON,NO,NO,,NO,B-2,B,002,011,151,PATA,00051,049013,00327,449,
EARLY,06952419,GRAHAM,RACHELLE,A,,411,DAMASCUS ST,UNIT 44,BLAKELY,GA,39823,411,DAMASCUS ST,UNIT 44,BLAKELY,GA,39823,A,A,,10/18/2017,10/18/2017,10/18/2017,IN PERSON,YES,NO,,NO,B-1,B,002,011,151,PATA,00031,049013,00062,170,
EARLY,04436388,EVANS,ANDRIA,NICOLE,,70,WALKER SPRINGS RD, ,BLAKELY,GA,39823-1705,70,WALKER SPRINGS RD,,BLAKELY,GA,39823-1705,A,A,,10/24/2017,10/24/2017,10/24/2017,IN PERSON,NO,NO,,NO,B-1,B,002,011,151,PATA,00032,049013,00145,259,
EARLY,07362728,HUTCHINS,ALTHRAUS,,III,51,WALKER SPRINGS RD, ,BLAKELY,GA,39823-1704,51,WALKER SPRINGS RD,,BLAKELY,GA,39823-1704,A,A,,10/12/2017,10/16/2017,10/25/2017,MAILED,YES,NO,,NO,B-1,B,002,011,151,PATA,00032,,32031,32,
EARLY,02240116,HICKS,ERICA,LA-SHONDA,,231,LIBERTY ST,APT. A,BLAKELY,GA,39823,231,LIBERTY ST,APT. A,BLAKELY,GA,39823,A,A,,10/16/2017,10/16/2017,10/16/2017,IN PERSON,NO,NO,,NO,B-1,B,002,011,151,PATA,00032,049013,00010,108,
EARLY,04010816,JAMES,VIRGINIA,BROWN,,171,E BUTLER AVE, ,BLAKELY,GA,39823-2050,,PO BOX 468,,BLAKELY,GA,39823-0046,A,A,,10/12/2017,10/16/2017,10/23/2017,MAILED,NO,NO,DISABLED,NO,B-1,B,002,011,151,PATA,00032,,32021,21,
EARLY,04253485,YOUNG,ARDELIA,MOSES,,411,DAMASCUS ST,UNIT 8,BLAKELY,GA,39823,411,DAMASCUS ST,UNIT 8,BLAKELY,GA,39823,A,A,,10/12/2017,10/16/2017,10/23/2017,MAILED,YES,NO,,NO,B-1,B,002,011,151,PATA,00031,,31023,23,
EARLY,08938959,JONES,JANTAVIOUS,JANVON,,363,HOWELL ST, ,BLAKELY,GA,39823-2009,363,HOWELL ST,,BLAKELY,GA,39823-2009,A,A,,10/19/2017,10/20/2017,10/26/2017,MAILED,NO,NO,,NO,B-1,B,002,011,151,PATA,00032,,32109,192,
EARLY,06025373,HALL,KELVIN,,,5608,FREEMAN RD, ,BLAKELY,GA,39823-2756,,PO BOX 15,,BLAKELY,GA,39823-0001,A,A,,11/03/2017,11/03/2017,11/03/2017,IN PERSON,NO,NO,,NO,B-2,B,002,011,151,PATA,00052,049013,00310,432,
EARLY,07281630,GIANNARS,WILLIAM,LANDON,,355,MEADOWBROOK DR,APT B,BLAKELY,GA,39823,355,MEADOWBROOK DR,APT B,BLAKELY,GA,39823,A,A,,11/03/2017,11/03/2017,11/03/2017,IN PERSON,NO,NO,,NO,B-2,B,002,011,151,PATA,00052,049013,00319,441,
EARLY,01615760,BRADLEY,MAVIS,,,17821,CEDAR SPRINGS RD,APT 48,BLAKELY,GA,39823,17821,CEDAR SPRINGS RD,APT 48,BLAKELY,GA,39823,A,A,,11/03/2017,11/03/2017,11/03/2017,IN PERSON,NO,NO,,NO,B-2,B,002,011,151,PATA,00048,049013,00288,410,
EARLY,01612415,HOLMAN,GRADY,LODGE,,435,FLOWERS DR, ,BLAKELY,GA,39823-2817,,PO BOX 790,,BLAKELY,GA,39823-0079,A,A,,10/23/2017,10/23/2017,10/23/2017,IN PERSON,NO,NO,,NO,B-2,B,002,011,151,PATA,00052,049013,00131,243,
EARLY,03441847,PERKINS,DARLENE,,,356,HOWELL ST,APT 53,BLAKELY,GA,39823,165,BLAKELY COMMONS ,,BLAKELY,GA,39823,A,A,,11/02/2017,11/02/2017,11/02/2017,IN PERSON,NO,NO,,NO,B-1,B,002,011,151,PATA,00032,049013,00274,396,
EARLY,01613345,YOUNG,JOHN,A,,7298,OLD LUCILE RD, ,BLAKELY,GA,39823-3752,7298,OLD LUCILE RD,,BLAKELY,GA,39823-3752,A,A,,11/01/2017,11/01/2017,11/01/2017,IN PERSON,YES,NO,,NO,B-2,B,002,011,151,PATA,00051,049013,00232,351,
EARLY,01611636,PERKINS,DOROTHY,,,165,BLAKELY COMMONS CIR, ,BLAKELY,GA,39823-1981,165,BLAKELY COMMONS CIR,,BLAKELY,GA,39823-1981,A,A,,10/17/2017,10/18/2017,10/25/2017,MAILED,YES,NO,DISABLED,NO,B-1,B,002,011,151,PATA,00032,,32106,155,
EARLY,04837314,WIMBERLY,JOHN,L,,360,WASHINGTON AVE, ,BLAKELY,GA,39823-1921,360,WASHINGTON AVE,,BLAKELY,GA,39823-1921,A,A,,10/18/2017,10/18/2017,10/18/2017,IN PERSON,NO,NO,,NO,B-1,B,002,011,151,PATA,00032,049013,00053,161,
EARLY,08297900,LEE,EMMA,W,,250,LEE ST, ,BLAKELY,GA,39823,250,LEE ST,,BLAKELY,GA,39823,A,A,,10/12/2017,10/16/2017,10/19/2017,MAILED,NO,NO,,NO,B-1,B,002,011,151,PATA,00032,,32081,82,
EARLY,11464212,TAYLOR,TIA,TASHAY,,356,HOWELL ST,APT 38,BLAKELY,GA,39823,356,HOWELL ST,APT 38,BLAKELY,GA,39823,A,A,,11/03/2017,11/03/2017,11/03/2017,IN PERSON,NO,NO,,NO,B-1,B,002,011,151,PATA,00032,049013,00322,444,
EARLY,03996173,HALL,YVONNE,E,,69,WALKER SPRINGS RD, ,BLAKELY,GA,39823-1704,69,WALKER SPRINGS RD,,BLAKELY,GA,39823-1704,A,A,,11/03/2017,11/03/2017,11/03/2017,IN PERSON,NO,NO,,NO,B-1,B,002,011,151,PATA,00032,049013,00314,436,
EARLY,10419590,WALLACE,LOUISE,,,168,NORTH AVE, ,BLAKELY,GA,39823,411,DAMASCUS STREET,APT 33,BLAKELY,GA,39823,A,A,,10/31/2017,10/31/2017,11/02/2017,MAILED,NO,NO,DISABLED,NO,B-1,B,002,011,151,PATA,00032,,32116,338,
EARLY,01612592,KENNEDY,MARJORY,CARLA,,9,S CENTRAL AVE, ,BLAKELY,GA,39823-1527,9,S CENTRAL AVE,,BLAKELY,GA,39823-1527,A,A,,10/19/2017,10/19/2017,10/19/2017,IN PERSON,NO,NO,,NO,B-2,B,002,011,151,PATA,00048,049013,00071,179,
EARLY,11448880,THORNTON,LOUELLA,,,411,DAMASCUS ST,APT 5,BLAKELY,GA,39823,411,DAMASCUS ST,APT 5,BLAKELY,GA,39823,A,A,,10/12/2017,10/16/2017,10/25/2017,MAILED,YES,NO,,NO,B-1,B,002,011,151,PATA,00031,,31045,46,
EARLY,02241529,FELDER,ROSIE,NELL,,145,HOGAN AVE, ,BLAKELY,GA,39823-3105,145,HOGAN AVE,,BLAKELY,GA,39823-3105,A,A,,10/20/2017,10/20/2017,10/20/2017,IN PERSON,NO,NO,,NO,B-1,B,002,011,151,PATA,00032,049013,00099,209,
EARLY,05835576,MOSELY,JOHNNIE,MAE,,150,POPLAR ST, ,BLAKELY,GA,39823-3602,150,POPLAR ST,,BLAKELY,GA,39823-3602,A,A,,10/23/2017,10/23/2017,10/23/2017,IN PERSON,NO,NO,,NO,B-1,B,002,011,151,PATA,00031,049013,00125,237,
EARLY,10274557,PRICE,TRAVIS,LAMAR,,692,LIBERTY ST, ,BLAKELY,GA,39823,692,LIBERTY ST,,BLAKELY,GA,39823,A,A,,10/20/2017,10/20/2017,10/20/2017,IN PERSON,NO,NO,,NO,B-1,B,002,011,151,PATA,00032,049013,00117,228,
EARLY,06088684,OFTON,CONSUELA,ANN,,629,S BAY ST, ,BLAKELY,GA,39823,629,S BAY ST,,BLAKELY,GA,39823,A,R,Ballot Returned Undeliverable,10/12/2017,10/16/2017,10/20/2017,MAILED,NO,NO,,NO,B-1,B,002,011,151,PATA,00032,,32016,16,
EARLY,01613020,SALTER,OUIDA,,,5814,FREEMAN RD, ,BLAKELY,GA,39823-2760,5814,FREEMAN RD,,BLAKELY,GA,39823-2760,A,A,,11/03/2017,11/03/2017,11/03/2017,IN PERSON,NO,NO,,NO,B-2,B,002,011,151,PATA,00052,049013,00292,414,
EARLY,08901001,HARRIS,EBONY,L,,69,MULBERRY LN, ,BLAKELY,GA,39823,,PO BOX 662,,BLAKELY,GA,39823,A,A,,10/12/2017,10/16/2017,10/25/2017,MAILED,NO,NO,,NO,B-1,B,002,011,151,PATA,00032,,32019,19,
EARLY,03981091,MOORE,NATHANIEL,,,671,S BAY ST, ,BLAKELY,GA,39823-2901,671,S BAY ST,,BLAKELY,GA,39823-2901,A,A,,10/12/2017,10/16/2017,10/25/2017,MAILED,NO,NO,DISABLED,NO,B-1,B,002,011,151,PATA,00032,,32011,11,
EARLY,05364220,SOL,JONAS,THORN,,1012,N MAIN ST, ,BLAKELY,GA,39823,1012,N MAIN ST,,BLAKELY,GA,39823,A,A,,10/24/2017,10/24/2017,10/24/2017,IN PERSON,NO,NO,,NO,B-1,B,002,011,151,PATA,00032,049013,00135,247,
EARLY,01612281,GLASS,ELLEN,,,216,LAKEWOOD DR, ,BLAKELY,GA,39823-1572,216,LAKEWOOD DR,,BLAKELY,GA,39823-1572,A,A,,10/27/2017,10/27/2017,10/27/2017,IN PERSON,NO,NO,,NO,B-2,B,002,011,151,PATA,00052,049013,00188,305,
EARLY,01614132,LEWIS,FAYE,G,,1287,N MAIN ST, ,BLAKELY,GA,39823,1287,N MAIN ST,,BLAKELY,GA,39823,A,A,,11/01/2017,11/01/2017,11/01/2017,IN PERSON,NO,NO,,NO,B-2,B,002,011,151,PATA,00048,049013,00237,356,
EARLY,01612900,PERRY,SHELLY,JEAN,,450,HOWELL ST, ,BLAKELY,GA,39823-2010,450,HOWELL ST,,BLAKELY,GA,39823-2010,A,A,,10/31/2017,10/31/2017,10/31/2017,IN PERSON,NO,NO,,NO,B-1,B,002,011,151,PATA,00032,049013,00225,344,
EARLY,02238509,TINSON,LETITIA,ANN,,32,PALMETTO AVE, ,BLAKELY,GA,39823-3145,,PO BOX 387,,BLAKELY,GA,39823-0038,A,A,,10/18/2017,10/18/2017,10/18/2017,IN PERSON,NO,NO,,NO,B-1,B,002,011,151,PATA,00032,049013,00050,158,
EARLY,05926349,FREEMAN,CRYSTAL,BREION,,386,LIBERTY ST, ,BLAKELY,GA,39823-2607,386,LIBERTY ST,,BLAKELY,GA,39823-2607,A,A,,10/17/2017,10/17/2017,10/17/2017,IN PERSON,NO,NO,,NO,B-1,B,002,011,151,PATA,00032,049013,00037,140,
EARLY,10322327,DAVIS,RUTHIE,MAE,,193,MULBERRY LN, ,BLAKELY,GA,39823,193,MULBERRY LN,,BLAKELY,GA,39823,A,A,,10/16/2017,10/16/2017,10/16/2017,IN PERSON,NO,NO,,NO,B-1,B,002,011,151,PATA,00032,049013,00005,103,
EARLY,01616319,GRAY,MAMIE,R,,656,JESSE JOHNSON DR, ,BLAKELY,GA,39823-3221,656,JESSE JOHNSON DR,,BLAKELY,GA,39823-3221,A,A,,10/12/2017,10/16/2017,10/23/2017,MAILED,NO,NO,,NO,B-1,B,002,011,151,PATA,00032,,32042,43,
EARLY,01615277,OFTON,BETTY,R,,411,DAMASCUS ST,APT 23,BLAKELY,GA,39823,411,DAMASCUS ST,APT 23,BLAKELY,GA,39823,A,A,,10/20/2017,10/20/2017,10/20/2017,IN PERSON,NO,NO,,NO,B-1,B,002,011,151,PATA,00031,049013,00108,218,
EARLY,08807842,HOLMES,MARION,B,,60,HOLMES LN, ,BLAKELY,GA,39823,60,HOLMES LN,,BLAKELY,GA,39823,A,,,10/12/2017,10/16/2017,,MAILED,NO,NO,,NO,B-1,B,002,011,151,PATA,00032,,32090,91,
EARLY,03453408,DANIELS,WALTER,,,26,BROOK DR, ,BLAKELY,GA,39823,26,BROOK DR,,BLAKELY,GA,39823,A,A,,10/23/2017,10/23/2017,10/23/2017,IN PERSON,YES,NO,,NO,B-1,B,002,011,151,PATA,00032,049013,00126,238,
EARLY,06621567,BUTLER,CHERYL,ANN,,419,LIBERTY ST, ,BLAKELY,GA,39823,419,LIBERTY ST,,BLAKELY,GA,39823,A,A,,10/17/2017,10/17/2017,10/17/2017,IN PERSON,YES,NO,,NO,B-1,B,002,011,151,PATA,00032,049013,00048,153,
EARLY,01612656,LIGHTSEY,ELSA,F,,162,ANGUS DR, ,BLAKELY,GA,39823-3708,162,ANGUS DR,,BLAKELY,GA,39823-3708,A,A,,11/01/2017,11/01/2017,11/01/2017,IN PERSON,NO,NO,,NO,B-2,B,002,011,151,PATA,00051,049013,00243,362,
EARLY,00591040,COLEMAN,FRANCES,JONES,,53,WILLOW GLEN DR, ,BLAKELY,GA,39823-3701,53,WILLOW GLEN DR,,BLAKELY,GA,39823-3701,A,A,,10/31/2017,10/31/2017,10/31/2017,IN PERSON,NO,NO,,NO,B-2,B,002,011,151,PATA,00051,049013,00219,337,
EARLY,07518732,THORNTON,KENYATTA,LASHON,,13,CHIPSTEAD AVE, ,BLAKELY,GA,39823,13,CHIPSTEAD AVE,,BLAKELY,GA,39823,A,A,,10/30/2017,10/30/2017,10/30/2017,IN PERSON,NO,NO,,NO,B-1,B,002,011,151,PATA,00032,049013,00202,319,
EARLY,01613925,WELLS,JESSIE,JAMES,JR,18366,E SOUTH BLVD, ,BLAKELY,GA,39823-3950,18366,E SOUTH BLVD,,BLAKELY,GA,39823-3950,A,A,,10/31/2017,10/31/2017,10/31/2017,IN PERSON,NO,NO,,NO,B-2,B,002,011,151,PATA,00051,049013,00218,336,
EARLY,01612911,PHILLIPS,DONALD,L,,874,SOUTHSIDE DR, ,BLAKELY,GA,39823-3739,874,SOUTHSIDE DR,,BLAKELY,GA,39823-3739,A,A,,10/30/2017,10/30/2017,10/30/2017,IN PERSON,NO,NO,,NO,B-2,B,002,011,151,PATA,00048,049013,00197,314,
EARLY,07750122,WELLS,BOBBIE,J,,18366,E SOUTH BLVD, ,BLAKELY,GA,39823-3950,18366,E SOUTH BLVD,,BLAKELY,GA,39823-3950,A,A,,10/19/2017,10/19/2017,10/19/2017,IN PERSON,NO,NO,,NO,B-2,B,002,011,151,PATA,00051,049013,00087,197,
EARLY,06258261,JOHNSON,HAZEL,,,1544,N CHURCH ST, ,BLAKELY,GA,39823,1544,N CHURCH ST,,BLAKELY,GA,39823,A,A,,10/12/2017,10/16/2017,10/25/2017,MAILED,NO,NO,,NO,B-1,B,002,011,151,PATA,00032,,32080,81,
EARLY,01612056,DAVIS,LOLLIE,MAE,,27,N WILLIAMS ST, ,BLAKELY,GA,39823-2057,27,N WILLIAMS ST,,BLAKELY,GA,39823-2057,A,R,Insufficient Oath Information,10/12/2017,10/16/2017,10/30/2017,MAILED,NO,NO,,NO,B-1,B,002,011,151,PATA,00032,,32078,79,
EARLY,01615343,SAPP,BENNIE,P,,264,MAPLE AVE, ,BLAKELY,GA,39823-2033,264,MAPLE AVE,,BLAKELY,GA,39823-2033,A,A,,10/12/2017,10/16/2017,10/25/2017,MAILED,YES,NO,DISABLED,NO,B-1,B,002,011,151,PATA,00032,,32058,59,
EARLY,04633545,BATES,ETTA,MAE,,411,DAMASCUS ST,UNIT 14,BLAKELY,GA,39823-2678,411,DAMASCUS ST,UNIT 14,BLAKELY,GA,39823-2678,A,A,,10/12/2017,10/16/2017,10/23/2017,MAILED,YES,NO,,NO,B-1,B,002,011,151,PATA,00031,,31025,25,
EARLY,03860162,FIELDS,TERRANCE,JE'VON,,7,S WILLIAMS ST,UNIT 49,BLAKELY,GA,39823-2061,7,S WILLIAMS ST,UNIT 49,BLAKELY,GA,39823-2061,A,A,,10/30/2017,10/30/2017,10/30/2017,IN PERSON,NO,NO,,NO,B-1,B,002,011,151,PATA,00032,049013,00194,311,
EARLY,07744530,GILBERT,PHILLIP,,,17,MURDOCK AVE, ,BLAKELY,GA,39823-2240,17,MURDOCK AVE,,BLAKELY,GA,39823-2240,A,A,,10/18/2017,10/18/2017,10/18/2017,IN PERSON,NO,NO,,NO,B-1,B,002,011,151,PATA,00032,049013,00056,164,
EARLY,08696258,GRACE,JENNETTE,,,693,LIBERTY ST, ,BLAKELY,GA,39823-2615,,PO BOX 83,,BLAKELY,GA,39823-0008,A,A,,10/12/2017,10/16/2017,10/26/2017,MAILED,NO,NO,DISABLED,NO,B-1,B,002,011,151,PATA,00031,,31055,56,
EARLY,01613703,BUTLER,ANTOINETTE,B,,18,W CARRIE CT, ,BLAKELY,GA,39823-2821,18,W CARRIE CT,,BLAKELY,GA,39823-2821,A,A,,10/23/2017,10/23/2017,10/23/2017,IN PERSON,NO,NO,,NO,B-2,B,002,011,151,PATA,00048,049013,00134,246,
EARLY,01613150,TAYLOR,BETTYE,WILLIAMS,,203,WOODLAWN DR,UNIT 102,BLAKELY,GA,39823-1653,,PO BOX 102,,BLAKELY,GA,39823-0010,A,A,,10/26/2017,10/26/2017,10/26/2017,IN PERSON,NO,NO,,NO,B-2,B,002,011,151,PATA,00048,049013,00158,272,
EARLY,01612905,PETERSON,MARY,A,,342,LIBERTY ST,UNIT 24,BLAKELY,GA,39823-2607,342,LIBERTY ST,UNIT 24,BLAKELY,GA,39823-2607,A,A,,10/20/2017,10/20/2017,10/20/2017,IN PERSON,NO,NO,,NO,B-1,B,002,011,151,PATA,00032,049013,00100,210,
EARLY,06583807,ALEXANDER,GEORGE,ALTHARY,,18756,E SOUTH BLVD, ,BLAKELY,GA,39823-3330,18756,E SOUTH BLVD,,BLAKELY,GA,39823-3330,A,A,,10/23/2017,10/23/2017,10/23/2017,IN PERSON,NO,NO,,NO,B-1,B,002,011,151,PATA,00031,049013,00128,240,
EARLY,07751389,DRINKARD,JOAN,,,468,LIBERTY ST,UNIT 18,BLAKELY,GA,39823-2664,468,LIBERTY ST,UNIT 18,BLAKELY,GA,39823-2664,A,A,,10/17/2017,10/17/2017,10/19/2017,MAILED,YES,NO,,NO,B-1,B,002,011,151,PATA,00032,,32102,137,
EARLY,08807441,HIGHTOWER,MICHEAL,A,,411,DAMASCUS ST,UNIT 42,BLAKELY,GA,39823,411,DAMASCUS ST,UNIT 42,BLAKELY,GA,39823,A,A,,10/12/2017,10/16/2017,10/23/2017,MAILED,YES,NO,DISABLED,NO,B-1,B,002,011,151,PATA,00031,,31061,62,
EARLY,01616347,WIMBUSH,MARY,,,18902,E SOUTH BLVD, ,BLAKELY,GA,39823-3334,18902,E SOUTH BLVD,,BLAKELY,GA,39823-3334,A,A,,10/16/2017,10/16/2017,10/16/2017,IN PERSON,NO,NO,,NO,B-1,B,002,011,151,PATA,00031,049013,00012,114,
EARLY,03287773,DAVIS,SHERRY,,,14962,RIVER ST, ,BLAKELY,GA,39823,14962,RIVER ST,,BLAKELY,GA,39823,A,A,,10/26/2017,10/26/2017,10/26/2017,IN PERSON,NO,NO,,NO,B-2,B,002,011,151,PATA,00052,049013,00179,296,
EARLY,01612014,COX,JUSTANT,CALHOUN,,22002,LUCILE RD, ,BLAKELY,GA,39823-3537,22002,LUCILE RD,,BLAKELY,GA,39823-3537,A,A,,11/01/2017,11/01/2017,11/01/2017,IN PERSON,NO,NO,,NO,B-2,B,002,011,151,PATA,00051,049013,00246,367,
EARLY,01615940,DOZIER,CAROLYN,E,,46,EVERGREEN AVE, ,BLAKELY,GA,39823-2947,46,EVERGREEN AVE,,BLAKELY,GA,39823-2947,A,A,,10/12/2017,10/16/2017,10/26/2017,MAILED,NO,NO,DISABLED,NO,B-1,B,002,011,151,PATA,00032,,32077,78,
EARLY,01611855,BROWN,BETTYE,JEAN,,411,DAMASCUS ST,UNIT 1,BLAKELY,GA,39823-2678,411,DAMASCUS ST,UNIT 1,BLAKELY,GA,39823-2678,A,A,,10/26/2017,10/26/2017,11/02/2017,MAILED,NO,NO,DISABLED,NO,B-1,B,002,011,151,PATA,00031,,31115,291,
EARLY,05322259,GRAY,GEORGE,A,,14886,RIVER ST, ,BLAKELY,GA,39823-2412,14886,RIVER ST,,BLAKELY,GA,39823-2412,A,A,,10/26/2017,10/26/2017,10/26/2017,IN PERSON,NO,NO,,NO,B-2,B,002,011,151,PATA,00052,049013,00175,290,
EARLY,01616283,SHIERLING,JO,ANN,,21,E RAILROAD LN, ,BLAKELY,GA,39823-2043,21,E RAILROAD LN,,BLAKELY,GA,39823-2043,A,A,,11/01/2017,11/01/2017,11/01/2017,IN PERSON,NO,NO,,NO,B-1,B,002,011,151,PATA,00032,049013,00238,357,
EARLY,05332850,JONES,JOHNNY,LEE,,780,HOWELL ST, ,BLAKELY,GA,39823-1717,780,HOWELL ST,,BLAKELY,GA,39823-1717,A,A,,10/20/2017,10/20/2017,10/20/2017,IN PERSON,NO,NO,,NO,B-1,B,002,011,151,PATA,00032,049013,00098,208,
EARLY,08684211,LOVE,PETRONIA,,,1633,N CHURCH ST, ,BLAKELY,GA,39823-1912,1633,N CHURCH ST,,BLAKELY,GA,39823-1912,A,A,,10/12/2017,10/16/2017,10/23/2017,MAILED,NO,NO,ELDERLY,NO,B-1,B,002,011,151,PATA,00032,,32059,60,
EARLY,06249013,BROOKS,CAROLYN,Z,,31,WESTVIEW DR, ,BLAKELY,GA,39823-2438,31,WESTVIEW DR,,BLAKELY,GA,39823-2438,A,A,,11/02/2017,11/02/2017,11/02/2017,IN PERSON,NO,NO,,NO,B-2,B,002,011,151,PATA,00052,049013,00280,402,
EARLY,01612880,PARKER,LYNDA,G,,135,BAPTIST BRANCH RD, ,BLAKELY,GA,39823-2840,135,BAPTIST BRANCH RD,,BLAKELY,GA,39823-2840,A,A,,11/02/2017,11/02/2017,11/02/2017,IN PERSON,NO,NO,,NO,B-2,B,002,011,151,PATA,00052,049013,00279,401,
EARLY,06263629,JACKSON,RICKY,,,411,DAMASCUS ST,UNIT 16,BLAKELY,GA,39823,411,DAMASCUS ST,UNIT 16,BLAKELY,GA,39823,A,A,,10/26/2017,10/26/2017,10/26/2017,IN PERSON,NO,NO,,NO,B-1,B,002,011,151,PATA,00031,049013,00162,276,
EARLY,04359473,JONES,EDDIE,JAMES,,246,HOWELL ST, ,BLAKELY,GA,39823-2005,246,HOWELL ST,,BLAKELY,GA,39823-2005,A,A,,10/16/2017,10/16/2017,10/16/2017,IN PERSON,YES,NO,,NO,B-1,B,002,011,151,PATA,00032,049013,00009,107,
EARLY,01613317,WASHINGTON,JUANITA,,,225,HOGAN AVE, ,BLAKELY,GA,39823,225,HOGAN AVE,,BLAKELY,GA,39823,A,,,10/12/2017,10/16/2017,,MAILED,NO,NO,,NO,B-1,B,002,011,151,PATA,00032,,03294,95,
EARLY,01612367,HARVIN,GRAHAM,T,,11811,COLUMBIA ST, ,BLAKELY,GA,39823-2578,11811,COLUMBIA ST,,BLAKELY,GA,39823-2578,A,A,,11/01/2017,11/01/2017,11/01/2017,IN PERSON,NO,NO,,NO,B-2,B,002,011,151,PATA,00052,049013,00252,373,
EARLY,07152956,FRYER,CHERYL,CASEY,,787,N MAIN ST, ,BLAKELY,GA,39823-2024,,PO BOX 912,,BLAKELY,GA,39823-0091,A,A,,11/02/2017,11/02/2017,11/02/2017,IN PERSON,NO,NO,,NO,B-1,B,002,011,151,PATA,00032,049013,00276,398,
EARLY,06102591,WILLIAMS,ANNIE,BELLE,,242,PALMETTO AVE, ,BLAKELY,GA,39823-3148,242,PALMETTO AVE,,BLAKELY,GA,39823-3148,A,A,,10/12/2017,10/16/2017,10/23/2017,MAILED,NO,NO,,NO,B-1,B,002,011,151,PATA,00032,,32091,92,
EARLY,01612733,MIDDLETON,SHERRY,,,247,LAKEWOOD DR, ,BLAKELY,GA,39823-1573,247,LAKEWOOD DR,,BLAKELY,GA,39823-1573,A,A,,10/26/2017,10/26/2017,10/26/2017,IN PERSON,NO,NO,,NO,B-2,B,002,011,151,PATA,00052,049013,00168,283,
EARLY,01616475,THORNTON,JANE,C,,251,LIBERTY ST, ,BLAKELY,GA,39823,251,LIBERTY ST,,BLAKELY,GA,39823,A,R,Ballot Received after Deadline,11/01/2017,11/01/2017,11/08/2017,MAILED,NO,NO,DISABLED,NO,B-1,B,002,011,151,PATA,00032,,32117,375,
EARLY,01616084,BUTLER,ARTHUR,LEE,,1149,N CHURCH ST, ,BLAKELY,GA,39823-2220,,PO BOX 211,,BLAKELY,GA,39823-0021,A,A,,11/03/2017,11/03/2017,11/03/2017,IN PERSON,NO,NO,,NO,B-1,B,002,011,151,PATA,00032,049013,00297,419,
EARLY,03272003,MCMINN,LORI,MOORE,,1613,DAMASCUS ST, ,BLAKELY,GA,39823-3349,,PO BOX 695,,BLAKELY,GA,39823-0069,A,A,,11/03/2017,11/03/2017,11/03/2017,IN PERSON,NO,NO,,NO,B-1,B,002,011,151,PATA,00053,049013,00302,424,
EARLY,01612559,JONES,FLOSSIE,B,,19277,E SOUTH BLVD, ,BLAKELY,GA,39823-3341,19277,E SOUTH BLVD,,BLAKELY,GA,39823-3341,A,A,,10/12/2017,10/16/2017,10/23/2017,MAILED,YES,NO,,NO,B-1,B,002,011,151,PATA,00031,,31007,7,
EARLY,08281064,WEST,JESSICA,ANNE,,330,LEE ST, ,BLAKELY,GA,39823-2102,330,LEE ST,,BLAKELY,GA,39823-2102,A,A,,10/16/2017,10/16/2017,10/16/2017,IN PERSON,NO,NO,,NO,B-1,B,002,011,151,PATA,00032,049013,00007,105,
EARLY,04415291,KING,JIMMY,LEE,,1030,N MAIN ST, ,BLAKELY,GA,39823,1030,N MAIN ST,,BLAKELY,GA,39823,A,A,,10/16/2017,10/16/2017,10/16/2017,IN PERSON,NO,NO,,NO,B-1,B,002,011,151,PATA,00032,049013,00022,124,
EARLY,05129664,JOHNSON,ANNIE,L,,468,LIBERTY ST,APT 21,BLAKELY,GA,39823-2664,468,LIBERTY ST,APT 21,BLAKELY,GA,39823-2664,A,A,,10/24/2017,10/24/2017,10/24/2017,IN PERSON,NO,NO,,NO,B-1,B,002,011,151,PATA,00032,049013,00146,260,
EARLY,01613282,WILLIAMS,DANNY,,,446,SOUTHSIDE DR, ,BLAKELY,GA,39823-3730,446,SOUTHSIDE DR,,BLAKELY,GA,39823-3730,A,A,,10/20/2017,10/20/2017,10/20/2017,IN PERSON,NO,NO,,NO,B-2,B,002,011,151,PATA,00048,049013,00114,225,
EARLY,04678317,YARBROUGH,SABRINA,C,,411,DAMASCUS ST,UNIT 27,BLAKELY,GA,39823-2679,411,DAMASCUS ST,UNIT 27,BLAKELY,GA,39823-2679,A,A,,10/12/2017,10/16/2017,10/23/2017,MAILED,YES,NO,,NO,B-1,B,002,011,151,PATA,00031,,31027,27,
EARLY,01616737,ODOMS,ANGERINE,E,,468,LIBERTY ST,UNIT 26,BLAKELY,GA,39823,,PO BOX 866,,BLAKELY,GA,39823-0086,A,A,,10/17/2017,10/17/2017,10/17/2017,IN PERSON,NO,NO,,NO,B-1,B,002,011,151,PATA,00032,049013,00036,139,
EARLY,07459512,PARKS,ALMA,JEAN,,1618,N CHURCH ST, ,BLAKELY,GA,39823-1911,1618,N CHURCH ST,,BLAKELY,GA,39823-1911,A,A,,10/18/2017,10/18/2017,10/18/2017,IN PERSON,YES,NO,,NO,B-1,B,002,011,151,PATA,00032,049013,00059,167,
EARLY,05917002,O'NEAL,WALLACE,CLAXTON,,49,TOM SAWYER DR, ,BLAKELY,GA,39823-1554,,PO BOX 105,,BLAKELY,GA,39823-0010,A,A,,10/26/2017,10/26/2017,10/26/2017,IN PERSON,NO,NO,,NO,B-2,B,002,011,151,PATA,00052,049013,00160,274,
EARLY,06111516,FREEMAN,PATRICIA,ANN,,392,EVERGREEN AVE, ,BLAKELY,GA,39823-3122,392,EVERGREEN AVE,,BLAKELY,GA,39823-3122,A,A,,10/16/2017,10/16/2017,10/16/2017,IN PERSON,YES,NO,,NO,B-1,B,002,011,151,PATA,00032,049013,00013,115,
EARLY,01613130,WIMBERLY,CARRIE,B,,1094,ARLINGTON AVE, ,BLAKELY,GA,39823-2362,1094,ARLINGTON AVE,,BLAKELY,GA,39823-2362,A,A,,10/25/2017,10/25/2017,10/25/2017,IN PERSON,NO,NO,,NO,B-1,B,002,011,151,PATA,00032,049013,00151,265,
EARLY,10283656,WALLACE,ASBERRY,,,168,NORTH AVE, ,BLAKELY,GA,39823,168,NORTH AVE,,BLAKELY,GA,39823,A,A,,10/16/2017,10/16/2017,10/16/2017,IN PERSON,YES,NO,,NO,B-1,B,002,011,151,PATA,00032,049013,00006,104,
EARLY,10453404,GEORGE,JONAS,W,,261,LIBERTY ST, ,BLAKELY,GA,39823,261,LIBERTY ST,,BLAKELY,GA,39823,A,A,,10/19/2017,10/19/2017,10/19/2017,IN PERSON,NO,NO,,NO,B-1,B,002,011,151,PATA,00032,049013,00085,195,
EARLY,07752646,BATTLE,GERALDINE,S,,411,DAMASCUS ST,UNIT 41,BLAKELY,GA,39823-2681,411,DAMASCUS ST,UNIT 47,BLAKELY,GA,39823-2681,A,A,,10/12/2017,10/16/2017,10/23/2017,MAILED,YES,NO,DISABLED,NO,B-1,B,002,011,151,PATA,00031,,31034,35,
EARLY,06078322,HARRIS,CLARA,A,,26,BROOK DR, ,BLAKELY,GA,39823,26,BROOK DR,,BLAKELY,GA,39823,A,A,,10/31/2017,10/31/2017,10/31/2017,IN PERSON,NO,NO,,NO,B-1,B,002,011,151,PATA,00032,049013,00210,328,
EARLY,01611794,BAXLEY,KEVIN,A,,29,LAKEWOOD CIR, ,BLAKELY,GA,39823-1564,29,LAKEWOOD CIR,,BLAKELY,GA,39823-1564,A,A,,10/24/2017,10/24/2017,10/24/2017,IN PERSON,NO,NO,,NO,B-2,B,002,011,151,PATA,00052,049013,00143,257,
EARLY,02238497,PRATHER,SARAH,SMITH,,356,HOWELL ST,UNIT 47,BLAKELY,GA,39823-2067,356,HOWELL ST,UNIT 47,BLAKELY,GA,39823-2067,A,A,,10/17/2017,10/17/2017,10/17/2017,IN PERSON,NO,NO,,NO,B-1,B,002,011,151,PATA,00032,049013,00038,141,
EARLY,01616241,ALEXANDER,MAE,MCCOY,,81,WALKER SPRINGS RD, ,BLAKELY,GA,39823-1704,81,WALKER SPRINGS RD,,BLAKELY,GA,39823-1704,A,A,,10/27/2017,10/27/2017,10/27/2017,IN PERSON,NO,NO,,NO,B-1,B,002,011,151,PATA,00032,049013,00182,299,
EARLY,04975942,FOSTER,TAMMY,HALL,,59,E CARRIE CT, ,BLAKELY,GA,39823-2825,59,E CARRIE CT,,BLAKELY,GA,39823-2825,A,A,,10/20/2017,10/20/2017,10/20/2017,IN PERSON,NO,NO,,NO,B-2,B,002,011,151,PATA,00048,049013,00102,212,
EARLY,01616223,KING,THIAS,T,,653,LIBERTY ST, ,BLAKELY,GA,39823,653,LIBERTY ST,,BLAKELY,GA,39823,A,A,,10/20/2017,10/20/2017,10/20/2017,IN PERSON,NO,NO,,NO,B-1,B,002,011,151,PATA,00031,049013,00097,207,
EARLY,02307073,MARTIN,JULIET,JENINETT,,1633,N CHURCH ST, ,BLAKELY,GA,39823-1912,1633,N CHURCH ST,,BLAKELY,GA,39823-1912,A,A,,10/12/2017,10/16/2017,10/23/2017,MAILED,NO,NO,,NO,B-1,B,002,011,151,PATA,00032,,32018,18,
EARLY,06860730,PERRY,PATRICK,CENTELL,,468,LIBERTY ST,UNIT 38,BLAKELY,GA,39823-2665,468,LIBERTY ST,UNIT 38,BLAKELY,GA,39823-2665,A,A,,10/27/2017,10/27/2017,10/27/2017,IN PERSON,NO,NO,,NO,B-1,B,002,011,151,PATA,00032,049013,00185,302,
EARLY,01612182,FIELDS,HELEN,J,,18569,E SOUTH BLVD, ,BLAKELY,GA,39823-3238,18569,E SOUTH BLVD,,BLAKELY,GA,39823-3238,A,A,,10/27/2017,10/27/2017,10/27/2017,IN PERSON,NO,NO,,NO,B-1,B,002,011,151,PATA,00032,049013,00183,300,
EARLY,07749117,HOLMES,NAKETA,SHAVETT,,44,HOLMES LN, ,BLAKELY,GA,39823,44,HOLMES LN,,BLAKELY,GA,39823,A,A,,10/25/2017,10/25/2017,10/25/2017,IN PERSON,NO,NO,,NO,B-1,B,002,011,151,PATA,00032,049013,00154,268,
EARLY,05850104,BOOKER,PRICILLA,ANN,,15,N LANCELOT ST, ,BLAKELY,GA,39823,15,N LANCELOT ST,,BLAKELY,GA,39823,A,A,,10/12/2017,10/16/2017,10/26/2017,MAILED,NO,NO,DISABLED,NO,B-1,B,002,011,151,PATA,00032,,32082,83,
EARLY,06100158,TURNER,BETTY,JEAN,,673,E LIBERTY ST, ,BLAKELY,GA,39823,,P.O. BOX 487,,BLAKELY,GA,39823,A,A,,10/12/2017,10/16/2017,10/27/2017,MAILED,NO,NO,DISABLED,NO,B-1,B,002,011,151,PATA,00032,,32076,77,
EARLY,08599616,PONDER,ARIANA,DENIECE,,40,N LANCELOT ST, ,BLAKELY,GA,39823,40,N LANCELOT ST,,BLAKELY,GA,39823,A,A,,10/30/2017,10/30/2017,10/30/2017,IN PERSON,YES,NO,,NO,B-1,B,002,011,151,PATA,00032,049013,00203,320,
EARLY,04945620,STRINGER,BRANDI,MCCLENDON,,1121,S MAIN ST,APT 12,BLAKELY,GA,39823,1121,S MAIN ST,APT 12,BLAKELY,GA,39823,A,A,,10/16/2017,10/16/2017,10/16/2017,IN PERSON,NO,NO,,NO,B-2,B,002,011,151,PATA,00051,049013,00028,130,
EARLY,04253318,SOL,EDDIE,WALTER,,1680,N CHURCH ST, ,BLAKELY,GA,39823-1911,1690,N CHURCH ST,,BLAKELY,GA,39823-1911,A,A,,10/12/2017,10/16/2017,10/26/2017,MAILED,NO,NO,,NO,B-1,B,002,011,151,PATA,00032,,32001,1,
EARLY,02491164,HOUSTON,IDA,MAE,,19292,E SOUTH BLVD, ,BLAKELY,GA,39823-3340,19292,E SOUTH BLVD,,BLAKELY,GA,39823-3340,A,A,,10/20/2017,10/20/2017,11/02/2017,MAILED,NO,NO,DISABLED,NO,B-1,B,002,011,151,PATA,00031,,32110,222,
EARLY,11433309,HENDERSON,KIMBERLY,,,18868,E SOUTH BLVD, ,BLAKELY,GA,39823,18868,E SOUTH BLVD,,BLAKELY,GA,39823,A,A,,10/12/2017,10/16/2017,10/23/2017,MAILED,YES,NO,,NO,B-1,B,002,011,151,PATA,00031,,31092,93,
EARLY,01616475,THORNTON,JANE,C,,251,LIBERTY ST, ,BLAKELY,GA,39823,251,LIBERTY ST,,BLAKELY,GA,39823,A,C,Ballot was Undelivered,10/12/2017,10/16/2017,11/01/2017,MAILED,NO,NO,DISABLED,NO,B-1,B,002,011,151,PATA,00032,,32040,41,
EARLY,10419587,WALLACE,VIOLA,,,480,CHARLOTTE DR,APT B,BLAKELY,GA,39823,,PO BOX 914,,BLAKELY,GA,39823-0914,A,A,,10/16/2017,10/16/2017,10/16/2017,IN PERSON,NO,NO,,NO,B-1,B,002,011,151,PATA,00031,049013,00011,109,
EARLY,03661270,OGDEN,MARJORIE,W,,1672,N CHURCH ST, ,BLAKELY,GA,39823-1911,1672,N CHURCH ST,,BLAKELY,GA,39823-1911,A,A,,10/12/2017,10/16/2017,10/19/2017,MAILED,NO,NO,ELDERLY,NO,B-1,B,002,011,151,PATA,00032,,32068,69,
EARLY,01613162,THOMAS,JAMIE,,,193,WALKER SPRINGS RD, ,BLAKELY,GA,39823-1707,193,WALKER SPRINGS RD,,BLAKELY,GA,39823-1707,A,A,,10/27/2017,10/27/2017,10/27/2017,IN PERSON,NO,NO,,NO,B-1,B,002,011,151,PATA,00032,049013,00187,304,
EARLY,01612062,DAVIS,REBECCA,JEAN,,118,JOHNSON ST, ,BLAKELY,GA,39823-2652,118,JOHNSON ST,,BLAKELY,GA,39823-2652,A,A,,10/16/2017,10/16/2017,10/16/2017,IN PERSON,NO,NO,,NO,B-1,B,002,011,151,PATA,00032,049013,00016,118,
EARLY,05528689,OFTON,JENNIFER,DENEICE,,629,S BAY ST, ,BLAKELY,GA,39823-2629,629,S BAY ST,,BLAKELY,GA,39823-2629,A,A,,10/26/2017,10/26/2017,10/26/2017,IN PERSON,NO,NO,,NO,B-1,B,002,011,151,PATA,00032,049013,00177,294,
EARLY,01611804,BEDELL,MARY,HUCKABAY,,207,ARNALL BLVD, ,BLAKELY,GA,39823-2937,207,ARNALL BLVD,,BLAKELY,GA,39823-2937,A,A,,11/01/2017,11/01/2017,11/01/2017,IN PERSON,NO,NO,,NO,B-2,B,002,011,151,PATA,00048,049013,00239,358,
EARLY,04973255,RYAN,DAVID,ALVIN,,100,CEDAR AVE, ,BLAKELY,GA,39823,100,CEDAR AVE,,BLAKELY,GA,39823,A,A,,10/31/2017,10/31/2017,10/31/2017,IN PERSON,NO,NO,,NO,B-2,B,002,011,151,PATA,00048,049013,00229,348,
EARLY,01615588,WADE,SANDRA,ANNE,,137,E BUTLER AVE, ,BLAKELY,GA,39823-2050,,PO BOX 844,,BLAKELY,GA,39823-0084,A,A,,10/20/2017,10/20/2017,10/20/2017,IN PERSON,NO,NO,,NO,B-1,B,002,011,151,PATA,00032,049013,00101,211,
EARLY,06658216,FREEMAN,EBONY,SHAREE,,468,LIBERTY ST,UNIT 41,BLAKELY,GA,39823-2665,468,LIBERTY ST,UNIT 41,BLAKELY,GA,39823-2665,A,A,,11/03/2017,11/03/2017,11/03/2017,IN PERSON,NO,NO,,NO,B-1,B,002,011,151,PATA,00032,049013,00283,405,
EARLY,01611885,BROWNLEE,ROBERT,,,481,LAKEWOOD DR, ,BLAKELY,GA,39823-1578,481,LAKEWOOD DR,,BLAKELY,GA,39823-1578,A,A,,11/02/2017,11/02/2017,11/02/2017,IN PERSON,NO,NO,,NO,B-2,B,002,011,151,PATA,00052,049013,00273,395,
EARLY,00591805,HOLLEY,CORNELIA,BAXLEY,,671,MEADOWBROOK DR,B,BLAKELY,GA,39823,671,MEADOWBROOK DR,B,BLAKELY,GA,39823,A,A,,11/02/2017,11/02/2017,11/02/2017,IN PERSON,NO,NO,,NO,B-2,B,002,011,151,PATA,00052,049013,00264,386,
EARLY,05818703,LINDSEY,LASANDRA,D,,162,MULBERRY LN, ,BLAKELY,GA,39823-2171,162,MULBERRY LN,,BLAKELY,GA,39823-2171,A,A,,10/19/2017,10/19/2017,10/19/2017,IN PERSON,NO,NO,,NO,B-1,B,002,011,151,PATA,00032,049013,00091,201,
EARLY,01611911,BUTLER,ANNETTE,H,,70,ANNETTE LN, ,BLAKELY,GA,39823-1657,70,ANNETTE LN,,BLAKELY,GA,39823-1657,A,A,,10/27/2017,10/27/2017,10/27/2017,IN PERSON,NO,NO,,NO,B-1,B,002,011,151,PATA,00032,049013,00180,297,
EARLY,01612366,HARVIN,CAMILLE,H,,11811,COLUMBIA ST, ,BLAKELY,GA,39823-2578,11811,COLUMBIA ST,,BLAKELY,GA,39823-2578,A,A,,11/01/2017,11/01/2017,11/01/2017,IN PERSON,NO,NO,,NO,B-2,B,002,011,151,PATA,00052,049013,00233,352,
EARLY,05636401,KORNEGAY,RICHARD,KYLE,,66,LEE ST, ,BLAKELY,GA,39823,66,LEE ST,,BLAKELY,GA,39823,A,A,,10/16/2017,10/16/2017,10/16/2017,IN PERSON,NO,NO,,NO,B-2,B,002,011,151,PATA,00052,049013,00002,100,
EARLY,01612902,PETERS,JOY,CHILES,,15003,RIVER ST, ,BLAKELY,GA,39823-2421,,PO BOX 523,,BLAKELY,GA,39823-0056,A,A,,11/01/2017,11/01/2017,11/03/2017,MAILED,NO,NO,ELDERLY,NO,B-2,B,002,011,151,PATA,00052,,52003,363,
EARLY,04901148,GEORGE,DALEMETRIA,R,,356,HOWELL ST,10,BLAKELY,GA,39823,356,HOWELL ST,10,BLAKELY,GA,39823,A,A,,11/03/2017,11/03/2017,11/03/2017,IN PERSON,NO,NO,,NO,B-1,B,002,011,151,PATA,00032,049013,00324,446,
EARLY,06107404,KIMBROUGH,HELLEN,BURNETTE,,236,FORT GAINES ST,A,BLAKELY,GA,39823,236,FORT GAINES ST,A,BLAKELY,GA,39823,A,A,,10/12/2017,10/16/2017,10/25/2017,MAILED,NO,NO,,NO,B-1,B,002,011,151,PATA,00032,,32071,72,
EARLY,01612326,HALL,RIC,D,,12644,MAGNOLIA ST, ,BLAKELY,GA,39823-2312,12644,MAGNOLIA ST,,BLAKELY,GA,39823-2312,A,A,,11/01/2017,11/01/2017,11/01/2017,IN PERSON,NO,NO,,NO,B-1,B,002,011,151,PATA,00032,049013,00254,376,
EARLY,04278296,RANSOM,PATSY,,,1005,N CHURCH ST, ,BLAKELY,GA,39823-2216,1005,N CHURCH ST,,BLAKELY,GA,39823-2216,A,A,,11/02/2017,11/02/2017,11/02/2017,IN PERSON,YES,NO,,NO,B-1,B,002,011,151,PATA,00032,049013,00270,392,
EARLY,01612486,HUTCHINS,ALICE,K,,51,WALKER SPRINGS RD, ,BLAKELY,GA,39823-1704,51,WALKER SPRINGS RD,,BLAKELY,GA,39823-1704,A,A,,11/03/2017,11/03/2017,11/03/2017,IN PERSON,NO,NO,,NO,B-1,B,002,011,151,PATA,00032,049013,00323,445,
EARLY,05828669,GREGOIRE,LESLIE,WALL,,1319,N MAIN ST, ,BLAKELY,GA,39823-1521,1319,N MAIN ST,,BLAKELY,GA,39823-1521,A,A,,11/03/2017,11/03/2017,11/03/2017,IN PERSON,NO,NO,,NO,B-2,B,002,011,151,PATA,00048,049013,00325,447,
EARLY,01616700,LEE,MARY,LIZZIE,,934,HOWELL ST, ,BLAKELY,GA,39823-1721,934,HOWELL ST,,BLAKELY,GA,39823-1721,A,A,,10/19/2017,10/19/2017,10/19/2017,IN PERSON,NO,NO,,NO,B-1,B,002,011,151,PATA,00032,049013,00080,189,
EARLY,01612887,PAYTON,JANET,A,,357,LAKEWOOD DR, ,BLAKELY,GA,39823-1576,1450,N MAIN ST,,BLAKELY,GA,39823-0162,A,A,,10/18/2017,10/18/2017,10/18/2017,IN PERSON,NO,NO,,NO,B-2,B,002,011,151,PATA,00052,049013,00063,171,
EARLY,01613108,STARR,ANGELA,B,,85,WILLOW GLEN DR, ,BLAKELY,GA,39823-3701,85,WILLOW GLEN DR,,BLAKELY,GA,39823-3701,A,A,,10/24/2017,10/24/2017,10/24/2017,IN PERSON,NO,NO,,NO,B-2,B,002,011,151,PATA,00051,049013,00138,252,
EARLY,07748540,EARLY,DOROTHY,STEVENS,,19174,E SOUTH BLVD, ,BLAKELY,GA,39823-3338,19174,E SOUTH BLVD,,BLAKELY,GA,39823-3338,A,A,,10/12/2017,10/16/2017,10/23/2017,MAILED,NO,NO,,NO,B-1,B,002,011,151,PATA,00031,,31006,6,
EARLY,03370845,CROZIER,JAMES,RICHARD,,66,LEE ST, ,BLAKELY,GA,39823,66,LEE ST,,BLAKELY,GA,39823,A,A,,10/19/2017,10/19/2017,10/19/2017,IN PERSON,NO,NO,,NO,B-2,B,002,011,151,PATA,00052,049013,00084,194,
EARLY,04530750,ALLRED,MICHAEL,JACKSON,,222,S CHURCH ST, ,BLAKELY,GA,39823-3905,222,S CHURCH ST,,BLAKELY,GA,39823-3905,A,A,,11/03/2017,11/03/2017,11/03/2017,IN PERSON,NO,NO,,NO,B-2,B,002,011,151,PATA,00048,049013,00313,435,
EARLY,01611833,BRANK,ELLEN,JUDITH,,160,ARNALL BLVD, ,BLAKELY,GA,39823-2935,160,ARNALL BLVD,,BLAKELY,GA,39823-2935,A,A,,11/02/2017,11/02/2017,11/02/2017,IN PERSON,NO,NO,,NO,B-2,B,002,011,151,PATA,00048,049013,00268,390,
EARLY,03981133,JACKSON,BRUCE,BERNARD,,411,HOWELL ST, ,BLAKELY,GA,39823-2011,411,HOWELL ST,,BLAKELY,GA,39823-2011,A,A,,11/03/2017,11/03/2017,11/03/2017,IN PERSON,NO,NO,,NO,B-1,B,002,011,151,PATA,00032,049013,00301,423,
EARLY,01615317,JAMES,LINDA,SHEFFIELD,,350,BLAKELY COMMONS CIR, ,BLAKELY,GA,39823-1983,350,BLAKELY COMMONS CIR,,BLAKELY,GA,39823-1983,A,A,,11/02/2017,11/02/2017,11/02/2017,IN PERSON,NO,NO,,NO,B-1,B,002,011,151,PATA,00032,049013,00275,397,
EARLY,01613081,SMITH,MERLENE,MCGOWAN,,33,BARTON ST, ,BLAKELY,GA,39823-2516,33,BARTON ST,,BLAKELY,GA,39823-2516,A,A,,10/27/2017,10/27/2017,10/27/2017,IN PERSON,NO,NO,,NO,B-1,B,002,011,151,PATA,00053,049013,00189,306,
EARLY,04735404,KEGLER,KELIAH,KENYATTA,,233,DEAN AVE, ,BLAKELY,GA,39823,,P.O. BOX 461,,BLAKELY,GA,39823,A,A,,10/30/2017,10/30/2017,10/30/2017,IN PERSON,NO,NO,,NO,B-1,B,002,011,151,PATA,00032,049013,00205,323,
EARLY,10698715,HARDEMAN,JAMES,RUSSELL,,11740,COLUMBIA ST, ,BLAKELY,GA,39823,11740,COLUMBIA ST,,BLAKELY,GA,39823,A,A,,10/18/2017,10/18/2017,10/18/2017,IN PERSON,NO,NO,,NO,B-2,B,002,011,151,PATA,00052,049013,00060,168,
EARLY,04977022,GRUBER,MARY,ALICE,,280,S CENTRAL AVE, ,BLAKELY,GA,39823-1531,280,S CENTRAL AVE,,BLAKELY,GA,39823-1531,A,A,,11/03/2017,11/03/2017,11/03/2017,IN PERSON,NO,NO,,NO,B-2,B,002,011,151,PATA,00048,049013,00295,417,
EARLY,01612800,MURKERSON,BRENDA,M,,1114,DAMASCUS ST, ,BLAKELY,GA,39823-3316,1114,DAMASCUS ST,,BLAKELY,GA,39823-3316,A,A,,11/03/2017,11/03/2017,11/03/2017,IN PERSON,NO,NO,,NO,B-1,B,002,011,151,PATA,00053,049013,00299,421,
EARLY,07278794,WEST,LEVORNE,REED,,386,HOGAN AVE, ,BLAKELY,GA,39823-3110,386,HOGAN AVE,,BLAKELY,GA,39823-3110,A,A,,10/20/2017,10/20/2017,10/20/2017,IN PERSON,NO,NO,,NO,B-1,B,002,011,151,PATA,00032,049013,00112,223,
EARLY,07072799,WILLIAMS,THEOTIS,,,468,LIBERTY ST,APT 12,BLAKELY,GA,39823,468,LIBERTY ST,APT 12,BLAKELY,GA,39823,A,A,,10/17/2017,10/18/2017,10/23/2017,MAILED,NO,NO,,NO,B-1,B,002,011,151,PATA,00032,,32107,156,
EARLY,05823678,OFTON,MONIK,SHONVELLE,,468,LIBERTY ST,UNIT 11,BLAKELY,GA,39823,468,LIBERTY ST,UNIT 11,BLAKELY,GA,39823,A,A,,10/19/2017,10/20/2017,10/23/2017,MAILED,YES,NO,,NO,B-1,B,002,011,151,PATA,00032,,32108,188,
EARLY,04580389,ADAMS,CAROLYN,DORSEY,,129,LOVE ST, ,BLAKELY,GA,39823,129,LOVE ST,,BLAKELY,GA,39823,A,A,,11/03/2017,11/03/2017,11/03/2017,IN PERSON,NO,NO,,NO,B-2,B,002,011,151,PATA,00051,049013,00290,412,
EARLY,01615802,SOL,LATONIA,LASHON,,1680,N CHURCH ST, ,BLAKELY,GA,39823,1680,N CHURCH ST,,BLAKELY,GA,39823,A,A,,10/19/2017,10/19/2017,10/19/2017,IN PERSON,NO,NO,,NO,B-1,B,002,011,151,PATA,00032,049013,00074,182,
EARLY,11479103,THORNTON,MALIK,,,356,HOWELL ST,APT 43,BLAKELY,GA,39823,356,HOWELL ST,APT 43,BLAKELY,GA,39823,A,A,,10/19/2017,10/19/2017,10/19/2017,IN PERSON,NO,NO,,NO,B-1,B,002,011,151,PATA,00032,049013,00076,184,
EARLY,07567891,TOLBERT,LASONDRA,M,,285,LIBERTY ST,APT B,BLAKELY,GA,39823,285,LIBERTY ST,APT B,BLAKELY,GA,39823,A,A,,10/23/2017,10/23/2017,10/23/2017,IN PERSON,YES,NO,,NO,B-1,B,002,011,151,PATA,00032,049013,00129,241,
EARLY,05133614,DAVIS,LEMORRIS,,,31,W CARRIE CT, ,BLAKELY,GA,39823-2820,31,W CARRIE CT,,BLAKELY,GA,39823-2820,A,A,,10/20/2017,10/20/2017,10/20/2017,IN PERSON,NO,NO,,NO,B-2,B,002,011,151,PATA,00048,049013,00104,214,
EARLY,04638051,PANKSTON,PINKIE,,,115,HOGAN AVE, ,BLAKELY,GA,39823-3105,115,HOGAN AVE,,BLAKELY,GA,39823-3105,A,A,,04/05/2016,10/16/2017,10/23/2017,MAILED,YES,NO,DISABLED,NO,B-1,B,002,011,151,PATA,00032,,32048,49,
EARLY,04975333,MITCHELL,STACY,DENISE,,1121,S MAIN ST,UNIT 7,BLAKELY,GA,39823-3650,1121,S MAIN ST,UNIT 7,BLAKELY,GA,39823-3650,A,A,,10/16/2017,10/16/2017,10/16/2017,IN PERSON,NO,NO,,NO,B-2,B,002,011,151,PATA,00051,049013,00021,123,
EARLY,04813845,STRINGER,MARK,,,191,E BUTLER AVE,UNIT 23,BLAKELY,GA,39823,191,E BUTLER AVE,UNIT 23,BLAKELY,GA,39823,A,A,,10/16/2017,10/16/2017,10/16/2017,IN PERSON,YES,NO,,NO,B-1,B,002,011,151,PATA,00032,049013,00027,129,
EARLY,07587698,MCCLENDON,DESIREE,L,,17821,CEDAR SPRINGS RD,APT. 55,BLAKELY,GA,39823,17821,CEDAR SPRINGS RD,APT. 55,BLAKELY,GA,39823,A,A,,10/18/2017,10/18/2017,10/18/2017,IN PERSON,NO,NO,,NO,B-2,B,002,011,151,PATA,00048,049013,00066,174,
EARLY,07800995,LEE,NICOLAS,A,,331,LEE ST, ,BLAKELY,GA,39823-2103,331,LEE ST,,BLAKELY,GA,39823-2103,A,A,,10/16/2017,10/16/2017,10/16/2017,IN PERSON,YES,NO,,NO,B-1,B,002,011,151,PATA,00032,049013,00023,125,
EARLY,05528829,REED,DAWN,MARIE,,15,LINDA DR, ,BLAKELY,GA,39823,,PO BOX 931,,BLAKELY,GA,39823,A,A,,10/20/2017,10/20/2017,10/20/2017,IN PERSON,NO,NO,,NO,B-2,B,002,011,151,PATA,00048,049013,00110,220,
EARLY,11448811,BYNES,SIMONE,,,981,DAMASCUS ST, ,BLAKELY,GA,39823,981,DAMASCUS ST,,BLAKELY,GA,39823,A,C,Rejected Ballot that has been re-issued,10/12/2017,10/16/2017,10/24/2017,MAILED,NO,NO,,NO,B-1,B,002,011,151,PATA,00053,,53093,94,
EARLY,06952435,HARRIS,SHEILA,ANN,,183,WASHINGTON AVE, ,BLAKELY,GA,39823-2127,183,WASHINGTON AVE,,BLAKELY,GA,39823-2127,A,A,,10/12/2017,10/16/2017,10/26/2017,MAILED,NO,NO,,NO,B-1,B,002,011,151,PATA,00032,,32088,89,
EARLY,08684823,LINDSEY,LATOYA,C,,390,BLAKELY COMMONS CIR, ,BLAKELY,GA,39823-1983,390,BLAKELY COMMONS CIR,,BLAKELY,GA,39823-1983,A,A,,10/12/2017,10/16/2017,10/23/2017,MAILED,NO,NO,,NO,B-1,B,002,011,151,PATA,00032,,32029,30,
EARLY,01611996,COLLINS,TERRELL,,,7364,OLD LUCILE RD, ,BLAKELY,GA,39823-3753,7364,OLD LUCILE RD,,BLAKELY,GA,39823-3753,A,A,,10/23/2017,10/23/2017,10/23/2017,IN PERSON,NO,NO,,NO,B-2,B,002,011,151,PATA,00051,049013,00124,236,
EARLY,08286237,SOL,MARTHA,,,1690,N CHURCH ST, ,BLAKELY,GA,39823-1911,1690,N CHURCH ST,,BLAKELY,GA,39823-1911,A,A,,10/12/2017,10/16/2017,10/23/2017,MAILED,NO,NO,ELDERLY,NO,B-1,B,002,011,151,PATA,00032,,32086,87,
EARLY,06119434,WIMBERLY,PINKIE,LEE,,1318,N MAIN ST, ,BLAKELY,GA,39823,1318,N MAIN ST,,BLAKELY,GA,39823,A,A,,10/30/2017,10/30/2017,10/30/2017,IN PERSON,YES,NO,,NO,B-1,B,002,011,151,PATA,00032,049013,00206,324,
EARLY,01612888,PAYTON,KENNETH,R,,357,LAKEWOOD DR, ,BLAKELY,GA,39823-1576,1450,N MAIN ST,,BLAKELY,GA,39823-0162,A,A,,10/18/2017,10/18/2017,10/18/2017,IN PERSON,NO,NO,,NO,B-2,B,002,011,151,PATA,00052,049013,00058,166,
EARLY,01614238,THOMPSON,TONEY,JAMES,,73,TOLBERT DR, ,BLAKELY,GA,39823-1610,,PO BOX 689,,BLAKELY,GA,39823-0068,A,A,,10/25/2017,10/25/2017,10/25/2017,IN PERSON,NO,NO,,NO,B-1,B,002,011,151,PATA,00032,049013,00148,262,
EARLY,01613346,YOUNG,GENEVA,G,,7298,OLD LUCILE RD, ,BLAKELY,GA,39823-3752,7298,OLD LUCILE RD,,BLAKELY,GA,39823-3752,A,A,,11/01/2017,11/01/2017,11/01/2017,IN PERSON,NO,NO,,NO,B-2,B,002,011,151,PATA,00051,049013,00231,350,
EARLY,02238418,HALL,MACK,,JR,69,WALKER SPRINGS RD, ,BLAKELY,GA,39823-1704,69,WALKER SPRINGS RD,,BLAKELY,GA,39823-1704,A,A,,11/01/2017,11/01/2017,11/01/2017,IN PERSON,NO,NO,,NO,B-1,B,002,011,151,PATA,00032,049013,00242,361,
EARLY,04414067,DAVIS,REGINA,LYLES,,571,JESSE JOHNSON DR,UNIT A,BLAKELY,GA,39823,571,JESSE JOHNSON DR,UNIT A,BLAKELY,GA,39823,A,A,,10/19/2017,10/19/2017,10/19/2017,IN PERSON,NO,NO,,NO,B-1,B,002,011,151,PATA,00031,049013,00094,204,
EARLY,06619858,LEE,PERRY,,,199,E RAILROAD LN, ,BLAKELY,GA,39823-2075,,PO BOX 932,,BLAKELY,GA,39823-0093,A,A,,10/19/2017,10/19/2017,10/19/2017,IN PERSON,NO,NO,,NO,B-1,B,002,011,151,PATA,00032,049013,00077,185,
EARLY,11076013,PARKER,ANNIE,STELLE,,1529,N CHURCH ST, ,BLAKELY,GA,39823,1529,N CHURCH ST,,BLAKELY,GA,39823,A,A,,11/03/2017,11/03/2017,11/03/2017,IN PERSON,NO,NO,,NO,B-1,B,002,011,151,PATA,00032,049013,00291,413,
EARLY,03832110,BRYANT,WILLIE,FRANK,,342,JESSE JOHNSON DR, ,BLAKELY,GA,39823,,PO BOX 124,,BLAKELY,GA,39823-0012,A,A,,11/03/2017,11/03/2017,11/03/2017,IN PERSON,NO,NO,,NO,B-1,B,002,011,151,PATA,00032,049013,00289,411,
EARLY,06860884,LINDSEY,JOYCE,GEORGE,,473,LIBERTY ST, ,BLAKELY,GA,39823-2611,473,LIBERTY ST,,BLAKELY,GA,39823-2611,A,A,,11/03/2017,11/03/2017,11/03/2017,IN PERSON,NO,NO,,NO,B-1,B,002,011,151,PATA,00032,049013,00307,429,
EARLY,01613068,SINGLETARY,JAMES,STEPHEN,,281,MILL PLACE DR, ,BLAKELY,GA,39823-1757,281,MILL PLACE DR,,BLAKELY,GA,39823-1757,A,A,,11/03/2017,11/03/2017,11/03/2017,IN PERSON,NO,NO,,NO,B-2,B,002,011,151,PATA,00052,049013,00306,428,
EARLY,01612726,MIDDLETON,CHARLES,THOMAS,,303,LAKEWOOD DR, ,BLAKELY,GA,39823-1576,303,LAKEWOOD DR,,BLAKELY,GA,39823-1576,A,A,,10/23/2017,10/23/2017,10/23/2017,IN PERSON,NO,NO,,NO,B-2,B,002,011,151,PATA,00052,049013,00122,233,
EARLY,01611988,COLLIER,ROBERT,W,SR,86,MCDOWELL ST, ,BLAKELY,GA,39823-2723,86,MCDOWELL ST,,BLAKELY,GA,39823-2723,A,A,,11/02/2017,11/02/2017,11/02/2017,IN PERSON,NO,NO,,NO,B-2,B,002,011,151,PATA,00052,049013,00267,389,
EARLY,01612607,KING,QUEEN,ESTER,,780,HOWELL ST,G-2,BLAKELY,GA,39823-1717,780,HOWELL ST,G-2,BLAKELY,GA,39823-1717,A,A,,10/20/2017,10/20/2017,10/20/2017,IN PERSON,NO,NO,,NO,B-1,B,002,011,151,PATA,00032,049013,00095,205,
EARLY,01612901,PETERS,WILLIAM,J,,15003,RIVER ST, ,BLAKELY,GA,39823-2421,,PO BOX 523,,BLAKELY,GA,39823-0056,A,A,,11/01/2017,11/01/2017,11/03/2017,MAILED,NO,NO,DISABLED,NO,B-2,B,002,011,151,PATA,00052,,52004,364,
EARLY,06619861,TINSON,CARRIE,,,762,HOWELL ST, ,BLAKELY,GA,39823-1717,762,HOWELL ST,,BLAKELY,GA,39823-1717,A,A,,11/03/2017,11/03/2017,11/03/2017,IN PERSON,NO,NO,,NO,B-1,B,002,011,151,PATA,00032,049013,00286,408,
EARLY,06088254,LEE,WILMA,JOYCE,,1121,S MAIN ST,UNIT 8,BLAKELY,GA,39823-3650,1121,S MAIN ST,UNIT 8,BLAKELY,GA,39823-3650,A,A,,10/16/2017,10/16/2017,10/16/2017,IN PERSON,NO,NO,,NO,B-2,B,002,011,151,PATA,00051,049013,00018,120,
EARLY,06621853,MCCOY,ALEX,,,75,N WILLIAMS ST, ,BLAKELY,GA,39823,75,N WILLIAMS ST,,BLAKELY,GA,39823,A,A,,11/03/2017,11/03/2017,11/03/2017,IN PERSON,NO,NO,,NO,B-1,B,002,011,151,PATA,00032,049013,00285,407,
EARLY,03679118,MARSHALL,MITCHELL,,,18931,E SOUTH BLVD, ,BLAKELY,GA,39823-3335,18931,E SOUTH BLVD,,BLAKELY,GA,39823-3335,A,A,,10/12/2017,10/16/2017,10/23/2017,MAILED,YES,NO,,NO,B-1,B,002,011,151,PATA,00031,,31051,52,
EARLY,04813814,BLACKMON,ALBERTA,H,,468,LIBERTY ST,UNIT 22,BLAKELY,GA,39823-2664,468,LIBERTY ST,UNIT 22,BLAKELY,GA,39823-2664,A,A,,10/25/2017,10/25/2017,10/25/2017,IN PERSON,NO,NO,,NO,B-1,B,002,011,151,PATA,00032,049013,00150,264,
EARLY,07513260,LINDSEY,CURTIS,,JR,1046,HOWELL ST, ,BLAKELY,GA,39823-1722,1046,HOWELL ST,,BLAKELY,GA,39823-1722,A,A,,10/23/2017,10/23/2017,10/23/2017,IN PERSON,NO,NO,,NO,B-1,B,002,011,151,PATA,00032,049013,00123,235,
EARLY,01612411,HOLLEY,SARAH,LOUISE,,1023,ARLINGTON AVE, ,BLAKELY,GA,39823-2363,1023,ARLINGTON AVE,,BLAKELY,GA,39823-2363,A,A,,11/01/2017,11/01/2017,11/01/2017,IN PERSON,NO,NO,,NO,B-1,B,002,011,151,PATA,00032,049013,00256,378,
EARLY,06100137,WASHINGTON,PATRICIA,SMITH,,165,CHATTAHOOCHEE AVE,APT. E,BLAKELY,GA,39823,165,CHATTAHOOCHEE AVE,APT. E,BLAKELY,GA,39823,A,A,,10/19/2017,10/19/2017,10/19/2017,IN PERSON,NO,NO,,NO,B-2,B,002,011,151,PATA,00048,049013,00082,191,
EARLY,01613235,WATSON,JACK,,,305,CLUB DR, ,BLAKELY,GA,39823-3827,305,CLUB DR,,BLAKELY,GA,39823-3827,A,A,,11/03/2017,11/03/2017,11/03/2017,IN PERSON,NO,NO,,NO,B-2,B,002,011,151,PATA,00051,049013,00326,448,
EARLY,01612852,MCNEAL,LYSLE,E,,188,WOODLAWN DR, ,BLAKELY,GA,39823-1650,188,WOODLAWN DR,,BLAKELY,GA,39823-1650,A,A,,11/01/2017,11/01/2017,11/01/2017,IN PERSON,NO,NO,,NO,B-2,B,002,011,151,PATA,00048,049013,00251,372,
EARLY,01614568,HOLMES,EARLENE,,,163,HOWELL ST, ,BLAKELY,GA,39823-2069,163,HOWELL ST,,BLAKELY,GA,39823-2069,A,A,,11/02/2017,11/02/2017,11/02/2017,IN PERSON,NO,NO,,NO,B-1,B,002,011,151,PATA,00032,049013,00271,393,
EARLY,02240156,DIXON,SHANDON,LASHON,,57,S WILLIAMS ST, ,BLAKELY,GA,39823,57,S WILLIAMS ST,,BLAKELY,GA,39823,A,A,,11/01/2017,11/01/2017,11/01/2017,IN PERSON,NO,NO,,NO,B-1,B,002,011,151,PATA,00032,049013,00247,368,
EARLY,06090898,JOHNSON,MERLENE,,,1544,N CHURCH ST, ,BLAKELY,GA,39823,1544,N CHURCH ST,,BLAKELY,GA,39823,A,A,,10/12/2017,10/16/2017,10/25/2017,MAILED,YES,NO,DISABLED,NO,B-1,B,002,011,151,PATA,00032,,32060,61,
EARLY,06859001,GLENN,TRAVIS,SINTAIL,,18420,E SOUTH BLVD,LOT 24,BLAKELY,GA,39823,18420,E SOUTH BLVD,LOT 24,BLAKELY,GA,39823,A,A,,10/19/2017,10/19/2017,10/19/2017,IN PERSON,NO,NO,,NO,B-2,B,002,011,151,PATA,00051,049013,00069,177,
EARLY,01612967,RAINGE,JUANITA,,,84,EVERGREEN AVE, ,BLAKELY,GA,39823-3114,84,EVERGREEN AVE,,BLAKELY,GA,39823-3114,A,A,,10/23/2017,10/24/2017,10/31/2017,MAILED,YES,NO,DISABLED,NO,B-1,B,002,011,151,PATA,00032,,32112,250,
EARLY,10107625,REED,LILLIAN,P,,284,WASHINGTON AVE, ,BLAKELY,GA,39823,284,WASHINGTON AVE,,BLAKELY,GA,39823,A,A,,10/26/2017,10/26/2017,10/26/2017,IN PERSON,NO,NO,,NO,B-1,B,002,011,151,PATA,00032,049013,00171,286,
EARLY,06090808,COLLIER,JAMMEY,LEE,,288,PALMETTO AVE, ,BLAKELY,GA,39823-3148,288,PALMETTO AVE,,BLAKELY,GA,39823-3148,A,A,,10/25/2017,10/25/2017,10/25/2017,IN PERSON,NO,NO,,NO,B-1,B,002,011,151,PATA,00032,049013,00147,261,
EARLY,02242211,REED,CATHY,,,450,JESSE JOHNSON DR, ,BLAKELY,GA,39823-3216,450,JESSE JOHNSON DR,,BLAKELY,GA,39823-3216,A,A,,10/12/2017,10/16/2017,10/30/2017,MAILED,NO,NO,,NO,B-1,B,002,011,151,PATA,00032,,32005,5,
EARLY,07752202,RICKS,ROSA,MAE,,95,BROOK DR, ,BLAKELY,GA,39823,95,BROOK DR,,BLAKELY,GA,39823,A,A,,10/17/2017,10/17/2017,10/17/2017,IN PERSON,YES,NO,,NO,B-1,B,002,011,151,PATA,00032,049013,00047,152,
EARLY,04532800,DAVIS,NATASHA,CHARITA,,316,JESSE JOHNSON DR, ,BLAKELY,GA,39823-3158,316,JESSE JOHNSON DR,,BLAKELY,GA,39823-3158,A,A,,11/03/2017,11/03/2017,11/03/2017,IN PERSON,NO,NO,,NO,B-1,B,002,011,151,PATA,00032,049013,00317,439,
EARLY,04633488,HUDLEY,DORA,LEE,,693,LIBERTY ST, ,BLAKELY,GA,39823-2615,693,LIBERTY ST,,BLAKELY,GA,39823-2615,A,A,,10/12/2017,10/16/2017,10/25/2017,MAILED,NO,NO,DISABLED,NO,B-1,B,002,011,151,PATA,00031,,31052,53,
EARLY,10319755,EAFORD,DONTAVIS,CORNELIUS,,16,CHIPSTEAD AVE, ,BLAKELY,GA,39823,16,CHIPSTEAD AVE,,BLAKELY,GA,39823,A,A,,10/20/2017,10/20/2017,10/20/2017,IN PERSON,NO,NO,,NO,B-1,B,002,011,151,PATA,00032,049013,00103,213,
EARLY,04622710,LEWIS,TEKETA,CLAIR,,468,LIBERTY ST,UNIT 46,BLAKELY,GA,39823-2665,468,LIBERTY ST,UNIT 46,BLAKELY,GA,39823-2665,A,A,,10/18/2017,10/18/2017,10/18/2017,IN PERSON,NO,NO,,NO,B-1,B,002,011,151,PATA,00032,049013,00051,159,
EARLY,11260712,DAVIS,WILLIAM,HENRY,III,1316,DAMASCUS ST, ,BLAKELY,GA,39823,,P.O. BOX 51,,BLAKELY,GA,39823,A,A,,10/19/2017,10/19/2017,10/19/2017,IN PERSON,NO,NO,,NO,B-1,B,002,011,151,PATA,00053,049013,00086,196,
EARLY,05322615,THORNTON,HELON,RENEE,,356,HOWELL ST,APT 43,BLAKELY,GA,39823,356,HOWELL ST,APT 43,BLAKELY,GA,39823,A,A,,10/23/2017,10/23/2017,11/02/2017,MAILED,NO,NO,,NO,B-1,B,002,011,151,PATA,00032,,32111,234,
EARLY,04735453,BANKSTON,MARIE,,,629,S BAY ST, ,BLAKELY,GA,39823-2629,629,S BAY ST,,BLAKELY,GA,39823-2629,A,A,,10/12/2017,10/16/2017,10/27/2017,MAILED,NO,NO,DISABLED,NO,B-1,B,002,011,151,PATA,00032,,32010,10,
EARLY,05528697,SMITH,LAKESHA,DASHON,,356,HOWELL ST,UNIT 52,BLAKELY,GA,39823-2068,356,HOWELL ST,UNIT 52,BLAKELY,GA,39823-2068,A,A,,11/03/2017,11/03/2017,11/03/2017,IN PERSON,NO,NO,,NO,B-1,B,002,011,151,PATA,00032,049013,00312,434,
EARLY,01611708,ADAMS,BILLY,,,85,W CARRIE CT, ,BLAKELY,GA,39823-2820,,PO BOX 506,,BLAKELY,GA,39823-0050,A,A,,11/02/2017,11/02/2017,11/02/2017,IN PERSON,NO,NO,,NO,B-2,B,002,011,151,PATA,00048,049013,00272,394,
EARLY,02177307,ODOBO,GERALDINE,JOHNSON,,376,PALMETTO AVE, ,BLAKELY,GA,39823,376,PALMETTO AVE,,BLAKELY,GA,39823,A,A,,10/19/2017,10/19/2017,10/19/2017,IN PERSON,NO,NO,,NO,B-1,B,002,011,151,PATA,00032,049013,00073,181,
EARLY,01613030,SCARBOROUGH,DONNA,F,,23,WILLOW GLEN DR, ,BLAKELY,GA,39823-3701,23,WILLOW GLEN DR,,BLAKELY,GA,39823-3701,A,A,,11/01/2017,11/01/2017,11/01/2017,IN PERSON,NO,NO,,NO,B-2,B,002,011,151,PATA,00051,049013,00236,355,
EARLY,03661252,KING,LAURIE,REISH,,934,SOUTHSIDE DR, ,BLAKELY,GA,39823-3741,934,SOUTHSIDE DR,,BLAKELY,GA,39823-3741,A,A,,10/26/2017,10/26/2017,10/26/2017,IN PERSON,NO,NO,,NO,B-2,B,002,011,151,PATA,00048,049013,00164,278,
EARLY,01616256,HOLMES,LILLIE,M,,842,HOWELL ST, ,BLAKELY,GA,39823-1719,842,HOWELL ST,,BLAKELY,GA,39823-1719,A,A,,10/12/2017,10/16/2017,10/23/2017,MAILED,NO,NO,,NO,B-1,B,002,011,151,PATA,00032,,32003,3,
EARLY,01612999,ROBERTS,EDYTHE,B,,124,COLONIAL ST, ,BLAKELY,GA,39823-3714,124,COLONIAL ST,,BLAKELY,GA,39823-3714,A,A,,10/20/2017,10/20/2017,10/20/2017,IN PERSON,NO,NO,,NO,B-2,B,002,011,151,PATA,00048,049013,00116,227,
EARLY,01611795,BAXLEY,THOMAS,H,,29,LAKEWOOD CIR, ,BLAKELY,GA,39823-1564,29,LAKEWOOD CIR,,BLAKELY,GA,39823-1564,A,A,,10/24/2017,10/24/2017,10/24/2017,IN PERSON,NO,NO,,NO,B-2,B,002,011,151,PATA,00052,049013,00144,258,
EARLY,07751418,EAFORD,OCTAVIOUS,A,,506,NORTH AVE, ,BLAKELY,GA,39823,506,NORTH AVE,,BLAKELY,GA,39823,A,A,,10/12/2017,10/16/2017,10/23/2017,MAILED,NO,NO,,NO,B-1,B,002,011,151,PATA,00032,,32002,2,
EARLY,07751897,BURKES,L,C,,74,N WILLIAMS ST, ,BLAKELY,GA,39823-2058,74,N WILLIAMS ST,,BLAKELY,GA,39823-2058,A,A,,10/30/2017,10/30/2017,10/30/2017,IN PERSON,NO,NO,,NO,B-1,B,002,011,151,PATA,00032,049013,00196,313,
EARLY,01612515,JACKSON,MARGARIE,E,,411,HOWELL ST, ,BLAKELY,GA,39823-2011,411,HOWELL ST,,BLAKELY,GA,39823-2011,A,A,,10/12/2017,10/16/2017,10/23/2017,MAILED,YES,NO,DISABLED,NO,B-1,B,002,011,151,PATA,00032,,32047,48,
EARLY,05417785,LINGO,STEPHANIE,HOPE,,411,DAMASCUS ST,UNIT 40,BLAKELY,GA,39823-2680,411,DAMASCUS ST,UNIT 40,BLAKELY,GA,39823-2680,A,A,,10/12/2017,10/16/2017,10/23/2017,MAILED,NO,NO,DISABLED,NO,B-1,B,002,011,151,PATA,00031,,31037,38,
EARLY,01612562,JONES,GLADYS,B,,246,HOWELL ST, ,BLAKELY,GA,39823-2005,246,HOWELL ST,,BLAKELY,GA,39823-2005,A,A,,10/12/2017,10/16/2017,10/25/2017,MAILED,YES,NO,DISABLED,NO,B-1,B,002,011,151,PATA,00032,,32087,88,
EARLY,01613281,WILLIAMS,CALLIE,M,,35,PALMETTO AVE, ,BLAKELY,GA,39823-3144,35,PALMETTO AVE,,BLAKELY,GA,39823-3144,A,A,,10/12/2017,10/16/2017,10/23/2017,MAILED,YES,NO,ELDERLY,NO,B-1,B,002,011,151,PATA,00032,,32054,55,
EARLY,03846637,HILL,MELISSA,DENISE,,69,MULBERRY LN, ,BLAKELY,GA,39823-2168,,PO BOX 662,,BLAKELY,GA,39823-0066,A,A,,10/12/2017,10/16/2017,10/25/2017,MAILED,NO,NO,,NO,B-1,B,002,011,151,PATA,00032,,32020,20,
EARLY,01615323,HUTCHINS,MACHELLE,D,,51,WALKER SPRINGS RD, ,BLAKELY,GA,39823-1704,51,WALKER SPRINGS RD,,BLAKELY,GA,39823-1704,A,A,,10/26/2017,10/26/2017,10/26/2017,IN PERSON,NO,NO,,NO,B-1,B,002,011,151,PATA,00032,049013,00176,293,
EARLY,05609920,WRIGHT,JENNIFER,KRYSTAL,,185,BLAKELY COMMONS CIR, ,BLAKELY,GA,39823,185,BLAKELY COMMONS CIR,,BLAKELY,GA,39823,A,A,,10/19/2017,10/19/2017,10/19/2017,IN PERSON,NO,NO,,NO,B-1,B,002,011,151,PATA,00032,049013,00068,176,
EARLY,06088104,SMITH,DEBBIE,ANN,,260,PALMETTO AVE, ,BLAKELY,GA,39823-3148,260,PALMETTO AVE,,BLAKELY,GA,39823-3148,A,A,,10/17/2017,10/17/2017,10/17/2017,IN PERSON,NO,NO,,NO,B-1,B,002,011,151,PATA,00032,049013,00041,146,
EARLY,04813843,STEVENS,ELOIS,J,,468,LIBERTY ST,UNIT 20,BLAKELY,GA,39823-2664,468,LIBERTY ST,UNIT 20,BLAKELY,GA,39823-2664,A,A,,10/17/2017,10/17/2017,10/17/2017,IN PERSON,NO,NO,,NO,B-1,B,002,011,151,PATA,00032,049013,00031,133,
EARLY,01612588,KELLY,JANIS,E,,170,WESTVIEW DR, ,BLAKELY,GA,39823-2440,,PO BOX 412,,BLAKELY,GA,39823-0041,A,A,,10/27/2017,10/27/2017,10/27/2017,IN PERSON,NO,NO,,NO,B-2,B,002,011,151,PATA,00052,049013,00190,307,
EARLY,06100136,WIMBERLY,JEAN,DUNWOOD,,6083,FREEMAN RD, ,BLAKELY,GA,39823-2767,6083,FREEMAN RD,,BLAKELY,GA,39823-2767,A,A,,10/31/2017,10/31/2017,10/31/2017,IN PERSON,NO,NO,,NO,B-2,B,002,011,151,PATA,00052,049013,00217,335,
EARLY,01337515,BROWN,JENNIFER,GARRETT,,215,LAKEWOOD DR, ,BLAKELY,GA,39823-1573,215,LAKEWOOD DR,,BLAKELY,GA,39823-1573,A,A,,11/01/2017,11/01/2017,11/01/2017,IN PERSON,NO,NO,,NO,B-2,B,002,011,151,PATA,00052,049013,00253,374,
EARLY,05809119,BROWN,TITESHA,RENAE,,195,BLAKELY COMMONS CIR, ,BLAKELY,GA,39823-1981,195,BLAKELY COMMONS CIR,,BLAKELY,GA,39823-1981,A,A,,10/20/2017,10/20/2017,10/20/2017,IN PERSON,NO,NO,,NO,B-1,B,002,011,151,PATA,00032,049013,00113,224,
EARLY,07743795,DAVIS,MARKITA,P,,307,LIBERTY ST,UNIT 4,BLAKELY,GA,39823,307,LIBERTY ST,UNIT 4,BLAKELY,GA,39823,A,A,,10/12/2017,10/16/2017,10/25/2017,MAILED,NO,NO,,NO,B-1,B,002,011,151,PATA,00032,,32017,17,
EARLY,05453519,THOMAS,FELIX,EARL,,225,WASHINGTON AVE, ,BLAKELY,GA,39823-2129,,PO BOX 324,,BLAKELY,GA,39823-0032,A,A,,10/25/2017,10/25/2017,10/25/2017,IN PERSON,NO,NO,,NO,B-1,B,002,011,151,PATA,00032,049013,00156,270,
EARLY,06106314,SMITH,BARBARA,,,5632,FREEMAN RD, ,BLAKELY,GA,39823-2756,5632,FREEMAN RD,,BLAKELY,GA,39823-2756,A,A,,10/26/2017,10/26/2017,10/26/2017,IN PERSON,YES,NO,,NO,B-2,B,002,011,151,PATA,00052,049013,00172,287,
EARLY,01611954,CLARKE,MARTHA,A,,332,LAKEWOOD DR, ,BLAKELY,GA,39823-1575,332,LAKEWOOD DR,,BLAKELY,GA,39823-1575,A,A,,10/16/2017,10/16/2017,10/16/2017,IN PERSON,NO,NO,,NO,B-2,B,002,011,151,PATA,00052,049013,00001,99,
EARLY,08806403,WILLIAMS,KIMBERLY,LASHON,,468,LIBERTY ST,UNIT 12,BLAKELY,GA,39823,468,LIBERTY ST,UNIT 12,BLAKELY,GA,39823,A,A,,10/23/2017,10/23/2017,10/23/2017,IN PERSON,NO,NO,,NO,B-1,B,002,011,151,PATA,00032,049013,00121,232,
EARLY,01613076,SMITH,BOBBY,ROYCE,,21968,LUCILE RD, ,BLAKELY,GA,39823-3535,21968,LUCILE RD,,BLAKELY,GA,39823-3535,A,A,,10/24/2017,10/24/2017,10/24/2017,IN PERSON,NO,NO,,NO,B-2,B,002,011,151,PATA,00051,049013,00142,256,
EARLY,08311805,JOHNSON,EBONY,ZYKIA,,16,CHIPSTEAD AVE, ,BLAKELY,GA,39823-2943,16,CHIPSTEAD AVE,,BLAKELY,GA,39823-2943,A,A,,10/17/2017,10/17/2017,10/17/2017,IN PERSON,NO,NO,,NO,B-1,B,002,011,151,PATA,00032,049013,00044,149,
EARLY,01612701,MARSHALL,QUEEN,,,147,PALMETTO AVE, ,BLAKELY,GA,39823-3147,147,PALMETTO AVE,,BLAKELY,GA,39823-3147,A,A,,11/03/2017,11/03/2017,11/03/2017,IN PERSON,NO,NO,,NO,B-1,B,002,011,151,PATA,00032,049013,00304,426,
EARLY,01612834,GRIFFIN,MARY,MCFAY,,32,COLONIAL ST, ,BLAKELY,GA,39823-3712,,PO BOX 485,,BLAKELY,GA,39823-0048,A,A,,10/30/2017,10/30/2017,10/30/2017,IN PERSON,NO,NO,,NO,B-2,B,002,011,151,PATA,00048,049013,00195,312,
EARLY,06964048,MITCHELL,VIVIAN,G,,1121,S MAIN ST,UNIT 7,BLAKELY,GA,39823-3650,,PO BOX 704,,BLAKELY,GA,39823-0070,A,A,,10/16/2017,10/16/2017,10/16/2017,IN PERSON,YES,NO,,NO,B-2,B,002,011,151,PATA,00051,049013,00019,121,
EARLY,05594536,HARRIS,TRANITA,ROSHON,,870,HOWELL ST, ,BLAKELY,GA,39823-1719,870,HOWELL ST,,BLAKELY,GA,39823-1719,A,A,,10/31/2017,10/31/2017,10/31/2017,IN PERSON,NO,NO,,NO,B-1,B,002,011,151,PATA,00032,049013,00215,333,
EARLY,01612511,JACKSON,JIMMY,W,,337,CEDAR AVE, ,BLAKELY,GA,39823-2836,337,CEDAR AVE,,BLAKELY,GA,39823-2836,A,A,,10/24/2017,10/24/2017,10/24/2017,IN PERSON,NO,NO,,NO,B-2,B,002,011,151,PATA,00052,049013,00137,249,
EARLY,06100146,OFTON,SHAWN,O'NEAL,,629,S BAY ST, ,BLAKELY,GA,39823-2629,629,S BAY ST,,BLAKELY,GA,39823-2629,A,,,10/12/2017,10/16/2017,,MAILED,NO,NO,,NO,B-1,B,002,011,151,PATA,00032,,32013,13,
EARLY,01616200,NORMAN,JOHN,EDWARD,JR,21708,LUCILE RD, ,BLAKELY,GA,39823-3531,21708,LUCILE RD,,BLAKELY,GA,39823-3531,A,A,,11/02/2017,11/02/2017,11/02/2017,IN PERSON,NO,NO,,NO,B-2,B,002,011,151,PATA,00051,049013,00263,385,
EARLY,01612642,LESTER,JOHN,,,9,WASHINGTON AVE, ,BLAKELY,GA,39823-2122,,PO BOX 706,,BLAKELY,GA,39823,A,A,,11/01/2017,11/01/2017,11/01/2017,IN PERSON,NO,NO,,NO,B-1,B,002,011,151,PATA,00032,049013,00241,360,
EARLY,01612321,HALL,KAYE,B,,12644,MAGNOLIA ST, ,BLAKELY,GA,39823-2312,12644,MAGNOLIA ST,,BLAKELY,GA,39823-2312,A,A,,11/01/2017,11/01/2017,11/01/2017,IN PERSON,NO,NO,,NO,B-1,B,002,011,151,PATA,00032,049013,00255,377,
EARLY,01612818,MCCLENDON,MARY,W,,66,EVERGREEN AVE, ,BLAKELY,GA,39823-3114,,PO BOX 66,,BLAKELY,GA,39823-0006,A,A,,10/31/2017,10/31/2017,10/31/2017,IN PERSON,NO,NO,,NO,B-1,B,002,011,151,PATA,00032,049013,00222,341,
EARLY,01612505,IRVING,KATE,,,17821,CEDAR SPRINGS RD,APT 44,BLAKELY,GA,39823,17821,CEDAR SPRINGS RD,APT 44,BLAKELY,GA,39823,A,A,,10/31/2017,10/31/2017,10/31/2017,IN PERSON,NO,NO,,NO,B-2,B,002,011,151,PATA,00048,049013,00224,343,
EARLY,01612889,PEACE,STEPHEN,,,166,GARDEN DR, ,BLAKELY,GA,39823-2848,166,GARDEN DR,,BLAKELY,GA,39823-2848,A,A,,11/02/2017,11/02/2017,11/02/2017,IN PERSON,NO,NO,,NO,B-2,B,002,011,151,PATA,00052,049013,00257,379,
EARLY,11148296,DANIEL,D'ASIA,L,,331,LEE ST, ,BLAKELY,GA,39823,,P.O. BOX 144,,BLAKELY,GA,39823,A,A,,10/26/2017,10/26/2017,10/26/2017,IN PERSON,NO,NO,,NO,B-1,B,002,011,151,PATA,00032,049013,00174,289,
EARLY,05843930,LINDSEY,MONIQUE,MICHELL,,563,JESSE JOHNSON DR, ,BLAKELY,GA,39823-3220,563,JESSE JOHNSON DR,,BLAKELY,GA,39823-3220,A,A,,10/20/2017,10/20/2017,10/20/2017,IN PERSON,NO,NO,,NO,B-1,B,002,011,151,PATA,00031,049013,00106,216,
EARLY,08244026,KENDRICK,SHERRY,L,,468,LIBERTY ST,APT 1,BLAKELY,GA,39823-2664,468,LIBERTY ST,APT 1,BLAKELY,GA,39823-2664,A,A,,10/12/2017,10/16/2017,10/26/2017,MAILED,NO,NO,DISABLED,NO,B-1,B,002,011,151,PATA,00032,,32039,40,
EARLY,01612851,MCNEAL,LATANE,PITTS,,188,WOODLAWN DR, ,BLAKELY,GA,39823-1650,188,WOODLAWN DR,,BLAKELY,GA,39823-1650,A,A,,11/01/2017,11/01/2017,11/01/2017,IN PERSON,NO,NO,,NO,B-2,B,002,011,151,PATA,00048,049013,00250,371,
EARLY,02448088,WRIGHT,EDDIE,S,,380,BLAKELY COMMONS CIR, ,BLAKELY,GA,39823,380,BLAKELY COMMONS CIR,,BLAKELY,GA,39823,A,A,,10/23/2017,10/23/2017,10/23/2017,IN PERSON,NO,NO,,NO,B-1,B,002,011,151,PATA,00032,049013,00133,245,
EARLY,01612029,CROWDIS,JOHN,,,21733,LUCILE RD, ,BLAKELY,GA,39823-3532,21733,LUCILE RD,,BLAKELY,GA,39823-3532,A,A,,10/27/2017,10/27/2017,10/27/2017,IN PERSON,NO,NO,,NO,B-2,B,002,011,151,PATA,00048,049013,00192,309,
EARLY,01613120,WILSON,ANGELIA,STOREY,,92,HOBBS ST, ,BLAKELY,GA,39823-3928,92,HOBBS ST,,BLAKELY,GA,39823-3928,A,A,,11/02/2017,11/02/2017,11/02/2017,IN PERSON,NO,NO,,NO,B-2,B,002,011,151,PATA,00048,049013,00282,404,
EARLY,05595554,OGDEN,CLIFFORD,LEE,,1672,N CHURCH ST, ,BLAKELY,GA,39823-1911,1672,N CHURCH ST,,BLAKELY,GA,39823-1911,A,A,,10/12/2017,10/16/2017,10/19/2017,MAILED,NO,NO,DISABLED,NO,B-1,B,002,011,151,PATA,00032,,32065,66,
EARLY,01613033,SCARBOROUGH,JOHN,W,JR,23,WILLOW GLEN DR, ,BLAKELY,GA,39823-3701,23,WILLOW GLEN DR,,BLAKELY,GA,39823-3701,A,A,,11/01/2017,11/01/2017,11/01/2017,IN PERSON,NO,NO,,NO,B-2,B,002,011,151,PATA,00051,049013,00235,354,
EARLY,01615605,MILLER,WILLIE,J,,468,LIBERTY ST,UNIT 50,BLAKELY,GA,39823-2664,468,LIBERTY ST,UNIT 50,BLAKELY,GA,39823-2664,A,A,,11/02/2017,11/02/2017,11/02/2017,IN PERSON,NO,NO,,NO,B-1,B,002,011,151,PATA,00032,049013,00266,388,
EARLY,01612912,PHILLIPS,SARAH,MARIE BENNETT,,874,SOUTHSIDE DR, ,BLAKELY,GA,39823-3739,874,SOUTHSIDE DR,,BLAKELY,GA,39823-3739,A,A,,10/30/2017,10/30/2017,10/30/2017,IN PERSON,NO,NO,,NO,B-2,B,002,011,151,PATA,00048,049013,00198,315,
EARLY,08304726,MIDDLETON,RACHEL,ANN,,44,HOBBS ST, ,BLAKELY,GA,39823-3928,44,HOBBS ST,,BLAKELY,GA,39823-3928,A,A,,11/03/2017,11/03/2017,11/03/2017,IN PERSON,NO,NO,,NO,B-2,B,002,011,151,PATA,00048,049013,00294,416,
EARLY,04068096,LINDSEY,MARY,JUWANNA,,1996,TARVER DR, ,BLAKELY,GA,39823-1540,1996,TARVER DR,,BLAKELY,GA,39823-1540,A,A,,10/16/2017,10/16/2017,10/16/2017,IN PERSON,NO,NO,,NO,B-2,B,002,011,151,PATA,00048,049013,00024,126,
EARLY,05528841,LETT,ANNIE,PEARL,,468,LIBERTY ST,UNIT 15,BLAKELY,GA,39823-2664,468,LIBERTY ST,UNIT 15,BLAKELY,GA,39823-2664,A,A,,10/12/2017,10/16/2017,10/25/2017,MAILED,NO,NO,,NO,B-1,B,002,011,151,PATA,00032,,32095,96,
EARLY,04813834,BANKSTON,DORIS,,,468,LIBERTY ST,UNIT 50,BLAKELY,GA,39823-2666,468,LIBERTY ST,UNIT 50,BLAKELY,GA,39823-2666,A,A,,10/12/2017,10/16/2017,10/25/2017,MAILED,YES,NO,DISABLED,NO,B-1,B,002,011,151,PATA,00032,,32036,37,
EARLY,06858518,STAPLETON,COTINA,RENA,,411,DAMASCUS ST,APT 32,BLAKELY,GA,39823,,PO BOX 686,,BLAKELY,GA,39823-0068,A,A,,10/19/2017,10/19/2017,10/19/2017,IN PERSON,NO,NO,,NO,B-1,B,002,011,151,PATA,00031,049013,00088,198,
EARLY,04975678,FIELDS,DEWANA,SHAVON,,131,OKLAHOMA ST, ,BLAKELY,GA,39823,,PO BOX 957,,BLAKELY,GA,39823-0095,A,A,,11/01/2017,11/01/2017,11/01/2017,IN PERSON,NO,NO,,NO,B-2,B,002,011,151,PATA,00048,049013,00230,349,
EARLY,00591519,GLEATON,BOBBIE JEAN,SMITH,,211,MEADOWBROOK DR, ,BLAKELY,GA,39823,211,MEADOWBROOK DR,,BLAKELY,GA,39823,A,A,,11/01/2017,11/01/2017,11/01/2017,IN PERSON,NO,NO,,NO,B-2,B,002,011,151,PATA,00052,049013,00248,369,
EARLY,01612568,JONES,MCARTHUR,,,263,HOWELL ST, ,BLAKELY,GA,39823-2006,263,HOWELL ST,,BLAKELY,GA,39823-2006,A,A,,10/27/2017,10/27/2017,10/27/2017,IN PERSON,NO,NO,,NO,B-1,B,002,011,151,PATA,00032,049013,00184,301,
EARLY,06240588,BROWN,BUNNIE,RUTH,,361,EVERGREEN AVE, ,BLAKELY,GA,39823-3123,361,EVERGREEN AVE,,BLAKELY,GA,39823-3123,A,C,Ballot was Undelivered,10/12/2017,10/16/2017,10/25/2017,MAILED,NO,NO,,NO,B-1,B,002,011,151,PATA,00032,,32053,54,
EARLY,11482198,WATTS,SHA'KEMMIA,JARICE,,1121,S MAIN ST,APT 7,BLAKELY,GA,39823,1121,S MAIN ST,APT 7,BLAKELY,GA,39823,A,A,,10/16/2017,10/16/2017,10/16/2017,IN PERSON,NO,NO,,NO,B-2,B,002,011,151,PATA,00051,049013,00020,122,
EARLY,01612030,CROWDIS,RHONDA,,,21733,LUCILE RD, ,BLAKELY,GA,39823-3532,21733,LUCILE RD,,BLAKELY,GA,39823-3532,A,A,,10/27/2017,10/30/2017,10/30/2017,IN PERSON,NO,NO,,NO,B-2,B,002,011,151,PATA,00048,049013,00207,325,
EARLY,03593860,JONES,BETTY,JEAN,,356,HOWELL ST,UNIT 45,BLAKELY,GA,39823,356,HOWELL ST,UNIT 45,BLAKELY,GA,39823,A,A,,10/12/2017,10/16/2017,10/23/2017,MAILED,NO,NO,,NO,B-1,B,002,011,151,PATA,00032,,32009,9,
EARLY,07512858,THOMAS,DEMETRIUS,,JR,480,JESSE JOHNSON DR, ,BLAKELY,GA,39823,480,JESSE JOHNSON DR,,BLAKELY,GA,39823,A,A,,10/17/2017,10/17/2017,10/17/2017,IN PERSON,NO,NO,,NO,B-1,B,002,011,151,PATA,00032,049013,00040,145,
EARLY,01069339,JONES,GEORGE,W,,24,LAKEWOOD CIR, ,BLAKELY,GA,39823-1563,24,LAKEWOOD CIR,,BLAKELY,GA,39823-1563,A,A,,11/02/2017,11/02/2017,11/02/2017,IN PERSON,NO,NO,,NO,B-2,B,002,011,151,PATA,00052,049013,00260,382,
EARLY,04756776,MIKE,LEWIS,,,70,BROOK DR, ,BLAKELY,GA,39823-3211,70,BROOK DR,,BLAKELY,GA,39823-3211,A,A,,10/17/2017,10/17/2017,10/17/2017,IN PERSON,YES,NO,,NO,B-1,B,002,011,151,PATA,00032,049013,00045,150,
EARLY,05498372,BALKCOM,QUINTON,VERNARD,,314,MAPLE AVE, ,BLAKELY,GA,39823,314,MAPLE AVE,,BLAKELY,GA,39823,A,A,,10/31/2017,10/31/2017,10/31/2017,IN PERSON,NO,NO,,NO,B-1,B,002,011,151,PATA,00032,049013,00228,347,
EARLY,06100157,SHORTER,JACK,,,1005,N CHURCH ST, ,BLAKELY,GA,39823-2216,1005,N CHURCH ST,,BLAKELY,GA,39823-2216,A,A,,10/31/2017,10/31/2017,10/31/2017,IN PERSON,NO,NO,,NO,B-1,B,002,011,151,PATA,00032,049013,00216,334,
EARLY,07749653,TINSON,BRYAN,O'NEAL,,32,PALMETTO AVE, ,BLAKELY,GA,39823-3145,32,PALMETTO AVE,,BLAKELY,GA,39823-3145,A,A,,10/31/2017,10/31/2017,10/31/2017,IN PERSON,NO,NO,,NO,B-1,B,002,011,151,PATA,00032,049013,00211,329,
EARLY,08280026,OGDEN,ROBERT,LEE,,131,MULBERRY LN, ,BLAKELY,GA,39823-2170,131,MULBERRY LN,,BLAKELY,GA,39823-2170,A,A,,10/16/2017,10/16/2017,10/16/2017,IN PERSON,NO,NO,,NO,B-1,B,002,011,151,PATA,00032,049013,00004,102,
EARLY,08303711,MCDOWELL,MELTON,,,145,HOGAN AVE, ,BLAKELY,GA,39823-3105,145,HOGAN AVE,,BLAKELY,GA,39823-3105,A,A,,10/12/2017,10/16/2017,10/20/2017,MAILED,YES,NO,DISABLED,NO,B-1,B,002,011,151,PATA,00032,,32066,67,
EARLY,04415947,JACKSON,JOYCE,ANN,,360,BLAKELY COMMONS CIR, ,BLAKELY,GA,39823-1983,360,BLAKELY COMMONS CIR,,BLAKELY,GA,39823-1983,A,A,,11/03/2017,11/03/2017,11/03/2017,IN PERSON,NO,NO,,NO,B-1,B,002,011,151,PATA,00032,049013,00316,438,
EARLY,05809414,COWAN,DELORES,,,236,HOGAN AVE, ,BLAKELY,GA,39823,236,HOGAN AVE,,BLAKELY,GA,39823,A,A,,11/03/2017,11/03/2017,11/03/2017,IN PERSON,NO,NO,,NO,B-1,B,002,011,151,PATA,00032,049013,00315,437,
EARLY,05360228,RANSOM,VICTORIA,,,1005,N CHURCH ST, ,BLAKELY,GA,39823-2216,1005,N CHURCH ST,,BLAKELY,GA,39823-2216,A,A,,10/31/2017,10/31/2017,10/31/2017,IN PERSON,NO,NO,,NO,B-1,B,002,011,151,PATA,00032,049013,00227,346,
EARLY,01069338,JONES,DIAN,B,,24,LAKEWOOD CIR, ,BLAKELY,GA,39823-1563,24,LAKEWOOD CIR,,BLAKELY,GA,39823-1563,A,A,,11/02/2017,11/02/2017,11/02/2017,IN PERSON,NO,NO,,NO,B-2,B,002,011,151,PATA,00052,049013,00261,383,
EARLY,01615395,WADE,CHARLIE,C,,137,E BUTLER AVE, ,BLAKELY,GA,39823-2050,,PO BOX 4,,BLAKELY,GA,39823,A,A,,10/26/2017,10/26/2017,10/26/2017,IN PERSON,NO,NO,,NO,B-1,B,002,011,151,PATA,00032,049013,00178,295,
EARLY,08806952,GRIFFIN,FRANKIE,MAE,,19174,E SOUTH BLVD, ,BLAKELY,GA,39823,19174,E SOUTH BLVD,,BLAKELY,GA,39823,A,A,,10/12/2017,10/16/2017,10/23/2017,MAILED,NO,NO,,NO,B-1,B,002,011,151,PATA,00031,,31032,33,
EARLY,07550371,TINSON,ANNIE,FLORENCE,,762,HOWELL ST, ,BLAKELY,GA,39823-1717,762,HOWELL ST,,BLAKELY,GA,39823-1717,A,A,,11/03/2017,11/03/2017,11/03/2017,IN PERSON,NO,NO,,NO,B-1,B,002,011,151,PATA,00032,049013,00287,409,
EARLY,01612898,PERKINS,PRISCILLA,C,,177,CEDAR AVE, ,BLAKELY,GA,39823-2830,,PO BOX 282,,BLAKELY,GA,39823-0028,A,A,,10/30/2017,10/30/2017,10/30/2017,IN PERSON,NO,NO,,NO,B-2,B,002,011,151,PATA,00052,049013,00199,316,
EARLY,02240170,ZACHARY,MARGARET,DAVIS,,331,LEE ST, ,BLAKELY,GA,39823-2103,,PO BOX 144,,BLAKELY,GA,39823-0014,A,A,,10/16/2017,10/16/2017,10/16/2017,IN PERSON,NO,NO,,NO,B-1,B,002,011,151,PATA,00032,049013,00026,128,
EARLY,01612882,PARKER,WAYNE,L,,135,BAPTIST BRANCH RD, ,BLAKELY,GA,39823-2840,135,BAPTIST BRANCH RD,,BLAKELY,GA,39823-2840,A,A,,11/02/2017,11/02/2017,11/02/2017,IN PERSON,NO,NO,,NO,B-2,B,002,011,151,PATA,00052,049013,00278,400,
EARLY,10536015,THORNTON,JAYME,SHAINICE,,127,HOGAN AVE, ,BLAKELY,GA,39823,127,HOGAN AVE,,BLAKELY,GA,39823,A,A,,10/20/2017,10/20/2017,10/20/2017,IN PERSON,NO,NO,,NO,B-1,B,002,011,151,PATA,00032,049013,00105,215,
EARLY,06963306,STAMPER,FLOYD,,,189,JESSE JOHNSON DR, ,BLAKELY,GA,39823-2950,189,JESSE JOHNSON DR,,BLAKELY,GA,39823-2950,A,A,,10/17/2017,10/17/2017,10/17/2017,IN PERSON,NO,NO,,NO,B-1,B,002,011,151,PATA,00032,049013,00039,144,
EARLY,07152946,FRYER,LEWIS,BROWN,III,787,N MAIN ST, ,BLAKELY,GA,39823,,912,,BLAKELY,GA,39823,A,A,,11/02/2017,11/02/2017,11/02/2017,IN PERSON,NO,NO,,NO,B-1,B,002,011,151,PATA,00032,049013,00277,399,
EARLY,01616190,ALEXANDER,SANDY,HALL,,18756,E SOUTH BLVD, ,BLAKELY,GA,39823-3330,18756,E SOUTH BLVD,,BLAKELY,GA,39823-3330,A,A,,10/23/2017,10/23/2017,10/23/2017,IN PERSON,NO,NO,,NO,B-1,B,002,011,151,PATA,00031,049013,00127,239,
EARLY,01613093,SMITH,PATRICIA,ANN,,11,FORT GAINES ST, ,BLAKELY,GA,39823,11,FORT GAINES ST,,BLAKELY,GA,39823,A,A,,11/03/2017,11/03/2017,11/03/2017,IN PERSON,NO,NO,,NO,B-2,B,002,011,151,PATA,00052,049013,00318,440,
EARLY,05491940,EARLY,TIA,SHAUNTEL,,185,BLAKELY COMMONS CIR, ,BLAKELY,GA,39823,185,BLAKELY COMMONS CIR,,BLAKELY,GA,39823,A,A,,10/19/2017,10/19/2017,10/19/2017,IN PERSON,NO,NO,,NO,B-1,B,002,011,151,PATA,00032,049013,00067,175,
EARLY,01615372,REYNOLDS,LARRY,,SR,209,NORTH AVE, ,BLAKELY,GA,39823-1935,209,NORTH AVE,,BLAKELY,GA,39823-1935,A,A,,11/02/2017,11/02/2017,11/02/2017,IN PERSON,NO,NO,,NO,B-1,B,002,011,151,PATA,00032,049013,00265,387,
EARLY,04632883,WESLEY,WILLIE,JAMES,,180,PINE HILL DR, ,BLAKELY,GA,39823,180,PINE HILL DR,,BLAKELY,GA,39823,A,A,,10/17/2017,10/17/2017,10/17/2017,IN PERSON,NO,NO,,NO,B-2,B,002,011,151,PATA,00051,049013,00043,148,
EARLY,10201159,KING,ROBERT,EDWARD,III,934,SOUTHSIDE DR, ,BLAKELY,GA,39823,934,SOUTHSIDE DR,,BLAKELY,GA,39823,A,A,,10/31/2017,10/31/2017,10/31/2017,IN PERSON,NO,NO,,NO,B-2,B,002,011,151,PATA,00048,049013,00213,331,
EARLY,03393646,ROCQUEMORE,CELIA,M,,214,WEAVER DR, ,BLAKELY,GA,39823-3615,214,WEAVER DR,,BLAKELY,GA,39823-3615,A,A,,10/27/2017,10/27/2017,10/27/2017,IN PERSON,NO,NO,,NO,B-2,B,002,011,151,PATA,00051,049013,00181,298,
EARLY,05414938,WILLIAMS,CALVIN,,,242,PALMETTO AVE, ,BLAKELY,GA,39823-3148,242,PALMETTO AVE,,BLAKELY,GA,39823-3148,A,A,,10/18/2017,10/18/2017,10/18/2017,IN PERSON,NO,NO,,NO,B-1,B,002,011,151,PATA,00032,049013,00057,165,
EARLY,05528688,LINDSEY,FREDDIE,MAE,,74,HOGAN AVE, ,BLAKELY,GA,39823,74,HOGAN AVE,,BLAKELY,GA,39823,A,A,,10/17/2017,10/17/2017,10/17/2017,IN PERSON,NO,NO,,NO,B-1,B,002,011,151,PATA,00032,049013,00035,138,
EARLY,11479251,SOL,QUEEN,E,,330,LEE ST, ,BLAKELY,GA,39823,330,LEE ST,,BLAKELY,GA,39823,A,A,,10/16/2017,10/16/2017,10/16/2017,IN PERSON,YES,NO,,NO,B-1,B,002,011,151,PATA,00032,049013,00008,106,
EARLY,01614362,MOSELEY,DAVID,H,,15030,RIVER ST, ,BLAKELY,GA,39823-2422,15030,RIVER ST,,BLAKELY,GA,39823-2422,A,A,,10/31/2017,10/31/2017,10/31/2017,IN PERSON,NO,NO,,NO,B-2,B,002,011,151,PATA,00052,049013,00208,326,
EARLY,02218021,CAWTHON,LORA,C,,1714,N CHURCH ST, ,BLAKELY,GA,39823-1913,,PO BOX 29,,BLAKELY,GA,39823-0002,A,A,,10/19/2017,10/19/2017,10/19/2017,IN PERSON,NO,NO,,NO,B-1,B,002,011,151,PATA,00032,049013,00081,190,
EARLY,01615293,CAWTHON,SALLY,C,,263,FORT GAINES ST, ,BLAKELY,GA,39823-2109,263,FORT GAINES ST,,BLAKELY,GA,39823-2109,A,A,,11/03/2017,11/03/2017,11/03/2017,IN PERSON,NO,NO,,NO,B-2,B,002,011,151,PATA,00052,049013,00303,425,
EARLY,00616269,DAVIS,JAMES,HARVEY,JR,52,PINE CIRCLE DR, ,BLAKELY,GA,39823-1549,52,PINE CIRCLE DR,,BLAKELY,GA,39823-1549,A,A,,10/19/2017,10/19/2017,10/19/2017,IN PERSON,NO,NO,,NO,B-2,B,002,011,151,PATA,00052,049013,00070,178,
EARLY,06860912,SIMPSON,KENNETH,RAY,II,148,HOGAN AVE, ,BLAKELY,GA,39823-3104,148,HOGAN AVE,,BLAKELY,GA,39823-3104,A,A,,10/12/2017,10/16/2017,10/25/2017,MAILED,NO,NO,,NO,B-1,B,002,011,151,PATA,00032,,32072,73,
EARLY,07512793,GIPSON,WILLIE,,,44,JC LN, ,BLAKELY,GA,39823-3200,44,JC LN,,BLAKELY,GA,39823-3200,A,A,,10/31/2017,10/31/2017,10/31/2017,IN PERSON,NO,NO,,NO,B-1,B,002,011,151,PATA,00032,049013,00209,327,
EARLY,01611710,ADAMS,SYLVIA,M,,85,W CARRIE CT, ,BLAKELY,GA,39823-2820,,PO BOX 506,,BLAKELY,GA,39823-0050,A,A,,11/03/2017,11/03/2017,11/03/2017,IN PERSON,NO,NO,,NO,B-2,B,002,011,151,PATA,00048,049013,00309,431,
EARLY,01612072,DAY,ELIZABETH,H,,157,LAKEWOOD DR, ,BLAKELY,GA,39823-1572,157,LAKEWOOD DR,,BLAKELY,GA,39823-1572,A,A,,11/03/2017,11/03/2017,11/03/2017,IN PERSON,NO,NO,,NO,B-2,B,002,011,151,PATA,00052,049013,00308,430,
EARLY,04133104,EAFORD,SHARON,D,,35,N LANCELOT ST, ,BLAKELY,GA,39823,35,N LANCELOT ST,,BLAKELY,GA,39823,A,A,,10/30/2017,10/30/2017,10/30/2017,IN PERSON,YES,NO,,NO,B-1,B,002,011,151,PATA,00032,049013,00204,322,
EARLY,02240118,FREEMAN,BETTY,JEAN,,511,JESSE JOHNSON DR, ,BLAKELY,GA,39823-3220,,PO BOX 466,,BLAKELY,GA,39823-0046,A,A,,10/16/2017,10/16/2017,10/16/2017,IN PERSON,NO,NO,DISABLED,NO,B-1,B,002,011,151,PATA,00031,049013,00017,119,
EARLY,01615400,BRYANT,SANJONETTA',D,,17821,CEDAR SPRINGS RD,UNIT 15,BLAKELY,GA,39823-3549,17821,CEDAR SPRINGS RD,UNIT 15,BLAKELY,GA,39823-3549,A,A,,10/19/2017,10/19/2017,10/19/2017,IN PERSON,NO,NO,,NO,B-2,B,002,011,151,PATA,00048,049013,00093,203,
EARLY,01613123,STOREY,SALLY,MILDRED,,91,HOBBS ST, ,BLAKELY,GA,39823-3929,91,HOBBS ST,,BLAKELY,GA,39823-3929,A,A,,11/02/2017,11/02/2017,11/02/2017,IN PERSON,NO,NO,,NO,B-2,B,002,011,151,PATA,00048,049013,00281,403,
EARLY,06103583,HIGHTOWER,MARY,LOIS,,411,DAMASCUS ST,UNIT 42,BLAKELY,GA,39823,411,DAMASCUS ST,UNIT 42,BLAKELY,GA,39823,A,A,,10/12/2017,10/16/2017,10/25/2017,MAILED,YES,NO,DISABLED,NO,B-1,B,002,011,151,PATA,00031,,31062,63,
EARLY,01611875,BROWN,ROXIE,T,,171,ROSE DR, ,BLAKELY,GA,39823-1606,171,ROSE DR,,BLAKELY,GA,39823-1606,A,A,,10/18/2017,10/18/2017,10/18/2017,IN PERSON,NO,NO,,NO,B-1,B,002,011,151,PATA,00032,049013,00054,162,
EARLY,01613116,STONE,ANN,S,,160,FORT GAINES ST, ,BLAKELY,GA,39823-2523,160,FORT GAINES ST,,BLAKELY,GA,39823-2523,A,A,,11/01/2017,11/01/2017,11/01/2017,IN PERSON,NO,NO,,NO,B-1,B,002,011,151,PATA,00053,049013,00234,353,
EARLY,05244932,PERRY,ROSA,MARIE,,411,DAMASCUS ST,APT 13,BLAKELY,GA,39823,411,DAMASCUS ST,APT 13,BLAKELY,GA,39823,A,A,,10/12/2017,10/16/2017,10/23/2017,MAILED,YES,NO,DISABLED,NO,B-1,B,002,011,151,PATA,00031,,31063,64,
EARLY,05529953,WILLIAMS,EDDIE,RALPH,SR,242,PALMETTO AVE, ,BLAKELY,GA,39823-3148,242,PALMETTO AVE,,BLAKELY,GA,39823-3148,A,A,,10/12/2017,10/16/2017,10/23/2017,MAILED,YES,NO,,NO,B-1,B,002,011,151,PATA,00032,,32089,90,
EARLY,07752650,BATTLE,MARY,,,411,DAMASCUS ST,UNIT 47,BLAKELY,GA,39823-2678,411,DAMASCUS ST,UNIT 47,BLAKELY,GA,39823-2678,A,A,,10/12/2017,10/16/2017,10/23/2017,MAILED,NO,NO,,NO,B-1,B,002,011,151,PATA,00031,,31035,36,
EARLY,00591046,COLEMAN,SAMUEL,LARRY,,53,WILLOW GLEN DR, ,BLAKELY,GA,39823-3701,53,WILLOW GLEN DR,,BLAKELY,GA,39823-3701,A,A,,10/31/2017,10/31/2017,10/31/2017,IN PERSON,NO,NO,,NO,B-2,B,002,011,151,PATA,00051,049013,00221,340,
EARLY,11462865,DAVIS,DONTE,TYRELLE,,619,JESSE JOHNSON DR, ,BLAKELY,GA,39823,619,JESSE JOHNSON DR,,BLAKELY,GA,39823,A,A,,10/19/2017,10/19/2017,10/19/2017,IN PERSON,NO,NO,,NO,B-1,B,002,011,151,PATA,00031,049013,00075,183,
EARLY,01612647,LEWIS,ANN,C,,616,SOUTHSIDE DR, ,BLAKELY,GA,39823-3734,616,SOUTHSIDE DR,,BLAKELY,GA,39823-3734,A,A,,10/31/2017,10/31/2017,10/31/2017,IN PERSON,NO,NO,,NO,B-2,B,002,011,151,PATA,00048,049013,00226,345,
EARLY,10419590,WALLACE,LOUISE,,,168,NORTH AVE, ,BLAKELY,GA,39823,411,DAMASCUS STREET,APT 33,BLAKELY,GA,39823,A,C,Ballot was Undelivered,10/16/2017,10/16/2017,10/31/2017,MAILED,NO,NO,DISABLED,NO,B-1,B,002,011,151,PATA,00032,,32101,110,
EARLY,06240588,BROWN,BUNNIE,RUTH,,361,EVERGREEN AVE, ,BLAKELY,GA,39823-3123,361,EVERGREEN AVE,,BLAKELY,GA,39823-3123,A,A,,10/25/2017,10/25/2017,10/25/2017,IN PERSON,NO,NO,,NO,B-1,B,002,011,151,PATA,00032,049013,00153,267,
EARLY,01612984,RICHARDSON,GLENDA,H,,478,FORT GAINES ST, ,BLAKELY,GA,39823-2157,478,FORT GAINES ST,,BLAKELY,GA,39823-2157,A,A,,10/18/2017,10/18/2017,10/18/2017,IN PERSON,NO,NO,,NO,B-1,B,002,011,151,PATA,00032,049013,00052,160,
EARLY,06498718,OFTON,TONY,,,468,LIBERTY ST,APT. 46,BLAKELY,GA,39823,468,LIBERTY ST,APT. 46,BLAKELY,GA,39823,A,A,,10/12/2017,10/16/2017,10/30/2017,MAILED,NO,NO,,NO,B-1,B,002,011,151,PATA,00032,,32073,74,
EARLY,01615500,HARRIS,SAMUELLA,DENISA,,117,NORTH AVE, ,BLAKELY,GA,39823-1933,117,NORTH AVE,,BLAKELY,GA,39823-1933,A,A,,10/17/2017,10/17/2017,11/01/2017,MAILED,NO,NO,DISABLED,NO,B-1,B,002,011,151,PATA,00032,,32104,143,
EARLY,01616333,JOHNSON,ANGELA,,,356,HOWELL ST,UNIT 4,BLAKELY,GA,39823,,PO BOX 428,,BLAKELY,GA,39823-0042,A,A,,10/17/2017,10/17/2017,10/17/2017,IN PERSON,NO,NO,,NO,B-1,B,002,011,151,PATA,00032,049013,00030,132,
EARLY,08830869,LEVATT,ABIGAIL,,,368,FORT GAINES ST, ,BLAKELY,GA,39823-2155,368,FORT GAINES ST,,BLAKELY,GA,39823-2155,A,A,,10/19/2017,10/19/2017,10/19/2017,IN PERSON,NO,NO,,NO,B-1,B,002,011,151,PATA,00032,049013,00089,199,
EARLY,03529190,MIDDLETON,ACIA,JUNE,,522,LAKEWOOD DR, ,BLAKELY,GA,39823-1579,522,LAKEWOOD DR,,BLAKELY,GA,39823-1579,A,A,,11/01/2017,11/01/2017,11/01/2017,IN PERSON,NO,NO,,NO,B-2,B,002,011,151,PATA,00052,049013,00244,365,
EARLY,07711537,WIMS,ADRIANNA,SHABRIELLE,,150,WOODLAWN DR, ,BLAKELY,GA,39823,,PO BOX 184,,ARLINGTON,GA,39813-0018,A,A,,11/02/2017,11/02/2017,11/02/2017,IN PERSON,NO,NO,,NO,B-2,B,002,011,151,PATA,00048,049013,00258,380,
EARLY,08244418,COPP,EMILY,ANNA,,40,MCDOWELL ST, ,BLAKELY,GA,39823,40,MCDOWELL ST,,BLAKELY,GA,39823,A,A,,10/26/2017,10/26/2017,10/26/2017,IN PERSON,NO,NO,,NO,B-2,B,002,011,151,PATA,00052,049013,00169,284,
EARLY,10904604,COPP,JAMES,PETER,,40,MCDOWELL ST, ,BLAKELY,GA,39823,40,MCDOWELL ST,,BLAKELY,GA,39823,A,A,,10/26/2017,10/26/2017,10/26/2017,IN PERSON,NO,NO,,NO,B-2,B,002,011,151,PATA,00052,049013,00166,280,
EARLY,01613069,SINGLETARY,LIZA,L,,281,MILL PLACE DR, ,BLAKELY,GA,39823-1757,281,MILL PLACE DR,,BLAKELY,GA,39823-1757,A,A,,11/03/2017,11/03/2017,11/03/2017,IN PERSON,NO,NO,,NO,B-2,B,002,011,151,PATA,00052,049013,00305,427,
EARLY,06951983,KING,TAKEYA,ANTWAN,,780,HOWELL ST, ,BLAKELY,GA,39823-1717,780,HOWELL ST,,BLAKELY,GA,39823-1717,A,A,,10/20/2017,10/20/2017,10/20/2017,IN PERSON,NO,NO,,NO,B-1,B,002,011,151,PATA,00032,049013,00096,206,
EARLY,07505130,BRANCH,GRADY,,,101,N WILLIAMS ST, ,BLAKELY,GA,39823-2060,101,N WILLIAMS ST,,BLAKELY,GA,39823-2060,A,A,,10/16/2017,10/16/2017,10/26/2017,MAILED,NO,NO,DISABLED,NO,B-1,B,002,011,151,PATA,00032,,32100,112,
EARLY,01612682,LUCAS,LOUIS,ELVIN,JR,81,FORT GAINES ST, ,BLAKELY,GA,39823-2520,81,FORT GAINES ST,,BLAKELY,GA,39823-2520,A,A,,11/03/2017,11/03/2017,11/03/2017,IN PERSON,NO,NO,,NO,B-2,B,002,011,151,PATA,00052,049013,00328,450,
EARLY,06103641,GRIER,SANDRA,ANN,,19157,E SOUTH BLVD, ,BLAKELY,GA,39823-3339,19157,E SOUTH BLVD,,BLAKELY,GA,39823-3339,A,A,,10/12/2017,10/16/2017,10/23/2017,MAILED,NO,NO,,NO,B-1,B,002,011,151,PATA,00031,,31084,85,
EARLY,11448811,BYNES,SIMONE,,,981,DAMASCUS ST, ,BLAKELY,GA,39823,981,DAMASCUS ST,,BLAKELY,GA,39823,A,A,,10/26/2017,10/26/2017,11/01/2017,MAILED,NO,NO,,NO,B-1,B,002,011,151,PATA,00053,,53114,281,
EARLY,08573321,ROSEBOROUGH,MOSHEIKA,N,,1150,N CHURCH ST, ,BLAKELY,GA,39823,1150,N CHURCH ST,,BLAKELY,GA,39823,A,A,,10/19/2017,10/19/2017,10/19/2017,IN PERSON,NO,NO,,NO,B-1,B,002,011,151,PATA,00032,049013,00083,193,
EARLY,10727774,NORMAN,MILES,EDWARD,,21708,LUCILE RD, ,BLAKELY,GA,39823,21708,LUCILE RD,,BLAKELY,GA,39823,A,A,,11/02/2017,11/02/2017,11/02/2017,IN PERSON,NO,NO,,NO,B-2,B,002,011,151,PATA,00051,049013,00262,384,
EARLY,01615538,WILSON,BRUCE,D,,92,HOBBS ST, ,BLAKELY,GA,39823-3928,92,HOBBS ST,,BLAKELY,GA,39823-3928,A,A,,11/02/2017,11/02/2017,11/02/2017,IN PERSON,NO,NO,,NO,B-2,B,002,011,151,PATA,00048,049013,00259,381,
EARLY,01612897,PERKINS,RAYMOND,J,,177,CEDAR AVE, ,BLAKELY,GA,39823-2830,177,CEDAR AVE,,BLAKELY,GA,39823-2830,A,A,,10/30/2017,10/30/2017,10/30/2017,IN PERSON,NO,NO,,NO,B-2,B,002,011,151,PATA,00052,049013,00200,317,
EARLY,06110520,WIMBERLY,ARTHUR,JAMES,,1318,N MAIN ST, ,BLAKELY,GA,39823,1318,N MAIN ST,,BLAKELY,GA,39823,A,A,,10/12/2017,10/16/2017,10/31/2017,MAILED,YES,NO,,NO,B-1,B,002,011,151,PATA,00032,,32033,34,
EARLY,01616441,COKLOW,MARGIE,OFTON,,411,DAMASCUS ST,UNIT 36,BLAKELY,GA,39823-2680,411,DAMASCUS ST,UNIT 36,BLAKELY,GA,39823-2680,A,,,10/12/2017,10/16/2017,,MAILED,NO,NO,,NO,B-1,B,002,011,151,PATA,00031,,31064,65,
EARLY,01612981,TINSON,SALLY,J,,128,E BUTLER AVE, ,BLAKELY,GA,39823-2049,,PO BOX 931,,BLAKELY,GA,39823-0093,A,A,,10/20/2017,10/20/2017,10/20/2017,IN PERSON,NO,NO,,NO,B-1,B,002,011,151,PATA,00032,049013,00111,221,
EARLY,07752550,MOORE,SENELLA,GLENN,,671,S BAY ST, ,BLAKELY,GA,39823-2901,671,S BAY ST,,BLAKELY,GA,39823-2901,A,A,,10/23/2017,10/23/2017,10/23/2017,IN PERSON,YES,NO,,NO,B-1,B,002,011,151,PATA,00032,049013,00120,231,
EARLY,07752550,MOORE,SENELLA,GLENN,,671,S BAY ST, ,BLAKELY,GA,39823-2901,671,S BAY ST,,BLAKELY,GA,39823-2901,A,C,VOTED IN PERSON,10/12/2017,10/16/2017,10/23/2017,MAILED,NO,NO,,NO,B-1,B,002,011,151,PATA,00032,,32012,12,
EARLY,01612088,DIXON,DIANNE,J,,28,GARDEN DR, ,BLAKELY,GA,39823-2846,28,GARDEN DR,,BLAKELY,GA,39823-2846,A,A,,10/26/2017,10/26/2017,10/26/2017,IN PERSON,NO,NO,,NO,B-2,B,002,011,151,PATA,00052,049013,00165,279,
EARLY,11472934,HUTCHINS,WILLIE,V,,411,DAMASCUS ST,APT 29,BLAKELY,GA,39823,411,DAMASCUS ST,APT 29,BLAKELY,GA,39823,A,A,,11/03/2017,11/03/2017,11/03/2017,IN PERSON,NO,NO,,NO,B-1,B,002,011,151,PATA,00031,049013,00321,443,
EARLY,05656888,LEWIS,CINDY,LEONA,,1114,DAMASCUS ST, ,BLAKELY,GA,39823-3316,1114,DAMASCUS ST,,BLAKELY,GA,39823-3316,A,A,,11/03/2017,11/03/2017,11/03/2017,IN PERSON,NO,NO,,NO,B-1,B,002,011,151,PATA,00053,049013,00300,422,
EARLY,01612823,MCCOY,GLADYS,J,,700,HOWELL ST, ,BLAKELY,GA,39823-1717,700,HOWELL ST,,BLAKELY,GA,39823-1717,A,A,,10/18/2017,10/18/2017,10/18/2017,IN PERSON,NO,NO,,NO,B-1,B,002,011,151,PATA,00032,049013,00049,157,
EARLY,05837891,SMITH,DOROTHY,J,,58,HOBBS ST, ,BLAKELY,GA,39823-3928,58,HOBBS ST,,BLAKELY,GA,39823-3928,A,A,,10/26/2017,10/26/2017,10/31/2017,MAILED,NO,NO,DISABLED,NO,B-2,B,002,011,151,PATA,00048,,48001,292,
EARLY,01613118,STONE,SHERREE,C,,11298,COLUMBIA ST, ,BLAKELY,GA,39823-3419,11298,COLUMBIA ST,,BLAKELY,GA,39823-3419,A,A,,10/23/2017,10/23/2017,10/23/2017,IN PERSON,NO,NO,,NO,B-2,B,002,011,151,PATA,00052,049013,00132,244,
EARLY,01615247,SOL,CHARLIE,J,,121,WALKER SPRINGS RD, ,BLAKELY,GA,39823-1707,,PO BOX 251,,BLAKELY,GA,39823-0025,A,A,,10/20/2017,10/20/2017,10/20/2017,IN PERSON,NO,NO,,NO,B-1,B,002,011,151,PATA,00032,049013,00118,229,
EARLY,01612354,HARRIS,WILLIE,PEARL,,870,HOWELL ST, ,BLAKELY,GA,39823-1719,870,HOWELL ST,,BLAKELY,GA,39823-1719,A,A,,10/17/2017,10/17/2017,10/23/2017,MAILED,YES,NO,DISABLED,NO,B-1,B,002,011,151,PATA,00032,,32103,142,
EARLY,01614342,JONES,GUY,,,53,WILLOW GLEN DR, ,BLAKELY,GA,39823-3701,53,WILLOW GLEN DR,,BLAKELY,GA,39823-3701,A,A,,10/31/2017,10/31/2017,10/31/2017,IN PERSON,YES,NO,,NO,B-2,B,002,011,151,PATA,00051,049013,00220,339,
EARLY,10694264,HARDRICK,ZYRONICA,SHARONTAE,,356,HOWELL ST,APT 13,BLAKELY,GA,39823,356,HOWELL ST,APT 13,BLAKELY,GA,39823,A,A,,10/18/2017,10/18/2017,10/18/2017,IN PERSON,NO,NO,,NO,B-1,B,002,011,151,PATA,00032,049013,00064,172,
EARLY,01612530,JARRETT,ALLEN,RAY,,347,CLUB DR, ,BLAKELY,GA,39823-3827,,PO BOX 726,,BLAKELY,GA,39823-0072,A,A,,10/19/2017,10/19/2017,10/19/2017,IN PERSON,NO,NO,,NO,B-2,B,002,011,151,PATA,00051,049013,00079,187,
EARLY,03586803,BROWN,SYLVESTER,,,37,OWENS ST, ,BLAKELY,GA,39823-2646,37,OWENS ST,,BLAKELY,GA,39823-2646,A,A,,10/12/2017,10/16/2017,10/30/2017,MAILED,NO,NO,,NO,B-1,B,002,011,151,PATA,00032,,32070,71,
EARLY,08282211,WIMBERLY,BRYAN,O'NEAL,,208,HOGAN AVE, ,BLAKELY,GA,39823-3106,208,HOGAN AVE,,BLAKELY,GA,39823-3106,A,A,,10/12/2017,10/16/2017,10/23/2017,MAILED,NO,NO,,NO,B-1,B,002,011,151,PATA,00032,,32067,68,
EARLY,05529956,KING,TASHIA,LASHAY,,780,HOWELL ST, ,BLAKELY,GA,39823,780,HOWELL ST,,BLAKELY,GA,39823,A,A,,11/03/2017,11/03/2017,11/03/2017,IN PERSON,NO,NO,,NO,B-1,B,002,011,151,PATA,00032,049013,00284,406,
EARLY,01615152,WALL,BRENDA,G,,16,WOODLAWN DR, ,BLAKELY,GA,39823-1644,,PO BOX 125,,BLAKELY,GA,39823-0012,A,A,,11/02/2017,11/02/2017,11/02/2017,IN PERSON,NO,NO,,NO,B-2,B,002,011,151,PATA,00052,049013,00269,391,
EARLY,07153021,WALL,MICHAEL,BRADLEY,,16,WOODLAWN DR, ,BLAKELY,GA,39823-1644,,PO BOX 125,,BLAKELY,GA,39823-0012,A,A,,10/30/2017,10/30/2017,11/06/2017,MAILED,NO,NO,,NO,B-2,B,002,011,151,PATA,00052,,52002,321,
EARLY,07571865,LEE,ELBERT,,III,938,JESSE JOHNSON DR, ,BLAKELY,GA,39823,938,JESSE JOHNSON DR,,BLAKELY,GA,39823,A,A,,11/03/2017,11/03/2017,11/03/2017,IN PERSON,NO,NO,,NO,B-2,B,002,011,151,PATA,00051,049013,00296,418,
EARLY,10453508,YOUNG,WAYNE,,,411,DAMASCUS ST,UNIT 12,BLAKELY,GA,39823,411,DAMASCUS ST,UNIT 6,BLAKELY,GA,39823,A,A,,10/12/2017,10/16/2017,10/25/2017,MAILED,YES,NO,DISABLED,NO,B-1,B,002,011,151,PATA,00031,,31074,75,
EARLY,01613011,ROGERS,INA,FRANCES,,22101,LUCILE RD, ,BLAKELY,GA,39823-3540,22101,LUCILE RD,,BLAKELY,GA,39823-3540,A,A,,10/24/2017,10/24/2017,10/24/2017,IN PERSON,NO,NO,,NO,B-2,B,002,011,151,PATA,00048,049013,00141,255,
EARLY,01613300,WILLIAMS,VICKIE,LEA,,446,SOUTHSIDE DR, ,BLAKELY,GA,39823-3730,446,SOUTHSIDE DR,,BLAKELY,GA,39823-3730,A,A,,10/20/2017,10/20/2017,10/20/2017,IN PERSON,NO,NO,,NO,B-2,B,002,011,151,PATA,00048,049013,00115,226,
EARLY,05596863,PITTMAN,MIA,LA TEESH,,478,FORT GAINES ST, ,BLAKELY,GA,39823-2157,,P.O. BOX 522,,BLAKELY,GA,39823,A,A,,10/16/2017,10/16/2017,10/23/2017,MAILED,NO,NO,,NO,B-1,B,002,011,151,PATA,00032,,32099,113,
EARLY,08297671,HENDERSON,EVELYN,Y,,28,N WILLIAMS ST, ,BLAKELY,GA,39823,28,N WILLIAMS ST,,BLAKELY,GA,39823,A,A,,10/12/2017,10/16/2017,10/23/2017,MAILED,NO,NO,ELDERLY,NO,B-1,B,002,011,151,PATA,00032,,32057,58,
EARLY,08684015,JOHNSON,SHARON,DENICE,,425,HOGAN AVE, ,BLAKELY,GA,39823-3113,425,HOGAN AVE,,BLAKELY,GA,39823-3113,A,A,,10/20/2017,10/20/2017,10/20/2017,IN PERSON,NO,NO,,NO,B-1,B,002,011,151,PATA,00032,049013,00107,217,
EARLY,06590278,DONALDSON,ERNESTINE,B,,321,EVERGREEN AVE, ,BLAKELY,GA,39823-3123,321,EVERGREEN AVE,,BLAKELY,GA,39823-3123,A,A,,10/12/2017,10/16/2017,10/25/2017,MAILED,YES,NO,DISABLED,NO,B-1,B,002,011,151,PATA,00032,,32056,57,
EARLY,01611989,COLLIER,ALICIA,B,,86,MCDOWELL ST, ,BLAKELY,GA,39823-2723,86,MCDOWELL ST,,BLAKELY,GA,39823-2723,A,A,,11/03/2017,11/03/2017,11/03/2017,IN PERSON,NO,NO,,NO,B-2,B,002,011,151,PATA,00052,049013,00293,415,
EARLY,06782744,BRADLEY,JULIANNE,ANISE,,112,WOODLAWN DR, ,BLAKELY,GA,39823,112,WOODLAWN DR,,BLAKELY,GA,39823,A,A,,10/19/2017,10/19/2017,10/19/2017,IN PERSON,NO,NO,,NO,B-2,B,002,011,151,PATA,00048,049013,00072,180,
EARLY,01611986,COLEMAN,RACHEL,,,209,MULBERRY LN, ,BLAKELY,GA,39823-2173,209,MULBERRY LN,,BLAKELY,GA,39823-2173,A,A,,10/17/2017,10/17/2017,10/17/2017,IN PERSON,NO,NO,,NO,B-1,B,002,011,151,PATA,00032,049013,00042,147,
EARLY,05769073,CLARK,CANDACE,SARAH,,1316,DAMASCUS ST, ,BLAKELY,GA,39823,,PO BOX 51,,BLAKELY,GA,39823-0005,A,A,,10/19/2017,10/19/2017,10/19/2017,IN PERSON,NO,NO,,NO,B-1,B,002,011,151,PATA,00053,049013,00090,200,
EARLY,06102637,RAINEY,STEPHANIE,,,356,HOWELL ST,UNIT 28,BLAKELY,GA,39823-2066,356,HOWELL ST,UNIT 28,BLAKELY,GA,39823-2066,A,A,,10/12/2017,10/16/2017,10/23/2017,MAILED,YES,NO,,NO,B-1,B,002,011,151,PATA,00032,,32049,50,
EARLY,07500619,ROGERS,TREMONICA,LASHON,,468,LIBERTY ST,APT 10,BLAKELY,GA,39823,468,LIBERTY ST,APT 10,BLAKELY,GA,39823,A,A,,10/17/2017,10/17/2017,10/17/2017,IN PERSON,NO,NO,,NO,B-1,B,002,011,151,PATA,00032,049013,00046,151,
EARLY,08684198,DAVIS,LATONYA,T,,178,NORTH AVE, ,BLAKELY,GA,39823,178,NORTH AVE,,BLAKELY,GA,39823,A,A,,10/16/2017,10/16/2017,10/16/2017,IN PERSON,NO,NO,,NO,B-1,B,002,011,151,PATA,00032,049013,00025,127,
EARLY,06103597,MOSELEY,JOAN,,,25,S WILLIAMS ST, ,BLAKELY,GA,39823-2061,25,S WILLIAMS ST,,BLAKELY,GA,39823-2061,A,A,,10/20/2017,10/20/2017,10/20/2017,IN PERSON,NO,NO,,NO,B-1,B,002,011,151,PATA,00032,049013,00109,219,
