County,Voter Registration #,Last Name,First Name,Middle Name,Suffix,Street #,Street Name,Apt/Unit,City,State,Zip Code,Mailing Street #,Mailing Street Name,Mailing Apt/Unit,Mailing City,Mailing State,Mailing Zip Code,Application Status,Ballot Status,Status Reason,Application Date,Ballot Issued Date,Ballot Return Date,Ballot Style,Ballot Assisted,Challenged/Provisional,Designation/Reason Issue,ID Required,Municipal Precinct,County Precinct,CNG,SEN,HOUSE	,JUD,Combo #,Vote Center ID,Ballot ID,Post #,Party
GRADY,10545498,EZELL,LOGAN,MALONE,,1373,RIDGE RD, ,CAIRO,GA,39827,1373,RIDGE RD,,CAIRO,GA,39827-4539,A,A,,10/27/2017,10/27/2017,10/27/2017,IN PERSON,NO,NO,,NO,,B,002,011,173,SOGA,00202,065015,00080,82,
GRADY,10144086,BARRETT,SHAYLA,STEPHEN,,693,GA HIGHWAY 93 N, ,CAIRO,GA,39827,693,GA HIGHWAY 93 N,,CAIRO,GA,39827-5725,A,A,,10/20/2017,10/20/2017,10/20/2017,IN PERSON,NO,NO,,NO,,B,002,011,173,SOGA,00202,065015,00044,46,
GRADY,00646314,YOUNG,PAUL,MARTY,JR,310,BELCHER CIR, ,CAIRO,GA,39827-4312,310,BELCHER CIR,,CAIRO,GA,39827-4312,A,A,,10/24/2017,10/24/2017,10/24/2017,IN PERSON,NO,NO,,NO,,B,002,011,173,SOGA,00202,065015,00066,68,
GRADY,00610834,WOMBLE,BRUCE,E,,188,SHADY CIR, ,WHIGHAM,GA,39897-3424,188,SHADY CIR,,WHIGHAM,GA,39897-3424,A,A,,10/17/2017,10/17/2017,10/17/2017,IN PERSON,NO,NO,,NO,,W,002,011,173,SOGA,00202,065015,00022,24,
GRADY,00607410,MAXWELL,JUANITA,S,,1349,GA HIGHWAY 112 N, ,CAIRO,GA,39827-4323,1349,GA HIGHWAY 112 N,,CAIRO,GA,39827-4323,A,A,,10/24/2017,10/24/2017,10/24/2017,IN PERSON,NO,NO,,NO,,SH,002,011,173,SOGA,00202,065015,00054,56,
GRADY,00606203,BISHOP,CHARLES,M,,1593,GA HIGHWAY 93 N, ,CAIRO,GA,39827-4455,1593,GA HIGHWAY 93 N,,CAIRO,GA,39827-4455,A,A,,11/03/2017,11/03/2017,11/03/2017,IN PERSON,NO,NO,,NO,,B,002,011,173,SOGA,00202,065015,00117,121,
GRADY,03839097,READY,R,LAMON,,526,READY LN, ,CAIRO,GA,39827-4754,526,READY LN,,CAIRO,GA,39827-4754,A,A,,10/25/2017,10/25/2017,10/25/2017,IN PERSON,NO,NO,,NO,,L,002,011,173,SOGA,00202,065015,00075,77,
GRADY,00609962,AKRIDGE,JAMES,ALFRED,,189,OPEN POND RD, ,CAIRO,GA,39827-4829,189,OPEN POND RD,,CAIRO,GA,39827-4829,A,A,,11/03/2017,11/03/2017,11/03/2017,IN PERSON,NO,NO,,NO,,SH,002,011,173,SOGA,00202,065015,00124,128,
GRADY,00606705,HARRELL,WILLIAM,PAUL,,188,WOODRIDGE LN, ,CAIRO,GA,39827,188,WOODRIDGE LN,,CAIRO,GA,39827,A,A,,11/03/2017,11/03/2017,11/03/2017,IN PERSON,NO,NO,,NO,,SH,002,011,173,SOGA,00202,065015,00125,129,
GRADY,01875881,NEWBERRY,JAMES,K,,496,KNIGHT RD, ,WHIGHAM,GA,39897-2911,496,KNIGHT RD,,WHIGHAM,GA,39897-2911,A,A,,10/23/2017,10/23/2017,10/23/2017,IN PERSON,NO,NO,,NO,,SH,002,011,173,SOGA,00202,065015,00049,51,
GRADY,00607215,PEARSON-COX,MARILYN,L,,1237,RIDGE RD, ,CAIRO,GA,39827-4537,1237,RIDGE RD,,CAIRO,GA,39827-4537,A,A,,10/16/2017,10/16/2017,10/16/2017,IN PERSON,NO,NO,,NO,,B,002,011,173,SOGA,00202,065015,00006,6,
GRADY,00608498,LEWIS,MYRTLE,A,,1839,ATTAPULGUS WHIGHAM RD, ,WHIGHAM,GA,39897-3738,1839,ATTAPULGUS WHIGHAM RD,,WHIGHAM,GA,39897-3738,A,A,,10/27/2017,10/27/2017,10/27/2017,IN PERSON,NO,NO,,NO,,H,002,011,173,SOGA,00202,065015,00082,85,
GRADY,03322584,NEWMONS,BOBBY,,,157,WOODRIDGE LN, ,CAIRO,GA,39827-7329,157,WOODRIDGE LN,,CAIRO,GA,39827-7329,A,C,MULTIPLE BALLOT WAS NOT REQUESTED - ,11/02/2017,11/02/2017,11/02/2017,IN PERSON,NO,NO,,NO,,SH,002,011,173,SOGA,00202,065015,00109,112,
GRADY,00606373,CONNELL,DAVID,C,,295,BOND RD, ,CAIRO,GA,39827-4559,295,BOND RD,,CAIRO,GA,39827-4559,A,A,,10/30/2017,10/30/2017,10/30/2017,IN PERSON,NO,NO,,NO,,B,002,011,173,SOGA,00202,065015,00087,90,
GRADY,00605982,HARRELL,JEAN,C,,1722,HARRELL RD, ,WHIGHAM,GA,39897,1722,HARRELL RD,,WHIGHAM,GA,39897,A,A,,10/19/2017,10/19/2017,10/19/2017,IN PERSON,NO,NO,,NO,,L,002,011,173,SOGA,00202,065015,00037,39,
GRADY,02296975,CROY,STACEY,B,,763,OPEN POND RD, ,WHIGHAM,GA,39897,763,OPEN POND RD,,WHIGHAM,GA,39897-2907,A,A,,10/17/2017,10/17/2017,10/17/2017,IN PERSON,NO,NO,,NO,,SH,002,011,173,SOGA,00202,065015,00016,16,
GRADY,00610726,MAXWELL,J,STEVEN,,1117,CLARENCE M RD, ,WHIGHAM,GA,39897-2128,1117,CLARENCE M RD,,WHIGHAM,GA,39897-2128,A,A,,10/26/2017,10/26/2017,10/26/2017,IN PERSON,NO,NO,,NO,,SH,002,011,173,SOGA,00202,065015,00078,80,
GRADY,00608685,PEARSON,JAMES,KEITH,,1256,RIDGE RD, ,CAIRO,GA,39827-4536,1256,RIDGE RD,,CAIRO,GA,39827-4536,A,A,,10/16/2017,10/16/2017,10/16/2017,IN PERSON,NO,NO,,NO,,B,002,011,173,SOGA,00202,065015,00007,7,
GRADY,11473853,SELLERS,WILLA,REAGAN,,254,RIDGE RD, ,CAIRO,GA,39827,254,RIDGE RD,,CAIRO,GA,39827,A,A,,10/17/2017,10/17/2017,10/30/2017,MAILED,NO,NO,,NO,,B,002,011,173,SOGA,00202,,00017,21,
GRADY,10452236,ANDERS,KERWIN,DEAN,,352,BOND RD, ,CAIRO,GA,39827,352,BOND RD,,CAIRO,GA,39827-4554,A,A,,11/01/2017,11/01/2017,11/01/2017,IN PERSON,NO,NO,,NO,,B,002,011,173,SOGA,00202,065015,00094,97,
GRADY,00607602,CLARK,PATRICIA,DIANE,,219,SPRING HILL RD, ,CAIRO,GA,39827-4727,219,SPRING HILL RD,,CAIRO,GA,39827-4727,A,A,,11/01/2017,11/01/2017,11/01/2017,IN PERSON,NO,NO,,NO,,SH,002,011,173,SOGA,00202,065015,00097,100,
GRADY,00608539,POPPELL,DORIS,C,,737,CLARENCE M RD, ,WHIGHAM,GA,39897-2124,737,CLARENCE M RD,,WHIGHAM,GA,39897-2124,A,A,,11/03/2017,11/03/2017,11/03/2017,IN PERSON,NO,NO,,NO,,SH,002,011,173,SOGA,00202,065015,00119,123,
GRADY,03398846,ASBELL,JOEY,WANDELL,,1810,GA HIGHWAY 112 N, ,CAIRO,GA,39827-4358,1810,GA HIGHWAY 112 N,,CAIRO,GA,39827-4358,A,A,,10/19/2017,10/19/2017,10/19/2017,IN PERSON,NO,NO,,NO,,B,002,011,173,SOGA,00202,065015,00042,44,
GRADY,00607708,WILLIAMS,JOHN,E,,592,BOND RD, ,CAIRO,GA,39827-4552,592,BOND RD,,CAIRO,GA,39827-4552,A,A,,10/17/2017,10/17/2017,10/17/2017,IN PERSON,NO,NO,,NO,,B,002,011,173,SOGA,00202,065015,00021,23,
GRADY,10004715,CARTER,BRENDA,KAY,,2637,RIDGE RD, ,CAIRO,GA,39827,2637,RIDGE RD,,CAIRO,GA,39827-4431,A,A,,11/03/2017,11/03/2017,11/03/2017,IN PERSON,NO,NO,,NO,,B,002,011,173,SOGA,00202,065015,00127,131,
GRADY,02832615,KINES,CARRIE,K,,763,OPEN POND RD, ,WHIGHAM,GA,39897-2907,763,OPEN POND RD,,WHIGHAM,GA,39897-2907,A,A,,11/02/2017,11/02/2017,11/02/2017,IN PERSON,NO,NO,,NO,,SH,002,011,173,SOGA,00202,065015,00115,119,
GRADY,06992467,DAVIS,JUSTIN,LEE,,2299,OPEN POND RD, ,WHIGHAM,GA,39897,2299,OPEN POND RD,,WHIGHAM,GA,39897,A,A,,11/02/2017,11/02/2017,11/02/2017,IN PERSON,NO,NO,,NO,,SH,002,011,173,SOGA,00202,065015,00110,114,
GRADY,00608603,WALDEN,SHIRLEY,A,,3320,COLLINS RD, ,WHIGHAM,GA,39897,3320,COLLINS RD,,WHIGHAM,GA,39897,A,A,,10/30/2017,10/30/2017,10/30/2017,IN PERSON,NO,NO,,NO,,W,002,011,173,SOGA,00202,065015,00088,91,
GRADY,00607258,POWE,WILLARD,,,2938,RIDGE RD, ,CAIRO,GA,39827-4428,2938,RIDGE RD,,CAIRO,GA,39827-4428,A,A,,10/19/2017,10/19/2017,10/19/2017,IN PERSON,NO,NO,,NO,,B,002,011,173,SOGA,00202,065015,00032,34,
GRADY,04260534,ALLEN,DAVID,KEITH,,258,CANOPY LN, ,WHIGHAM,GA,39897-3316,258,CANOPY LN,,WHIGHAM,GA,39897-3316,A,A,,10/30/2017,10/30/2017,10/30/2017,IN PERSON,NO,NO,,NO,,W,002,011,173,SOGA,00202,065015,00090,93,
GRADY,00608800,SELLARS,WALTER,L,,276,WHIGHAM RD, ,WHIGHAM,GA,39897,276,WHIGHAM RD,,WHIGHAM,GA,39897,A,A,,10/18/2017,10/18/2017,10/18/2017,IN PERSON,NO,NO,,NO,,L,002,011,173,SOGA,00202,065015,00028,30,
GRADY,02785428,JETER,ROBERT,EARLE,JR,607,PONDER RD, ,WHIGHAM,GA,39897,607,PONDER RD,,WHIGHAM,GA,39897,A,A,,10/16/2017,10/16/2017,10/16/2017,IN PERSON,NO,NO,,NO,,SH,002,011,173,SOGA,00202,065015,00002,2,
GRADY,00609620,AKRIDGE,MYRA,H,,498,OLD EIGHTY FOUR, ,CAIRO,GA,39827-4830,498,OLD EIGHTY FOUR,,CAIRO,GA,39827-4830,A,A,,10/20/2017,10/20/2017,10/20/2017,IN PERSON,NO,NO,,NO,,SH,002,011,173,SOGA,00202,065015,00047,49,
GRADY,06415503,CLARK,JACKIE,W,,2455,GA HIGHWAY 112 N, ,CAIRO,GA,39827-4345,2455,GA HIGHWAY 112 N,,CAIRO,GA,39827-4345,A,A,,11/02/2017,11/02/2017,11/02/2017,IN PERSON,NO,NO,,NO,,SH,002,011,173,SOGA,00202,065015,00102,105,
GRADY,00605942,ALLEN,FREEMAN,,JR,578,JORDAN RD, ,CAIRO,GA,39827-4606,578,JORDAN RD,,CAIRO,GA,39827-4606,A,A,,10/18/2017,10/18/2017,10/18/2017,IN PERSON,NO,NO,,NO,,B,002,011,173,SOGA,00202,065015,00026,28,
GRADY,00610484,POPPELL,ROBERT,EUGENE,,807,OLD 179 S, ,WHIGHAM,GA,39897-4002,807,OLD 179 S,,WHIGHAM,GA,39897-4002,A,A,,10/19/2017,10/19/2017,10/19/2017,IN PERSON,NO,NO,,NO,,W,002,011,173,SOGA,00202,065015,00036,38,
GRADY,00609899,WOMBLE,KENNETH,W,,1144,GAINOUS RD, ,CAIRO,GA,39827-4802,1144,GAINOUS RD,,CAIRO,GA,39827-4802,A,A,,11/02/2017,11/02/2017,11/02/2017,IN PERSON,NO,NO,,NO,,SH,002,011,173,SOGA,00202,065015,00107,110,
GRADY,04855494,LANG,SHANAN,YVONNE,,1283,PROVIDENCE RD, ,WHIGHAM,GA,39897-4106,1283,PROVIDENCE RD,,WHIGHAM,GA,39897-4106,A,A,,10/17/2017,10/17/2017,10/17/2017,IN PERSON,NO,NO,,NO,,W,002,011,173,SOGA,00202,065015,00017,17,
GRADY,00609234,STEWART,DAVID,LEE,,309,HORTON RD, ,CAIRO,GA,39827-4745,309,HORTON RD,,CAIRO,GA,39827-4745,A,A,,10/24/2017,10/24/2017,10/24/2017,IN PERSON,NO,NO,,NO,,SH,002,011,173,SOGA,00202,065015,00057,59,
GRADY,00607714,WILLIAMS,ROBERTA,L,,592,BOND RD, ,CAIRO,GA,39827-4552,,PO BOX 217,,CAIRO,GA,39828-0021,A,A,,10/17/2017,10/17/2017,10/17/2017,IN PERSON,NO,NO,,NO,,B,002,011,173,SOGA,00202,065015,00020,22,
GRADY,03780621,WEAVER,JONNA,LEE,,2229,RIDGE RD, ,CAIRO,GA,39827-4437,2229,RIDGE RD,,CAIRO,GA,39827-4437,A,A,,10/19/2017,10/19/2017,10/19/2017,IN PERSON,NO,NO,,NO,,B,002,011,173,SOGA,00202,065015,00041,43,
GRADY,04618057,MOBLEY,BECKY,ARLENE,,218,MARTIN AVE, ,WHIGHAM,GA,39897,,PO BOX 568,,WHIGHAM,GA,39897,A,A,,10/26/2017,10/26/2017,10/26/2017,IN PERSON,NO,NO,,NO,WHIG1,W,002,011,173,SOGA,00204,065015,00077,79,
GRADY,00643017,WILLIAMS,CARLENE,CROFT,,532,BOND RD, ,CAIRO,GA,39827-4552,532,BOND RD,,CAIRO,GA,39827-4552,A,A,,10/16/2017,10/16/2017,10/16/2017,IN PERSON,NO,NO,,NO,,B,002,011,173,SOGA,00202,065015,00008,8,
GRADY,00608527,MOBLEY,ANN,W,,154,HIRAMS LN, ,WHIGHAM,GA,39897,154,HIRAMS LN,,WHIGHAM,GA,39897,A,A,,10/16/2017,10/16/2017,10/16/2017,IN PERSON,NO,NO,,NO,,SH,002,011,173,SOGA,00202,065015,00014,14,
GRADY,00606862,JONES,W,FRANK,,943,GA HIGHWAY 93 N, ,CAIRO,GA,39827-5801,943,GA HIGHWAY 93 N,,CAIRO,GA,39827-5801,A,A,,10/25/2017,10/25/2017,10/25/2017,IN PERSON,NO,NO,,NO,,B,002,011,173,SOGA,00202,065015,00069,71,
GRADY,00610319,HARRISON,DEBRA,B,,1828,SPRING HILL RD, ,WHIGHAM,GA,39897-2405,1828,SPRING HILL RD,,WHIGHAM,GA,39897-2405,A,A,,11/02/2017,11/02/2017,11/02/2017,IN PERSON,NO,NO,,NO,,L,002,011,173,SOGA,00202,065015,00108,111,
GRADY,00618398,ETHREDGE,JEFFERY,ALAN,,138,DUE SOUTH RD, ,WHIGHAM,GA,39897-4012,,PO BOX 503,,WHIGHAM,GA,39897-0050,A,A,,11/01/2017,11/01/2017,11/01/2017,IN PERSON,NO,NO,,NO,,W,002,011,173,SOGA,00202,065015,00096,99,
GRADY,01653635,STRICKLAND,KEVIN,DELANE,,470,SELLERS RD, ,PELHAM,GA,31779-4512,470,SELLERS RD,,PELHAM,GA,31779-4512,A,A,,11/02/2017,11/02/2017,11/02/2017,IN PERSON,NO,NO,,NO,,B,002,011,173,SOGA,00202,065015,00113,117,
GRADY,00606210,BOND,MARY,ALICE S,,117,E BROAD ST, ,WHIGHAM,GA,39897,117,E BROAD ST,,WHIGHAM,GA,39897,A,A,,10/16/2017,10/16/2017,10/16/2017,IN PERSON,NO,NO,,NO,WHIG1,W,002,011,173,SOGA,00204,065015,00012,12,
GRADY,00608358,ADAMS,DOROTHY,MAE H,,180,ADAMS LN, ,WHIGHAM,GA,39897-3528,180,ADAMS LN,,WHIGHAM,GA,39897-3528,A,A,,11/02/2017,11/02/2017,11/02/2017,IN PERSON,NO,NO,,NO,,R,002,011,173,SOGA,00202,065015,00111,115,
GRADY,00606866,JONES,BARBARA,R,,943,GA HIGHWAY 93 N, ,CAIRO,GA,39827-5801,943,GA HIGHWAY 93 N,,CAIRO,GA,39827-5801,A,A,,10/25/2017,10/25/2017,10/25/2017,IN PERSON,NO,NO,,NO,,B,002,011,173,SOGA,00202,065015,00071,73,
GRADY,10986929,MORRISON,PATRICIA,DARLENE,,370,MORRISON RD, ,WHIGHAM,GA,39897,370,MORRISON RD,,WHIGHAM,GA,39897,A,A,,10/17/2017,10/17/2017,10/17/2017,IN PERSON,NO,NO,,NO,,L,002,011,173,SOGA,00202,065015,00023,25,
GRADY,00611081,MAXWELL,LARRY,J,,1349,GA HIGHWAY 112 N, ,CAIRO,GA,39827-4323,1349,GA HIGHWAY 112 N,,CAIRO,GA,39827-4323,A,A,,10/24/2017,10/24/2017,10/24/2017,IN PERSON,NO,NO,,NO,,SH,002,011,173,SOGA,00202,065015,00055,57,
GRADY,00605954,CHILDS,CAROLYN,DOLLAR,,3519,RIDGE RD, ,PELHAM,GA,31779-4502,3519,RIDGE RD,,PELHAM,GA,31779-4502,A,A,,10/16/2017,10/16/2017,10/16/2017,IN PERSON,NO,NO,,NO,,B,002,011,173,SOGA,00202,065015,00005,5,
GRADY,06614356,PHILLIPS,ALTHEA,LAVERN,,407,PONDER RD, ,WHIGHAM,GA,39897,407,PONDER RD,,WHIGHAM,GA,39897,A,A,,11/01/2017,11/01/2017,11/01/2017,IN PERSON,NO,NO,,NO,,SH,002,011,173,SOGA,00202,065015,00100,103,
GRADY,00609312,NEWBERRY,BARBARA,D,,1822,OLD 84, ,WHIGHAM,GA,39897-2969,,PO BOX 82,,WHIGHAM,GA,39897-0008,A,A,,10/24/2017,10/24/2017,10/24/2017,IN PERSON,NO,NO,,NO,,W,002,011,173,SOGA,00202,065015,00061,63,
GRADY,10060656,KINES,SHELLEY,LYN,,763,OPEN POND RD, ,WHIGHAM,GA,39897,763,OPEN POND RD,,WHIGHAM,GA,39897,A,A,,11/02/2017,11/02/2017,11/02/2017,IN PERSON,NO,NO,,NO,,SH,002,011,173,SOGA,00202,065015,00114,118,
GRADY,00610506,SELLERS,JAMES,H,,363,N MCGRIFF ST, ,WHIGHAM,GA,39897,,PO BOX 363,,WHIGHAM,GA,39897-0036,A,A,,10/23/2017,10/23/2017,10/23/2017,IN PERSON,NO,NO,,NO,WHIG1,W,002,011,173,SOGA,00204,065015,00051,53,
GRADY,00608584,STRICKLAND,JEAN,C,,180,W BROAD AVE, ,WHIGHAM,GA,39897-2228,180,W BROAD AVE,,WHIGHAM,GA,39897-2228,A,A,,10/25/2017,10/25/2017,10/25/2017,IN PERSON,NO,NO,,NO,WHIG1,W,002,011,173,SOGA,00204,065015,00074,76,
GRADY,00612957,PRINCE,PATRICIA,S,,120,RIDGE RD, ,CAIRO,GA,39827-7318,120,RIDGE RD,,CAIRO,GA,39827-7318,A,A,,11/03/2017,11/03/2017,11/03/2017,IN PERSON,NO,NO,,NO,,B,002,011,173,SOGA,00202,065015,00132,136,
GRADY,00608360,HARRIS,VIVIAN,LOUISE,,664,BORDEN RD, ,WHIGHAM,GA,39897-3403,664,BORDEN RD,,WHIGHAM,GA,39897-3403,A,A,,11/03/2017,11/03/2017,11/03/2017,IN PERSON,NO,NO,,NO,,R,002,011,173,SOGA,00202,065015,00129,133,
GRADY,04312140,JOWERS,LARRY,JACKSON,JR,625,PONDER RD, ,WHIGHAM,GA,39897,625,PONDER RD,,WHIGHAM,GA,39897-2429,A,A,,11/03/2017,11/03/2017,11/03/2017,IN PERSON,NO,NO,,NO,,SH,002,011,173,SOGA,00202,065015,00126,130,
GRADY,06717911,MITCHELL,PRENTISS,RAILFORD,,273,OLD EIGHTY FOUR, ,CAIRO,GA,39827-4839,273,OLD EIGHTY FOUR,,CAIRO,GA,39827-4839,A,A,,10/16/2017,10/16/2017,10/16/2017,IN PERSON,NO,NO,,NO,,SH,002,011,173,SOGA,00202,065015,00011,11,
GRADY,00608924,MAJORS,GLINDA,B,,494,RIDGE RD, ,CAIRO,GA,39827-7320,,PO BOX 395,,CAIRO,GA,39828-0039,A,A,,11/03/2017,11/03/2017,11/03/2017,IN PERSON,NO,NO,,NO,,B,002,011,173,SOGA,00202,065015,00121,125,
GRADY,00608570,LEE,CAROLYN,B,,1204,PROVIDENCE RD, ,WHIGHAM,GA,39897,1204,PROVIDENCE RD,,WHIGHAM,GA,39897,A,A,,11/01/2017,11/01/2017,11/01/2017,IN PERSON,NO,NO,,NO,,W,002,011,173,SOGA,00202,065015,00098,101,
GRADY,02877815,BELCHER,BLAKE,LAWRENCE,,3713,RIDGE RD, ,PELHAM,GA,31779-4500,3713,RIDGE RD,,PELHAM,GA,31779-4500,A,A,,10/20/2017,10/20/2017,10/20/2017,IN PERSON,NO,NO,,NO,,B,002,011,173,SOGA,00202,065015,00046,48,
GRADY,00605941,ALLEN,CLEO,D,,578,JORDAN RD, ,CAIRO,GA,39827-4606,578,JORDAN RD,,CAIRO,GA,39827-4606,A,A,,10/18/2017,10/18/2017,10/18/2017,IN PERSON,NO,NO,,NO,,B,002,011,173,SOGA,00202,065015,00025,27,
GRADY,00587331,STARLING,JOHN,H,JR,1509,OLD 179 S, ,WHIGHAM,GA,39897-4005,1509,OLD 179 S,,WHIGHAM,GA,39897-4005,A,A,,11/03/2017,11/03/2017,11/03/2017,IN PERSON,NO,NO,,NO,,W,002,011,173,SOGA,00202,065015,00128,132,
GRADY,00644698,NEWBERRY,ADELAIDE,M,,496,KNIGHT RD, ,WHIGHAM,GA,39897-2911,496,KNIGHT RD,,WHIGHAM,GA,39897-2911,A,A,,10/23/2017,10/23/2017,10/23/2017,IN PERSON,NO,NO,,NO,,SH,002,011,173,SOGA,00202,065015,00048,50,
GRADY,00608913,KNIGHT,JUNE,DUKE,,270,TRINITY RD, ,WHIGHAM,GA,39897,1020,US HIGHWAY 84 W,,CAIRO,GA,39828,A,A,,10/18/2017,10/18/2017,10/18/2017,IN PERSON,NO,NO,,NO,,SH,002,011,173,SOGA,00202,065015,00029,31,
GRADY,03664204,WALDEN,NATALIE,SHAE,,1397,MIZPAH RD, ,WHIGHAM,GA,39897,1397,MIZPAH RD,,WHIGHAM,GA,39897,A,A,,10/20/2017,10/20/2017,10/20/2017,IN PERSON,NO,NO,,NO,,L,002,011,173,SOGA,00202,065015,00045,47,
GRADY,00605980,GREEN,KATHY,LOGUE,,203,COKER RD, ,PELHAM,GA,31779,203,COKER RD,,PELHAM,GA,31779,A,A,,11/02/2017,11/02/2017,11/02/2017,IN PERSON,NO,NO,,NO,,L,002,011,173,SOGA,00202,065015,00101,104,
GRADY,05244110,SELLERS,DIREIK,M,,254,RIDGE RD, ,CAIRO,GA,39827-7317,254,RIDGE RD,,CAIRO,GA,39827-7317,A,A,,10/17/2017,10/17/2017,10/30/2017,MAILED,NO,NO,DISABLED,NO,,B,002,011,173,SOGA,00202,,00016,19,
GRADY,00608151,MAXWELL,JAMES,YANCEY,,1404,TIRED CREEK RD, ,WHIGHAM,GA,39897,1404,TIRED CREEK RD,,WHIGHAM,GA,39897,A,A,,10/19/2017,10/19/2017,10/19/2017,IN PERSON,NO,NO,,NO,,W,002,011,173,SOGA,00202,065015,00031,33,
GRADY,10663558,JOHNSON,LYNSEY,HOPE,,827,GA HIGHWAY 93 N, ,CAIRO,GA,39827,2842,BARK AVE,,CAIRO,GA,39828,A,A,,11/03/2017,11/03/2017,11/03/2017,IN PERSON,NO,NO,,NO,,B,002,011,173,SOGA,00202,065015,00130,134,
GRADY,06410629,NEWMONS,STACI,LYNN,,157,WOODRIDGE LN, ,CAIRO,GA,39827-7329,157,WOODRIDGE LN,,CAIRO,GA,39827-7329,A,A,,10/16/2017,10/16/2017,10/16/2017,IN PERSON,NO,NO,,NO,,SH,002,011,173,SOGA,00202,065015,00003,3,
GRADY,00608871,REGISTER,JAMES,R,,143,LARKIN ST,LOT A,WHIGHAM,GA,39897,,PO BOX 606,,CAIRO,GA,39828-0060,A,A,,11/01/2017,11/01/2017,11/01/2017,IN PERSON,NO,NO,,NO,WHIG1,W,002,011,173,SOGA,00204,065015,00095,98,
GRADY,00611610,MAJORS,PAUL,D,,494,RIDGE RD, ,CAIRO,GA,39827-7320,494,RIDGE RD,,CAIRO,GA,39827-7320,A,A,,11/03/2017,11/03/2017,11/03/2017,IN PERSON,NO,NO,,NO,,B,002,011,173,SOGA,00202,065015,00122,126,
GRADY,01863630,RUSH,DONNA,G,,1253,RIDGE RD,LOT 3,CAIRO,GA,39827-4574,,PO BOX 269,,CAIRO,GA,39828-0026,A,A,,10/27/2017,10/27/2017,10/27/2017,IN PERSON,NO,NO,,NO,,B,002,011,173,SOGA,00202,065015,00084,87,
GRADY,01198655,FAIRCLOTH,JUANITA,N,,2496,TIRED CREEK RD, ,WHIGHAM,GA,39897-3930,2496,TIRED CREEK RD,,WHIGHAM,GA,39897-3930,A,A,,11/02/2017,11/02/2017,11/02/2017,IN PERSON,NO,NO,,NO,,R,002,011,173,SOGA,00202,065015,00104,107,
GRADY,07074429,JORDAN,RICHARD,HARPER,,303,JORDAN RD, ,CAIRO,GA,39827-4611,303,JORDAN RD,,CAIRO,GA,39827-4611,A,A,,10/17/2017,10/17/2017,10/17/2017,IN PERSON,NO,NO,,NO,,B,002,011,173,SOGA,00202,065015,00019,20,
GRADY,00608525,MOBLEY,D,STANLEY,SR,154,HIRAMS LN, ,WHIGHAM,GA,39897-2118,154,HIRAMS LN,,WHIGHAM,GA,39897-2118,A,A,,10/16/2017,10/16/2017,10/16/2017,IN PERSON,NO,NO,,NO,,SH,002,011,173,SOGA,00202,065015,00015,15,
GRADY,00608408,COX,DEMETRIUS,C,,1262,OLD 84, ,WHIGHAM,GA,39897-2933,1262,OLD 84,,WHIGHAM,GA,39897-2933,A,A,,11/03/2017,11/03/2017,11/03/2017,IN PERSON,NO,NO,,NO,,SH,002,011,173,SOGA,00202,065015,00120,124,
GRADY,00608857,STEWART,JULIA,W,,309,HORTON RD, ,CAIRO,GA,39827-4745,309,HORTON RD,,CAIRO,GA,39827-4745,A,A,,10/24/2017,10/24/2017,10/24/2017,IN PERSON,NO,NO,,NO,,SH,002,011,173,SOGA,00202,065015,00056,58,
GRADY,00610248,WHIGHAM,JACKIE,S,,419,JORDAN RD, ,CAIRO,GA,39827-4609,419,JORDAN RD,,CAIRO,GA,39827-4609,A,A,,10/24/2017,10/24/2017,10/24/2017,IN PERSON,NO,NO,,NO,,B,002,011,173,SOGA,00202,065015,00060,62,
GRADY,00609292,NEWBERRY,HOWARD,WALTER,,1822,OLD 84, ,WHIGHAM,GA,39897-2969,1822,OLD 84,,WHIGHAM,GA,39897-2969,A,A,,10/24/2017,10/24/2017,10/24/2017,IN PERSON,NO,NO,,NO,,W,002,011,173,SOGA,00202,065015,00062,64,
GRADY,05173051,HOLDEN,MARGARET,HAYES,,3670,OLD 179 N, ,WHIGHAM,GA,39897,3670,OLD 179 N,,WHIGHAM,GA,39897,A,A,,10/24/2017,10/24/2017,10/24/2017,IN PERSON,NO,NO,,NO,,L,002,011,173,SOGA,00202,065015,00059,61,
GRADY,00608926,SHAZER,EARNESTINE,G,,1845,OLD 84, ,WHIGHAM,GA,39897,1845,OLD 84,,WHIGHAM,GA,39897,A,A,,10/16/2017,10/16/2017,10/16/2017,IN PERSON,NO,NO,,NO,,W,002,011,173,SOGA,00202,065015,00010,10,
GRADY,05080971,STARLING,HAZEL,JEANNETTE,,1509,OLD 179 S, ,WHIGHAM,GA,39897-4005,1509,OLD 179 S,,WHIGHAM,GA,39897-4005,A,A,,11/03/2017,11/03/2017,11/03/2017,IN PERSON,NO,NO,,NO,,W,002,011,173,SOGA,00202,065015,00118,122,
GRADY,10988155,JORDAN,JOY,DELACE,,160,CAD RD, ,CAIRO,GA,39827,160,CAD RD,,CAIRO,GA,39827,A,A,,10/16/2017,10/16/2017,10/16/2017,IN PERSON,NO,NO,,NO,,B,002,011,173,SOGA,00202,065015,00004,4,
GRADY,00613553,HARRIS,RALPH,,,664,BORDEN RD, ,WHIGHAM,GA,39897-3403,664,BORDEN RD,,WHIGHAM,GA,39897-3403,A,A,,11/03/2017,11/03/2017,11/03/2017,IN PERSON,NO,NO,,NO,,R,002,011,173,SOGA,00202,065015,00131,135,
GRADY,10371823,DELISLE,ANNETTE,GONZALEZ,,426,BOND RD, ,CAIRO,GA,39827,,PO BOX 106,,CAIRO,GA,39828-0106,A,A,,10/23/2017,10/23/2017,10/23/2017,IN PERSON,NO,NO,,NO,,B,002,011,173,SOGA,00202,065015,00052,54,
GRADY,10633910,THOMAS,LAURA,FAYE,,377,GAINOUS RD, ,CAIRO,GA,39827,377,GAINOUS RD,,CAIRO,GA,39827,A,A,,10/19/2017,10/19/2017,10/19/2017,IN PERSON,NO,NO,,NO,,SH,002,011,173,SOGA,00202,065015,00034,36,
GRADY,10371826,DELISLE,TERRY,,,426,BOND RD, ,CAIRO,GA,39827,,PO BOX 106,,CAIRO,GA,39828-0106,A,A,,10/23/2017,10/23/2017,10/23/2017,IN PERSON,NO,NO,,NO,,B,002,011,173,SOGA,00202,065015,00053,55,
GRADY,00608373,BARRINEAU,DOROTHY,H,,507,BARRINEAU RD, ,WHIGHAM,GA,39897-4008,507,BARRINEAU RD,,WHIGHAM,GA,39897-4008,A,A,,10/19/2017,10/19/2017,10/19/2017,IN PERSON,NO,NO,,NO,,W,002,011,173,SOGA,00202,065015,00039,41,
GRADY,07410281,BARBER,TAMMY,J,,1058,CAPEL RD, ,CAIRO,GA,39827-5842,1058,CAPEL RD,,CAIRO,GA,39827-5842,A,A,,10/26/2017,10/26/2017,10/26/2017,IN PERSON,NO,NO,,NO,,B,002,011,173,SOGA,00202,065015,00079,81,
GRADY,00644747,KNIGHT,SHERRY,KNIGHT,,3088,SPRING HILL RD, ,WHIGHAM,GA,39897-2812,3088,SPRING HILL RD,,WHIGHAM,GA,39897-2812,A,A,,10/30/2017,10/30/2017,10/30/2017,IN PERSON,NO,NO,,NO,,SH,002,011,173,SOGA,00202,065015,00086,89,
GRADY,00608981,BELL,JOHN,PERRY,JR,235,HILLTOP LN, ,CAIRO,GA,39828-4948,235,HILLTOP LN,,CAIRO,GA,39828-4948,A,A,,11/02/2017,11/02/2017,11/02/2017,IN PERSON,NO,NO,,NO,,W,002,011,173,SOGA,00202,065015,00106,109,
GRADY,00608371,BARRINEAU,WENDELL,,,507,BARRINEAU RD, ,WHIGHAM,GA,39897-4008,507,BARRINEAU RD,,WHIGHAM,GA,39897-4008,A,A,,10/19/2017,10/19/2017,10/19/2017,IN PERSON,NO,NO,,NO,,W,002,011,173,SOGA,00202,065015,00040,42,
GRADY,05244110,SELLERS,DIREIK,M,,254,RIDGE RD, ,CAIRO,GA,39827-7317,254,RIDGE RD,,CAIRO,GA,39827-7317,A,C,Other,10/17/2017,,,MAILED,NO,NO,DISABLED,NO,,B,002,011,173,SOGA,00202,,,,
GRADY,01776073,SELLERS,LISA,,,363,N MCGRIFF ST, ,WHIGHAM,GA,39897-0363,,PO BOX 363,,WHIGHAM,GA,39897-0036,A,A,,10/23/2017,10/23/2017,10/23/2017,IN PERSON,NO,NO,,NO,WHIG1,W,002,011,173,SOGA,00204,065015,00050,52,
GRADY,00608474,JOHNSON,CAROLYN,P,,686,JOWERS RD, ,WHIGHAM,GA,39897-2107,686,JOWERS RD,,WHIGHAM,GA,39897-2107,A,A,,10/27/2017,10/27/2017,10/27/2017,IN PERSON,NO,NO,,NO,,W,002,011,173,SOGA,00202,065015,00081,83,
GRADY,00606030,POWE,SYLVIA,N,,2938,RIDGE RD, ,CAIRO,GA,39827-4428,2938,RIDGE RD,,CAIRO,GA,39827-4428,A,A,,10/19/2017,10/19/2017,10/19/2017,IN PERSON,NO,NO,,NO,,B,002,011,173,SOGA,00202,065015,00033,35,
GRADY,00608505,MAXWELL,LINDA,P,,480,OLD 179 S, ,WHIGHAM,GA,39897-3201,480,OLD 179 S,,WHIGHAM,GA,39897-3201,A,A,,10/20/2017,10/20/2017,10/20/2017,IN PERSON,NO,NO,,NO,,W,002,011,173,SOGA,00202,065015,00043,45,
GRADY,05664132,TAYLOR,DALE,CHRISTOPHER,,3534,TIRED CREEK RD, ,WHIGHAM,GA,39897,3534,TIRED CREEK RD,,WHIGHAM,GA,39897,A,A,,10/30/2017,10/30/2017,10/30/2017,IN PERSON,NO,NO,,NO,,H,002,011,173,SOGA,00202,065015,00089,92,
GRADY,00607980,MORRISON,WAYNE,,,370,MORRISON RD, ,WHIGHAM,GA,39897,370,MORRISON RD,,WHIGHAM,GA,39897,A,A,,10/17/2017,10/17/2017,10/17/2017,IN PERSON,NO,NO,,NO,,L,002,011,173,SOGA,00202,065015,00024,26,
GRADY,00608900,DREW,MARGARET,C,,394,GAINOUS RD, ,CAIRO,GA,39827-4328,394,GAINOUS RD,,CAIRO,GA,39827-4328,A,A,,10/26/2017,10/26/2017,10/26/2017,IN PERSON,NO,NO,,NO,,SH,002,011,173,SOGA,00202,065015,00076,78,
GRADY,00609451,LAING,JIMMIE,M,,319,N MCGRIFF ST, ,WHIGHAM,GA,39897-0257,,PO BOX 257,,WHIGHAM,GA,39897-0025,A,A,,10/18/2017,10/18/2017,10/18/2017,IN PERSON,NO,NO,,NO,WHIG1,W,002,011,173,SOGA,00204,065015,00027,29,
GRADY,02288657,SMITH,MARVIN,D,,3373,COLLINS RD, ,WHIGHAM,GA,39897-4013,3373,COLLINS RD,,WHIGHAM,GA,39897-4013,A,A,,10/24/2017,10/24/2017,10/24/2017,IN PERSON,NO,NO,,NO,,W,002,011,173,SOGA,00202,065015,00067,69,
GRADY,03566810,BOND,HORACE,LEVAUGHN,,117,E BROAD ST, ,WHIGHAM,GA,39897,,PO BOX 338,,WHIGHAM,GA,39897-0033,A,A,,10/16/2017,10/16/2017,10/16/2017,IN PERSON,NO,NO,,NO,WHIG1,W,002,011,173,SOGA,00204,065015,00013,13,
GRADY,00025552,POPPELL,GWENDOLYN,SUZETTE,,807,OLD 179 S, ,WHIGHAM,GA,39897-4002,,PO BOX 1202,,CAIRO,GA,39828-0099,A,A,,10/19/2017,10/19/2017,10/19/2017,IN PERSON,NO,NO,,NO,,W,002,011,173,SOGA,00202,065015,00035,37,
GRADY,00609228,HANCOCK,DONNA,H,,1944,SPRING HILL RD, ,WHIGHAM,GA,39897-2406,1944,SPRING HILL RD,,WHIGHAM,GA,39897-2406,A,A,,10/24/2017,10/24/2017,10/24/2017,IN PERSON,NO,NO,,NO,,L,002,011,173,SOGA,00202,065015,00064,66,
GRADY,06997523,SCARBOROUGH,ASHLEY,BRYAN,,157,S MCGRIFF ST, ,WHIGHAM,GA,39897-4025,,PO BOX 277,,WHIGHAM,GA,39897-0027,A,A,,10/24/2017,10/24/2017,10/24/2017,IN PERSON,NO,NO,,NO,WHIG1,W,002,011,173,SOGA,00204,065015,00068,70,
GRADY,00605956,CHILDS,ELWYN,HALCOTT,,440,CHILDS LN, ,PELHAM,GA,31779-4503,440,CHILDS LN,,PELHAM,GA,31779-4503,A,A,,10/31/2017,10/31/2017,10/31/2017,IN PERSON,NO,NO,,NO,,B,002,011,173,SOGA,00202,065015,00091,94,
GRADY,03621002,HANCOCK,HOLLIS,LEROY,,1944,SPRING HILL RD, ,WHIGHAM,GA,39897-2406,1944,SPRING HILL RD,,WHIGHAM,GA,39897-2406,A,A,,10/24/2017,10/24/2017,10/24/2017,IN PERSON,NO,NO,,NO,,L,002,011,173,SOGA,00202,065015,00065,67,
GRADY,11215923,KEISTER,BRITTANIE,LEIGH,,1722,HARRELL RD, ,WHIGHAM,GA,39897,1722,HARRELL RD,,WHIGHAM,GA,39897,A,A,,10/19/2017,10/19/2017,10/19/2017,IN PERSON,NO,NO,,NO,,L,002,011,173,SOGA,00202,065015,00038,40,
GRADY,00608152,MAXWELL,JANICE,W,,1404,TIRED CREEK RD, ,WHIGHAM,GA,39897,1404,TIRED CREEK RD,,WHIGHAM,GA,39897,A,A,,10/19/2017,10/19/2017,10/19/2017,IN PERSON,NO,NO,,NO,,W,002,011,173,SOGA,00202,065015,00030,32,
GRADY,01863694,RUSH,ROY,E,,1253,RIDGE RD,LOT 4,CAIRO,GA,39827-4574,1253,RIDGE RD,LOT 4,CAIRO,GA,39827-4574,A,A,,10/27/2017,10/27/2017,10/27/2017,IN PERSON,NO,NO,,NO,,B,002,011,173,SOGA,00202,065015,00083,86,
GRADY,06541849,WILLIAMS,BOBBY,JOE YOUNG,,767,PINE LEVEL RD, ,CAIRO,GA,39827,767,PINE LEVEL RD,,CAIRO,GA,39827-4461,A,A,,11/01/2017,11/01/2017,11/01/2017,IN PERSON,NO,NO,,NO,,B,002,011,173,SOGA,00202,065015,00099,102,
GRADY,00609459,STRICKLAND,ANGELA,OAKES,,470,SELLERS RD, ,PELHAM,GA,31779-4512,470,SELLERS RD,,PELHAM,GA,31779-4512,A,A,,11/02/2017,11/02/2017,11/02/2017,IN PERSON,NO,NO,,NO,,B,002,011,173,SOGA,00202,065015,00112,116,
GRADY,01668337,BELL,REGINA,KATHERINE,,235,HILLTOP LN, ,CAIRO,GA,39828-4948,235,HILLTOP LN,,CAIRO,GA,39828-4948,A,A,,11/02/2017,11/02/2017,11/02/2017,IN PERSON,NO,NO,,NO,,W,002,011,173,SOGA,00202,065015,00105,108,
GRADY,00608425,DUNCAN,DOROTHY,F,,640,PROVIDENCE RD, ,WHIGHAM,GA,39897-3305,640,PROVIDENCE RD,,WHIGHAM,GA,39897-3305,A,A,,10/27/2017,10/27/2017,11/02/2017,MAILED,NO,NO,ELDERLY,NO,,W,002,011,173,SOGA,00202,,00016,84,
GRADY,00610334,ALLEN,DIANE,YRIGOYEN,,258,CANOPY LN, ,WHIGHAM,GA,39897-3316,258,CANOPY LN,,WHIGHAM,GA,39897-3316,A,A,,10/16/2017,10/16/2017,10/16/2017,IN PERSON,NO,NO,,NO,,W,002,011,173,SOGA,00202,065015,00001,1,
GRADY,00613008,WORSHAM,ZACK,JEFFERY,,509,ULMER RD, ,WHIGHAM,GA,39897-3441,509,ULMER RD,,WHIGHAM,GA,39897-3441,A,A,,11/02/2017,11/02/2017,11/02/2017,IN PERSON,NO,NO,,NO,,W,002,011,173,SOGA,00202,065015,00103,106,
GRADY,00605958,CHILDS,YVONNE,H,,440,CHILDS LN, ,PELHAM,GA,31779-4503,440,CHILDS LN,,PELHAM,GA,31779-4503,A,A,,10/31/2017,10/31/2017,10/31/2017,IN PERSON,NO,NO,,NO,,B,002,011,173,SOGA,00202,065015,00092,95,
GRADY,07996138,MOORE,JENNIFER,BISHOP,,1609,GA HIGHWAY 93 N, ,CAIRO,GA,39827-4453,1609,GA HIGHWAY 93 N,,CAIRO,GA,39827-4453,A,A,,11/03/2017,11/03/2017,11/03/2017,IN PERSON,NO,NO,,NO,,B,002,011,173,SOGA,00202,065015,00123,127,
GRADY,00612449,WEEKS,HILDA,DURHAM,,2309,OLD 179 S, ,WHIGHAM,GA,39897-3906,2309,OLD 179 S,,WHIGHAM,GA,39897-3906,A,A,,11/01/2017,11/01/2017,11/01/2017,IN PERSON,NO,NO,,NO,,R,002,011,173,SOGA,00202,065015,00093,96,
GRADY,00606790,HUDSON,LARRY,W,,148,HR LN, ,CAIRO,GA,39827-4852,148,HR LN,,CAIRO,GA,39827-4852,A,A,,10/30/2017,10/30/2017,10/30/2017,IN PERSON,NO,NO,,NO,,SH,002,011,173,SOGA,00202,065015,00085,88,
GRADY,00608423,DUNCAN,LOIS,JUNE,,1053,OLD 179 N, ,WHIGHAM,GA,39897-2802,1053,OLD 179 N,,WHIGHAM,GA,39897-2802,A,A,,10/25/2017,10/25/2017,10/25/2017,IN PERSON,NO,NO,,NO,,SH,002,011,173,SOGA,00202,065015,00073,75,
GRADY,07110515,MAXWELL,WILLIAM,ROBERT,,1306,TIRED CREEK RD, ,WHIGHAM,GA,39897,1306,TIRED CREEK RD,,WHIGHAM,GA,39897,A,A,,10/17/2017,10/17/2017,10/17/2017,IN PERSON,NO,NO,,NO,,W,002,011,173,SOGA,00202,065015,00018,18,
GRADY,00636326,CARVER,TROY,,,565,JORDAN RD, ,CAIRO,GA,39827-4607,565,JORDAN RD,,CAIRO,GA,39827-4607,A,A,,10/25/2017,10/25/2017,10/25/2017,IN PERSON,NO,NO,,NO,,B,002,011,173,SOGA,00202,065015,00072,74,
GRADY,00608905,BISHOP,RHONDA,MOBLEY,,1593,GA HIGHWAY 93 N, ,CAIRO,GA,39827-4455,1593,GA HIGHWAY 93 N,,CAIRO,GA,39827-4455,A,A,,11/03/2017,11/03/2017,11/03/2017,IN PERSON,NO,NO,,NO,,B,002,011,173,SOGA,00202,065015,00116,120,
GRADY,00606768,HOLDEN,ROBERT,L,SR,3670,OLD 179 N, ,WHIGHAM,GA,39897-2855,3670,OLD 179 N,,WHIGHAM,GA,39897-2855,A,A,,10/24/2017,10/24/2017,10/24/2017,IN PERSON,NO,NO,,NO,,L,002,011,173,SOGA,00202,065015,00058,60,
GRADY,00610929,FLORENCE,GLADYS,C,,1724,RIDGE RD, ,CAIRO,GA,39827-4618,1724,RIDGE RD,,CAIRO,GA,39827-4618,A,A,,10/25/2017,10/25/2017,10/25/2017,IN PERSON,NO,NO,,NO,,B,002,011,173,SOGA,00202,065015,00070,72,
GRADY,03322584,NEWMONS,BOBBY,,,157,WOODRIDGE LN, ,CAIRO,GA,39827-7329,157,WOODRIDGE LN,,CAIRO,GA,39827-7329,A,A,,11/02/2017,11/02/2017,11/02/2017,IN PERSON,NO,NO,,NO,,SH,002,011,173,SOGA,00202,065015,00109,113,
GRADY,03663575,WILLIAMS,JOHN,WESLEY,,532,BOND RD, ,CAIRO,GA,39827-4552,532,BOND RD,,CAIRO,GA,39827-4552,A,A,,10/16/2017,10/16/2017,10/16/2017,IN PERSON,NO,NO,,NO,,B,002,011,173,SOGA,00202,065015,00009,9,
GRADY,00607954,GODWIN,BOBBY,I,,1392,MIZPAH RD, ,WHIGHAM,GA,39897,1392,MIZPAH RD,,WHIGHAM,GA,39897,A,A,,10/24/2017,10/24/2017,10/24/2017,IN PERSON,NO,NO,,NO,,L,002,011,173,SOGA,00202,065015,00063,65,
