County,Voter Registration #,Last Name,First Name,Middle Name,Suffix,Street #,Street Name,Apt/Unit,City,State,Zip Code,Mailing Street #,Mailing Street Name,Mailing Apt/Unit,Mailing City,Mailing State,Mailing Zip Code,Application Status,Ballot Status,Status Reason,Application Date,Ballot Issued Date,Ballot Return Date,Ballot Style,Ballot Assisted,Challenged/Provisional,Designation/Reason Issue,ID Required,Municipal Precinct,County Precinct,CNG,SEN,HOUSE	,JUD,Combo #,Vote Center ID,Ballot ID,Post #,Party
GREENE,00233338,MARCHMAN,RAY,A,,312,WALNUT ST S, ,GREENSBORO,GA,30642,312,WALNUT ST S,,GREENSBORO,GA,30642,A,A,,10/18/2017,10/18/2017,10/18/2017,IN PERSON,NO,NO,,NO,001,001,010,025,120,OCMU,00051,066001,00014,42,
GREENE,00234729,THOMAS,MARTHA,HELEN,,1150,ALEXANDER AVE, ,UNION POINT,GA,30669,1150,ALEXANDER AVE,,UNION POINT,GA,30669,A,A,,10/17/2017,10/18/2017,10/18/2017,IN PERSON,NO,NO,,NO,004,004,010,025,120,OCMU,00060,066042,00013,40,
GREENE,00236772,STONE,DEBORAH,YVONNE,,605,MAIN ST S, ,GREENSBORO,GA,30642,,P.O. BOX,266,GREENSBORO,GA,30642,A,A,,10/19/2017,10/19/2017,10/19/2017,IN PERSON,NO,NO,,NO,001,001,010,025,120,OCMU,00053,066001,00017,53,
GREENE,00235132,RHODES,JANE,CHANDLER,,1260,CHURCH ST, ,GREENSBORO,GA,30642,,PO BOX 10,,SILOAM,GA,30665-0001,A,A,,11/01/2017,11/01/2017,11/01/2017,IN PERSON,NO,NO,,NO,005,005,010,025,120,OCMU,00061,066001,00061,143,
GREENE,00234560,MINES,ELLA,NELL,,105,PINE DR, ,UNION POINT,GA,30669,PO,BOX 127,,UNION POINT,GA,30669-0127,A,A,,10/17/2017,10/17/2017,10/17/2017,IN PERSON,NO,NO,,NO,004,004,010,025,120,OCMU,00059,066042,00009,19,
GREENE,06824990,GIBSON,WILLIAM,DEREK,JR,108,VEAZEY ST, ,UNION POINT,GA,30669,108,VEAZEY ST,,UNION POINT,GA,30669,A,A,,10/19/2017,10/20/2017,10/20/2017,IN PERSON,NO,NO,,NO,004,004,010,025,120,OCMU,00060,066042,00022,62,
GREENE,00233498,OTT,N,GRETCHEN,,1341,SILOAM RD, ,GREENSBORO,GA,30642,1341,SILOAM RD,,GREENSBORO,GA,30642,A,A,,10/31/2017,10/31/2017,10/31/2017,IN PERSON,NO,NO,,NO,001,001,010,025,120,OCMU,00051,066001,00054,123,
GREENE,00233984,WRIGHT,EVELYN,RHODES,,1430,MARTIN LUTHER KING JR DR, ,GREENSBORO,GA,30642-2862,,PO BOX 362,,GREENSBORO,GA,30642-0036,A,A,,11/03/2017,11/03/2017,11/03/2017,IN PERSON,NO,NO,,NO,001,001,010,025,120,OCMU,00051,066001,00089,183,
GREENE,00234505,LINDSEY,BRENDA,DRANE,,203,COMFORT ST, ,UNION POINT,GA,30669,203,COMFORT ST,,UNION POINT,GA,30669,A,A,,11/03/2017,11/03/2017,11/03/2017,IN PERSON,NO,NO,,NO,004,004,010,025,120,OCMU,00060,066042,00072,187,
GREENE,03690346,JOHNSON,JOHNNY,M,,205,COMFORT ST, ,UNION POINT,GA,30669-1405,205,COMFORT ST,,UNION POINT,GA,30669-1405,A,A,,10/23/2017,10/24/2017,10/24/2017,IN PERSON,NO,NO,,NO,004,004,010,025,120,OCMU,00060,066042,00034,79,
GREENE,03714073,RHODES,JOYCE,G,,203,SOUTH ST E, ,GREENSBORO,GA,30642,203,SOUTH ST E,,GREENSBORO,GA,30642,A,A,,11/02/2017,11/02/2017,11/02/2017,IN PERSON,NO,NO,,NO,001,001,010,025,120,OCMU,00053,066001,00072,161,
GREENE,00237239,POSEY,WILLIAM,J,,1040,COUNTRY CLUB LN, ,UNION POINT,GA,30669-1422,1040,COUNTRY CLUB LN,,UNION POINT,GA,30669-1422,A,A,,10/23/2017,10/24/2017,10/24/2017,IN PERSON,NO,NO,,NO,004,004,010,025,120,OCMU,00060,066042,00036,81,
GREENE,00236470,HARRISON,ALLYSON,E,,507,EAST ST S, ,GREENSBORO,GA,30642,,PO BOX 103,,GREENSBORO,GA,30642-0010,A,A,,11/03/2017,11/03/2017,11/03/2017,IN PERSON,NO,NO,,NO,001,001,010,025,120,OCMU,00051,066001,00080,174,
GREENE,00234342,DICKENS,LARRY,CHESTER,,214,ELLIOTT CIR, ,UNION POINT,GA,30669-1244,214,ELLIOTT CIR,,UNION POINT,GA,30669-1244,A,A,,10/10/2017,10/17/2017,11/01/2017,MAILED,NO,NO,,NO,004,004,010,025,120,OCMU,00060,,00004,29,
GREENE,00233774,STRICKLAND,FRANCES,REYNOLDS,,807,SPRING ST S, ,GREENSBORO,GA,30642,807,SPRING ST S,,GREENSBORO,GA,30642,A,A,,11/02/2017,11/02/2017,11/02/2017,IN PERSON,NO,NO,,NO,001,001,010,025,120,OCMU,00053,066001,00068,157,
GREENE,00234628,PUMP,KARL,,,1041,COUNTRY CLUB LN, ,UNION POINT,GA,30669-1429,1041,COUNTRY CLUB LN,,UNION POINT,GA,30669-1429,A,A,,10/30/2017,10/31/2017,10/31/2017,IN PERSON,NO,NO,,NO,004,004,010,025,120,OCMU,00060,066042,00052,132,
GREENE,00237656,BROWN,GREGORY,EUGENE,,1051,CHARITY DR, ,GREENSBORO,GA,30642-2781,1051,CHARITY DR,,GREENSBORO,GA,30642-2781,A,A,,10/25/2017,10/25/2017,10/25/2017,IN PERSON,NO,NO,,NO,001,001,010,025,120,OCMU,00055,066001,00032,87,
GREENE,02618745,HEATH,PATRICIA,ANN,,103,VEAZEY ST, ,UNION POINT,GA,30669-1353,103,VEAZEY ST,,UNION POINT,GA,30669-1353,A,A,,10/18/2017,10/19/2017,10/19/2017,IN PERSON,NO,NO,,NO,004,004,010,025,120,OCMU,00060,066042,00016,47,
GREENE,00228423,WYNN,ANGELA,T,,319,CHURCH ST, ,UNION POINT,GA,30669-1015,319,CHURCH ST,,UNION POINT,GA,30669-1015,A,A,,10/24/2017,10/25/2017,10/25/2017,IN PERSON,NO,NO,,NO,004,004,010,025,120,OCMU,00060,066042,00039,84,
GREENE,00234688,SMITH,CHARLES,M,,108,ACREE ST, ,UNION POINT,GA,30669-1302,108,ACREE ST,,UNION POINT,GA,30669-1302,A,A,,10/18/2017,10/19/2017,10/19/2017,IN PERSON,NO,NO,,NO,004,004,010,025,120,OCMU,00060,066042,00018,49,
GREENE,02098482,CALFEE,MARTHA-ANN,,,114,CHAPEL STREET, ,GREENSBORO,GA,30642,114,CHAPEL ST,,GREENSBORO,GA,30642-4310,A,A,,05/09/2016,10/16/2017,10/23/2017,MAILED,NO,NO,ELDERLY,NO,001,001,010,025,120,OCMU,00055,,00001,2,
GREENE,08654573,GREEN,MONTEVIOUS,RAMON,,319,CHURCH ST, ,UNION POINT,GA,30669-1015,319,CHURCH ST,,UNION POINT,GA,30669-1015,A,A,,10/24/2017,10/25/2017,10/25/2017,IN PERSON,NO,NO,,NO,004,004,010,025,120,OCMU,00060,066042,00038,83,
GREENE,05377974,WARD,ROSEMARY,KENDRICK,,402,MAIN ST S, ,GREENSBORO,GA,30642,402,MAIN ST S,,GREENSBORO,GA,30642,A,A,,10/31/2017,10/31/2017,10/31/2017,IN PERSON,NO,NO,,NO,001,001,010,025,120,OCMU,00053,066001,00058,127,
GREENE,01385154,CRAWFORD,ZONDRA,LEIGH,,303,VEAZEY ST, ,UNION POINT,GA,30669,303,VEAZEY ST,,UNION POINT,GA,30669,A,A,,10/30/2017,10/31/2017,10/31/2017,IN PERSON,NO,NO,,NO,004,004,010,025,120,OCMU,00060,066042,00048,128,
GREENE,00236421,MCWHORTER,RONALD,,,1630,EAST ST N, ,GREENSBORO,GA,30642,,PO BOX 181,,GREENSBORO,GA,30642-0018,A,A,,10/18/2017,10/18/2017,10/18/2017,IN PERSON,NO,NO,,NO,001,001,010,025,120,OCMU,00055,066001,00016,44,
GREENE,00234490,LAND,JACQUELYN,HUBBARD,,1070,PINE LN, ,UNION POINT,GA,30669-1476,1070,PINE LN,,UNION POINT,GA,30669-1476,A,A,,10/30/2017,10/31/2017,10/31/2017,IN PERSON,NO,NO,,NO,004,004,010,025,120,OCMU,00060,066042,00054,134,
GREENE,00234589,MURPHY,GRACE,REYNOLDS,,202,WOOTEN AVE, ,UNION POINT,GA,30669,202,WOOTEN AVE,,UNION POINT,GA,30669,A,A,,10/03/2017,10/17/2017,10/19/2017,MAILED,NO,NO,,NO,004,004,010,025,120,OCMU,00060,,00005,32,
GREENE,00234376,FINCH,JUDITH,BYRD,,416,THORNTON ST, ,UNION POINT,GA,30669-1232,416,THORNTON ST,,UNION POINT,GA,30669-1232,A,A,,10/25/2017,10/26/2017,10/26/2017,IN PERSON,NO,NO,,NO,004,004,010,025,120,OCMU,00060,066042,00040,92,
GREENE,00234380,FINCH,RONNIE,L,,416,THORNTON ST, ,UNION POINT,GA,30669-1232,416,THORNTON ST,,UNION POINT,GA,30669-1232,A,A,,10/25/2017,10/26/2017,10/26/2017,IN PERSON,NO,NO,,NO,004,004,010,025,120,OCMU,00060,066001,00036,93,
GREENE,00234386,GIBSON,DIANNE,M,,1231,COUNTRY CLUB DRIVE, ,UNION POINT,GA,30669,1231,COUNTRY CLUB DRIVE,,UNION POINT,GA,30669,A,A,,10/30/2017,10/31/2017,10/31/2017,IN PERSON,NO,NO,,NO,004,004,010,025,120,OCMU,00060,066042,00050,130,
GREENE,03390528,HEATH,DON,ROBERT,,103,VEAZEY ST, ,UNION POINT,GA,30669-1353,103,VEAZEY ST,,UNION POINT,GA,30669-1353,A,A,,10/18/2017,10/19/2017,10/19/2017,IN PERSON,NO,NO,,NO,004,004,010,025,120,OCMU,00060,066042,00017,48,
GREENE,00233479,NICHOLSON,JIM,H,JR,706,SPRING ST S, ,GREENSBORO,GA,30642,706,SPRING ST S,,GREENSBORO,GA,30642,A,A,,10/27/2017,10/30/2017,10/30/2017,IN PERSON,NO,NO,,NO,001,001,010,025,120,OCMU,00053,066001,00047,109,
GREENE,00233810,THOMAS,MINNIE,HORTON,,1061,PLANING MILL RD, ,GREENSBORO,GA,30642-2387,1061,PLANING MILL RD,,GREENSBORO,GA,30642-2387,A,A,,10/27/2017,10/30/2017,10/30/2017,IN PERSON,NO,NO,,NO,001,001,010,025,120,OCMU,00055,066001,00048,115,
GREENE,00233899,WARD,TOMMI,ASH,,1041,WEBB LAKE DR, ,GREENSBORO,GA,30642-2305,1041,WEBB LAKE DR,,GREENSBORO,GA,30642-2305,A,A,,10/20/2017,10/23/2017,10/23/2017,IN PERSON,NO,NO,,NO,001,001,010,025,120,OCMU,00055,066001,00025,64,
GREENE,08728103,LANKFORD,BENNIE,LEE,,101,VEAZEY ST, ,UNION POINT,GA,30669-1353,101,VEAZEY ST,,UNION POINT,GA,30669-1353,A,A,,11/01/2017,11/02/2017,11/02/2017,IN PERSON,NO,NO,,NO,004,004,010,025,120,OCMU,00060,066042,00059,148,
GREENE,00235129,RHODES,C,L,JR,1260,CHURCH ST, ,GREENSBORO,GA,30642,,PO BOX 10,,SILOAM,GA,30665-0001,A,A,,11/01/2017,11/01/2017,11/01/2017,IN PERSON,NO,NO,,NO,005,005,010,025,120,OCMU,00061,066001,00062,144,
GREENE,03645745,HARRIS,JESSICA,,,1020,CHARITY DR, ,GREENSBORO,GA,30642,1020,CHARITY DR,,GREENSBORO,GA,30642,A,A,,11/03/2017,11/03/2017,11/03/2017,IN PERSON,NO,NO,,NO,001,001,010,025,120,OCMU,00055,066001,00090,184,
GREENE,00234492,LAWSON,CHARLES,E,,1111,COUNTRY CLUB DRIVE, ,UNION POINT,GA,30669,1111,COUNTRY CLUB DRIVE,,UNION POINT,GA,30669,A,A,,11/01/2017,11/02/2017,11/02/2017,IN PERSON,NO,NO,,NO,004,004,010,025,120,OCMU,00060,066042,00064,153,
GREENE,00233989,WRIGHT,GLENN,,,1430,MARTIN LUTHER KING JR DR, ,GREENSBORO,GA,30642,,PO BOX 362,,GREENSBORO,GA,30642-0036,A,A,,11/03/2017,11/03/2017,11/03/2017,IN PERSON,NO,NO,,NO,001,001,010,025,120,OCMU,00051,066001,00088,182,
GREENE,00233469,JACKSON,GWENDOLYN,L,,17,EASTVIEW CIR, ,GREENSBORO,GA,30642,,PO BOX 165,,GREENSBORO,GA,30642-0016,A,A,,11/03/2017,11/03/2017,11/03/2017,IN PERSON,NO,NO,,NO,001,001,010,025,120,OCMU,00051,066001,00075,169,
GREENE,00715269,ROSENCRANCE,GEORGE,A,,4461,LAMB AVE, ,UNION POINT,GA,30669,4461,LAMB AVE,,UNION POINT,GA,30669,A,A,,10/10/2017,10/17/2017,10/31/2017,MAILED,NO,NO,,NO,004,004,010,025,120,OCMU,00060,,00006,33,
GREENE,00234419,HARRIS,OPHELIA,A,,102,HUNTER ST, ,UNION POINT,GA,30669-1032,102,HUNTER ST,,UNION POINT,GA,30669-1032,A,A,,10/18/2017,10/19/2017,10/19/2017,IN PERSON,NO,NO,,NO,004,004,010,025,120,OCMU,00060,066042,00015,46,
GREENE,00233548,PEEK,BENITA,JO,,1322,TOWN CREEK CIR, ,GREENSBORO,GA,30642,1322,TOWN CREEK CIR,,GREENSBORO,GA,30642,A,A,,11/03/2017,11/03/2017,11/03/2017,IN PERSON,NO,NO,,NO,001,001,010,025,120,OCMU,00053,066001,00084,178,
GREENE,07182134,COSBY,PATRICE,DEONTA,,539,MORNINGSIDE APTS, ,GREENSBORO,GA,30642-1404,539,MORNINGSIDE,APTS,GREENSBORO,GA,30642-1404,A,A,,10/30/2017,10/30/2017,11/07/2017,MAILED,NO,NO,,NO,001,001,010,025,120,OCMU,00051,,00004,111,
GREENE,10253242,BRAZIER,JANICE,MARIE,,809,DOLVIN AVE, ,UNION POINT,GA,30669,809,DOLVIN AVE,,UNION POINT,GA,30669-1025,A,A,,10/17/2017,10/17/2017,10/17/2017,IN PERSON,NO,NO,,NO,004,004,010,025,120,OCMU,00060,066042,00005,15,
GREENE,10421489,LOWER,PAUL,L,,212,NEWSOME ST, ,UNION POINT,GA,30669,212,NEWSOME ST,,UNION POINT,GA,30669,A,A,,10/19/2017,10/20/2017,10/20/2017,IN PERSON,NO,NO,,NO,004,004,010,025,120,OCMU,00060,066042,00023,63,
GREENE,00234306,COOK,JOHN,WALTER,,1521,RHODES ST N, ,UNION POINT,GA,30669,1521,RHODES ST N,,UNION POINT,GA,30669,A,A,,11/02/2017,11/03/2017,11/03/2017,IN PERSON,NO,NO,,NO,004,004,010,025,120,OCMU,00059,066042,00066,164,
GREENE,00235239,WOODS,CHARLIE,ED,,707,MAIN ST S, ,GREENSBORO,GA,30642,,PO BOX 852,,GREENSBORO,GA,30642,A,A,,11/02/2017,11/02/2017,11/02/2017,IN PERSON,NO,NO,,NO,001,001,010,025,120,OCMU,00053,066001,00071,160,
GREENE,02224918,MCGHEE,STEPHEN,,III,1141,TWIN PINES DR, ,GREENSBORO,GA,30642-2807,1141,TWIN PINES DR,,GREENSBORO,GA,30642-2807,A,A,,10/31/2017,10/31/2017,11/07/2017,MAILED,NO,NO,,NO,001,001,010,025,120,OCMU,00051,,00007,120,
GREENE,08844968,COSBY,CHARICE,,,539,MORNINGSIDE APTS,UNIT 539,GREENSBORO,GA,30642-1404,539,MORNINGSIDE APTS,UNIT 539,GREENSBORO,GA,30642-1404,R,,SIGNATURE DOES NOT VERIFY,10/27/2017,,,MAILED,NO,NO,,NO,001,001,010,025,120,OCMU,00051,,,,
GREENE,02330940,GRANT,VONDA,RENEE,,1860,PENFIELD RD, ,GREENSBORO,GA,30642,1860,PENFIELD RD,,GREENSBORO,GA,30642,A,A,,10/17/2017,10/17/2017,10/17/2017,IN PERSON,NO,NO,,NO,001,001,010,025,120,OCMU,00055,066001,00006,9,
GREENE,03841589,WARREN,ANGELA,DENISE,,800,CRAWFORDVILLE RD,APT 115,UNION POINT,GA,30669,800,CRAWFORDVILLE RD,APT 115,UNION POINT,GA,30669,A,A,,10/25/2017,10/26/2017,10/26/2017,IN PERSON,NO,NO,DISABLED,NO,004,004,010,025,120,OCMU,00060,066042,00043,96,
GREENE,04945634,LAWRENCE,NELSON,,,1231,ARMOUR CIR, ,GREENSBORO,GA,30642-2890,1231,ARMOUR CIR,,GREENSBORO,GA,30642-2890,A,A,,11/02/2017,11/02/2017,11/02/2017,IN PERSON,NO,NO,,NO,001,001,010,025,120,OCMU,00051,066001,00073,162,
GREENE,07180630,ALEXANDER,COREY,,,1070,BLOODWORTH, ,UNION POINT,GA,30669,1070,BLOODWORTH ST,,UNION POINT,GA,30669,A,A,,10/19/2017,10/20/2017,10/20/2017,IN PERSON,NO,NO,,NO,004,004,010,025,120,OCMU,00060,066042,00021,61,
GREENE,00234999,JARRARD,THURMOND,W,,1341,CHURCH ST, ,GREENSBORO,GA,30642,,PO BOX 26,,SILOAM,GA,30665-0002,A,A,,10/27/2017,10/27/2017,10/27/2017,IN PERSON,NO,NO,,NO,005,005,010,025,120,OCMU,00061,066001,00041,103,
GREENE,10346676,BRYAN,CHARLES,MATTHEW,,1541,RHODES ST N, ,UNION POINT,GA,30669,1551,RHODES ST,,UNION POINT,GA,30669,A,A,,11/01/2017,11/02/2017,11/02/2017,IN PERSON,NO,NO,,NO,004,004,010,025,120,OCMU,00059,066042,00063,152,
GREENE,03727210,MAPP,MINERVA,H,,103,WILSON ST, ,GREENSBORO,GA,30642-1426,103,WILSON ST,,GREENSBORO,GA,30642-1426,A,A,,10/31/2017,10/31/2017,10/31/2017,IN PERSON,NO,NO,,NO,001,001,010,025,120,OCMU,00051,066001,00053,122,
GREENE,07530544,SAUNDERS,TOMEKI,D BRINKLEY,,311,RICHLAND AVE W, ,GREENSBORO,GA,30642,,91-1019 KAIHOI STREET,,EWA BEACH,HI,96760,A,,,11/03/2016,10/16/2017,,MAILED,NO,NO,Military Overseas,NO,001,001,010,025,120,OCMU,00055,,00002,4,
GREENE,00233009,ELLIS,VIVIAN,D,,1380,MARTIN LUTHER KING JR DR, ,GREENSBORO,GA,30642-2833,1380,MARTIN LUTHER KING ,,GREENSBORO,GA,30642-2833,A,A,,10/27/2017,10/27/2017,10/27/2017,IN PERSON,NO,NO,,NO,001,001,010,025,120,OCMU,00051,066001,00040,100,
GREENE,06226795,BROWN,BRETCHEN,MEYNEA,,607,BRYAN AVE, ,UNION POINT,GA,30669,607,BRYAN AVE,,UNION POINT,GA,30669,A,A,,10/17/2017,10/17/2017,10/17/2017,IN PERSON,NO,NO,,NO,004,004,010,025,120,OCMU,00060,066042,00006,16,
GREENE,00234672,SCOTT,JAMES,M,,108,THORNTON ST, ,UNION POINT,GA,30669,108,THORNTON ST,,UNION POINT,GA,30669,A,A,,10/31/2017,11/01/2017,11/01/2017,IN PERSON,NO,NO,,NO,004,004,010,025,120,OCMU,00060,066042,00056,138,
GREENE,01310125,ROWLAND,FAYE,MULLINS,,504,CRAWFORDVILLE RD, ,UNION POINT,GA,30669,504,CRAWFORDVILLE RD,,UNION POINT,GA,30669,A,A,,11/02/2017,11/03/2017,11/03/2017,IN PERSON,NO,NO,,NO,004,004,010,025,120,OCMU,00060,066042,00068,166,
GREENE,00233497,OTT,ARTHUR,L,JR,1341,SILOAM RD, ,GREENSBORO,GA,30642,1341,SILOAM RD,,GREENSBORO,GA,30642,A,A,,10/31/2017,10/31/2017,10/31/2017,IN PERSON,NO,NO,,NO,001,001,010,025,120,OCMU,00051,066001,00055,124,
GREENE,00228532,BROOK,PAULA,ANN,,4561,LAMB AVE, ,UNION POINT,GA,30669-1441,4561,LAMB AVE,,UNION POINT,GA,30669-1441,A,A,,11/03/2017,11/03/2017,11/03/2017,IN PERSON,NO,NO,,NO,004,004,010,025,120,OCMU,00060,066042,00065,163,
GREENE,00228505,ROBERTS,KATHRYN,,,1071,HICKORY STREET, ,SILOAM,GA,30665,,PO BOX 277,,SILOAM,GA,30665,A,A,,10/16/2017,10/16/2017,10/16/2017,IN PERSON,NO,NO,,NO,005,005,010,025,120,OCMU,00061,066001,00005,8,
GREENE,00237139,HARRISON,SAMUEL,JAY,,507,EAST ST S, ,GREENSBORO,GA,30642,507,EAST ST S,,GREENSBORO,GA,30642,A,A,,10/17/2017,10/17/2017,10/17/2017,IN PERSON,NO,NO,,NO,001,001,010,025,120,OCMU,00051,066001,00009,34,
GREENE,06932874,WHITLOW,WANDA,JANETTE,,215,ELLIOTT CIR, ,UNION POINT,GA,30669,215,ELLIOTT CIR,215,UNION POINT,GA,30669-1244,A,A,,10/10/2017,10/17/2017,10/19/2017,MAILED,NO,NO,,NO,004,004,010,025,120,OCMU,00060,,00001,24,
GREENE,00233175,HUNTER,HAZEL,TRIPP,,1500,MARTIN LUTHER KING JR DR, ,GREENSBORO,GA,30642,,PO BOX 281,,GREENSBORO,GA,30642-0028,A,A,,02/10/2016,10/18/2017,10/26/2017,MAILED,NO,NO,ELDERLY,NO,001,001,010,025,120,OCMU,00051,,00001,38,
GREENE,00234371,FINCH,CHARLES,R,,625,WOODLAND CT, ,UNION POINT,GA,30669-1241,625,WOODLAND CT,,UNION POINT,GA,30669-1241,A,A,,10/20/2017,10/23/2017,10/23/2017,IN PERSON,NO,NO,,NO,004,004,010,025,120,OCMU,00060,066042,00025,68,
GREENE,00234871,CHESTER,LONNIE,C,,1000,OAK ST, ,SILOAM,GA,30665,,PO BOX 64,,SILOAM,GA,30665,A,A,,10/31/2017,10/31/2017,11/06/2017,MAILED,NO,NO,DISABLED,NO,005,005,010,025,120,OCMU,00061,,00003,137,
GREENE,08678583,BAYNES,MARY,EMLYN,,206,WEST ST S, ,GREENSBORO,GA,30642,206,WEST ST S,,GREENSBORO,GA,30642,A,A,,10/16/2017,10/16/2017,10/16/2017,IN PERSON,NO,NO,,NO,001,001,010,025,120,OCMU,00053,066001,00003,6,
GREENE,05244723,RARDIN,PEYTON,DUNCANSON,,209,GREENE ST E, ,GREENSBORO,GA,30642,209,GREENE ST E,,GREENSBORO,GA,30642,A,A,,11/02/2017,11/02/2017,11/02/2017,IN PERSON,NO,NO,,NO,001,001,010,025,120,OCMU,00053,066001,00069,158,
GREENE,00236207,HARRIS,TERRY,WALTER,,107,WALKER ST, ,GREENSBORO,GA,30642-1419,107,WALKER ST,,GREENSBORO,GA,30642-1419,A,A,,10/30/2017,10/30/2017,10/30/2017,IN PERSON,NO,NO,,NO,001,001,010,025,120,OCMU,00051,066001,00050,117,
GREENE,00234696,SMITH,SARETTA,WILLIAMS,,1102,WATSON AVE, ,UNION POINT,GA,30669,1102,WATSON AVE,,UNION POINT,GA,30669,A,A,,10/27/2017,10/30/2017,10/30/2017,IN PERSON,NO,NO,,NO,004,004,010,025,120,OCMU,00060,066042,00047,114,
GREENE,11482736,LORD,NANCY,LORETTA,,1321,WASHINGTON HWY, ,UNION POINT,GA,30669,1321,WASHINGTON HWY,,UNION POINT,GA,30669,A,,,10/10/2017,10/17/2017,,MAILED,NO,NO,,NO,004,004,010,025,120,OCMU,00059,,00004,30,
GREENE,00234387,GIBSON,HAROLD,E,JR,1231,COUNTRY CLUB DRIVE, ,UNION POINT,GA,30669,1231,COUNTRY CLUB DRIVE,,UNION POINT,GA,30669,A,A,,10/30/2017,10/31/2017,10/31/2017,IN PERSON,NO,NO,,NO,004,004,010,025,120,OCMU,00060,066042,00051,131,
GREENE,10421400,BENKOSKI,BRADLEY,THEODORE,,405,THORNTON ST, ,UNION POINT,GA,30669,405,THORNTON ST,,UNION POINT,GA,30669-1231,A,A,,10/23/2017,10/24/2017,10/24/2017,IN PERSON,NO,NO,,NO,004,004,010,025,120,OCMU,00060,066042,00032,77,
GREENE,08733330,WEAVER,ROBERT,ALLEN,JR,202,WALNUT ST S, ,GREENSBORO,GA,30642,,PO BOX 126,,GREENSBORO,GA,30642,A,A,,11/03/2017,11/03/2017,11/03/2017,IN PERSON,NO,NO,,NO,001,001,010,025,120,OCMU,00053,066001,00076,170,
GREENE,04517940,HARRIS,JARROD,ANDERSON,,107,FIRST ST W, ,GREENSBORO,GA,30642,,PO BOX 1334,,GREENSBORO,GA,30642-0135,A,A,,11/03/2017,11/03/2017,11/03/2017,IN PERSON,NO,NO,,NO,001,001,010,025,120,OCMU,00053,066001,00078,172,
GREENE,00234726,SWANN,MARSHA,JACKSON,,1171,COUNTRY CLUB DRIVE, ,UNION POINT,GA,30669,1171,COUNTRY CLUB DRIVE,,UNION POINT,GA,30669,A,A,,10/20/2017,10/23/2017,10/23/2017,IN PERSON,NO,NO,,NO,004,004,010,025,120,OCMU,00060,066042,00029,72,
GREENE,07405309,WHITE,MONIQUE,LOUISE,,362,CANAAN CIRCLE ST, ,GREENSBORO,GA,30642,,PO BOX 495,,GREENSBORO,GA,30642-0049,A,A,,11/03/2017,11/03/2017,11/03/2017,IN PERSON,NO,NO,,NO,001,001,010,025,120,OCMU,00051,066001,00074,168,
GREENE,00236145,SMITH,MIMIE,LUE,,1111,ARMOUR CIR, ,GREENSBORO,GA,30642-2806,1111,ARMOUR CIR,,GREENSBORO,GA,30642-2806,A,A,,10/17/2017,10/17/2017,10/17/2017,IN PERSON,NO,NO,,NO,001,001,010,025,120,OCMU,00051,066001,00010,35,
GREENE,00235088,HILL,KAREN,MARIA,,1030,OAK ST, ,SILOAM,GA,30665,,PO BOX 79,,SILOAM,GA,30665,A,A,,10/26/2017,10/26/2017,10/26/2017,IN PERSON,NO,NO,,NO,005,005,010,025,120,OCMU,00061,066001,00035,91,
GREENE,00238390,JACKSON,DEBORAH,D,,1380,EAST ST N, ,GREENSBORO,GA,30642,,PO BOX 134,,GREENSBORO,GA,30642-0013,A,A,,11/03/2017,11/03/2017,11/03/2017,IN PERSON,NO,NO,,NO,001,001,010,025,120,OCMU,00055,066001,00079,173,
GREENE,01310126,ROWLAND,KENNETH,M,,504,CRAWFORDVILLE RD, ,UNION POINT,GA,30669,504,CRAWFORDVILLE RD,,UNION POINT,GA,30669,A,A,,11/02/2017,11/03/2017,11/03/2017,IN PERSON,NO,NO,,NO,004,004,010,025,120,OCMU,00060,066042,00069,167,
GREENE,06463442,HUMAN,JONATHAN,ERIC,,102,RHODES ST N, ,UNION POINT,GA,30669,102,RHODES ST N,,UNION POINT,GA,30669,A,A,,10/25/2017,10/26/2017,10/26/2017,IN PERSON,NO,NO,,NO,004,004,010,025,120,OCMU,00060,066042,00041,94,
GREENE,00234213,BARNES,MARY,L,,206,HILLIARD ST N, ,UNION POINT,GA,30669,206,HILLIARD ST N,,UNION POINT,GA,30669,A,A,,10/17/2017,10/17/2017,10/17/2017,IN PERSON,NO,NO,,NO,004,004,010,025,120,OCMU,00060,066042,00002,12,
GREENE,00234673,SCOTT,MARTHA,BINNS,,1321,WASHINGTON HWY,UNIT 14,UNION POINT,GA,30669,1321,WASHINGTON HWY,UNIT 14,UNION POINT,GA,30669,A,A,,10/10/2017,10/17/2017,10/31/2017,MAILED,NO,NO,ELDERLY,NO,004,004,010,025,120,OCMU,00059,,00002,23,
GREENE,11469247,BROWN,ALBERT,CLIFTON,,304,VEAZEY ST, ,UNION POINT,GA,30669,304,VEAZEY ST,,UNION POINT,GA,30669,A,A,,10/17/2017,10/17/2017,10/17/2017,IN PERSON,NO,NO,,NO,004,004,010,025,120,OCMU,00060,066042,00004,14,
GREENE,00238279,PRICE,LESLIE,M,,404,BARNES ST, ,UNION POINT,GA,30669-1008,404,BARNES ST,,UNION POINT,GA,30669-1008,A,A,,10/18/2017,10/18/2017,10/18/2017,IN PERSON,NO,NO,,NO,004,004,010,025,120,OCMU,00060,066042,00012,39,
GREENE,00233752,MALCOM,BRENDA,LEE,,1150,POOL RD,LOT 8,GREENSBORO,GA,30642-2929,1150,POOL RD,LOT 8,GREENSBORO,GA,30642-2929,A,A,,10/17/2017,10/17/2017,10/17/2017,IN PERSON,NO,NO,,NO,001,001,010,025,120,OCMU,00055,066001,00008,27,
GREENE,11471182,CALLAWAY,JOHN,D,,205,WOOTEN AVE, ,UNION POINT,GA,30669,205,WOOTEN AVE,,UNION POINT,GA,30669,A,,,10/10/2017,10/17/2017,,MAILED,NO,NO,,NO,004,004,010,025,120,OCMU,00060,,00002,26,
GREENE,00237131,SMITH,MARK,L,,1084,HERITAGE DR, ,GREENSBORO,GA,30642-2919,1084,HERITAGE DR,,GREENSBORO,GA,30642-2919,A,A,,11/02/2017,11/02/2017,11/02/2017,IN PERSON,NO,NO,,NO,001,001,010,025,120,OCMU,00055,066001,00070,159,
GREENE,00234096,CANTER,GLADYS,,,1501,EAST ST N, ,GREENSBORO,GA,30642,,PO BOX 712,,GREENSBORO,GA,30642,A,A,,11/01/2017,11/01/2017,11/01/2017,IN PERSON,NO,NO,DISABLED,NO,001,001,010,025,120,OCMU,00055,066001,00060,141,
GREENE,00234392,GLENN,CALVIN,,,1021,PARHAM DR, ,UNION POINT,GA,30669-1074,1021,PARHAM DR,,UNION POINT,GA,30669-1074,A,A,,10/31/2017,11/01/2017,11/01/2017,IN PERSON,NO,NO,,NO,004,004,010,025,120,OCMU,00060,066042,00057,139,
GREENE,00233696,CAMPBELLE,ANNIE,B SIMMONS,,1163,ARMOUR CIR, ,GREENSBORO,GA,30642,1163,ARMOUR CIR,,GREENSBORO,GA,30642,A,A,,10/25/2017,10/25/2017,10/25/2017,IN PERSON,NO,NO,,NO,001,001,010,025,120,OCMU,00051,066001,00031,86,
GREENE,00237082,HARRIS,AMANDA,,,227,OAK ST, ,GREENSBORO,GA,30642-1415,227,OAK ST,,GREENSBORO,GA,30642-1415,A,A,,10/30/2017,10/30/2017,10/30/2017,IN PERSON,NO,NO,,NO,001,001,010,025,120,OCMU,00051,066001,00049,116,
GREENE,00232678,BAUGH,E,B,JR,1511,BROAD ST E, ,GREENSBORO,GA,30642,1511,BROAD ST E,,GREENSBORO,GA,30642,A,A,,10/20/2017,10/23/2017,10/23/2017,IN PERSON,NO,NO,,NO,001,001,010,025,120,OCMU,00055,066001,00027,66,
GREENE,04035210,WILLIAMS,JENNIE,E LANE,,105,WOOTEN AVE, ,UNION POINT,GA,30669,105,WOOTEN AVE,,UNION POINT,GA,30669,A,A,,10/18/2017,10/19/2017,10/19/2017,IN PERSON,NO,NO,,NO,004,004,010,025,120,OCMU,00060,066042,00020,51,
GREENE,00235056,MAPP,UDE,EDWARD,,103,WILSON ST, ,GREENSBORO,GA,30642-1426,103,WILSON ST,,GREENSBORO,GA,30642-1426,A,A,,10/31/2017,10/31/2017,10/31/2017,IN PERSON,NO,NO,,NO,001,001,010,025,120,OCMU,00051,066001,00052,121,
GREENE,00233230,JONES,ANDREW,RICHARD,,1251,TWIN PINES DR, ,GREENSBORO,GA,30642-2888,1251,TWIN PINES DR,,GREENSBORO,GA,30642-2888,A,A,,10/26/2017,10/26/2017,10/26/2017,IN PERSON,NO,NO,,NO,001,001,010,025,120,OCMU,00051,066001,00034,90,
GREENE,00234541,MCCANNON,JULIA,WILSON,,112,ACREE ST, ,UNION POINT,GA,30669,112,ACREE ST,,UNION POINT,GA,30669,A,A,,10/17/2017,10/17/2017,10/17/2017,IN PERSON,NO,NO,,NO,004,004,010,025,120,OCMU,00060,066042,00008,18,
GREENE,00233824,THOMPSON,W,ASHTON,,810,STEWART AVE, ,UNION POINT,GA,30669-1051,810,STEWART AVE,,UNION POINT,GA,30669-1051,A,A,,11/01/2017,11/02/2017,11/02/2017,IN PERSON,NO,NO,,NO,004,004,010,025,120,OCMU,00060,066042,00060,149,
GREENE,08248390,BARDEN,COLLIN,STUART,,1550,MARTIN LUTHER KING JR DR,UNIT 23,GREENSBORO,GA,30642,1550,MARTIN LUTHER KING ,,GREENSBORO,GA,30642,A,A,,10/26/2017,10/26/2017,10/26/2017,IN PERSON,NO,NO,,NO,001,001,010,025,120,OCMU,00051,066001,00038,98,
GREENE,03701667,FORD,ALVIN,V,,1131,WEBB LAKE DR, ,GREENSBORO,GA,30642,1131,WEBB LAKE DR,,GREENSBORO,GA,30642,A,A,,10/20/2017,10/20/2017,10/20/2017,IN PERSON,NO,NO,,NO,001,001,010,025,120,OCMU,00055,066001,00021,57,
GREENE,00234043,BROWN,FRANKLIN,,,1390,EAST ST N, ,GREENSBORO,GA,30642,,PO BOX 312,,GREENSBORO,GA,30642-0031,A,A,,11/01/2017,11/01/2017,11/01/2017,IN PERSON,NO,NO,,NO,001,001,010,025,120,OCMU,00055,066001,00059,140,
GREENE,00237046,EVANS,FREDDIE,LEE,,512,MAIN ST S, ,GREENSBORO,GA,30642,512,S MAIN ST,,GREENSBORO,GA,30642-1206,A,A,,11/03/2017,11/03/2017,11/03/2017,IN PERSON,NO,NO,,NO,001,001,010,025,120,OCMU,00051,066001,00081,175,
GREENE,08733320,WEAVER,LINDA,KAY,,202,WALNUT ST S, ,GREENSBORO,GA,30642,,PO BOX 126,,GREENSBORO,GA,30642,A,A,,11/03/2017,11/03/2017,11/03/2017,IN PERSON,NO,NO,,NO,001,001,010,025,120,OCMU,00053,066001,00077,171,
GREENE,06857377,LAWRENCE,ANDREA,NICOLE,,510,ELM ST W, ,GREENSBORO,GA,30642,,PO BOX 652,,GREENSBORO,GA,30642-0065,A,A,,11/03/2017,11/03/2017,11/03/2017,IN PERSON,NO,NO,,NO,001,001,010,025,120,OCMU,00053,066001,00082,176,
GREENE,00234902,DAVIS,THOMAS,E,JR,1061,HILLCREST DR, ,UNION POINT,GA,30669-1475,1061,HILLCREST DR,,UNION POINT,GA,30669-1475,A,A,,10/10/2017,10/17/2017,10/27/2017,MAILED,NO,NO,ELDERLY,NO,004,004,010,025,120,OCMU,00060,,00003,28,
GREENE,00232916,COSBY,THERESA,DIANN,,539,MORNINGSIDE APTS, ,GREENSBORO,GA,30642-1404,539,MORNINGSIDE APTS,,GREENSBORO,GA,30642-1404,A,A,,10/30/2017,10/30/2017,11/07/2017,MAILED,NO,NO,,NO,001,001,010,025,120,OCMU,00051,,00003,110,
GREENE,00233175,HUNTER,HAZEL,TRIPP,,1500,MARTIN LUTHER KING JR DR, ,GREENSBORO,GA,30642,,PO BOX 281,,GREENSBORO,GA,30642-0028,R,C,USER CORRECTION,02/10/2016,,,MAILED,NO,NO,ELDERLY,NO,001,001,010,025,120,OCMU,00051,,,3,
GREENE,10253240,BRAZIER,ALEXANDER,MOWATT,,809,DOLVIN AVE, ,UNION POINT,GA,30669,809,DOLVIN AVE,,UNION POINT,GA,30669-1025,A,A,,10/17/2017,10/17/2017,10/17/2017,IN PERSON,NO,NO,,NO,004,004,010,025,120,OCMU,00060,066042,00003,13,
GREENE,00238206,ALEXANDER,CAESAR,,,212,ELLIOTT CIR, ,UNION POINT,GA,30669,212,ELLIOTT CIR,,UNION POINT,GA,30669,A,A,,10/18/2017,10/19/2017,10/19/2017,IN PERSON,NO,NO,,NO,004,004,010,025,120,OCMU,00060,066042,00014,45,
GREENE,00237462,BARNES,KRIS,C,,114,BRIGHTON RD, ,GREENSBORO,GA,30642-1602,114,BRIGHTON RD,,GREENSBORO,GA,30642-1602,A,A,,10/31/2017,10/31/2017,10/31/2017,IN PERSON,NO,NO,,NO,001,001,010,025,120,OCMU,00051,066001,00056,125,
GREENE,06652778,ARNOLD,HAROLD,DELAND,,207,NEWSOME ST, ,UNION POINT,GA,30669-1223,207,NEWSOME ST,,UNION POINT,GA,30669-1223,A,A,,10/27/2017,10/30/2017,10/30/2017,IN PERSON,NO,NO,,NO,004,004,010,025,120,OCMU,00060,066042,00046,113,
GREENE,08029162,FORD,VICTOYA,RENEE,,1131,WEBB LAKE DR, ,GREENSBORO,GA,30642-2357,1131,WEBB LAKE DR,,GREENSBORO,GA,30642-2357,A,A,,10/16/2017,10/16/2017,10/16/2017,IN PERSON,NO,NO,,NO,001,001,010,025,120,OCMU,00055,066001,00002,5,
GREENE,00237450,WATTS,MICHAEL,D,,1200,MOODY ST, ,UNION POINT,GA,30669-1472,1200,MOODY ST,,UNION POINT,GA,30669-1472,A,A,,10/20/2017,10/23/2017,10/23/2017,IN PERSON,NO,NO,,NO,004,004,010,025,120,OCMU,00060,066042,00031,74,
GREENE,05512111,BROWN,DARIUS,OBRIAN,,205,HART AVE, ,UNION POINT,GA,30669,205,HART AVE,,UNION POINT,GA,30669-1325,A,A,,10/20/2017,10/23/2017,10/23/2017,IN PERSON,NO,NO,,NO,004,004,010,025,120,OCMU,00060,066042,00024,67,
GREENE,00259191,SWANN,RICHARD,CLINTON,,204,HART AVE, ,UNION POINT,GA,30669,204,HART AVE,,UNION POINT,GA,30669,A,A,,10/17/2017,10/17/2017,10/17/2017,IN PERSON,NO,NO,,NO,004,004,010,025,120,OCMU,00060,066042,00011,21,
GREENE,00259190,SWANN,CATHY,MARCHMAN,,204,HART AVE, ,UNION POINT,GA,30669-1326,204,HART AVE,,UNION POINT,GA,30669-1326,A,A,,10/17/2017,10/17/2017,10/17/2017,IN PERSON,NO,NO,,NO,004,004,010,025,120,OCMU,00060,066042,00010,20,
GREENE,03662822,BRAKE,JOHN,B,,212,NEWSOME ST, ,UNION POINT,GA,30669-1224,212,NEWSOME ST,,UNION POINT,GA,30669-1224,A,A,,10/30/2017,10/31/2017,10/31/2017,IN PERSON,NO,NO,,NO,004,004,010,025,120,OCMU,00060,066042,00053,133,
GREENE,00234394,GLENN,JULIA,ANN,,1021,PARHAM DR, ,UNION POINT,GA,30669,1021,PARHAM DR,,UNION POINT,GA,30669,A,A,,10/24/2017,10/25/2017,10/25/2017,IN PERSON,NO,NO,,NO,004,004,010,025,120,OCMU,00060,066042,00037,82,
GREENE,00232775,BROWN,EUGENE,,,104,REYNOLDS DR, ,GREENSBORO,GA,30642,,PO BOX 491,,GREENSBORO,GA,30642,A,A,,10/18/2017,10/18/2017,10/18/2017,IN PERSON,NO,NO,DISABLED,NO,001,001,010,025,120,OCMU,00051,066001,00013,41,
GREENE,03689975,LAUX,AMY,F,,405,THORNTON ST, ,UNION POINT,GA,30669,405,THORNTON ST,,UNION POINT,GA,30669,A,A,,10/20/2017,10/23/2017,10/23/2017,IN PERSON,NO,NO,,NO,004,004,010,025,120,OCMU,00060,066042,00027,70,
GREENE,00233232,JONES,BOBBIE,BRANON,,1251,TWIN PINES DR, ,GREENSBORO,GA,30642-2888,1251,TWIN PINES DR,,GREENSBORO,GA,30642-2888,A,A,,10/26/2017,10/26/2017,10/26/2017,IN PERSON,NO,NO,,NO,001,001,010,025,120,OCMU,00051,066001,00033,89,
GREENE,00233775,STRICKLAND,GENTRY,,,807,SPRING ST S, ,GREENSBORO,GA,30642,807,SPRING ST S,,GREENSBORO,GA,30642,A,A,,11/02/2017,11/02/2017,11/02/2017,IN PERSON,NO,NO,,NO,001,001,010,025,120,OCMU,00053,066001,00067,156,
GREENE,05405061,HUMAN,CARINE,ANNE,,102,RHODES ST N, ,UNION POINT,GA,30669,102,RHODES ST N,,UNION POINT,GA,30669,A,A,,10/26/2017,10/27/2017,10/27/2017,IN PERSON,NO,NO,,NO,004,004,010,025,120,OCMU,00060,066042,00045,102,
GREENE,00228278,BOLTON,CONSTANCE,M,,608,BRYAN AVE, ,UNION POINT,GA,30669-1204,608,BRYAN AVE,,UNION POINT,GA,30669-1204,A,A,,10/26/2017,10/27/2017,10/27/2017,IN PERSON,NO,NO,,NO,004,004,010,025,120,OCMU,00060,066042,00044,101,
GREENE,06408080,GRUBAUGH,JASON,WILLIAM,,101,HENDRY ST, ,UNION POINT,GA,30669,101,HENDRY ST,,UNION POINT,GA,30669,A,A,,11/03/2017,11/03/2017,11/03/2017,IN PERSON,NO,NO,,NO,004,004,010,025,120,OCMU,00060,066042,00074,189,
GREENE,00234443,HEIDBRIDER,YVONNE,BLAIR,,1051,COUNTRY CLUB DRIVE, ,UNION POINT,GA,30669,1051,COUNTRY CLUB DRIVE,,UNION POINT,GA,30669,A,A,,11/03/2017,11/03/2017,11/03/2017,IN PERSON,NO,NO,,NO,004,004,010,025,120,OCMU,00060,066042,00071,186,
GREENE,00234629,PUMP,MARTHA,BURRIS,,1041,COUNTRY CLUB LN, ,UNION POINT,GA,30669-1429,,PO BOX 313,,UNION POINT,GA,30669-0031,A,A,,10/30/2017,10/31/2017,10/31/2017,IN PERSON,NO,NO,,NO,004,004,010,025,120,OCMU,00060,066042,00049,129,
GREENE,00232688,BAYNES,SCOTT,E,,206,WEST ST S, ,GREENSBORO,GA,30642,206,WEST ST S,,GREENSBORO,GA,30642,A,A,,11/03/2017,11/03/2017,11/03/2017,IN PERSON,NO,NO,,NO,001,001,010,025,120,OCMU,00053,066001,00086,180,
GREENE,00234695,SMITH,SANDRA,WHELESS,,108,ACREE ST, ,UNION POINT,GA,30669-1302,108,ACREE ST,,UNION POINT,GA,30669-1302,A,A,,10/18/2017,10/19/2017,10/19/2017,IN PERSON,NO,NO,,NO,004,004,010,025,120,OCMU,00060,066042,00019,50,
GREENE,11471241,ALBO,DAVID,RICHARD,,108,VEAZEY ST, ,UNION POINT,GA,30669,108,VEAZEY ST,,UNION POINT,GA,30669,A,A,,10/17/2017,10/17/2017,10/17/2017,IN PERSON,NO,NO,,NO,004,004,010,025,120,OCMU,00060,066042,00001,11,
GREENE,00277160,WHITE,JULIA,E,,362,CANAAN CIRCLE ST, ,GREENSBORO,GA,30642,,PO BOX 495,,GREENSBORO,GA,30642-0049,A,A,,10/25/2017,10/25/2017,10/25/2017,IN PERSON,NO,NO,,NO,001,001,010,025,120,OCMU,00051,066001,00030,85,
GREENE,08847961,HILSMAN,CLARENCE,,,1550,MARTIN LUTHER KING JR DR,19,GREENSBORO,GA,30642,1550,MARTIN LUTHER KING ,19,GREENSBORO,GA,30642,A,A,,10/23/2017,10/23/2017,10/23/2017,IN PERSON,NO,NO,,NO,001,001,010,025,120,OCMU,00051,066001,00029,76,
GREENE,00233178,HUNTER,KENNETH,BERNARD,,1500,MARTIN LUTHER KING JR DR, ,GREENSBORO,GA,30642,,PO BOX 281,,GREENSBORO,GA,30642-0028,A,A,,10/31/2017,10/31/2017,10/31/2017,IN PERSON,NO,NO,,NO,001,001,010,025,120,OCMU,00051,066001,00057,126,
GREENE,00234276,CARPENTER,JOAN,BOSTWICK,,206,BARNES ST, ,UNION POINT,GA,30669,206,BARNES ST,,UNION POINT,GA,30669,A,A,,11/02/2017,11/03/2017,11/03/2017,IN PERSON,NO,NO,,NO,004,004,010,025,120,OCMU,00060,066042,00067,165,
GREENE,00236989,MILLER,NANNETTE,,,203,REYNOLDS DR, ,GREENSBORO,GA,30642-1423,203,REYNOLDS DR,,GREENSBORO,GA,30642-1423,A,A,,11/02/2017,11/02/2017,11/02/2017,IN PERSON,NO,NO,,NO,001,001,010,025,120,OCMU,00051,066001,00066,155,
GREENE,00237947,CUMMINGS,JOHN,L,JR,215,RHODES ST S, ,UNION POINT,GA,30669,215,RHODES ST S,,UNION POINT,GA,30669,A,A,,11/01/2017,11/02/2017,11/02/2017,IN PERSON,NO,NO,,NO,004,004,010,025,120,OCMU,00060,066042,00058,147,
GREENE,00233838,TORBERT,BARBARA,JONES,,1090,PHELPS RD, ,GREENSBORO,GA,30642,1090,PHELPS RD,,GREENSBORO,GA,30642,A,A,,10/27/2017,10/27/2017,10/27/2017,IN PERSON,NO,NO,,NO,001,001,010,025,120,OCMU,00055,066001,00043,105,
GREENE,00235191,THORNTON,MARGARET,MAPP,,1081,DOLVIN STREET, ,SILOAM,GA,30665,104,KIRKWOOD DR,,FAYETTEVILLE,NC,28303,A,,,10/26/2017,10/26/2017,,MAILED,NO,NO,,NO,005,005,010,025,120,OCMU,00061,,00001,88,
GREENE,00233364,MCCOMMONS,TRUDY,MCDONALD,,901,WEST ST S, ,GREENSBORO,GA,30642,901,WEST ST S,,GREENSBORO,GA,30642,A,A,,10/20/2017,10/20/2017,10/20/2017,IN PERSON,NO,NO,,NO,001,001,010,025,120,OCMU,00053,066001,00023,59,
GREENE,04118041,ALLEN,GRADY,RAY,,1321,WASHINGTON HWY, ,UNION POINT,GA,30669,1321,WASHINGTON HWY,,UNION POINT,GA,30669,A,A,,10/10/2017,10/17/2017,10/27/2017,MAILED,NO,NO,,NO,004,004,010,025,120,OCMU,00059,,00001,22,
GREENE,07113979,RANDOLPH,JASMINE,DANEET,,1160,ALEXANDER AVE, ,UNION POINT,GA,30669,1160,ALEXANDER AVE,,UNION POINT,GA,30669,A,A,,11/03/2017,11/03/2017,11/03/2017,IN PERSON,NO,NO,,NO,004,004,010,025,120,OCMU,00060,066042,00075,190,
GREENE,04072067,GOSS,CHRISTOPHER,TRAVIS,,206,POWERS ST, ,UNION POINT,GA,30669,206,POWERS ST,,UNION POINT,GA,30669,A,A,,11/03/2017,11/03/2017,11/03/2017,IN PERSON,NO,NO,,NO,004,004,010,025,120,OCMU,00060,066042,00073,188,
GREENE,00233667,SATTERFIELD,JOHNNIE,,JR,314,EAST ST N, ,GREENSBORO,GA,30642,314,EAST ST N,,GREENSBORO,GA,30642,A,A,,11/02/2017,11/02/2017,11/02/2017,IN PERSON,NO,NO,,NO,001,001,010,025,120,OCMU,00055,066001,00064,146,
GREENE,00233521,MCGHEE,LINDA,ANN,,1141,TWIN PINES DR, ,GREENSBORO,GA,30642-2807,1141,TWIN PINES DR,,GREENSBORO,GA,30642-2807,A,A,,10/26/2017,10/26/2017,10/26/2017,IN PERSON,NO,NO,,NO,001,001,010,025,120,OCMU,00051,066001,00037,97,
GREENE,00234328,CULBREATH,MARY,REESE,,1391,RHODES ST N, ,UNION POINT,GA,30669,1391,RHODES ST N,,UNION POINT,GA,30669,A,,,11/01/2017,11/01/2017,,MAILED,NO,NO,,NO,004,004,010,025,120,OCMU,00060,,00007,142,
GREENE,05367293,MATHIS,SHANTA,A,,1010,HOPE LN, ,GREENSBORO,GA,30642,1010,HOPE LN,,GREENSBORO,GA,30642,A,A,,11/02/2017,11/02/2017,11/02/2017,IN PERSON,NO,NO,,NO,001,001,010,025,120,OCMU,00055,066001,00065,154,
GREENE,00236027,BAYNES,HANNAH,M,,206,WEST ST S, ,GREENSBORO,GA,30642,206,WEST ST S,,GREENSBORO,GA,30642,A,A,,11/03/2017,11/03/2017,11/03/2017,IN PERSON,NO,NO,,NO,001,001,010,025,120,OCMU,00053,066001,00085,179,
GREENE,01385153,CRAWFORD,FREDDIE,WAYNE,,303,VEAZEY ST, ,UNION POINT,GA,30669-1235,303,VEAZEY ST,,UNION POINT,GA,30669-1235,A,A,,10/23/2017,10/24/2017,10/24/2017,IN PERSON,NO,NO,,NO,004,004,010,025,120,OCMU,00060,066042,00033,78,
GREENE,00235612,JOHNSON,SYLVESTER,,,800,CRAWFORDVILLE RD, ,UNION POINT,GA,30669,800,CRAWFORDVILLE RD,APT 118,UNION POINT,GA,30669-1068,A,A,,10/25/2017,10/26/2017,10/26/2017,IN PERSON,NO,NO,,NO,004,004,010,025,120,OCMU,00060,066042,00042,95,
GREENE,00233362,MCCOMMONS,STEPHEN,M,,901,WEST ST S, ,GREENSBORO,GA,30642,901,WEST ST S,,GREENSBORO,GA,30642,A,A,,10/20/2017,10/20/2017,10/20/2017,IN PERSON,NO,NO,,NO,001,001,010,025,120,OCMU,00053,066001,00022,58,
GREENE,00238491,RUFF,DENNIS,RAY,,1091,TWIN PINES CIR, ,GREENSBORO,GA,30642-2839,1091,TWIN PINES CIR,,GREENSBORO,GA,30642-2839,A,A,,10/17/2017,10/17/2017,10/17/2017,IN PERSON,NO,NO,,NO,001,001,010,025,120,OCMU,00051,066001,00007,10,
GREENE,04143939,WATKINS,SHELIA,LEVONNE,,241,SYCAMORE ST, ,GREENSBORO,GA,30642,241,SYCAMORE ST,,GREENSBORO,GA,30642,A,A,,10/20/2017,10/20/2017,10/20/2017,IN PERSON,NO,NO,,NO,001,001,010,025,120,OCMU,00055,066001,00020,56,
GREENE,00233137,HARWELL,HORACE,G,SR,105,ELM ST E, ,GREENSBORO,GA,30642,105,ELM ST E,,GREENSBORO,GA,30642,A,A,,10/30/2017,10/30/2017,10/30/2017,IN PERSON,NO,NO,,NO,001,001,010,025,120,OCMU,00053,066001,00051,119,
GREENE,03505736,MCKINLEY,NETTIE,BROOKS,,1321,WASHINGTON HWY, ,UNION POINT,GA,30669,1321,WASHINGTON HWY,,UNION POINT,GA,30669,A,,,10/10/2017,10/17/2017,,MAILED,NO,NO,ELDERLY,NO,004,004,010,025,120,OCMU,00059,,00005,31,
GREENE,00233551,PEEK,MAMIE,LEE,,1521,OCONEE AVE, ,GREENSBORO,GA,30429,1521,OCONEE AVE,,GREENSBORO,GA,30429,A,A,,11/03/2017,11/03/2017,11/03/2017,IN PERSON,NO,NO,,NO,001,001,010,025,120,OCMU,00055,066001,00083,177,
GREENE,00233542,LAWRENCE,ANNIE,REE,,344,CANAAN CIRCLE ST, ,GREENSBORO,GA,30642,,PO BOX 642,,GREENSBORO,GA,30642-0064,A,A,,10/18/2017,10/18/2017,10/18/2017,IN PERSON,NO,NO,,NO,001,001,010,025,120,OCMU,00051,066001,00012,37,
GREENE,10421526,TURNER,GEORGE,CALVIN,,1021,GRIMES ST, ,GREENSBORO,GA,30642,,PO BOX 869,,GREENSBORO,GA,30642-0869,A,A,,10/18/2017,10/18/2017,10/18/2017,IN PERSON,NO,NO,,NO,001,001,010,025,120,OCMU,00055,066001,00015,43,
GREENE,08332066,NUTTING,CHRISTOPHER,JORDAN,,401,CRAWFORDVILLE RD, ,UNION POINT,GA,30669,401,CRAWFORDVILLE RD,,UNION POINT,GA,30669,A,A,,11/01/2017,11/02/2017,11/02/2017,IN PERSON,NO,NO,,NO,004,004,010,025,120,OCMU,00060,066042,00062,151,
GREENE,00234870,CHESTER,JULIA,ANN,,1000,OAK ST, ,SILOAM,GA,30665,,PO BOX 64,,SILOAM,GA,30665-0006,A,A,,10/31/2017,10/31/2017,11/06/2017,MAILED,NO,NO,ELDERLY,NO,005,005,010,025,120,OCMU,00061,,00002,136,
GREENE,00233415,MILLER,MORRIS,,,105,WALKER ST, ,GREENSBORO,GA,30642-1419,105,WALKER ST,,GREENSBORO,GA,30642-1419,A,A,,10/16/2017,10/16/2017,10/16/2017,IN PERSON,NO,NO,,NO,001,001,010,025,120,OCMU,00051,066001,00004,7,
GREENE,00234017,WYNN,JERRY,MOSES,JR,365,CANAAN CIRCLE ST, ,GREENSBORO,GA,30642,365,CANAAN CIRCLE ST,,GREENSBORO,GA,30642,A,A,,10/27/2017,10/27/2017,10/27/2017,IN PERSON,NO,NO,,NO,001,001,010,025,120,OCMU,00051,066001,00044,106,
GREENE,04439750,WYNN,JAMEL,TYMAN,,362,CANAAN CIRCLE ST, ,GREENSBORO,GA,30642,362,CANAAN CIRCLE ST,,GREENSBORO,GA,30642,A,A,,10/19/2017,10/20/2017,10/27/2017,MAILED,NO,NO,,NO,001,001,010,025,120,OCMU,00051,,00002,52,
GREENE,11290048,INGRAM,MATTHEW,JAMES DONTA,,3980,HIGHWAY 77 S, ,GREENSBORO,GA,30642,,P.O. BOX,802,GREENSBORO,GA,30642,A,A,,10/17/2017,10/17/2017,10/17/2017,IN PERSON,NO,NO,,NO,005,005,010,025,120,OCMU,00061,066001,00011,36,
GREENE,08821869,WHITE,SEYMONE,CHRISTINE,,362,CANAAN CIRCLE ST, ,GREENSBORO,GA,30642,362,CANAAN CIRCLE ST,,GREENSBORO,GA,30642,A,A,,10/27/2017,10/27/2017,10/27/2017,IN PERSON,NO,NO,,NO,001,001,010,025,120,OCMU,00051,066001,00045,107,
GREENE,00233010,ELLIS,WILLIE,BELL,,109,FOSTER TERRACE, ,GREENSBORO,GA,30642,,PO BOX 44,,GREENSBORO,GA,30642-0004,A,,,09/30/2016,10/30/2017,,MAILED,NO,NO,DISABLED,NO,001,001,010,025,120,OCMU,00051,,00006,118,
GREENE,10359593,STRAUS,WALTER,PAUL,,1122,PHELPS RD, ,GREENSBORO,GA,30642,1122,PHELPS RD,,GREENSBORO,GA,30642,A,A,,11/01/2017,11/01/2017,11/01/2017,IN PERSON,NO,NO,,NO,001,001,010,025,120,OCMU,00055,066001,00063,145,
GREENE,00233840,TORBERT,GERALD,W,,1090,PHELPS RD, ,GREENSBORO,GA,30642,1090,PHELPS RD,,GREENSBORO,GA,30642,A,A,,10/27/2017,10/27/2017,10/27/2017,IN PERSON,NO,NO,,NO,001,001,010,025,120,OCMU,00055,066001,00042,104,
GREENE,00234977,HOLCOMB,EMMA,DEAN,,209,BINNS ST, ,UNION POINT,GA,30669,209,BINNS ST,,UNION POINT,GA,30669,A,A,,10/17/2017,10/17/2017,10/17/2017,IN PERSON,NO,NO,,NO,004,004,010,025,120,OCMU,00060,066042,00007,17,
GREENE,00232915,COSBY,RICKY,J,,1421,MARTIN LUTHER KING JR DR, ,GREENSBORO,GA,30642,,PO BOX 503,,GREENSBORO,GA,30642-0050,A,A,,10/20/2017,10/23/2017,10/23/2017,IN PERSON,NO,NO,,NO,001,001,010,025,120,OCMU,00051,066001,00026,65,
GREENE,00234787,BARRINGTON,LINDA,F,,502,CRAWFORDVILLE RD, ,UNION POINT,GA,30669,502,CRAWFORDVILLE RD,,UNION POINT,GA,30669,A,A,,10/30/2017,10/31/2017,10/31/2017,IN PERSON,NO,NO,,NO,004,004,010,025,120,OCMU,00060,066042,00055,135,
GREENE,05619545,SMITH,KRIS,LASHAWN,,104,NEWSOME ST, ,UNION POINT,GA,30669-1344,104,NEWSOME ST,,UNION POINT,GA,30669-1344,A,A,,11/03/2017,11/03/2017,11/03/2017,IN PERSON,NO,NO,,NO,004,004,010,025,120,OCMU,00060,066042,00070,185,
GREENE,03890512,THOMPSON,FAYE,B,,810,STEWART AVE, ,UNION POINT,GA,30669-1051,810,STEWART AVE,,UNION POINT,GA,30669-1051,A,A,,11/01/2017,11/02/2017,11/02/2017,IN PERSON,NO,NO,,NO,004,004,010,025,120,OCMU,00060,066042,00061,150,
GREENE,00237451,WATTS,BETTY,ANN,,1200,MOODY ST, ,UNION POINT,GA,30669-1472,1200,MOODY ST,,UNION POINT,GA,30669-1472,A,A,,10/20/2017,10/23/2017,10/23/2017,IN PERSON,NO,NO,,NO,004,004,010,025,120,OCMU,00060,066042,00030,73,
GREENE,00233094,GRIMES,RALPH,,,1170,APALACHEE AVE, ,GREENSBORO,GA,30642-2734,1170,APALACHEE AVE,,GREENSBORO,GA,30642-2734,A,A,,10/26/2017,10/26/2017,10/26/2017,IN PERSON,NO,NO,,NO,001,001,010,025,120,OCMU,00055,066001,00039,99,
GREENE,00233116,WEST,MARY,JOANN,,1451,OCONEE AVE, ,GREENSBORO,GA,30429,1451,OCONEE AVE,,GREENSBORO,GA,30642-2716,A,A,,10/19/2017,10/19/2017,10/19/2017,IN PERSON,NO,NO,,NO,001,001,010,025,120,OCMU,00055,066001,00018,54,
GREENE,00237780,GRESHAM,ALTHEA,CALLAWAY,,1031,ALEXANDER AVE, ,UNION POINT,GA,30669,1031,ALEXANDER AVE,,UNION POINT,GA,30669,A,A,,10/20/2017,10/23/2017,10/23/2017,IN PERSON,NO,NO,,NO,004,004,010,025,120,OCMU,00060,066042,00026,69,
GREENE,05512242,BRAKE,MYRTLE,E,,1308,RHODES ST N, ,UNION POINT,GA,30669,1308,RHODES ST N,,UNION POINT,GA,30669,A,A,,10/10/2017,10/17/2017,10/19/2017,MAILED,NO,NO,,NO,004,004,010,025,120,OCMU,00059,,00003,25,
GREENE,03659053,LAUX,JOEY,A,,405,THORNTON ST, ,UNION POINT,GA,30669,405,THORNTON ST,,UNION POINT,GA,30669,A,A,,10/20/2017,10/23/2017,10/23/2017,IN PERSON,NO,NO,,NO,004,004,010,025,120,OCMU,00060,066042,00028,71,
GREENE,05516105,HARRIS,FREDA,NANETTE,,107,FIRST ST W, ,GREENSBORO,GA,30642,,PO BOX 1334,,GREENSBORO,GA,30642-0135,A,A,,11/03/2017,11/03/2017,11/03/2017,IN PERSON,NO,NO,,NO,001,001,010,025,120,OCMU,00053,066001,00087,181,
GREENE,03690351,JOHNSON,JEANETT,M,,205,COMFORT ST, ,UNION POINT,GA,30669-1405,205,COMFORT ST,,UNION POINT,GA,30669-1405,A,A,,10/23/2017,10/24/2017,10/24/2017,IN PERSON,NO,NO,,NO,004,004,010,025,120,OCMU,00060,066042,00035,80,
GREENE,04872109,RHODES,ROTONYA,LARETA,,505,SPRING ST S, ,GREENSBORO,GA,30642,505,SPRING ST S,,GREENSBORO,GA,30642,A,A,,10/27/2017,10/30/2017,10/30/2017,IN PERSON,NO,NO,,NO,001,001,010,025,120,OCMU,00053,066001,00046,108,
GREENE,00233051,GIBSON,GEORGE,ALBERT,,214,LAUREL AVE S, ,GREENSBORO,GA,30642,214,LAUREL AVE S,,GREENSBORO,GA,30642,A,A,,10/23/2017,10/23/2017,10/23/2017,IN PERSON,NO,NO,,NO,001,001,010,025,120,OCMU,00053,066001,00028,75,
GREENE,05582982,COSBY,ERWIN,JERMAIN,,539,MARTIN LUTHER KING JR DR, ,GREENSBORO,GA,30642,539,MARTIN LUTHER KING ,,GREENSBORO,GA,30642,A,A,,10/30/2017,10/30/2017,11/07/2017,MAILED,NO,NO,,NO,001,001,010,025,120,OCMU,00051,,00005,112,
GREENE,05303248,WARREN,VERNEL,BEASHA,,1741,BROAD ST W, ,GREENSBORO,GA,30642,,PO BOX 414,,GREENSBORO,GA,30642-0041,A,A,,10/16/2017,10/16/2017,10/16/2017,IN PERSON,NO,NO,,NO,001,001,010,025,120,OCMU,00055,066001,00001,1,
GREENE,02407455,PETERSON,CHARLEAN,G,,102,MULBERRY ST, ,GREENSBORO,GA,30642,,PO BOX 501,,GREENSBORO,GA,30642,A,A,,10/19/2017,10/19/2017,10/19/2017,IN PERSON,NO,NO,,NO,001,001,010,025,120,OCMU,00051,066001,00019,55,
GREENE,00236643,HILL,BOBBY,LEE,JR,1021,MAPLE STREET, ,SILOAM,GA,30665,,PO BOX 79,,SILOAM,GA,30665,A,A,,10/20/2017,10/20/2017,10/20/2017,IN PERSON,NO,NO,,NO,005,005,010,025,120,OCMU,00061,066001,00024,60,
