County,Voter Registration #,Last Name,First Name,Middle Name,Suffix,Street #,Street Name,Apt/Unit,City,State,Zip Code,Mailing Street #,Mailing Street Name,Mailing Apt/Unit,Mailing City,Mailing State,Mailing Zip Code,Application Status,Ballot Status,Status Reason,Application Date,Ballot Issued Date,Ballot Return Date,Ballot Style,Ballot Assisted,Challenged/Provisional,Designation/Reason Issue,ID Required,Municipal Precinct,County Precinct,CNG,SEN,HOUSE	,JUD,Combo #,Vote Center ID,Ballot ID,Post #,Party
HARALSON,00846349,SPEARMAN,KENNETH,P,,1481,BAXTER RD, ,BREMEN,GA,30110-3954,1481,BAXTER RD,,BREMEN,GA,30110-3954,A,A,,10/31/2017,10/31/2017,10/31/2017,IN PERSON,NO,NO,,NO,,02,014,031,018,TALL,00121,071016,00103,123,
HARALSON,03262674,THOMASON,HAMILTON,LEE,,104,HAMILTON CIR, ,BREMEN,GA,30110-1716,104,HAMILTON CIR,,BREMEN,GA,30110-1716,A,A,,10/30/2017,10/30/2017,10/30/2017,IN PERSON,NO,NO,,NO,BREME,02,014,031,018,TALL,00101,071016,00084,104,
HARALSON,00846710,WHITTON,SHERRY,B,,8612,U S HIGHWAY 78, ,BREMEN,GA,30110-4139,8612,U S HIGHWAY 78,,BREMEN,GA,30110-4139,A,A,,10/31/2017,10/31/2017,10/31/2017,IN PERSON,NO,NO,,NO,,02,014,031,018,TALL,00121,071016,00110,130,
HARALSON,00849440,WILKINS,LESLIE,HAROLD,,212,OAK CIR, ,BUCHANAN,GA,30113-5057,212,OAK CIR,,BUCHANAN,GA,30113-5057,A,A,,10/19/2017,10/19/2017,10/26/2017,MAILED,NO,NO,ELDERLY,NO,,05,014,031,016,TALL,00106,,00002,33,
HARALSON,00845497,MEUNIER,PATRICIA,ROGERS,,625,CANTRELL DR, ,BREMEN,GA,30110,625,CANTRELL DR,,BREMEN,GA,30110,A,A,,10/31/2017,10/31/2017,10/31/2017,IN PERSON,NO,NO,,NO,BREME,02,014,031,018,TALL,00101,071016,00107,127,
HARALSON,03697166,ROBINSON,EMELENE,S,,193,JACK ROBINSON RD, ,WACO,GA,30182,1066,GEORGIA HIGHWAY 100,,TALLAPOOSA,GA,30176-0430,A,A,,11/01/2017,11/01/2017,11/01/2017,IN PERSON,NO,NO,,NO,TALLA,12,014,031,018,TALL,00112,071016,00133,154,
HARALSON,00844344,DENMAN,DAVID,C,,461,OLD RIDGEWAY RD, ,BREMEN,GA,30110-3710,461,OLD RIDGEWAY RD,,BREMEN,GA,30110-3710,A,A,,10/16/2017,10/16/2017,10/16/2017,IN PERSON,NO,NO,,NO,,13,014,031,018,TALL,00117,071016,00004,4,
HARALSON,00846230,SLATE,HAROLD,TODD,,108,CHEROKEE DR, ,BREMEN,GA,30110-1752,108,CHEROKEE DR,,BREMEN,GA,30110-1752,A,A,,11/02/2017,11/02/2017,11/02/2017,IN PERSON,NO,NO,,NO,BREME,02,014,031,018,TALL,00101,071016,00145,166,
HARALSON,03248725,ELLIOTT,CHRISTOPHER,MICHAEL,,1148,GEORGIA AVE S, ,BREMEN,GA,30110,1148,GEORGIA AVE S,,BREMEN,GA,30110,A,A,,11/03/2017,11/03/2017,11/03/2017,IN PERSON,NO,NO,,NO,BREME,02,014,031,018,TALL,00101,071016,00199,222,
HARALSON,00844882,HOBBS,ANN,G,,802,LAUREL ST, ,BREMEN,GA,30110-2224,802,LAUREL ST,,BREMEN,GA,30110-2224,A,A,,11/03/2017,11/03/2017,11/03/2017,IN PERSON,NO,NO,,NO,BREME,02,014,031,018,TALL,00101,071016,00201,224,
HARALSON,00845362,MCBRAYER,LAURA,H,,308,STONEBRIDGE BLVD, ,BREMEN,GA,30110-2353,308,STONEBRIDGE BLVD,,BREMEN,GA,30110-2353,A,A,,10/30/2017,10/30/2017,10/30/2017,IN PERSON,NO,NO,,NO,BREME,02,014,031,018,TALL,00101,071016,00096,116,
HARALSON,00852529,LANIER,LARRY,LANCE,,580,GEORGIA HIGHWAY 120, ,TALLAPOOSA,GA,30176-3104,580,GEORGIA HIGHWAY 120,,TALLAPOOSA,GA,30176-3104,A,A,,11/02/2017,11/02/2017,11/02/2017,IN PERSON,NO,NO,,NO,TALLA,12,014,031,018,TALL,00111,071016,00139,160,
HARALSON,06716694,CASEY,DEBRA,HULSEY,,535,JACKSONVILLE RD, ,TALLAPOOSA,GA,30176,535,JACKSONVILLE RD,,TALLAPOOSA,GA,30176,A,A,,10/24/2017,10/24/2017,10/24/2017,IN PERSON,NO,NO,,NO,,11,014,031,018,TALL,00115,071016,00043,59,
HARALSON,00849201,PLOOF,C,W,,4,BILL PLOOF RD, ,BUCHANAN,GA,30113-4525,4,BILL PLOOF RD,,BUCHANAN,GA,30113-4525,A,A,,10/23/2017,10/23/2017,10/27/2017,MAILED,NO,NO,ELDERLY,NO,,05,014,031,016,TALL,00118,,00001,55,
HARALSON,00845561,OVERTON,JULIE,MORRIS,,581,WADDELL ST, ,BREMEN,GA,30110-1584,581,WADDELL ST,,BREMEN,GA,30110-1584,A,A,,11/03/2017,11/03/2017,11/03/2017,IN PERSON,NO,NO,,NO,BREME,02,014,031,018,TALL,00101,071016,00211,234,
HARALSON,03424401,CASEY,JULIA,FLEENOR,,344,W ATLANTA ST, ,TALLAPOOSA,GA,30176,344,W ATLANTA ST,,TALLAPOOSA,GA,30176,A,A,,11/03/2017,11/03/2017,11/03/2017,IN PERSON,NO,NO,,NO,TALLA,12,014,031,018,TALL,00112,071016,00183,206,
HARALSON,03154300,HARMON,JAMES,ANDREW,,4342,CASHTOWN RD, ,BREMEN,GA,30110-2780,4342,CASHTOWN RD,,BREMEN,GA,30110-2780,A,A,,10/26/2017,10/26/2017,10/26/2017,IN PERSON,NO,NO,,NO,,05,014,031,016,TALL,00106,071016,00062,79,
HARALSON,02986672,MCDONALD,JENNIFER,WARD,,319,OAK ST, ,BREMEN,GA,30110,319,OAK ST,,BREMEN,GA,30110,A,A,,11/03/2017,11/03/2017,11/03/2017,IN PERSON,NO,NO,,NO,BREME,02,014,031,018,TALL,00101,071016,00213,236,
HARALSON,00846693,WHITE,JEAN,,,465,WADDELL ST, ,BREMEN,GA,30110-1582,465,WADDELL ST,,BREMEN,GA,30110-1582,A,A,,11/02/2017,11/02/2017,11/06/2017,MAILED,NO,NO,ELDERLY,NO,BREME,02,014,031,018,TALL,00101,,00006,181,
HARALSON,08737549,GRIGGS,ROBERT,EUGENE,,33,BLUEBIRD LN, ,TALLAPOOSA,GA,30176,33,BLUEBIRD LN,,TALLAPOOSA,GA,30176,A,A,,11/03/2017,11/03/2017,11/03/2017,IN PERSON,NO,NO,,NO,TALLA,12,014,031,018,TALL,00112,071016,00163,185,
HARALSON,08604624,WESSELS,KENEDY,SCOTT,,171,MEADOWBROOK LN, ,BREMEN,GA,30110-7903,171,MEADOWBROOK LN,,BREMEN,GA,30110-7903,A,A,,10/27/2017,10/27/2017,10/27/2017,IN PERSON,NO,NO,,NO,BREME,02,014,031,018,TALL,00101,071016,00065,82,
HARALSON,00849318,SPAKE,NOVELLA,,,3390,N HIGHWAY 113, ,TEMPLE,GA,30179-2566,3390,N HIGHWAY 113,,TEMPLE,GA,30179-2566,A,A,,10/31/2017,10/31/2017,10/31/2017,IN PERSON,NO,NO,,NO,,05,014,031,016,TALL,00106,071016,00119,140,
HARALSON,00845595,MURPHY,MICHAEL,L,,101,FAIROAKS ST, ,BREMEN,GA,30110-2405,,PO BOX 186,,BUCHANAN,GA,30113-0018,A,A,,10/16/2017,10/16/2017,10/16/2017,IN PERSON,NO,NO,,NO,BREME,02,014,031,018,TALL,00101,071016,00005,11,
HARALSON,00852352,HULSEY,JAMES,EDWARD,JR,391,BOWDON ST, ,TALLAPOOSA,GA,30176-1139,,PO BOX 724,,TALLAPOOSA,GA,30176-0072,A,A,,10/25/2017,10/25/2017,10/25/2017,IN PERSON,NO,NO,,NO,TALLA,12,014,031,018,TALL,00112,071016,00049,65,
HARALSON,03154296,HARMON,DOROTHY,LOUISE,,4342,CASHTOWN RD, ,BREMEN,GA,30110-2780,4342,CASHTOWN RD,,BREMEN,GA,30110-2780,A,A,,10/26/2017,10/26/2017,10/26/2017,IN PERSON,NO,NO,,NO,,05,014,031,016,TALL,00106,071016,00061,78,
HARALSON,00848817,EAVES,ELAINE,H,,2844,MORGAN RD, ,BREMEN,GA,30110-3220,2844,MORGAN RD,,BREMEN,GA,30110-3220,A,A,,11/03/2017,11/03/2017,11/03/2017,IN PERSON,NO,NO,,NO,,05,014,031,016,TALL,00106,071016,00188,211,
HARALSON,00847268,EDWARDS,JOAN,ALICE,,4894,GEORGIA HIGHWAY 120, ,BUCHANAN,GA,30113-5023,,PO BOX 32,,BUCHANAN,GA,30113-0003,A,A,,11/03/2017,11/03/2017,11/03/2017,IN PERSON,NO,NO,,NO,,03,014,031,018,TALL,00104,071016,00189,212,
HARALSON,08246425,MONROE,MARCELLE,B,,178,MOUNTAIN VIEW RD, ,BUCHANAN,GA,30113-3759,178,MOUNTAIN VIEW RD,,BUCHANAN,GA,30113-3759,A,A,,10/23/2017,10/23/2017,10/23/2017,IN PERSON,NO,NO,,NO,,09,014,031,016,TALL,00118,071016,00034,46,
HARALSON,00846376,STEVENS,PATRICK,MICHAEL,,264,TREETOP DR, ,BREMEN,GA,30110,264,TREETOP DR,,BREMEN,GA,30110,A,A,,11/02/2017,11/02/2017,11/02/2017,IN PERSON,NO,NO,,NO,,02,014,031,018,TALL,00108,071016,00148,169,
HARALSON,00846155,SEWELL,LINDA,SHARON,,112,SEWELL RD, ,BREMEN,GA,30110-1855,,PO BOX 446,,BREMEN,GA,30110-0044,A,A,,10/31/2017,10/31/2017,10/31/2017,IN PERSON,NO,NO,,NO,BREME,02,014,031,018,TALL,00101,071016,00116,137,
HARALSON,03270572,HIGHTOWER,KIMBERLY,COPELAND,,45,MCPHERSON LN, ,BREMEN,GA,30110-3942,45,MCPHERSON LN,,BREMEN,GA,30110-3942,A,A,,11/02/2017,11/02/2017,11/02/2017,IN PERSON,NO,NO,,NO,BREME,02,014,031,018,TALL,00122,071016,00143,164,
HARALSON,00851374,WILLIAMS,INA,JUNE,,5318,GEORGIA HIGHWAY 100 N, ,TALLAPOOSA,GA,30176-2373,5318,GEORGIA HIGHWAY 100 N,,TALLAPOOSA,GA,30176-2373,A,A,,10/23/2017,10/23/2017,10/23/2017,IN PERSON,NO,NO,,NO,,11,014,031,018,TALL,00103,071016,00032,44,
HARALSON,05835225,ROBINSON,REBECCA,ANN,,236,STEADMAN RD, ,TALLAPOOSA,GA,30176-2505,236,STEADMAN RD,,TALLAPOOSA,GA,30176-2505,A,A,,10/27/2017,10/27/2017,10/27/2017,IN PERSON,NO,NO,,NO,,12,014,031,018,TALL,00115,071016,00078,98,
HARALSON,00852808,NEWMAN,RODNEY,SCOTT,,302,HEAD AVE, ,TALLAPOOSA,GA,30176,302,HEAD AVE,,TALLAPOOSA,GA,30176,A,A,,10/31/2017,10/31/2017,10/31/2017,IN PERSON,NO,NO,,NO,TALLA,12,014,031,018,TALL,00112,071016,00114,134,
HARALSON,00845360,MCBRAYER,DENNIS,,,308,STONEBRIDGE BLVD, ,BREMEN,GA,30110-2353,308,STONEBRIDGE BLVD,,BREMEN,GA,30110-2353,A,A,,10/30/2017,10/30/2017,10/30/2017,IN PERSON,NO,NO,,NO,BREME,02,014,031,018,TALL,00101,071016,00097,117,
HARALSON,02168206,LADD,DEBRA,LYNN,,639,MISS MAE LN, ,BREMEN,GA,30110,639,MISS MAE LN,,BREMEN,GA,30110,A,A,,10/30/2017,10/30/2017,10/30/2017,IN PERSON,NO,NO,,NO,BREME,02,014,031,018,TALL,00122,071016,00079,99,
HARALSON,00845019,JACKSON,GARY,WAYNE,,108,SANDERS RD, ,BREMEN,GA,30110,,P.O. BOX 125,,WACO,GA,30182,A,A,,10/20/2017,10/20/2017,10/20/2017,IN PERSON,NO,NO,,NO,,02,014,031,018,TALL,00108,071016,00030,40,
HARALSON,00849439,WILKINS,ELSIE,M,,212,OAK CIR, ,BUCHANAN,GA,30113-5057,212,OAK CIR,,BUCHANAN,GA,30113-5057,A,A,,10/19/2017,10/19/2017,10/26/2017,MAILED,NO,NO,ELDERLY,NO,,05,014,031,016,TALL,00106,,00001,32,
HARALSON,02170344,HICKS,RICHARD,PERRY,,193,MEADOW CREEK CIR, ,BREMEN,GA,30110-1687,193,MEADOW CREEK CIR,,BREMEN,GA,30110-1687,A,A,,10/30/2017,10/30/2017,10/30/2017,IN PERSON,NO,NO,,NO,BREME,02,014,031,018,TALL,00101,071016,00092,112,
HARALSON,05178761,CAMP,CASEE,PRESNELL,,125,WATSON DR, ,BREMEN,GA,30110,125,WATSON DR,,BREMEN,GA,30110,A,A,,11/03/2017,11/03/2017,11/03/2017,IN PERSON,NO,NO,,NO,BREME,02,014,031,018,TALL,00101,071016,00202,225,
HARALSON,00843980,ONEAL,AMY,BROWN,,107,HAMILTON CIR, ,BREMEN,GA,30110,107,HAMILTON CIR,,BREMEN,GA,30110,A,A,,11/02/2017,11/02/2017,11/02/2017,IN PERSON,NO,NO,,NO,BREME,02,014,031,018,TALL,00101,071016,00162,184,
HARALSON,00853620,BROWN,CHARLOTTE,RENEE,,614,WADDELL ST, ,BREMEN,GA,30110-4384,614,WADDELL ST,,BREMEN,GA,30110-4384,A,A,,11/02/2017,11/02/2017,11/02/2017,IN PERSON,NO,NO,,NO,BREME,02,014,031,018,TALL,00101,071016,00142,163,
HARALSON,00844859,HICKS,JUDY,BROOKS,,409,KNOLLWOOD AVE, ,BREMEN,GA,30110-2270,409,KNOLLWOOD AVE,,BREMEN,GA,30110-2270,A,A,,11/01/2017,11/01/2017,11/01/2017,IN PERSON,NO,NO,,NO,BREME,02,014,031,018,TALL,00101,071016,00126,147,
HARALSON,00846653,WEATHINGTON,LARRY,N,,614,VALLEY RUN DR, ,BREMEN,GA,30110-2414,614,VALLEY RUN DR,,BREMEN,GA,30110-2414,A,A,,11/03/2017,11/03/2017,11/03/2017,IN PERSON,NO,NO,,NO,BREME,02,014,031,018,TALL,00101,071016,00176,199,
HARALSON,07209620,BULIFANT,LINDSEY,MEGAN,,103,GREYSTONE DR, ,BREMEN,GA,30110-2282,103,GREYSTONE DR,,BREMEN,GA,30110-2282,A,A,,11/03/2017,11/03/2017,11/03/2017,IN PERSON,NO,NO,,NO,BREME,02,014,031,018,TALL,00101,071016,00179,202,
HARALSON,04485445,JONES,MARJORIE,JEAN HOUCK,,111,GREYSTONE DR, ,BREMEN,GA,30110-2282,111,GREYSTONE DR,,BREMEN,GA,30110-2282,A,A,,11/03/2017,11/03/2017,11/03/2017,IN PERSON,NO,NO,,NO,BREME,02,014,031,018,TALL,00101,071016,00177,200,
HARALSON,03001386,ROBINSON,DANNY,LEROY,,617,VALLEY RUN DR, ,BREMEN,GA,30110,617,VALLEY RUN DR,,BREMEN,GA,30110,A,A,,10/16/2017,10/16/2017,10/16/2017,IN PERSON,NO,NO,,NO,BREME,02,014,031,018,TALL,00101,071016,00003,3,
HARALSON,00853967,SHACKLEFORD,RUBY,JEWELL,,1991,OLD BUSHMILL RD, ,BREMEN,GA,30110,1991,OLD BUSHMILL RD,,BREMEN,GA,30110,A,A,,11/03/2017,11/03/2017,11/03/2017,IN PERSON,NO,NO,,NO,,13,014,031,018,TALL,00117,071016,00185,208,
HARALSON,00852732,MIXON,HOYT,E,JR,161,FAYE ST, ,TALLAPOOSA,GA,30176-1016,161,FAYE ST,,TALLAPOOSA,GA,30176-1016,A,A,,10/18/2017,10/18/2017,10/18/2017,IN PERSON,NO,NO,,NO,TALLA,12,014,031,018,TALL,00111,071016,00020,26,
HARALSON,00853637,CASH,HAL,LEE,,5551,U S HIGHWAY 78, ,BREMEN,GA,30110-4727,,PO BOX 35,,WACO,GA,30182-0003,A,A,,10/23/2017,10/23/2017,10/23/2017,IN PERSON,NO,NO,,NO,WACO,13,014,031,018,TALL,00113,071016,00038,50,
HARALSON,00844567,GABLE,RONALD,VAUGHN,JR,856,HURST MILL RD, ,BREMEN,GA,30110-4587,,PO BOX 62,,BREMEN,GA,30110-0006,A,A,,10/31/2017,10/31/2017,10/31/2017,IN PERSON,NO,NO,,NO,,02,014,031,018,TALL,00108,071016,00102,122,
HARALSON,00848647,WAGES,JANICE,A,,2437,OLD HIGHWAY 100 S, ,TALLAPOOSA,GA,30176-4224,2437,OLD HIGHWAY 100 S,,TALLAPOOSA,GA,30176-4224,A,A,,11/01/2017,11/01/2017,11/01/2017,IN PERSON,NO,NO,,NO,,04,014,031,018,TALL,00105,071016,00127,148,
HARALSON,00847193,DANIEL,MICHAEL,JOEL,,414,PROVIDENCE CHURCH RD, ,WACO,GA,30182-2094,414,PROVIDENCE CHURCH RD,,WACO,GA,30182-2094,A,A,,11/02/2017,11/02/2017,11/02/2017,IN PERSON,NO,NO,,NO,,04,014,031,018,TALL,00105,071016,00150,171,
HARALSON,00849752,TOLBERT,BENNY,L,,451,TOLBERT RD, ,ROCKMART,GA,30153-5144,451,TOLBERT RD,,ROCKMART,GA,30153-5144,A,A,,10/24/2017,10/24/2017,10/24/2017,IN PERSON,NO,NO,,NO,,06,014,031,016,TALL,00118,071016,00044,60,
HARALSON,00844360,DEWBERRY,CLARA,,,2950,MUSIC MILL RD, ,BREMEN,GA,30110,2950,MUSIC MILL RD,,BREMEN,GA,30110,A,A,,10/19/2017,10/19/2017,10/19/2017,IN PERSON,NO,NO,,NO,BREME,02,014,031,018,TALL,00101,071016,00024,30,
HARALSON,07354943,DANIEL,JOHN,LOUIS,,1398,LIBERTY CHURCH RD, ,BREMEN,GA,30110,1398,LIBERTY CHURCH RD,,BREMEN,GA,30110,A,A,,11/02/2017,11/02/2017,11/02/2017,IN PERSON,NO,NO,,NO,,10,014,031,018,TALL,00121,071016,00149,170,
HARALSON,00850648,HAMIL,SANDRA,DIANNE,,445,HAMIL RD, ,BREMEN,GA,30110-3033,445,HAMIL RD,,BREMEN,GA,30110-3033,A,A,,11/03/2017,11/03/2017,11/03/2017,IN PERSON,NO,NO,,NO,,10,014,031,018,TALL,00107,071016,00165,187,
HARALSON,10905866,HAGAN,JERRY,WAYNE,,145,OLD CORINTH RD, ,BREMEN,GA,30110,145,OLD CORINTH RD,,BREMEN,GA,30110,A,A,,10/23/2017,10/23/2017,10/27/2017,MAILED,NO,NO,ELDERLY,NO,,05,014,031,016,TALL,00106,,00004,54,
HARALSON,05345498,SMITH,JAESON,ROBERT,,321,GEORGIA HIGHWAY 120, ,TALLAPOOSA,GA,30176,321,GEORGIA HIGHWAY 120,,TALLAPOOSA,GA,30176,A,A,,10/16/2017,10/16/2017,10/16/2017,IN PERSON,NO,NO,,NO,TALLA,12,014,031,018,TALL,00111,071016,00002,2,
HARALSON,00852322,HOOD,ROBIN,L,,215,POPLAR SPRINGS RD, ,TALLAPOOSA,GA,30176-2216,215,POPLAR SPRINGS RD,,TALLAPOOSA,GA,30176-2216,A,A,,10/16/2017,10/16/2017,10/16/2017,IN PERSON,NO,NO,,NO,,11,014,031,018,TALL,00103,071016,00001,1,
HARALSON,00845260,LOVVORN,DANA,LEIGH,,826,KNOLLWOOD LN, ,BREMEN,GA,30110-2220,,PO BOX 563,,BREMEN,GA,30110-0056,A,A,,10/27/2017,10/27/2017,10/27/2017,IN PERSON,NO,NO,,NO,BREME,02,014,031,018,TALL,00101,071016,00073,90,
HARALSON,05954669,BARGER,KARA,,,92,MARTHA JANE CT, ,BREMEN,GA,30110-3126,92,MARTHA JANE CT,,BREMEN,GA,30110-3126,A,A,,10/31/2017,10/31/2017,10/31/2017,IN PERSON,NO,NO,,NO,,10,014,031,018,TALL,00107,071016,00109,129,
HARALSON,00849753,TOLBERT,CHARLENE,H,,451,TOLBERT RD, ,ROCKMART,GA,30153-5144,451,TOLBERT RD,,ROCKMART,GA,30153-5144,A,A,,10/24/2017,10/24/2017,10/24/2017,IN PERSON,NO,NO,,NO,,06,014,031,016,TALL,00118,071016,00045,61,
HARALSON,00846850,WRIGHT,ROSA,MAE,,223,GORDON ST, ,BREMEN,GA,30110-1518,223,GORDON ST,,BREMEN,GA,30110-1518,A,A,,11/01/2017,11/01/2017,11/01/2017,IN PERSON,NO,NO,,NO,BREME,02,014,031,018,TALL,00101,071016,00135,156,
HARALSON,02174316,WASHINGTON-BRITTIAN,VICKIE,VOLANTE,,491,MOUNT ZION ST, ,BREMEN,GA,30110-1965,491,MOUNT ZION ST,,BREMEN,GA,30110-1965,A,A,,10/23/2017,10/23/2017,10/23/2017,IN PERSON,NO,NO,,NO,BREME,02,014,031,018,TALL,00101,071016,00035,47,
HARALSON,05987614,HELTON,AARON,,,279,GLEN HELTON RD, ,TEMPLE,GA,30179-4127,279,GLEN HELTON RD,,TEMPLE,GA,30179-4127,A,A,,10/23/2017,10/23/2017,10/23/2017,IN PERSON,NO,NO,,NO,,10,014,031,018,TALL,00121,071016,00036,48,
HARALSON,00847828,PHILPOT,HAROLD,G,,5006,GEORGIA HIGHWAY 120, ,BUCHANAN,GA,30113,,PO BOX 355,,BUCHANAN,GA,30113-0035,A,A,,10/03/2017,10/16/2017,10/23/2017,MAILED,NO,NO,ELDERLY,NO,,03,014,031,018,TALL,00104,,00001,8,
HARALSON,11137494,STRIED,LOREN,WAYNE,,1163,MTN VIEW CLUBHOUSE RD, ,BUCHANAN,GA,30113,1163,MTN VIEW CLUBHOUSE ,,BUCHANAN,GA,30113-3009,A,A,,11/01/2017,11/01/2017,11/01/2017,IN PERSON,NO,NO,,NO,,09,014,031,016,TALL,00118,071016,00122,143,
HARALSON,00853248,STAMEY,ALTON,LEE,,128,DAVIS PL, ,TALLAPOOSA,GA,30176-1309,128,DAVIS PL,,TALLAPOOSA,GA,30176-1309,A,A,,11/01/2017,11/01/2017,11/01/2017,IN PERSON,NO,NO,,NO,TALLA,12,014,031,018,TALL,00112,071016,00136,157,
HARALSON,00852797,NEWMAN,MARIS,ANN,,302,HEAD AVE, ,TALLAPOOSA,GA,30176-1221,302,HEAD AVE,,TALLAPOOSA,GA,30176-1221,R,,Insufficient Information,10/31/2017,,,IN PERSON,NO,NO,,NO,TALLA,12,014,031,018,TALL,00112,071016,,135,
HARALSON,03055999,CLARK,KAY,TAYLOR,,205,SPRING ST, ,TALLAPOOSA,GA,30176-1255,205,SPRING ST,,TALLAPOOSA,GA,30176-1255,A,A,,10/18/2017,10/18/2017,10/18/2017,IN PERSON,NO,NO,,NO,TALLA,12,014,031,018,TALL,00112,071016,00021,27,
HARALSON,05234130,WOODALL-JONES,BIANCA,,,106,HIDDEN LAKE DR, ,BREMEN,GA,30110-7909,106,HIDDEN LAKE DR,,BREMEN,GA,30110-7909,A,A,,11/02/2017,11/02/2017,11/02/2017,IN PERSON,NO,NO,,NO,BREME,02,014,031,018,TALL,00101,071016,00155,176,
HARALSON,00847418,HEALEY,GEORGE,PATRICK,,106,STEEL RD, ,TALLAPOOSA,GA,30176-2859,106,STEEL RD,,TALLAPOOSA,GA,30176-2859,A,A,,10/27/2017,10/27/2017,10/27/2017,IN PERSON,NO,NO,,NO,,03,014,031,018,TALL,00104,071016,00075,94,
HARALSON,00848693,AGAN,BARBARA,LORREN,,591,NIX RD, ,BREMEN,GA,30110-3311,591,NIX RD,,BREMEN,GA,30110-3311,A,A,,10/20/2017,10/20/2017,10/20/2017,IN PERSON,NO,NO,,NO,,10,014,031,018,TALL,00107,071016,00029,39,
HARALSON,00850343,MOORE,TRACY,REGINA,,5178,HIGHWAY 27, ,BUCHANAN,GA,30113,,P O BOX 253,,BUCHANAN,GA,30113,A,A,,10/31/2017,10/31/2017,10/31/2017,IN PERSON,NO,NO,,NO,,03,014,031,018,TALL,00104,071016,00105,125,
HARALSON,00850646,HAMIL,H,DONALD,,445,HAMIL RD, ,BREMEN,GA,30110-3033,445,HAMIL RD,,BREMEN,GA,30110-3033,A,A,,11/03/2017,11/03/2017,11/03/2017,IN PERSON,NO,NO,,NO,,10,014,031,018,TALL,00107,071016,00164,186,
HARALSON,00847339,GARNER,GARY,,,6,1ST AVE, ,BUCHANAN,GA,30113-4491,6,1ST AVE,,BUCHANAN,GA,30113-4491,A,A,,10/31/2017,10/31/2017,10/31/2017,IN PERSON,NO,NO,,NO,BUCHA,03,014,031,018,TALL,00109,071016,00101,121,
HARALSON,05118533,CAMP,JONATHAN,ADAM,,125,WATSON DR, ,BREMEN,GA,30110,125,WATSON DR,,BREMEN,GA,30110,A,A,,10/16/2017,10/16/2017,10/16/2017,IN PERSON,NO,NO,,NO,BREME,02,014,031,018,TALL,00101,071016,00012,18,
HARALSON,00844586,GILLESPIE,MELVIN,GENE,,386,WADDELL ST, ,BREMEN,GA,30110-1579,,PO BOX 681,,BREMEN,GA,30110-0068,A,A,,10/26/2017,10/26/2017,10/26/2017,IN PERSON,NO,NO,,NO,BREME,02,014,031,018,TALL,00101,071016,00054,71,
HARALSON,01599770,SHADIX,DONOVAN,SCOTT,,310,KEENE RD, ,BREMEN,GA,30110-1529,310,KEENE RD,,BREMEN,GA,30110-1529,A,A,,11/03/2017,11/03/2017,11/03/2017,IN PERSON,NO,NO,,NO,BREME,02,014,031,018,TALL,00101,071016,00187,210,
HARALSON,00850357,POTEET,RHONDA,ELAINE,,564,MTN VIEW CLUBHOUSE RD, ,BUCHANAN,GA,30113-2954,564,MTN VIEW CLUBHOUSE ,,BUCHANAN,GA,30113-2954,A,A,,11/03/2017,11/03/2017,11/03/2017,IN PERSON,NO,NO,,NO,,09,014,031,016,TALL,00118,071016,00168,190,
HARALSON,00845631,NETHERY,JAMES,GRADY,JR,707,PACIFIC AVE, ,BREMEN,GA,30110-2231,707,PACIFIC AVE,,BREMEN,GA,30110-2231,A,A,,11/03/2017,11/03/2017,11/03/2017,IN PERSON,NO,NO,,NO,BREME,02,014,031,018,TALL,00101,071016,00166,188,
HARALSON,00847416,HEAD,RUBY,NELL,,939,SEABREEZE LAKE RD, ,BUCHANAN,GA,30113-4476,939,SEABREEZE LAKE RD,,BUCHANAN,GA,30113-4476,A,A,,10/20/2017,10/20/2017,10/23/2017,MAILED,NO,NO,ELDERLY,NO,,03,014,031,018,TALL,00104,,00003,38,
HARALSON,04423272,AGAN,BRENDA,HOWELL,,1450,CORINTH POSEYVILLE RD, ,BREMEN,GA,30110,1450,CORINTH POSEYVILLE ,,BREMEN,GA,30110,A,A,,10/26/2017,10/26/2017,10/26/2017,IN PERSON,NO,NO,,NO,,10,014,031,018,TALL,00107,071016,00060,77,
HARALSON,00849699,PLOOF,FRANCES,MARIE,,15,BILL PLOOF RD, ,BUCHANAN,GA,30113-4526,4,BILL PLOOF RD,,BUCHANAN,GA,30113-4526,A,A,,10/23/2017,10/23/2017,10/27/2017,MAILED,NO,NO,DISABLED,NO,,05,014,031,016,TALL,00118,,00002,56,
HARALSON,00844588,GILLESPIE,RICHARD,GLYNN,,115,CHEROKEE DR, ,BREMEN,GA,30110-1753,115,CHEROKEE DR,,BREMEN,GA,30110-1753,A,A,,10/23/2017,10/23/2017,10/23/2017,IN PERSON,NO,NO,,NO,BREME,02,014,031,018,TALL,00101,071016,00039,52,
HARALSON,00844183,CLARK,MARY,LOUISE,,134,MOUNT ZION ST, ,BREMEN,GA,30110-1951,134,MOUNT ZION ST,,BREMEN,GA,30110-1951,A,A,,11/01/2017,11/01/2017,11/01/2017,IN PERSON,NO,NO,,NO,BREME,02,014,031,018,TALL,00101,071016,00129,150,
HARALSON,00844997,HURSTON,DIANE,,,31,SHADOWOOD LN, ,BREMEN,GA,30110-4428,31,SHADOWOOD LN,,BREMEN,GA,30110-4428,A,A,,10/30/2017,10/30/2017,10/30/2017,IN PERSON,NO,NO,,NO,BREME,02,014,031,018,TALL,00101,071016,00089,109,
HARALSON,01100679,HAMMOCK,CLARICE,L,,3,G HAMMOCK RD, ,BUCHANAN,GA,30113,,PO BOX 223,,BUCHANAN,GA,30113-0022,A,A,,11/01/2017,11/01/2017,11/01/2017,IN PERSON,NO,NO,,NO,BUCHA,03,014,031,018,TALL,00110,071016,00124,145,
HARALSON,02171071,COLE,WANDA,JOY,,621,CANTRELL DR, ,BREMEN,GA,30110-2436,621,CANTRELL DR,,BREMEN,GA,30110-2436,A,A,,10/30/2017,10/30/2017,10/30/2017,IN PERSON,NO,NO,,NO,BREME,02,014,031,018,TALL,00101,071016,00094,114,
HARALSON,00853738,WALLACE,KIMBERLY,MICHELLE,,2008,MONROE MILL RD, ,BUCHANAN,GA,30113,2008,MONROE MILL RD,,BUCHANAN,GA,30113,A,A,,10/30/2017,10/30/2017,10/30/2017,IN PERSON,NO,NO,,NO,,03,014,031,018,TALL,00104,071016,00093,113,
HARALSON,00845259,LOVVORN,BRANDALL,STEVEN,,826,KNOLLWOOD LN, ,BREMEN,GA,30110-2220,,PO BOX 563,,BREMEN,GA,30110-0056,A,A,,10/27/2017,10/27/2017,10/27/2017,IN PERSON,NO,NO,,NO,BREME,02,014,031,018,TALL,00101,071016,00074,91,
HARALSON,02175686,WALKER,BRIAN,LOVEL,,435,WILDCAT RD, ,BUCHANAN,GA,30113-3309,435,WILDCAT RD,,BUCHANAN,GA,30113-3309,A,A,,10/23/2017,10/23/2017,10/23/2017,IN PERSON,NO,NO,,NO,,08,014,031,016,TALL,00102,071016,00031,43,
HARALSON,10578608,LOVVORN,WILLIAM,ROBERT,III,826,KNOLLWOOD LN, ,BREMEN,GA,30110,826,KNOLLWOOD LN,,BREMEN,GA,30110-2220,A,A,,10/27/2017,10/27/2017,10/27/2017,IN PERSON,NO,NO,,NO,BREME,02,014,031,018,TALL,00101,071016,00072,89,
HARALSON,00845633,NETHERY,PEARL,H,,116,FAIRVIEW AVE, ,BREMEN,GA,30110-2212,116,FAIRVIEW AVE,,BREMEN,GA,30110-2212,A,,,11/03/2017,11/03/2017,,MAILED,NO,NO,ELDERLY,NO,BREME,02,014,031,018,TALL,00101,,00007,195,
HARALSON,02993641,CHAPMAN,MARK,ANTHONY,,15,ACORN TRL, ,BREMEN,GA,30110-4456,15,ACORN TRL,,BREMEN,GA,30110-4456,A,A,,10/20/2017,10/20/2017,10/20/2017,IN PERSON,NO,NO,,NO,BREME,02,014,031,018,TALL,00101,071016,00028,36,
HARALSON,00846540,TOLLESON,RICHARD,E,,502,VALLEY RUN DR, ,BREMEN,GA,30110-2412,502,VALLEY RUN DR,,BREMEN,GA,30110-2412,A,A,,11/02/2017,11/02/2017,11/02/2017,IN PERSON,NO,NO,,NO,BREME,02,014,031,018,TALL,00101,071016,00137,158,
HARALSON,11004488,LOPEZ,BRADLY,M,,2485,GORDON LEE RD, ,ROCKMART,GA,30153,2485,GORDON LEE RD,,ROCKMART,GA,30153,A,A,,11/03/2017,11/03/2017,11/03/2017,IN PERSON,NO,NO,,NO,,06,014,031,016,TALL,00118,071016,00208,231,
HARALSON,00846471,THOMASON,MARTHA,MERIMEE,,104,HAMILTON CIR, ,BREMEN,GA,30110-1716,104,HAMILTON CIR,,BREMEN,GA,30110-1716,A,A,,10/30/2017,10/30/2017,10/30/2017,IN PERSON,NO,NO,,NO,BREME,02,014,031,018,TALL,00101,071016,00083,103,
HARALSON,05051167,WEBB,ALLISON,MCCARTY,,414,KNOLLWOOD AVE, ,BREMEN,GA,30110,414,KNOLLWOOD AVE,,BREMEN,GA,30110,A,A,,11/03/2017,11/03/2017,11/03/2017,IN PERSON,NO,NO,,NO,BREME,02,014,031,018,TALL,00101,071016,00203,226,
HARALSON,03827172,HUTCHESON,THOMAS,I,,4621,GEORGIA HIGHWAY 100 N, ,TALLAPOOSA,GA,30176-2540,,PO BOX 505,,TALLAPOOSA,GA,30176-0050,A,A,,10/30/2017,10/30/2017,10/30/2017,IN PERSON,NO,NO,,NO,,12,014,031,018,TALL,00115,071016,00082,102,
HARALSON,00845253,LONG,MARTHA,M,,1997,WADDELL ST, ,BREMEN,GA,30110,,P O BOX 382,,BREMEN,GA,30110,A,A,,11/01/2017,11/01/2017,11/01/2017,IN PERSON,NO,NO,,NO,,13,014,031,018,TALL,00116,071016,00130,151,
HARALSON,03205937,FENNELL,DONALD,,,52,QUEENS WAY, ,TEMPLE,GA,30179-3381,52,QUEENS WAY,,TEMPLE,GA,30179-3381,A,A,,10/19/2017,10/19/2017,10/19/2017,IN PERSON,NO,NO,,NO,,10,014,031,018,TALL,00107,071016,00026,34,
HARALSON,01936264,DAVENPORT,JULIUS,FELIX,,103,DAVENPORT PLACE, ,BUCHANAN,GA,30113,,PO BOX 124,,BUCHANAN,GA,30113-0012,A,A,,10/17/2017,10/17/2017,10/17/2017,IN PERSON,NO,NO,,NO,BUCHA,03,014,031,018,TALL,00110,071016,00016,22,
HARALSON,02171867,CRAWFORD,KELLY,JOHNSTON,,100,GRAND MNR, ,BREMEN,GA,30110-7918,100,GRAND MNR,,BREMEN,GA,30110-7918,A,A,,10/25/2017,10/25/2017,10/25/2017,IN PERSON,NO,NO,,NO,BREME,02,014,031,018,TALL,00101,071016,00048,64,
HARALSON,00850969,SMITH,PAUL,D,,3040,CASHTOWN RD, ,BREMEN,GA,30110-3522,3040,CASHTOWN RD,,BREMEN,GA,30110-3522,A,A,,11/03/2017,11/03/2017,11/03/2017,IN PERSON,NO,NO,,NO,,10,014,031,018,TALL,00121,071016,00171,193,
HARALSON,00846654,WEATHINGTON,MARILYN,,,614,VALLEY RUN DR, ,BREMEN,GA,30110-2414,614,VALLEY RUN DR,,BREMEN,GA,30110-2414,A,A,,11/03/2017,11/03/2017,11/03/2017,IN PERSON,NO,NO,,NO,BREME,02,014,031,018,TALL,00101,071016,00175,198,
HARALSON,00852115,GODWIN,JERRY,W,,344,W ATLANTA ST, ,TALLAPOOSA,GA,30176-1434,344,W ATLANTA ST,,TALLAPOOSA,GA,30176-1434,A,A,,11/03/2017,11/03/2017,11/03/2017,IN PERSON,NO,NO,,NO,TALLA,12,014,031,018,TALL,00112,071016,00182,205,
HARALSON,00845469,MCPHERSON,SAMUEL,ROBERT,,1323,BAXTER RD, ,BREMEN,GA,30110-3952,,PO BOX 1312,,BREMEN,GA,30110-0131,A,A,,11/02/2017,11/02/2017,11/02/2017,IN PERSON,NO,NO,,NO,,02,014,031,018,TALL,00121,071016,00161,183,
HARALSON,00850341,MOORE,CURTIS,MARK,,5178,HIGHWAY 27, ,BUCHANAN,GA,30113,,P. O. BOX 253,,BUCHANAN,GA,30113,A,A,,10/31/2017,10/31/2017,10/31/2017,IN PERSON,NO,NO,,NO,,03,014,031,018,TALL,00104,071016,00106,126,
HARALSON,00845498,MEUNIER,THOMAS,HERSHEL,,625,CANTRELL DR, ,BREMEN,GA,30110-2436,625,CANTRELL DR,,BREMEN,GA,30110-2436,A,A,,10/31/2017,10/31/2017,10/31/2017,IN PERSON,NO,NO,,NO,BREME,02,014,031,018,TALL,00101,071016,00108,128,
HARALSON,00851604,BRIDGES,WILLIAM,E,,761,KAY ST, ,TALLAPOOSA,GA,30176-1019,761,KAY ST,,TALLAPOOSA,GA,30176-1019,A,A,,11/02/2017,11/02/2017,11/02/2017,IN PERSON,NO,NO,,NO,TALLA,12,014,031,018,TALL,00111,071016,00140,161,
HARALSON,00849190,CHERRY,LINDA,D,,907,WADDELL RD, ,BREMEN,GA,30110-2872,907,WADDELL RD,,BREMEN,GA,30110-2872,A,A,,10/17/2017,10/17/2017,10/17/2017,IN PERSON,NO,NO,,NO,,05,014,031,016,TALL,00106,071016,00014,20,
HARALSON,00852762,MORGAN,GEORGE,FRANKLIN,,723,BUCHANAN BYP, ,BUCHANAN,GA,30113-5079,723,BUCHANAN BYP,,BUCHANAN,GA,30113-5079,A,A,,10/31/2017,10/31/2017,10/31/2017,IN PERSON,NO,NO,,NO,,03,014,031,018,TALL,00116,071016,00118,139,
HARALSON,10203321,LOVVORN,ELIZABETH,GRACE,,826,KNOLLWOOD LN, ,BREMEN,GA,30110,826,KNOLLWOOD LN,,BREMEN,GA,30110,A,A,,10/27/2017,10/27/2017,10/27/2017,IN PERSON,NO,NO,,NO,BREME,02,014,031,018,TALL,00101,071016,00071,88,
HARALSON,10413706,HEAD,BRYSON,DANIEL,,940,SEABREEZE LAKE RD, ,BUCHANAN,GA,30113,940,SEABREEZE LAKE RD,,BUCHANAN,GA,30113-4475,A,A,,10/16/2017,10/16/2017,10/16/2017,IN PERSON,NO,NO,,NO,,03,014,031,018,TALL,00104,071016,00010,16,
HARALSON,00849796,YOUNG,CHARLES,RAIFORD,,2033,ROCKMART RD, ,BUCHANAN,GA,30113-3960,2033,ROCKMART RD,,BUCHANAN,GA,30113-3960,A,A,,10/18/2017,10/18/2017,10/18/2017,IN PERSON,NO,NO,,NO,,06,014,031,016,TALL,00118,071016,00018,24,
HARALSON,05356198,HEAD,WILLIAM,AREL,III,514,KRISTIE LN, ,BREMEN,GA,30110,514,KRISTIE LN,,BREMEN,GA,30110,A,A,,10/31/2017,10/31/2017,10/31/2017,IN PERSON,NO,NO,,NO,BREME,02,014,031,018,TALL,00122,071016,00104,124,
HARALSON,06103262,WELCH,ZACHARY,WAYNE,,284,STEADMAN RD, ,TALLAPOOSA,GA,30176,284,STEADMAN RD,,TALLAPOOSA,GA,30176,A,A,,10/18/2017,10/18/2017,10/18/2017,IN PERSON,NO,NO,,NO,,12,014,031,018,TALL,00115,071016,00023,29,
HARALSON,03221354,BROWNING,OLIVER,JACKSON,,108,HAMILTON LN, ,BREMEN,GA,30110-1720,108,HAMILTON LN,,BREMEN,GA,30110-1720,A,A,,10/31/2017,10/31/2017,10/31/2017,IN PERSON,NO,NO,,NO,BREME,02,014,031,018,TALL,00101,071016,00117,138,
HARALSON,00846377,STEVENS,SANDRA,STAPLES,,264,TREETOP DR, ,BREMEN,GA,30110,264,TREETOP DR,,BREMEN,GA,30110,A,A,,11/02/2017,11/02/2017,11/02/2017,IN PERSON,NO,NO,,NO,,02,014,031,018,TALL,00108,071016,00147,168,
HARALSON,00846712,WHITTON,BERNARD,JEROME,,8612,U S HIGHWAY 78, ,BREMEN,GA,30110-4139,8612,U S HIGHWAY 78,,BREMEN,GA,30110-4139,A,A,,10/31/2017,10/31/2017,10/31/2017,IN PERSON,NO,NO,,NO,,02,014,031,018,TALL,00121,071016,00113,133,
HARALSON,00845603,ELLIOTT,JENNY,MUSE,,1148,GEORGIA AVE S, ,BREMEN,GA,30110,1148,GEORGIA AVE S,,BREMEN,GA,30110,A,A,,10/31/2017,10/31/2017,10/31/2017,IN PERSON,NO,NO,,NO,BREME,02,014,031,018,TALL,00101,071016,00115,136,
HARALSON,05684615,SUDDUTH,SARAH,MICHELLE,,231,LEVI PATTERSON RD, ,WACO,GA,30182,231,LEVI PATTERSON RD,,WACO,GA,30182-2223,A,A,,10/26/2017,10/26/2017,10/26/2017,IN PERSON,NO,NO,,NO,,04,014,031,018,TALL,00105,071016,00056,73,
HARALSON,00844177,CLARK,CYNTHIA,,,134,MOUNT ZION ST, ,BREMEN,GA,30110,134,MOUNT ZION ST,,BREMEN,GA,30110,A,A,,11/01/2017,11/01/2017,11/01/2017,IN PERSON,NO,NO,,NO,BREME,02,014,031,018,TALL,00101,071016,00128,149,
HARALSON,02181547,MABE,MELANIE,KISER,,512,KNOLLWOOD AVE, ,BREMEN,GA,30110-2216,512,KNOLLWOOD AVE,,BREMEN,GA,30110-2216,A,A,,11/02/2017,11/02/2017,11/02/2017,IN PERSON,NO,NO,,NO,BREME,02,014,031,018,TALL,00101,071016,00157,178,
HARALSON,04831328,STANLEY,JOSHUA,BROWN,,239,PERRY LN, ,BUCHANAN,GA,30113-4870,239,PERRY LN,,BUCHANAN,GA,30113-4870,A,A,,10/26/2017,10/26/2017,10/26/2017,IN PERSON,NO,NO,,NO,,03,014,031,018,TALL,00116,071016,00063,80,
HARALSON,00844587,GILLESPIE,REBA JEAN,JACKSON,,386,WADDELL ST, ,BREMEN,GA,30110-1579,,PO BOX 681,,BREMEN,GA,30110-0068,A,A,,10/26/2017,10/26/2017,10/26/2017,IN PERSON,NO,NO,,NO,BREME,02,014,031,018,TALL,00101,071016,00055,72,
HARALSON,00846039,ROBINSON,GARY,W,,210,EDWARDS ST, ,BREMEN,GA,30110-1956,210,EDWARDS ST,,BREMEN,GA,30110-1956,A,A,,11/02/2017,11/02/2017,11/02/2017,IN PERSON,NO,NO,,NO,BREME,02,014,031,018,TALL,00101,071016,00152,173,
HARALSON,00844434,DUNCAN,CAROLYN,J,,171,REID RD, ,BREMEN,GA,30110-4113,171,REID RD,,BREMEN,GA,30110-4113,A,A,,10/24/2017,10/24/2017,10/24/2017,IN PERSON,NO,NO,,NO,,02,014,031,018,TALL,00108,071016,00042,58,
HARALSON,00846361,STANDIFER,WILLIAM,EDWARD,,10,WINDSOR CT, ,BREMEN,GA,30110-1785,10,WINDSOR CT,,BREMEN,GA,30110-1785,A,A,,11/03/2017,11/03/2017,11/03/2017,IN PERSON,NO,NO,,NO,BREME,02,014,031,018,TALL,00101,071016,00191,214,
HARALSON,00845133,KENT,MARILYN,W,,313,KEENE RD, ,BREMEN,GA,30110,313,KEENE RD,,BREMEN,GA,30110,A,A,,10/26/2017,10/26/2017,10/26/2017,IN PERSON,NO,NO,ELDERLY,NO,BREME,02,014,031,018,TALL,00101,071016,00053,70,
HARALSON,02515728,CALHOUN,JAMES,J,JR,4477,STONE MOUNTAIN ST,A,TALLAPOOSA,GA,30176-1483,4477,STONE MOUNTAIN ST,A,TALLAPOOSA,GA,30176-1483,A,A,,11/02/2017,11/02/2017,11/02/2017,IN PERSON,NO,NO,,NO,TALLA,12,014,031,018,TALL,00112,071016,00146,167,
HARALSON,00844321,DARNELL,CAROL,D,,509,OAKDALE DR, ,BREMEN,GA,30110-2229,509,OAKDALE DR,,BREMEN,GA,30110-2229,A,A,,10/27/2017,10/27/2017,10/27/2017,IN PERSON,NO,NO,,NO,BREME,02,014,031,018,TALL,00101,071016,00069,86,
HARALSON,10084819,HARROD,TONY,DWAYNE,,192,CHARLESTON AVE, ,BREMEN,GA,30110,192,CHARLESTON AVE,,BREMEN,GA,30110-7913,A,A,,11/03/2017,11/03/2017,11/03/2017,IN PERSON,NO,NO,,NO,BREME,02,014,031,018,TALL,00101,071016,00194,217,
HARALSON,04785113,MCBRAYER,LISA,B,,125,CHEROKEE DR, ,BREMEN,GA,30110-1753,125,CHEROKEE DR,,BREMEN,GA,30110-1753,A,A,,11/01/2017,11/01/2017,11/01/2017,IN PERSON,NO,NO,,NO,BREME,02,014,031,018,TALL,00101,071016,00132,153,
HARALSON,04778678,BULIFANT,LINDA,MARILYN,,103,GREYSTONE DR, ,BREMEN,GA,30110-2282,103,GREYSTONE DR,,BREMEN,GA,30110-2282,A,A,,11/03/2017,11/03/2017,11/03/2017,IN PERSON,NO,NO,,NO,BREME,02,014,031,018,TALL,00101,071016,00178,201,
HARALSON,00846231,SLATE,JACKIE,A,,108,CHEROKEE DR, ,BREMEN,GA,30110-1752,108,CHEROKEE DR,,BREMEN,GA,30110-1752,A,A,,11/02/2017,11/02/2017,11/02/2017,IN PERSON,NO,NO,,NO,BREME,02,014,031,018,TALL,00101,071016,00144,165,
HARALSON,07918979,DOBBS,NAOMI,A,,237,VERANDA CIR, ,TALLAPOOSA,GA,30176,,P. O. BOX 736,,TALLAPOOSA,GA,30176-3017,A,A,,11/03/2017,11/03/2017,11/03/2017,IN PERSON,NO,NO,,NO,TALLA,12,014,031,018,TALL,00112,071016,00190,213,
HARALSON,00847374,GRIFFITH,SARA,ANN,,301,W HEAD AVE, ,BUCHANAN,GA,30113-4367,301,W HEAD AVE,,BUCHANAN,GA,30113-4367,A,A,,11/03/2017,11/03/2017,11/03/2017,IN PERSON,NO,NO,,NO,BUCHA,03,014,031,018,TALL,00109,071016,00200,223,
HARALSON,00852027,FARMER,SAMUEL,LEE,,270,MANNING ST, ,TALLAPOOSA,GA,30176-1378,270,MANNING ST,,TALLAPOOSA,GA,30176-1378,A,A,,11/03/2017,11/03/2017,11/03/2017,IN PERSON,NO,NO,,NO,TALLA,12,014,031,018,TALL,00112,071016,00167,189,
HARALSON,00849676,MORRIS,BETTY,JOYCE,,1390,COPPERMINE RD, ,BUCHANAN,GA,30113-4604,1390,COPPERMINE RD,,BUCHANAN,GA,30113-4604,A,,,10/27/2017,10/27/2017,,MAILED,NO,NO,ELDERLY,NO,,06,014,031,016,TALL,00118,,00001,95,
HARALSON,00851560,BEST,ROBERT,C,,3920,JACKSONVILLE RD, ,TALLAPOOSA,GA,30176,13566,HIGHWAY 251,LOT F-3,DARIEN,GA,31305,A,A,,10/23/2017,10/23/2017,11/03/2017,MAILED,NO,NO,ELDERLY,NO,,11,014,031,018,TALL,00103,,00002,42,
HARALSON,00853189,SMITH,EARLEAN,K,,138,PARKER ST, ,TALLAPOOSA,GA,30176-1060,138,PARKER ST,,TALLAPOOSA,GA,30176-1060,A,A,,10/11/2017,10/16/2017,10/24/2017,MAILED,NO,NO,ELDERLY,NO,TALLA,12,014,031,018,TALL,00111,,00001,7,
HARALSON,07350851,STRIED,BETTY,RAE,,1163,MTN VIEW CLUBHOUSE RD, ,BUCHANAN,GA,30113-3009,1163,MTN VIEW CLUBHOUSE ,,BUCHANAN,GA,30113-3009,A,A,,11/01/2017,11/01/2017,11/01/2017,IN PERSON,NO,NO,,NO,,09,014,031,016,TALL,00118,071016,00123,144,
HARALSON,00850673,HEAD,PEPPAR,WRIGHT,,940,SEABREEZE LAKE RD, ,BUCHANAN,GA,30113-4475,940,SEABREEZE LAKE RD,,BUCHANAN,GA,30113-4475,A,A,,10/30/2017,10/30/2017,10/30/2017,IN PERSON,NO,NO,,NO,,03,014,031,018,TALL,00104,071016,00100,120,
HARALSON,00845730,PARRISH,MICHAEL,FLOYD,,2137,OLD BUSHMILL RD, ,BREMEN,GA,30110-3868,2137,OLD BUSHMILL RD,,BREMEN,GA,30110-3868,A,A,,11/02/2017,11/02/2017,11/02/2017,IN PERSON,NO,NO,,NO,,13,014,031,018,TALL,00117,071016,00151,172,
HARALSON,00849056,KIMBALL,SHELLY,M KINNY,,114,TALLAPOOSA ST, ,BUCHANAN,GA,30113-4875,114,TALLAPOOSA ST,,BUCHANAN,GA,30113-4875,A,A,,10/26/2017,10/26/2017,10/26/2017,IN PERSON,NO,NO,,NO,BUCHA,03,014,031,018,TALL,00110,071016,00057,74,
HARALSON,00846162,SEWELL,WILLIAM,GERALD,SR,104,ELIZABETH LN, ,BREMEN,GA,30110-1600,,PO BOX 299,,BREMEN,GA,30110-0029,A,A,,10/16/2017,10/16/2017,10/16/2017,IN PERSON,NO,NO,,NO,BREME,02,014,031,018,TALL,00101,071016,00007,13,
HARALSON,00875061,HARRIS,MARIA,MICHELLE,,275,KELLY CREEK RD, ,WACO,GA,30182,275,KELLY CREEK RD,,WACO,GA,30182,A,A,,10/02/2017,10/16/2017,10/26/2017,MAILED,NO,NO,DISABLED,NO,,04,014,031,018,TALL,00105,,00001,5,
HARALSON,00845388,MCCLENDON,THOMAS,E,,311,CHEROKEE DR, ,BREMEN,GA,30110-1776,311,CHEROKEE DR,,BREMEN,GA,30110-1776,A,A,,10/18/2017,10/18/2017,10/18/2017,IN PERSON,NO,NO,,NO,BREME,02,014,031,018,TALL,00101,071016,00022,28,
HARALSON,00875046,HARRIS,JASON,WAYNE,,275,KELLY CREEK RD, ,WACO,GA,30182,275,KELLY CREEK RD,,WACO,GA,30182,A,A,,10/02/2017,10/16/2017,10/26/2017,MAILED,NO,NO,DISABLED,NO,,04,014,031,018,TALL,00105,,00002,6,
HARALSON,00452187,WILLIS,MARY,SUE,,485,TOLBERT RD, ,ROCKMART,GA,30153-5144,485,TOLBERT RD,,ROCKMART,GA,30153-5144,A,A,,10/30/2017,10/30/2017,10/30/2017,IN PERSON,NO,NO,,NO,,06,014,031,016,TALL,00118,071016,00080,100,
HARALSON,02497305,KELLEY,JOYCE,HUNT,,1110,TEMPLE RD, ,BREMEN,GA,30110,,PO BOX 1005,,BREMEN,GA,30110-0100,A,A,,11/01/2017,11/01/2017,11/01/2017,IN PERSON,NO,NO,,NO,BREME,02,014,031,018,TALL,00101,071016,00131,152,
HARALSON,08168073,FRADY,ANGEL,BEATRICE,,704,ATLANTA ST, ,BREMEN,GA,30110,704,ATLANTA ST,,BREMEN,GA,30110,A,A,,11/03/2017,11/03/2017,11/03/2017,IN PERSON,NO,NO,,NO,BREME,02,014,031,018,TALL,00101,071016,00197,220,
HARALSON,08310259,HOGAN,JAMES,BYRON,,10,RED OAK CIR, ,BUCHANAN,GA,30113,10,RED OAK CIR,,BUCHANAN,GA,30113,A,A,,11/03/2017,11/03/2017,11/03/2017,IN PERSON,NO,NO,,NO,,03,014,031,018,TALL,00104,071016,00204,227,
HARALSON,00848472,KING,BARRY,O,,326,LOWELL ALLEN RD, ,WACO,GA,30182-2230,326,LOWELL ALLEN RD,,WACO,GA,30182-2230,A,A,,10/31/2017,10/31/2017,10/31/2017,IN PERSON,NO,NO,,NO,,04,014,031,018,TALL,00105,071016,00112,132,
HARALSON,00846110,SANDERS,ASHLEY,CRAIG,,610,VALLEY RUN DR, ,BREMEN,GA,30110-2414,610,VALLEY RUN DR,,BREMEN,GA,30110-2414,A,A,,10/17/2017,10/17/2017,10/17/2017,IN PERSON,NO,NO,,NO,BREME,02,014,031,018,TALL,00101,071016,00015,21,
HARALSON,00847562,KIMBALL,TONI,E,,363,MORMON CHURCH RD, ,BUCHANAN,GA,30113-3608,363,MORMON CHURCH RD,,BUCHANAN,GA,30113-3608,A,A,,11/03/2017,11/03/2017,11/03/2017,IN PERSON,NO,NO,,NO,,03,014,031,018,TALL,00104,071016,00169,191,
HARALSON,00845679,NUNIS,GLORIA,ANN,,332,DIXIE AVE N, ,BREMEN,GA,30110-1708,332,DIXIE AVE N,,BREMEN,GA,30110-1708,A,A,,10/31/2017,10/31/2017,10/31/2017,IN PERSON,NO,NO,,NO,BREME,02,014,031,018,TALL,00101,071016,00111,131,
HARALSON,00844322,DARNELL,HERMAN,GUY,JR,509,OAKDALE DR, ,BREMEN,GA,30110,509,OAKDALE DR,,BREMEN,GA,30110,A,A,,10/27/2017,10/27/2017,10/27/2017,IN PERSON,NO,NO,,NO,BREME,02,014,031,018,TALL,00101,071016,00068,85,
HARALSON,03303280,PATTERSON,RONNIE,LEE,,227,CHURCH ST, ,BREMEN,GA,30110-1814,227,CHURCH ST,,BREMEN,GA,30110-1814,A,A,,10/24/2017,10/24/2017,10/24/2017,IN PERSON,NO,NO,,NO,BREME,02,014,031,018,TALL,00101,071016,00047,63,
HARALSON,08674446,DICKERSON,FELICIA,GAYLE,,621,ATLANTIC AVE, ,BREMEN,GA,30110,621,ATLANTIC AVE,,BREMEN,GA,30110,A,A,,11/03/2017,11/03/2017,11/03/2017,IN PERSON,NO,NO,,NO,BREME,02,014,031,018,TALL,00101,071016,00196,219,
HARALSON,00845558,MORRIS,JANELLE,ARLINE,,571,WADDELL ST, ,BREMEN,GA,30110-1584,,PO BOX 371,,BREMEN,GA,30110-0037,A,A,,11/03/2017,11/03/2017,11/03/2017,IN PERSON,NO,NO,,NO,BREME,02,014,031,018,TALL,00101,071016,00212,235,
HARALSON,00843860,BENEFIELD,MICHAEL,LEONARD,,956,TALLAPOOSA EAST CHURCH , ,BUCHANAN,GA,30113-3702,956,TALLAPOOSA EAST CHURCH ,,BUCHANAN,GA,30113-3702,A,A,,11/02/2017,11/02/2017,11/02/2017,IN PERSON,NO,NO,,NO,,03,014,031,018,TALL,00104,071016,00158,179,
HARALSON,00845436,MCINTOSH,PAULA,S,,321,FERN ST, ,BREMEN,GA,30110,,P.O. BOX 86,,BREMEN,GA,30110,A,A,,11/03/2017,11/03/2017,11/03/2017,IN PERSON,NO,NO,,NO,BREME,02,014,031,018,TALL,00101,071016,00210,233,
HARALSON,02311196,BUSH,NANCY,ANN,,1530,TEMPLE RD, ,BREMEN,GA,30110,1530,TEMPLE RD,,BREMEN,GA,30110,A,A,,11/03/2017,11/03/2017,11/03/2017,IN PERSON,NO,NO,,NO,,02,014,031,018,TALL,00108,071016,00198,221,
HARALSON,02979070,CHESHIER,MICHAEL,R,,444,GORDON ST, ,BREMEN,GA,30110-1574,444,GORDON ST,,BREMEN,GA,30110-1574,A,A,,11/03/2017,11/03/2017,11/03/2017,IN PERSON,NO,NO,,NO,BREME,02,014,031,018,TALL,00101,071016,00209,232,
HARALSON,00846333,SPAKE,JANE,F,,325,KENSINGTON CIR, ,BREMEN,GA,30110-1532,325,KENSINGTON CIR,,BREMEN,GA,30110-1532,A,A,,10/25/2017,10/25/2017,10/30/2017,MAILED,YES,NO,DISABLED,NO,BREME,02,014,031,018,TALL,00101,,00003,68,
HARALSON,02176511,GILLESPIE,STACI,THOMPSON,,115,CHEROKEE DR, ,BREMEN,GA,30110-1753,115,CHEROKEE DR,,BREMEN,GA,30110-1753,A,A,,10/23/2017,10/23/2017,10/23/2017,IN PERSON,NO,NO,,NO,BREME,02,014,031,018,TALL,00101,071016,00040,53,
HARALSON,04061291,HARROD,JOHN,WEST,JR,211,STONEBRIDGE BLVD, ,BREMEN,GA,30110-2349,211,STONEBRIDGE BLVD,,BREMEN,GA,30110-2349,A,A,,11/03/2017,11/03/2017,11/03/2017,IN PERSON,NO,NO,,NO,BREME,02,014,031,018,TALL,00101,071016,00195,218,
HARALSON,03491628,CALDWELL,ANGELA,LORRAINE,,151,MOUNT ZION ST, ,BREMEN,GA,30110,151,MOUNT ZION ST,,BREMEN,GA,30110,A,A,,11/02/2017,11/02/2017,11/02/2017,IN PERSON,NO,NO,,NO,BREME,02,014,031,018,TALL,00101,071016,00160,182,
HARALSON,00852010,ESTES,JERRY,G,,185,ORTON ST, ,TALLAPOOSA,GA,30176-1026,185,ORTON ST,,TALLAPOOSA,GA,30176-1026,A,A,,11/02/2017,11/02/2017,11/02/2017,IN PERSON,NO,NO,,NO,TALLA,12,014,031,018,TALL,00111,071016,00154,175,
HARALSON,00852009,ESTES,IMOGENE,S,,185,ORTON ST, ,TALLAPOOSA,GA,30176-1026,,PO BOX 74,,TALLAPOOSA,GA,30176-0007,A,A,,11/02/2017,11/02/2017,11/02/2017,IN PERSON,NO,NO,,NO,TALLA,12,014,031,018,TALL,00111,071016,00153,174,
HARALSON,00845554,MORRIS,DONNIE,LOWELL,,4490,STONE MOUNTAIN ST, ,TALLAPOOSA,GA,30176,4490,STONE MOUNTAIN ST,,TALLAPOOSA,GA,30176,A,A,,10/16/2017,10/16/2017,10/16/2017,IN PERSON,NO,NO,,NO,TALLA,12,014,031,018,TALL,00112,071016,00008,14,
HARALSON,00848803,CARROLL,JUDY,M,,1196,MORGAN RD, ,BREMEN,GA,30110-2747,1196,MORGAN RD,,BREMEN,GA,30110-2747,A,A,,11/01/2017,11/01/2017,11/01/2017,IN PERSON,NO,NO,,NO,,05,014,031,016,TALL,00106,071016,00120,141,
HARALSON,06779267,KISER,MICHAEL,TED,,1176,ESTAVANKO RD, ,BREMEN,GA,30110-2940,1176,ESTAVANKO RD,,BREMEN,GA,30110-2940,A,A,,11/03/2017,11/03/2017,11/03/2017,IN PERSON,NO,NO,,NO,,03,014,031,018,TALL,00116,071016,00193,216,
HARALSON,00452188,WILLIS,WILLIAM,D,,485,TOLBERT RD, ,ROCKMART,GA,30153-5144,485,TOLBERT RD,,ROCKMART,GA,30153-5144,A,A,,10/30/2017,10/30/2017,10/30/2017,IN PERSON,NO,NO,,NO,,06,014,031,016,TALL,00118,071016,00081,101,
HARALSON,00851158,BROWN,BILLY,CHARLES,,1756,POPLAR SPRINGS RD, ,BUCHANAN,GA,30113-4008,1756,POPLAR SPRINGS RD,,BUCHANAN,GA,30113-4008,A,A,,10/30/2017,10/30/2017,10/30/2017,IN PERSON,NO,NO,,NO,,08,014,031,016,TALL,00102,071016,00098,118,
HARALSON,00849421,WEBSTER,BUREN,GEORGE,,1396,GEORGIA HIGHWAY 120, ,TALLAPOOSA,GA,30176-3203,1396,GEORGIA HIGHWAY 120,,TALLAPOOSA,GA,30176-3203,A,A,,10/27/2017,10/27/2017,10/27/2017,IN PERSON,NO,NO,,NO,,12,014,031,018,TALL,00115,071016,00067,84,
HARALSON,07326515,GARNER,KRYSTEN,LEAH,,124,HOLLY ST, ,BUCHANAN,GA,30113,124,HOLLY ST,,BUCHANAN,GA,30113,A,A,,10/30/2017,10/30/2017,10/30/2017,IN PERSON,NO,NO,,NO,BUCHA,03,014,031,018,TALL,00110,071016,00099,119,
HARALSON,05096922,SELLERS,LECIA,SIMPKINS,,121,GREYSTONE DR, ,BREMEN,GA,30110-2282,121,GREYSTONE DR,,BREMEN,GA,30110-2282,A,A,,10/27/2017,10/27/2017,10/27/2017,IN PERSON,NO,NO,,NO,BREME,02,014,031,018,TALL,00101,071016,00077,97,
HARALSON,00846147,SELLERS,GARVIN,DARYL,,121,GREYSTONE DR, ,BREMEN,GA,30110-2282,121,GREYSTONE DR,,BREMEN,GA,30110-2282,A,A,,10/27/2017,10/27/2017,10/27/2017,IN PERSON,NO,NO,,NO,BREME,02,014,031,018,TALL,00101,071016,00076,96,
HARALSON,00846966,BENTLEY,CAROLYN,DIANE,,108,MORMON CHURCH RD, ,BUCHANAN,GA,30113-3602,108,MORMON CHURCH RD,,BUCHANAN,GA,30113-3602,A,A,,10/25/2017,10/25/2017,10/25/2017,IN PERSON,NO,NO,,NO,,03,014,031,018,TALL,00104,071016,00052,69,
HARALSON,00845519,MOESER,LILLIAN,ROSEMARY,,233,WADDELL DR, ,BREMEN,GA,30110,233,WADDELL DR,,BREMEN,GA,30110,A,A,,10/09/2017,10/16/2017,10/30/2017,MAILED,NO,NO,ELDERLY,NO,BREME,02,014,031,018,TALL,00101,,00001,10,
HARALSON,00847929,ROBERTS,BOBBIE,S,,4777,JACKSONVILLE RD, ,BUCHANAN,GA,30113-4115,,PO BOX 23,,BUCHANAN,GA,30113-0002,A,A,,10/27/2017,10/27/2017,10/27/2017,IN PERSON,NO,NO,,NO,,03,014,031,018,TALL,00104,071016,00070,87,
HARALSON,00844194,WOOD,JENNIFER,C,,101,HIGHLAND CIR, ,BREMEN,GA,30110-7908,101,HIGHLAND CIR,,BREMEN,GA,30110-7908,A,A,,10/24/2017,10/24/2017,10/24/2017,IN PERSON,NO,NO,,NO,BREME,02,014,031,018,TALL,00101,071016,00041,57,
HARALSON,00845626,NELSON,BOBBY,DEAN,,409,HICKORY ST, ,BREMEN,GA,30110-1625,409,HICKORY ST,,BREMEN,GA,30110-1625,A,A,,10/30/2017,10/30/2017,10/30/2017,IN PERSON,NO,NO,,NO,BREME,02,014,031,018,TALL,00101,071016,00086,106,
HARALSON,05562627,WESSELS,CYNNAMEN,FANSHER,,171,MEADOW CREEK CIR, ,BREMEN,GA,30110-1687,171,MEADOW CREEK CIR,,BREMEN,GA,30110-1687,A,A,,10/27/2017,10/27/2017,10/27/2017,IN PERSON,NO,NO,,NO,BREME,02,014,031,018,TALL,00101,071016,00064,81,
HARALSON,00851375,WILLIAMS,KENNETH,N,,5318,GEORGIA HIGHWAY 100 N, ,TALLAPOOSA,GA,30176-2373,5318,GEORGIA HIGHWAY 100 N,,TALLAPOOSA,GA,30176-2373,A,A,,10/23/2017,10/23/2017,10/23/2017,IN PERSON,NO,NO,,NO,,11,014,031,018,TALL,00103,071016,00033,45,
HARALSON,00845359,MCBRAYER,DAVID,BAILEY,,125,CHEROKEE DR, ,BREMEN,GA,30110-1753,125,CHEROKEE DR,,BREMEN,GA,30110-1753,A,A,,11/01/2017,11/01/2017,11/01/2017,IN PERSON,NO,NO,,NO,BREME,02,014,031,018,TALL,00101,071016,00125,146,
HARALSON,00847834,PHILPOT,VELDA,JUNE,,5006,GEORGIA HIGHWAY 120, ,BUCHANAN,GA,30113,,PO BOX 355,,BUCHANAN,GA,30113-0035,A,A,,10/03/2017,10/16/2017,10/23/2017,MAILED,NO,NO,ELDERLY,NO,,03,014,031,018,TALL,00104,,00002,9,
HARALSON,11109957,LOVVORN,RACHEL,ISABELLA,,826,KNOLLWOOD LN, ,BREMEN,GA,30110,437,DUNCAN DR,,AUBURN,AL,36849,A,A,,10/27/2017,10/27/2017,11/06/2017,MAILED,NO,NO,,NO,BREME,02,014,031,018,TALL,00101,,00004,92,
HARALSON,00847560,KIMBALL,STEPHEN,M,,363,MORMON CHURCH RD, ,BUCHANAN,GA,30113-3608,363,MORMON CHURCH RD,,BUCHANAN,GA,30113-3608,A,A,,11/03/2017,11/03/2017,11/03/2017,IN PERSON,NO,NO,,NO,,03,014,031,018,TALL,00104,071016,00170,192,
HARALSON,02971713,CUNNINGHAM,GOLIA,O,,250,HURST MILL RD, ,BREMEN,GA,30110-4581,250,HURST MILL RD,,BREMEN,GA,30110-4581,A,A,,10/30/2017,10/30/2017,10/30/2017,IN PERSON,NO,NO,,NO,,02,014,031,018,TALL,00108,071016,00088,108,
HARALSON,00846336,SPAKE,RANDALL,R,,325,KENSINGTON CIR, ,BREMEN,GA,30110-1532,325,KENSINGTON CIR,,BREMEN,GA,30110-1532,A,A,,10/25/2017,10/25/2017,10/25/2017,IN PERSON,NO,NO,,NO,BREME,02,014,031,018,TALL,00101,071016,00050,66,
HARALSON,00844001,BROWN,ROBERT,RANDALL,,112,SHARP ST, ,BREMEN,GA,30110-1549,112,SHARP ST,,BREMEN,GA,30110-1549,A,A,,11/03/2017,11/03/2017,11/03/2017,IN PERSON,NO,NO,,NO,BREME,02,014,031,018,TALL,00101,071016,00207,230,
HARALSON,00849431,WHITTON,DEBORAH,JEAN,,4642,CASHTOWN RD, ,BREMEN,GA,30110-2784,4642,CASHTOWN RD,,BREMEN,GA,30110-2784,A,A,,11/03/2017,11/03/2017,11/03/2017,IN PERSON,NO,NO,,NO,,05,014,031,016,TALL,00106,071016,00172,194,
HARALSON,02178611,SANTELLI,RUDY,DINO,,515,KNOLLWOOD AVE, ,BREMEN,GA,30110-2271,515,KNOLLWOOD AVE,,BREMEN,GA,30110-2271,A,A,,11/03/2017,11/03/2017,11/03/2017,IN PERSON,NO,NO,,NO,BREME,02,014,031,018,TALL,00101,071016,00206,229,
HARALSON,00846167,SHADIX,LINDA,P,,310,KEENE RD, ,BREMEN,GA,30110,310,KEENE RD,,BREMEN,GA,30110,A,A,,11/03/2017,11/03/2017,11/03/2017,IN PERSON,NO,NO,,NO,BREME,02,014,031,018,TALL,00101,071016,00186,209,
HARALSON,04128106,WAUTELET,TIMOTHY,DEE,,230,J DAVIS RD, ,TALLAPOOSA,GA,30176-3481,230,J DAVIS RD,,TALLAPOOSA,GA,30176-3481,A,A,,10/16/2017,10/16/2017,10/16/2017,IN PERSON,NO,NO,,NO,,12,014,031,018,TALL,00115,071016,00013,19,
HARALSON,00844981,HULSEY,JASON,LEWIS,,102,WATSON DR, ,BREMEN,GA,30110-1794,,P O BOX 188,,BREMEN,GA,30110,A,A,,11/03/2017,11/03/2017,11/03/2017,IN PERSON,NO,NO,,NO,BREME,02,014,031,018,TALL,00101,071016,00192,215,
HARALSON,00848832,COCHRAN,DONALD,BLANE,,21,MCPHERSON LN, ,BREMEN,GA,30110-3941,21,MCPHERSON LN,,BREMEN,GA,30110-3941,A,A,,10/18/2017,10/18/2017,10/18/2017,IN PERSON,NO,NO,,NO,BREME,02,014,031,018,TALL,00122,071016,00017,23,
HARALSON,00851210,GRIZZARD,ALICE,F,,2637,STEADMAN RD, ,TALLAPOOSA,GA,30176-2256,,PO BOX 686,,TALLAPOOSA,GA,30176-0068,A,A,,11/03/2017,11/03/2017,11/03/2017,IN PERSON,NO,NO,,NO,,11,014,031,018,TALL,00103,071016,00184,207,
HARALSON,04658893,POLLARD,KELLEY,CHRISTOPHER,,708,LAUREL ST, ,BREMEN,GA,30110,708,LAUREL ST,,BREMEN,GA,30110,A,A,,11/02/2017,11/02/2017,11/02/2017,IN PERSON,NO,NO,,NO,BREME,02,014,031,018,TALL,00101,071016,00159,180,
HARALSON,00848195,WILLIAMS,JAMES,ALLEN,,938,ROY BROWN RD, ,BUCHANAN,GA,30113-3418,938,ROY BROWN RD,,BUCHANAN,GA,30113-3418,A,A,,10/26/2017,10/26/2017,10/26/2017,IN PERSON,NO,NO,,NO,,03,014,031,018,TALL,00104,071016,00059,76,
HARALSON,06958340,FINCHER,MAGEN,ELIZABETH HULSEY,,439,WALTON ST, ,TALLAPOOSA,GA,30176,439,WALTON ST,,TALLAPOOSA,GA,30176,A,A,,10/26/2017,10/26/2017,10/26/2017,IN PERSON,NO,NO,,NO,TALLA,12,014,031,018,TALL,00112,071016,00058,75,
HARALSON,00845386,MCCLENDON,GLENDA,FAY A,,311,CHEROKEE DR, ,BREMEN,GA,30110,311,CHEROKEE DR,,BREMEN,GA,30110,A,A,,10/18/2017,10/18/2017,10/18/2017,IN PERSON,NO,NO,,NO,BREME,02,014,031,018,TALL,00101,071016,00019,25,
HARALSON,00844366,DEWBERRY,JACK,W,,2950,MUSIC MILL RD, ,BREMEN,GA,30110,2950,MUSIC MILL RD,,BREMEN,GA,30110,A,A,,10/19/2017,10/19/2017,10/19/2017,IN PERSON,NO,NO,,NO,BREME,02,014,031,018,TALL,00101,071016,00025,31,
HARALSON,00848529,SANDERS,STEPHANIE,LYNN MORRIS,,3443,JACKSONVILLE RD, ,TALLAPOOSA,GA,30176-2624,3443,JACKSONVILLE RD,,TALLAPOOSA,GA,30176-2624,A,A,,10/24/2017,10/24/2017,10/24/2017,IN PERSON,NO,NO,,NO,,11,014,031,018,TALL,00103,071016,00046,62,
HARALSON,00851561,BEST,SHIRLEY,K,,3920,JACKSONVILLE RD, ,TALLAPOOSA,GA,30176,13566,HIGHWAY 251,LOT F-3,DARIEN,GA,31305,A,A,,10/23/2017,10/23/2017,11/03/2017,MAILED,NO,NO,ELDERLY,NO,,11,014,031,018,TALL,00103,,00001,41,
HARALSON,00844569,GABLE,RONALD,V,SR,15,HUDSON DR, ,BREMEN,GA,30110-3443,,PO BOX 482,,BREMEN,GA,30110-0048,A,A,,10/30/2017,10/30/2017,10/30/2017,IN PERSON,NO,NO,,NO,,02,014,031,018,TALL,00108,071016,00091,111,
HARALSON,02520560,SMITH,JAMES,PORTER,,434,MORMON CHURCH RD, ,BUCHANAN,GA,30113-3609,434,MORMON CHURCH RD,,BUCHANAN,GA,30113-3609,A,A,,10/30/2017,10/30/2017,10/30/2017,IN PERSON,NO,NO,,NO,,03,014,031,018,TALL,00104,071016,00090,110,
HARALSON,00844645,GREEN,EUGENE,WATSON,JR,119,LAKEVIEW CIR, ,BREMEN,GA,30110-1534,119,LAKEVIEW CIR,,BREMEN,GA,30110-1534,A,A,,10/16/2017,10/16/2017,10/16/2017,IN PERSON,NO,NO,,NO,BREME,02,014,031,018,TALL,00101,071016,00006,12,
HARALSON,00851603,BRIDGES,BARBARA,H,,761,KAY ST, ,TALLAPOOSA,GA,30176-1019,761,KAY ST,,TALLAPOOSA,GA,30176-1019,A,A,,11/02/2017,11/02/2017,11/02/2017,IN PERSON,NO,NO,,NO,TALLA,12,014,031,018,TALL,00111,071016,00141,162,
HARALSON,00852177,GREENWOOD,C,W,,679,GEORGIA HIGHWAY 120, ,TALLAPOOSA,GA,30176-3117,679,GEORGIA HIGHWAY 120,,TALLAPOOSA,GA,30176-3117,A,A,,11/03/2017,11/03/2017,11/03/2017,IN PERSON,NO,NO,,NO,,12,014,031,018,TALL,00115,071016,00174,197,
HARALSON,00845384,MCCARTY,MELANIE,NEWELL,,218,EDWARDS ST, ,BREMEN,GA,30110-1914,218,EDWARDS ST,,BREMEN,GA,30110-1914,A,A,,10/30/2017,10/30/2017,10/30/2017,IN PERSON,NO,NO,,NO,BREME,02,014,031,018,TALL,00101,071016,00087,107,
HARALSON,00851320,RIDLEY,BARBARA,G,,6697,GEORGIA HIGHWAY 100, ,BUCHANAN,GA,30113-3332,6697,GEORGIA HIGHWAY 100,,BUCHANAN,GA,30113-3332,A,A,,11/02/2017,11/02/2017,11/02/2017,IN PERSON,NO,NO,,NO,,08,014,031,016,TALL,00102,071016,00156,177,
HARALSON,00844221,COLE,LANCE,BARTOW,,621,CANTRELL DR, ,BREMEN,GA,30110-2436,621,CANTRELL DR,,BREMEN,GA,30110-2436,A,A,,10/30/2017,10/30/2017,10/30/2017,IN PERSON,NO,NO,,NO,BREME,02,014,031,018,TALL,00101,071016,00095,115,
HARALSON,04778675,BULIFANT,THOMAS,HAYNES,,103,GREYSTONE DR, ,BREMEN,GA,30110-2282,103,GREYSTONE DR,,BREMEN,GA,30110-2282,A,A,,11/03/2017,11/03/2017,11/03/2017,IN PERSON,NO,NO,,NO,BREME,02,014,031,018,TALL,00101,071016,00181,204,
HARALSON,00852520,LANIER,BETTY,JO,,580,GEORGIA HIGHWAY 120, ,TALLAPOOSA,GA,30176-3104,580,GEORGIA HIGHWAY 120,,TALLAPOOSA,GA,30176-3104,A,A,,11/02/2017,11/02/2017,11/02/2017,IN PERSON,NO,NO,,NO,TALLA,12,014,031,018,TALL,00111,071016,00138,159,
HARALSON,02181568,SANTELLI,PENNY,NALL,,515,KNOLLWOOD AVE, ,BREMEN,GA,30110-2271,,PO BOX 753,,BREMEN,GA,30110-0075,A,A,,11/03/2017,11/03/2017,11/03/2017,IN PERSON,NO,NO,,NO,BREME,02,014,031,018,TALL,00101,071016,00205,228,
HARALSON,04778659,JONES,LLOYD,CAMP,III,111,GREYSTONE DR, ,BREMEN,GA,30110-2282,111,GREYSTONE DR,,BREMEN,GA,30110-2282,A,A,,11/03/2017,11/03/2017,11/03/2017,IN PERSON,NO,NO,,NO,BREME,02,014,031,018,TALL,00101,071016,00180,203,
HARALSON,05603918,PATNODE,PAUL,DOUGLAS,,1619,TALLAPOOSA EAST CHURCH , ,BUCHANAN,GA,30113-3720,1619,TALLAPOOSA EAST CHURCH ,,BUCHANAN,GA,30113-3720,A,A,,10/27/2017,10/27/2017,10/27/2017,IN PERSON,NO,NO,,NO,,03,014,031,018,TALL,00104,071016,00066,83,
HARALSON,10505631,ROBINSON,CHARLES,EMORY,,617,VALLEY RUN DR, ,BREMEN,GA,30110,617,VALLEY RUN DR,,BREMEN,GA,30110,A,A,,10/20/2017,10/20/2017,10/30/2017,MAILED,NO,NO,,NO,BREME,02,014,031,018,TALL,00101,,00002,37,
HARALSON,00851324,RIDLEY,HAL,BRIAN,,72,SHARON LN, ,TALLAPOOSA,GA,30176,72,SHARON LN,,TALLAPOOSA,GA,30176,A,A,,10/20/2017,10/20/2017,10/20/2017,IN PERSON,NO,NO,,NO,TALLA,12,014,031,018,TALL,00111,071016,00027,35,
HARALSON,00849316,SPAKE,JAMES,C,,3390,N HIGHWAY 113, ,TEMPLE,GA,30179-2566,3390,N HIGHWAY 113,,TEMPLE,GA,30179-2566,A,A,,11/01/2017,11/01/2017,11/01/2017,IN PERSON,NO,NO,,NO,,05,014,031,016,TALL,00106,071016,00134,155,
HARALSON,03244666,DEAN,BOBBY,JOE,,662,MORGAN RD, ,BREMEN,GA,30110-2664,662,MORGAN RD,,BREMEN,GA,30110-2664,A,A,,11/03/2017,11/03/2017,11/03/2017,IN PERSON,NO,NO,,NO,,03,014,031,018,TALL,00116,071016,00173,196,
HARALSON,00847875,POSEY,VANCE,,,896,ROY BROWN RD, ,BUCHANAN,GA,30113-3416,896,ROY BROWN RD,,BUCHANAN,GA,30113-3416,A,A,,10/23/2017,10/23/2017,10/23/2017,IN PERSON,NO,NO,,NO,,03,014,031,018,TALL,00104,071016,00037,49,
HARALSON,03841441,HAYES,ROSA,B,,90,DEFNALL RD, ,BREMEN,GA,30110-4247,90,DEFNALL RD,,BREMEN,GA,30110-4247,A,A,,10/16/2017,10/16/2017,10/16/2017,IN PERSON,NO,NO,,NO,,10,014,031,018,TALL,00121,071016,00011,17,
HARALSON,00849582,HAGAN,BARBARA,RUTH,,145,OLD CORINTH RD, ,BREMEN,GA,30110,145,OLD CORINTH RD,,BREMEN,GA,30110,A,A,,10/23/2017,10/23/2017,10/27/2017,MAILED,NO,NO,ELDERLY,NO,,05,014,031,016,TALL,00106,,00003,51,
HARALSON,02989552,HARMON,JAMES,A,JR,1086,SHEDD RD, ,BREMEN,GA,30110,1086,SHEDD RD,,BREMEN,GA,30110,A,A,,10/16/2017,10/16/2017,10/16/2017,IN PERSON,NO,NO,,NO,,02,014,031,018,TALL,00121,071016,00009,15,
HARALSON,00845266,LOVVORN,WILLIAM,ROBERT,,103,DIXIE AVE S, ,BREMEN,GA,30110-2205,103,DIXIE AVE S,,BREMEN,GA,30110-2205,A,A,,10/27/2017,10/27/2017,11/06/2017,MAILED,NO,NO,,NO,BREME,02,014,031,018,TALL,00101,,00005,93,
HARALSON,00845630,NELSON,PATRICIA,W,,409,HICKORY ST, ,BREMEN,GA,30110,,PO BOX 78,,BREMEN,GA,30110,A,A,,10/30/2017,10/30/2017,10/30/2017,IN PERSON,NO,NO,,NO,BREME,02,014,031,018,TALL,00101,071016,00085,105,
HARALSON,03343655,MURDOCK,KIMBERLEY,SMITH,,27,WOODSTREAM LN, ,TALLAPOOSA,GA,30176-3083,27,WOODSTREAM LN,,TALLAPOOSA,GA,30176-3083,A,A,,11/01/2017,11/01/2017,11/01/2017,IN PERSON,NO,NO,,NO,TALLA,12,014,031,018,TALL,00111,071016,00121,142,
HARALSON,00852865,PARKER,DOROTHY,MAE,,70,RENEE DR, ,TALLAPOOSA,GA,30176-3047,70,RENEE DR,,TALLAPOOSA,GA,30176-3047,A,A,,10/25/2017,10/25/2017,10/25/2017,IN PERSON,NO,NO,,NO,TALLA,12,014,031,018,TALL,00112,071016,00051,67,
