County,Voter Registration #,Last Name,First Name,Middle Name,Suffix,Street #,Street Name,Apt/Unit,City,State,Zip Code,Mailing Street #,Mailing Street Name,Mailing Apt/Unit,Mailing City,Mailing State,Mailing Zip Code,Application Status,Ballot Status,Status Reason,Application Date,Ballot Issued Date,Ballot Return Date,Ballot Style,Ballot Assisted,Challenged/Provisional,Designation/Reason Issue,ID Required,Municipal Precinct,County Precinct,CNG,SEN,HOUSE	,JUD,Combo #,Vote Center ID,Ballot ID,Post #,Party
HARRIS,01951200,REARDEN,DEBORAH,JEAN,,122,HILLCREST RD, ,WEST POINT,GA,31833,122,HILLCREST RD,,WEST POINT,GA,31833,A,A,,10/25/2017,10/25/2017,10/25/2017,IN PERSON,NO,NO,,NO,05,SK,003,029,133,CHAT,00212,072013,00061,63,
HARRIS,00900726,MEKA,RAO,RAMA,,3146,GA HIGHWAY 103, ,WEST POINT,GA,31833,3146,GA HIGHWAY 103,,WEST POINT,GA,31833,A,A,,10/27/2017,10/27/2017,10/27/2017,IN PERSON,NO,NO,,NO,05,SK,003,029,133,CHAT,00212,072013,00082,87,
HARRIS,01245604,MCELVY,CAROL,P,,106,SPRINGVALE RD, ,WEST POINT,GA,31833,106,SPRINGVALE RD,,WEST POINT,GA,31833,A,A,,09/18/2017,10/16/2017,10/25/2017,MAILED,NO,NO,,NO,05,SK,003,029,133,CHAT,00212,,00001,1,
HARRIS,01245573,LINDSEY,JERRIE,S,,96,GEORGIAN TER, ,WEST POINT,GA,31833,96,GEORGIAN TER,,WEST POINT,GA,31833,A,A,,10/23/2017,10/23/2017,10/23/2017,IN PERSON,NO,NO,,NO,05,SK,003,029,133,CHAT,00212,072013,00037,39,
HARRIS,10729470,WHEELER,ELIZABETH,CASSANDRA,,305,AVENUE C, ,WEST POINT,GA,31833,1907,ERWIN ROAD APT F,,DURHAM,NC,27708,A,A,,10/26/2017,10/26/2017,11/06/2017,MAILED,NO,NO,,NO,05,SK,003,029,133,CHAT,00212,,00005,73,
HARRIS,01245567,LEDYARD,RICHARD,H,,502,BRIARCLIFF RD, ,WEST POINT,GA,31833,502,BRIARCLIFF RD,,WEST POINT,GA,31833,A,A,,10/27/2017,10/27/2017,10/27/2017,IN PERSON,NO,NO,,NO,05,SK,003,029,133,CHAT,00212,072013,00075,80,
HARRIS,11482552,MOON,VIVIAN,MEKAE,,227,TEEL RD, ,WEST POINT,GA,31833,227,TEEL RD,,WEST POINT,GA,31833,A,A,,10/19/2017,10/19/2017,10/19/2017,IN PERSON,NO,NO,,NO,05,SK,003,029,133,CHAT,00212,072013,00025,27,
HARRIS,04610499,BROOKS,CYNTHIA,ALLEN,,121,HILLCREST RD, ,WEST POINT,GA,31833-6134,121,HILLCREST RD,,WEST POINT,GA,31833-6134,A,A,,11/03/2017,11/03/2017,11/03/2017,IN PERSON,NO,NO,,NO,05,SK,003,029,133,CHAT,00212,072013,00135,140,
HARRIS,07935458,LOVELACE,JASMINE,KIARA,,617,PLUM ST, ,WEST POINT,GA,31833-5232,617,PLUM ST,,WEST POINT,GA,31833-5232,A,A,,11/01/2017,11/01/2017,11/01/2017,IN PERSON,NO,NO,,NO,05,SK,003,029,133,CHAT,00212,072013,00109,114,
HARRIS,01245533,HILL,CAROLYN,D,,516,BRIARCLIFF RD, ,WEST POINT,GA,31833-2509,516,BRIARCLIFF RD,,WEST POINT,GA,31833-2509,A,A,,08/09/2017,10/16/2017,10/23/2017,MAILED,NO,NO,ELDERLY,NO,05,SK,003,029,133,CHAT,00212,,00002,2,
HARRIS,04050273,RYPKEMA,DENNIS,DEAN,,100,FRANCOLYN TER, ,WEST POINT,GA,31833-2309,100,FRANCOLYN TER,,WEST POINT,GA,31833-2309,A,A,,11/03/2017,11/03/2017,11/03/2017,IN PERSON,NO,NO,,NO,05,SK,003,029,133,CHAT,00212,072013,00126,131,
HARRIS,01245731,PAYNE,BARBARA,C,,127,HILLCREST RD, ,WEST POINT,GA,31833-6134,127,HILLCREST RD,,WEST POINT,GA,31833-6134,A,A,,10/27/2017,10/27/2017,10/27/2017,IN PERSON,NO,NO,,NO,05,SK,003,029,133,CHAT,00212,072013,00084,89,
HARRIS,01245460,DANIEL,JOHN,E,,95,BEALLWOOD DR, ,WEST POINT,GA,31833-2412,95,BEALLWOOD DR,,WEST POINT,GA,31833-2412,A,A,,10/27/2017,10/27/2017,10/27/2017,IN PERSON,NO,NO,,NO,05,SK,003,029,133,CHAT,00212,072013,00081,86,
HARRIS,01245535,HOLZSCHUH,EMILY,S,,99,HAMILTON DR, ,WEST POINT,GA,31833-6109,99,HAMILTON DR,,WEST POINT,GA,31833-6109,A,A,,10/23/2017,10/23/2017,10/23/2017,IN PERSON,NO,NO,,NO,05,SK,003,029,133,CHAT,00212,072013,00036,38,
HARRIS,01246460,WILLIAMS,BOBBY,L,,615,PEAR ST, ,WEST POINT,GA,31833-5227,615,PEAR ST,,WEST POINT,GA,31833-5227,A,A,,10/30/2017,10/30/2017,10/30/2017,IN PERSON,NO,NO,,NO,05,SK,003,029,133,CHAT,00212,072013,00086,91,
HARRIS,01245483,EDWARDS,SUSAN,E,,97,HIGHLAND DR, ,WEST POINT,GA,31833-2528,97,HIGHLAND DR,,WEST POINT,GA,31833-2528,A,A,,10/24/2017,10/24/2017,10/24/2017,IN PERSON,NO,NO,,NO,05,SK,003,029,133,CHAT,00212,072013,00049,51,
HARRIS,08374270,BAILEY,CLAUDIA,,,108,TYLER TER, ,WEST POINT,GA,31833,108,TYLER TER,,WEST POINT,GA,31833,A,A,,10/19/2017,10/19/2017,10/19/2017,IN PERSON,NO,NO,,NO,05,SK,003,029,133,CHAT,00212,072013,00028,30,
HARRIS,00904560,WILSON,JIMMY,L,,612,PEAR ST, ,WEST POINT,GA,31833-5228,612,PEAR ST,,WEST POINT,GA,31833-5228,A,A,,10/27/2017,10/27/2017,10/27/2017,IN PERSON,NO,NO,,NO,05,SK,003,029,133,CHAT,00212,072013,00083,88,
HARRIS,01245538,HUGULEY,MARY,N,,123,OLD WELLS RD, ,WEST POINT,GA,31833-6120,123,OLD WELLS RD,,WEST POINT,GA,31833-6120,A,A,,10/23/2017,10/23/2017,10/23/2017,IN PERSON,NO,NO,,NO,05,SK,003,029,133,CHAT,00212,072013,00042,44,
HARRIS,01246153,ZACHRY,JOHN,BANKS,,501,SUMMERFIELD RD, ,WEST POINT,GA,31833-5216,501,SUMMERFIELD RD,,WEST POINT,GA,31833-5216,A,A,,10/31/2017,10/31/2017,10/31/2017,IN PERSON,NO,NO,,NO,05,SK,003,029,133,CHAT,00212,072013,00096,101,
HARRIS,01247734,BEALL,THOMAS,J,III,510,E 4TH ST, ,WEST POINT,GA,31833-2337,510,E 4TH ST,,WEST POINT,GA,31833-2337,A,A,,10/16/2017,10/16/2017,10/16/2017,IN PERSON,NO,NO,,NO,05,SK,003,029,133,CHAT,00212,072013,00005,7,
HARRIS,05556627,GONDARA,AMARJIT,SINGH,,97,GEORGIAN TER, ,WEST POINT,GA,31833,97,GEORGIAN TER,,WEST POINT,GA,31833,A,A,,11/02/2017,11/02/2017,11/02/2017,IN PERSON,NO,NO,,NO,05,SK,003,029,133,CHAT,00212,072013,00120,125,
HARRIS,01246461,MORRISON,JAMES,M,JR,204,AVENUE C, ,WEST POINT,GA,31833-2307,204,AVENUE C,,WEST POINT,GA,31833-2307,A,A,,11/03/2017,11/03/2017,11/03/2017,IN PERSON,NO,NO,,NO,05,SK,003,029,133,CHAT,00212,072013,00123,128,
HARRIS,01245703,TOMLIN,MARIANNA,P,,307,GEORGIAN TER, ,WEST POINT,GA,31833-6113,307,GEORGIAN TER,,WEST POINT,GA,31833-6113,A,A,,10/27/2017,10/27/2017,10/27/2017,IN PERSON,NO,NO,,NO,05,SK,003,029,133,CHAT,00212,072013,00076,81,
HARRIS,01245499,GARRISON,EDWIN,E,JR,409,BROOKWOOD DR, ,WEST POINT,GA,31833,409,BROOKWOOD DR,,WEST POINT,GA,31833,A,A,,10/27/2017,10/27/2017,10/27/2017,IN PERSON,NO,NO,,NO,05,SK,003,029,133,CHAT,00212,072013,00074,79,
HARRIS,02213267,ROBINSON,JUDY,SMITHERMAN,,93,HAMILTON DR, ,WEST POINT,GA,31833-6109,93,HAMILTON DR,,WEST POINT,GA,31833-6109,A,A,,10/24/2017,10/24/2017,10/24/2017,IN PERSON,NO,NO,,NO,05,SK,003,029,133,CHAT,00212,072013,00053,55,
HARRIS,10417015,DUSKIN,JOHN,D,III,306,GEORGIAN TER, ,WEST POINT,GA,31833,,P O BOX 61,,WEST POINT,GA,31833,A,A,,11/03/2017,11/03/2017,11/03/2017,IN PERSON,NO,NO,,NO,05,SK,003,029,133,CHAT,00212,072013,00127,132,
HARRIS,05048634,REEVES,COLEMAN,DYLAN,,104,FRANCOLYN TER, ,WEST POINT,GA,31833-5200,104,FRANCOLYN TER,,WEST POINT,GA,31833-5200,A,A,,11/01/2017,11/01/2017,11/01/2017,IN PERSON,NO,NO,,NO,05,SK,003,029,133,CHAT,00212,072013,00111,116,
HARRIS,01246466,MORRISON,CHERYL,W,,204,AVENUE C, ,WEST POINT,GA,31833-2307,204,AVENUE C,,WEST POINT,GA,31833-2307,A,A,,11/03/2017,11/03/2017,11/03/2017,IN PERSON,NO,NO,,NO,05,SK,003,029,133,CHAT,00212,072013,00124,129,
HARRIS,05107706,HARPER,JEMEKA,TAMARA,,254,STOCKS CIR, ,WEST POINT,GA,31833-4793,254,STOCKS CIR,,WEST POINT,GA,31833-4793,A,A,,10/16/2017,10/16/2017,10/16/2017,IN PERSON,NO,NO,,NO,05,SK,003,029,133,CHAT,00212,072013,00006,8,
HARRIS,06894032,WILLIAMS,BOBBY,LEE,JR,615,PEAR ST, ,WEST POINT,GA,31833-5227,615,PEAR ST,,WEST POINT,GA,31833-5227,A,A,,10/17/2017,10/17/2017,10/17/2017,IN PERSON,NO,NO,,NO,05,SK,003,029,133,CHAT,00212,072013,00012,14,
HARRIS,00895600,PARR,PATRICIA,HUDSON,,121,OLD WELLS RD, ,WEST POINT,GA,31833-6120,121,OLD WELLS RD,,WEST POINT,GA,31833-6120,A,A,,10/30/2017,10/30/2017,10/30/2017,IN PERSON,YES,NO,,NO,05,SK,003,029,133,CHAT,00212,072013,00089,94,
HARRIS,01245566,LEDYARD,LESLIE,M,,502,BRIARCLIFF RD, ,WEST POINT,GA,31833,502,BRIARCLIFF RD,,WEST POINT,GA,31833,A,A,,10/27/2017,10/27/2017,10/27/2017,IN PERSON,NO,NO,,NO,05,SK,003,029,133,CHAT,00212,072013,00078,83,
HARRIS,00900533,OWEN,JULIE,TATE,,103,OLD WELLS RD, ,WEST POINT,GA,31833-6121,103,OLD WELLS RD,,WEST POINT,GA,31833-6121,A,A,,11/01/2017,11/01/2017,11/01/2017,IN PERSON,NO,NO,,NO,05,SK,003,029,133,CHAT,00212,072013,00099,104,
HARRIS,08434884,GONDARA,VEERPAL,KAUR,,97,GEORGIAN TER, ,WEST POINT,GA,31833,97,GEORGIAN TER,,WEST POINT,GA,31833,A,A,,11/02/2017,11/02/2017,11/02/2017,IN PERSON,NO,NO,,NO,05,SK,003,029,133,CHAT,00212,072013,00119,124,
HARRIS,00890692,LINCH,JOYCE,HARRIS,,98,HAMILTON DR, ,WEST POINT,GA,31833-6110,98,HAMILTON DR,,WEST POINT,GA,31833-6110,A,A,,10/26/2017,10/26/2017,10/26/2017,IN PERSON,NO,NO,,NO,05,SK,003,029,133,CHAT,00212,072013,00066,70,
HARRIS,04068627,MEADOWS,JERI,LYNN ALLEN,,203,AVENUE C, ,WEST POINT,GA,31833-5203,203,AVENUE C,,WEST POINT,GA,31833-5203,A,A,,11/03/2017,11/03/2017,11/03/2017,IN PERSON,NO,NO,,NO,05,SK,003,029,133,CHAT,00212,072013,00142,147,
HARRIS,05962976,KELLY,CAROLYN,RYNER,,91,HAMILTON DR, ,WEST POINT,GA,31833-6109,91,HAMILTON DR,,WEST POINT,GA,31833-6109,A,A,,10/26/2017,10/26/2017,10/26/2017,IN PERSON,NO,NO,,NO,05,SK,003,029,133,CHAT,00212,072013,00070,75,
HARRIS,01245621,PITTMAN,ELIZABETH,N,,88,GEORGIAN TER, ,WEST POINT,GA,31833,88,GEORGIAN TER,,WEST POINT,GA,31833,A,A,,11/03/2017,11/03/2017,11/03/2017,IN PERSON,NO,NO,,NO,05,SK,003,029,133,CHAT,00212,072013,00140,145,
HARRIS,01871396,POLLARD,TONY,LYNN,,120,OLD WELLS RD, ,WEST POINT,GA,31833-6133,120,OLD WELLS RD,,WEST POINT,GA,31833-6133,A,A,,11/01/2017,11/01/2017,11/01/2017,IN PERSON,NO,NO,,NO,05,SK,003,029,133,CHAT,00212,072013,00098,103,
HARRIS,01246350,HILL,KAREN,C,,516,BRIARCLIFF RD, ,WEST POINT,GA,31833-5214,516,BRIARCLIFF RD,,WEST POINT,GA,31833-5214,A,A,,11/02/2017,11/02/2017,11/02/2017,IN PERSON,NO,NO,,NO,05,SK,003,029,133,CHAT,00212,072013,00122,127,
HARRIS,03497551,JOHNSON,RICHARD,ERWIN,,308,BRIARCLIFF RD, ,WEST POINT,GA,31833-5212,308,BRIARCLIFF RD,,WEST POINT,GA,31833-5212,A,A,,10/24/2017,10/24/2017,10/24/2017,IN PERSON,NO,NO,,NO,05,SK,003,029,133,CHAT,00212,072013,00045,47,
HARRIS,03466532,WILLIAMS,VICTOR,ANTONIA,,610,PEAR ST,E,WEST POINT,GA,31833-5228,610,PEAR ST,E,WEST POINT,GA,31833-5228,A,A,,11/01/2017,11/01/2017,11/01/2017,IN PERSON,NO,NO,,NO,05,SK,003,029,133,CHAT,00212,072013,00110,115,
HARRIS,01245502,GLADDEN,WILLIAM,C,,125,HILLCREST RD, ,WEST POINT,GA,31833-2352,125,HILLCREST RD,,WEST POINT,GA,31833-2352,A,A,,10/25/2017,10/25/2017,10/25/2017,IN PERSON,NO,NO,,NO,05,SK,003,029,133,CHAT,00212,072013,00058,60,
HARRIS,03438093,LIGGET,DANIEL,STROM,,202,AVENUE C, ,WEST POINT,GA,31833-5204,,PO BOX 575,,WEST POINT,GA,31833-0057,A,A,,11/03/2017,11/03/2017,11/03/2017,IN PERSON,NO,NO,,NO,05,SK,003,029,133,CHAT,00212,072013,00129,134,
HARRIS,01245563,LANE,WILLIAM,A,,112,CRESTVIEW RD, ,WEST POINT,GA,31833-5225,112,CRESTVIEW RD,,WEST POINT,GA,31833-5225,A,A,,10/16/2017,10/16/2017,10/16/2017,IN PERSON,NO,NO,,NO,05,SK,003,029,133,CHAT,00212,072013,00002,4,
HARRIS,08296826,WILKINSON,ROBERT,WELDON,II,403,BRIARCLIFF RD, ,WEST POINT,GA,31833-5209,403,BRIARCLIFF RD,,WEST POINT,GA,31833-5209,A,A,,10/26/2017,10/26/2017,10/26/2017,IN PERSON,NO,NO,,NO,05,SK,003,029,133,CHAT,00212,072013,00068,72,
HARRIS,00837881,WILCOX,BENJAMIN,F,,121,CRESTVIEW RD, ,WEST POINT,GA,31833-2409,121,CRESTVIEW RD,,WEST POINT,GA,31833-2409,A,A,,10/26/2017,10/26/2017,10/26/2017,IN PERSON,NO,NO,,NO,05,SK,003,029,133,CHAT,00212,072013,00071,76,
HARRIS,08296828,HELMS,FAYE,CARTER,,114,HILLCREST RD, ,WEST POINT,GA,31833-5208,114,HILLCREST RD,,WEST POINT,GA,31833-5208,A,A,,10/24/2017,10/24/2017,10/24/2017,IN PERSON,NO,NO,,NO,05,SK,003,029,133,CHAT,00212,072013,00051,53,
HARRIS,08297610,BEALL,CHARLOTTE,R,,510,E 4TH ST, ,WEST POINT,GA,31833,,PO BOX 231,,WEST POINT,GA,31833-0023,A,A,,10/16/2017,10/16/2017,10/16/2017,IN PERSON,NO,NO,,NO,05,SK,003,029,133,CHAT,00212,072013,00004,6,
HARRIS,01247312,CAGLE,DON,K,,408,BROOKWOOD DR, ,WEST POINT,GA,31833-2502,408,BROOKWOOD DR,,WEST POINT,GA,31833-2502,A,A,,10/16/2017,10/16/2017,10/16/2017,IN PERSON,NO,NO,,NO,05,SK,003,029,133,CHAT,00212,072013,00001,3,
HARRIS,01245439,COMBS,LINDA,H,,408,E 3RD ST, ,WEST POINT,GA,31833-2324,408,E 3RD ST,,WEST POINT,GA,31833-2324,A,A,,10/17/2017,10/17/2017,10/17/2017,IN PERSON,NO,NO,,NO,05,SK,003,029,133,CHAT,00212,072013,00008,10,
HARRIS,03492405,BARNES,VIRGINIA,HUGULEY,,100,BUDDY ST, ,WEST POINT,GA,31833-2415,100,BUDDY ST,,WEST POINT,GA,31833-2415,A,A,,10/31/2017,10/31/2017,10/31/2017,IN PERSON,NO,NO,,NO,05,SK,003,029,133,CHAT,00212,072013,00095,100,
HARRIS,01248584,REYNOLDS,NANCY,D,,202,HAMILTON DR, ,WEST POINT,GA,31833,202,HAMILTON DR,,WEST POINT,GA,31833,A,A,,10/30/2017,10/30/2017,10/30/2017,IN PERSON,YES,NO,,NO,05,SK,003,029,133,CHAT,00212,072013,00090,95,
HARRIS,01248524,KERR,BEVERLY,A,,204,HAMILTON DR, ,WEST POINT,GA,31833-6111,204,HAMILTON DR,,WEST POINT,GA,31833-6111,A,A,,11/01/2017,11/01/2017,11/01/2017,IN PERSON,NO,NO,,NO,05,SK,003,029,133,CHAT,00212,072013,00106,111,
HARRIS,05439949,BROOKS,STEVEN,EARNEST,,121,HILLCREST RD, ,WEST POINT,GA,31833-6134,121,HILLCREST RD,,WEST POINT,GA,31833-6134,A,A,,11/03/2017,11/03/2017,11/03/2017,IN PERSON,NO,NO,,NO,05,SK,003,029,133,CHAT,00212,072013,00136,141,
HARRIS,10806535,ANDREWS,GERALD,BRUCE,III,126,HILLCREST RD, ,WEST POINT,GA,31833,126,HILLCREST RD,,WEST POINT,GA,31833,A,A,,11/03/2017,11/03/2017,11/03/2017,IN PERSON,NO,NO,,NO,05,SK,003,029,133,CHAT,00212,072013,00132,137,
HARRIS,01245545,JOHNSON,CHARLES,ERWIN,,308,BRIARCLIFF RD, ,WEST POINT,GA,31833-5212,308,BRIARCLIFF RD,,WEST POINT,GA,31833-5212,A,A,,10/26/2017,10/26/2017,10/26/2017,IN PERSON,NO,NO,,NO,05,SK,003,029,133,CHAT,00212,072013,00063,67,
HARRIS,00890657,JAMES,LILA,MAE,,102,TYLER TER, ,WEST POINT,GA,31833-6107,102,TYLER TER,,WEST POINT,GA,31833-6107,A,A,,10/26/2017,10/26/2017,10/26/2017,IN PERSON,NO,NO,,NO,05,SK,003,029,133,CHAT,00212,072013,00067,71,
HARRIS,03002089,REARDEN,JOEL,EDWIN,,122,HILLCREST RD, ,WEST POINT,GA,31833,122,HILLCREST RD,,WEST POINT,GA,31833,A,A,,10/25/2017,10/25/2017,10/25/2017,IN PERSON,NO,NO,,NO,05,SK,003,029,133,CHAT,00212,072013,00062,64,
HARRIS,05743342,BARBER,MONICA,DOUGLAS,,208,HAMILTON DR, ,WEST POINT,GA,31833,208,HAMILTON DR,,WEST POINT,GA,31833,A,A,,10/17/2017,10/17/2017,10/17/2017,IN PERSON,NO,NO,,NO,05,SK,003,029,133,CHAT,00212,072013,00010,12,
HARRIS,04452428,WOOLEY,TIMOTHY,RILEY,,213,TEEL RD, ,WEST POINT,GA,31833-6123,213,TEEL RD,,WEST POINT,GA,31833-6123,A,A,,11/01/2017,11/01/2017,11/01/2017,IN PERSON,NO,NO,,NO,05,SK,003,029,133,CHAT,00212,072013,00104,109,
HARRIS,01244681,ZACHRY,HELEN,F,,203,BRIARCLIFF RD, ,WEST POINT,GA,31833-2509,,PO BOX 601,,WEST POINT,GA,31833-0060,A,A,,10/24/2017,10/24/2017,10/24/2017,IN PERSON,NO,NO,,NO,05,SK,003,029,133,CHAT,00212,072013,00047,49,
HARRIS,01245644,RUDDICK,BARBARA,C,,106,CRESTVIEW RD, ,WEST POINT,GA,31833-5225,106,CRESTVIEW RD,,WEST POINT,GA,31833-5225,A,A,,11/02/2017,11/02/2017,11/02/2017,IN PERSON,NO,NO,,NO,05,SK,003,029,133,CHAT,00212,072013,00112,117,
HARRIS,00906222,FULGHUM,CHERYL,M,,306,E 3RD ST, ,WEST POINT,GA,31833-2322,306,E 3RD ST,,WEST POINT,GA,31833-2322,A,A,,10/20/2017,10/20/2017,10/20/2017,IN PERSON,NO,NO,,NO,05,SK,003,029,133,CHAT,00212,072013,00031,33,
HARRIS,01247640,MEADORS,LYDA,A,,110,TERRACE RD, ,WEST POINT,GA,31833-2317,110,TERRACE RD,,WEST POINT,GA,31833-2317,A,A,,11/02/2017,11/02/2017,11/02/2017,IN PERSON,NO,NO,,NO,05,SK,003,029,133,CHAT,00212,072013,00118,123,
HARRIS,10221196,ANDREWS,SARAH,ELIZABETH,,126,HILLCREST RD, ,WEST POINT,GA,31833,126,HILLCREST RD,,WEST POINT,GA,31833,A,A,,11/03/2017,11/03/2017,11/03/2017,IN PERSON,NO,NO,,NO,05,SK,003,029,133,CHAT,00212,072013,00131,136,
HARRIS,03462363,BROWN,CARTER,REECE,,109,HILLCREST RD, ,WEST POINT,GA,31833-6134,109,HILLCREST RD,,WEST POINT,GA,31833-6134,A,A,,10/20/2017,10/20/2017,10/20/2017,IN PERSON,NO,NO,,NO,05,SK,003,029,133,CHAT,00212,072013,00033,35,
HARRIS,01246349,HILL,JOSEPH,H,,516,BRIARCLIFF RD, ,WEST POINT,GA,31833,516,BRIARCLIFF RD,,WEST POINT,GA,31833,A,A,,11/02/2017,11/02/2017,11/02/2017,IN PERSON,NO,NO,,NO,05,SK,003,029,133,CHAT,00212,072013,00121,126,
HARRIS,00893171,KNIPP,MARJORIE,W,,115,TYLER TER, ,WEST POINT,GA,31833,115,TYLER TER,,WEST POINT,GA,31833,A,A,,11/03/2017,11/03/2017,11/03/2017,IN PERSON,NO,NO,,NO,05,SK,003,029,133,CHAT,00212,072013,00139,144,
HARRIS,01250335,WARD,JANICE,LYNN,,93,GEORGIAN TER, ,WEST POINT,GA,31833-6114,93,GEORGIAN TER,,WEST POINT,GA,31833-6114,A,A,,10/18/2017,10/18/2017,10/18/2017,IN PERSON,NO,NO,,NO,05,SK,003,029,133,CHAT,00212,072013,00015,17,
HARRIS,03261400,WILSON,RHONDA,S,,612,PEAR ST, ,WEST POINT,GA,31833-5228,612,PEAR ST,,WEST POINT,GA,31833-5228,A,A,,10/25/2017,10/25/2017,10/25/2017,IN PERSON,NO,NO,,NO,05,SK,003,029,133,CHAT,00212,072013,00056,58,
HARRIS,00635675,DORMINY,JAMES,WILLIAM,,102,FRANCOLYN TER, ,WEST POINT,GA,31833,102,FRANCOLYN TER,,WEST POINT,GA,31833,A,A,,11/03/2017,11/03/2017,11/03/2017,IN PERSON,NO,NO,,NO,05,SK,003,029,133,CHAT,00212,072013,00128,133,
HARRIS,05315649,ROBINSON,CARL,WADE,,93,HAMILTON DR, ,WEST POINT,GA,31833-6109,93,HAMILTON DR,,WEST POINT,GA,31833-6109,A,A,,11/02/2017,11/02/2017,11/02/2017,IN PERSON,NO,NO,,NO,05,SK,003,029,133,CHAT,00212,072013,00116,121,
HARRIS,00890568,FULLER,MARIE,T,,201,HAMILTON DR, ,WEST POINT,GA,31833-6108,201,HAMILTON DR,,WEST POINT,GA,31833-6108,A,A,,11/01/2017,11/01/2017,11/01/2017,IN PERSON,NO,NO,,NO,05,SK,003,029,133,CHAT,00212,072013,00102,107,
HARRIS,01245569,LESTER,MARY,A,,118,HILLCREST RD, ,WEST POINT,GA,31833,118,HILLCREST RD,,WEST POINT,GA,31833,A,A,,10/26/2017,10/26/2017,10/31/2017,MAILED,NO,NO,ELDERLY,NO,05,SK,003,029,133,CHAT,00212,,00003,65,
HARRIS,01245617,PAYNE,NATHANIEL,S,III,127,HILLCREST RD, ,WEST POINT,GA,31833-2352,127,HILLCREST RD,,WEST POINT,GA,31833-2352,A,A,,10/19/2017,10/19/2017,10/19/2017,IN PERSON,NO,NO,,NO,05,SK,003,029,133,CHAT,00212,072013,00022,24,
HARRIS,01245645,RUDDICK,HOWARD,G,,106,CRESTVIEW RD, ,WEST POINT,GA,31833-5225,106,CRESTVIEW RD,,WEST POINT,GA,31833-5225,A,A,,11/02/2017,11/02/2017,11/02/2017,IN PERSON,NO,NO,,NO,05,SK,003,029,133,CHAT,00212,072013,00113,118,
HARRIS,01247032,HELMS,FLETCHER,B,JR,114,HILLCREST RD, ,WEST POINT,GA,31833,114,HILLCREST RD,,WEST POINT,GA,31833,A,A,,10/24/2017,10/24/2017,10/24/2017,IN PERSON,NO,NO,,NO,05,SK,003,029,133,CHAT,00212,072013,00052,54,
HARRIS,01245536,HUDMON,VIOLA,MILAM,,92,HAMILTON DR, ,WEST POINT,GA,31833-6110,92,HAMILTON DR,,WEST POINT,GA,31833-6110,A,A,,10/23/2017,10/23/2017,10/23/2017,IN PERSON,NO,NO,,NO,05,SK,003,029,133,CHAT,00212,072013,00041,43,
HARRIS,10502466,MARTIN,TANNER,MCINTYRE,,120,CRESTVIEW RD, ,WEST POINT,GA,31833,120,CRESTVIEW RD,,WEST POINT,GA,31833-5225,A,A,,10/31/2017,10/31/2017,10/31/2017,IN PERSON,NO,NO,,NO,05,SK,003,029,133,CHAT,00212,072013,00097,102,
HARRIS,03404529,WITHROW,HUEL,LYNN,,95,GEORGIAN TER, ,WEST POINT,GA,31833-2520,95,GEORGIAN TER,,WEST POINT,GA,31833-2520,A,A,,11/01/2017,11/01/2017,11/01/2017,IN PERSON,NO,NO,,NO,05,SK,003,029,133,CHAT,00212,072013,00103,108,
HARRIS,01245501,GLADDEN,WALDA,K,,125,HILLCREST RD, ,WEST POINT,GA,31833,125,HILLCREST RD,,WEST POINT,GA,31833,A,A,,10/25/2017,10/25/2017,10/25/2017,IN PERSON,NO,NO,,NO,05,SK,003,029,133,CHAT,00212,072013,00059,61,
HARRIS,01245512,HALES,JANE,B,,123,HILLCREST RD, ,WEST POINT,GA,31833-6134,123,HILLCREST RD,,WEST POINT,GA,31833-6134,A,A,,10/18/2017,10/18/2017,10/18/2017,IN PERSON,NO,NO,,NO,05,SK,003,029,133,CHAT,00212,072013,00018,20,
HARRIS,03263147,MODLING,CLIFTON,ASHLEY,,301,AVENUE D, ,WEST POINT,GA,31833,301,AVENUE D,,WEST POINT,GA,31833,A,A,,11/03/2017,11/03/2017,11/03/2017,IN PERSON,NO,NO,,NO,05,SK,003,029,133,CHAT,00212,072013,00138,143,
HARRIS,04639185,HAMMER,BARBARA,JACKOLYN,,206,AVENUE C, ,WEST POINT,GA,31833-5204,206,AVENUE C,,WEST POINT,GA,31833-5204,A,A,,10/31/2017,10/31/2017,10/31/2017,IN PERSON,NO,NO,,NO,05,SK,003,029,133,CHAT,00212,072013,00092,97,
HARRIS,00890691,LINCH,EDDIE,,,98,HAMILTON DR, ,WEST POINT,GA,31833-6110,98,HAMILTON DR,,WEST POINT,GA,31833-6110,A,A,,10/26/2017,10/26/2017,10/26/2017,IN PERSON,NO,NO,,NO,05,SK,003,029,133,CHAT,00212,072013,00065,69,
HARRIS,01245553,JONES,SARA,M,,221,TEEL RD, ,WEST POINT,GA,31833,221,TEEL RD,,WEST POINT,GA,31833,A,A,,10/30/2017,10/30/2017,10/30/2017,IN PERSON,NO,NO,,NO,05,SK,003,029,133,CHAT,00212,072013,00091,96,
HARRIS,08376357,PATRICK,RANISHA,STANFORD,,125,HIGHLAND DR, ,WEST POINT,GA,31833-6100,125,HIGHLAND DR,,WEST POINT,GA,31833-6100,A,A,,10/24/2017,10/24/2017,10/24/2017,IN PERSON,NO,NO,,NO,05,SK,003,029,133,CHAT,00212,072013,00054,56,
HARRIS,01245624,PITTS,SUSAN,S,,103,TYLER TER, ,WEST POINT,GA,31833,103,TYLER TER,,WEST POINT,GA,31833,A,A,,11/03/2017,11/03/2017,11/03/2017,IN PERSON,NO,NO,,NO,05,SK,003,029,133,CHAT,00212,072013,00134,139,
HARRIS,03165727,TRAMELL,MARGARET,W,,101,HIGHLAND DR, ,WEST POINT,GA,31833-6100,101,HIGHLAND DR,,WEST POINT,GA,31833-6100,A,A,,10/17/2017,10/17/2017,10/17/2017,IN PERSON,NO,NO,,NO,05,SK,003,029,133,CHAT,00212,072013,00009,11,
HARRIS,10578548,TERRY,LAUREN,ELIZABETH,,209,HAMILTON DR, ,WEST POINT,GA,31833,209,HAMILTON DR,,WEST POINT,GA,31833-6108,A,A,,10/25/2017,10/25/2017,10/25/2017,IN PERSON,NO,NO,,NO,05,SK,003,029,133,CHAT,00212,072013,00060,62,
HARRIS,06488562,MORRISON,JOHN,HAWKINS,,301,E 3RD ST, ,WEST POINT,GA,31833,301,E 3RD ST,,WEST POINT,GA,31833,A,A,,10/19/2017,10/19/2017,10/19/2017,IN PERSON,NO,NO,,NO,05,SK,003,029,133,CHAT,00212,072013,00029,31,
HARRIS,04912527,HENDERSON,VIRGINIA,ALLEN,,219,TEEL RD, ,WEST POINT,GA,31833-6122,219,TEEL RD,,WEST POINT,GA,31833-6122,A,A,,10/27/2017,10/27/2017,10/27/2017,IN PERSON,NO,NO,,NO,05,SK,003,029,133,CHAT,00212,072013,00079,84,
HARRIS,01245475,DUNCAN,K,T,,500,E 4TH ST, ,WEST POINT,GA,31833-2337,500,E 4TH ST,,WEST POINT,GA,31833-2337,A,A,,10/19/2017,10/19/2017,10/19/2017,IN PERSON,NO,NO,,NO,05,SK,003,029,133,CHAT,00212,072013,00020,22,
HARRIS,00906041,POLLARD,MARGARET,C,,120,OLD WELLS RD, ,WEST POINT,GA,31833-6133,120,OLD WELLS RD,,WEST POINT,GA,31833-6133,A,A,,11/02/2017,11/02/2017,11/02/2017,IN PERSON,NO,NO,,NO,05,SK,003,029,133,CHAT,00212,072013,00114,119,
HARRIS,01250661,BROWN,TINSLEY,HUGULEY,,109,HILLCREST RD, ,WEST POINT,GA,31833-6134,109,HILLCREST RD,,WEST POINT,GA,31833-6134,A,A,,10/20/2017,10/20/2017,10/20/2017,IN PERSON,NO,NO,,NO,05,SK,003,029,133,CHAT,00212,072013,00032,34,
HARRIS,00893227,HENDERSON,JAMES,KENNON,,219,TEEL RD, ,WEST POINT,GA,31833-6122,219,TEEL RD,,WEST POINT,GA,31833-6122,A,A,,10/18/2017,10/18/2017,10/18/2017,IN PERSON,NO,NO,,NO,05,SK,003,029,133,CHAT,00212,072013,00013,15,
HARRIS,01245485,EDWARDS,WILLIAM,V,JR,97,HIGHLAND DR, ,WEST POINT,GA,31833-2528,97,HIGHLAND DR,,WEST POINT,GA,31833-2528,A,A,,10/17/2017,10/17/2017,10/17/2017,IN PERSON,NO,NO,,NO,05,SK,003,029,133,CHAT,00212,072013,00007,9,
HARRIS,00894284,SMITH,ANITA,MCFARLIN,,906,CEDAR ST, ,WEST POINT,GA,31833-5220,906,CEDAR ST,,WEST POINT,GA,31833-5220,A,A,,10/23/2017,10/23/2017,10/23/2017,IN PERSON,NO,NO,,NO,05,SK,003,029,133,CHAT,00212,072013,00035,37,
HARRIS,01245562,LANE,MARY,T,,112,CRESTVIEW RD, ,WEST POINT,GA,31833,112,CRESTVIEW RD,,WEST POINT,GA,31833,A,A,,10/16/2017,10/16/2017,10/16/2017,IN PERSON,YES,NO,,NO,05,SK,003,029,133,CHAT,00212,072013,00003,5,
HARRIS,01245668,SLADE,WILLIAM,R,,309,BRIARCLIFF RD, ,WEST POINT,GA,31833-5210,309,BRIARCLIFF RD,,WEST POINT,GA,31833-5210,A,A,,10/19/2017,10/19/2017,10/19/2017,IN PERSON,NO,NO,,NO,05,SK,003,029,133,CHAT,00212,072013,00027,29,
HARRIS,01245498,GARRISON,ALANA,P,,409,BROOKWOOD DR, ,WEST POINT,GA,31833-6117,409,BROOKWOOD DR,,WEST POINT,GA,31833-6117,A,A,,10/24/2017,10/24/2017,10/24/2017,IN PERSON,NO,NO,,NO,05,SK,003,029,133,CHAT,00212,072013,00048,50,
HARRIS,05587277,MOON,GEORGE,E,III,227,TEEL RD, ,WEST POINT,GA,31833,227,TEEL RD,,WEST POINT,GA,31833,A,A,,10/26/2017,10/26/2017,10/26/2017,IN PERSON,NO,NO,,NO,05,SK,003,029,133,CHAT,00212,072013,00064,68,
HARRIS,01246033,WILLIAMS,WILLIAM,M,,506,BRIARCLIFF RD, ,WEST POINT,GA,31833,506,BRIARCLIFF RD,,WEST POINT,GA,31833,A,A,,10/19/2017,10/19/2017,10/19/2017,IN PERSON,NO,NO,,NO,05,SK,003,029,133,CHAT,00212,072013,00024,26,
HARRIS,06841392,GOODWIN,JOE,STEPHEN,,110,CRESTVIEW RD, ,WEST POINT,GA,31833-5225,110,CRESTVIEW RD,,WEST POINT,GA,31833-5225,A,A,,11/01/2017,11/01/2017,11/01/2017,IN PERSON,NO,NO,,NO,05,SK,003,029,133,CHAT,00212,072013,00100,105,
HARRIS,01247641,PITTS,MICHAEL,W,,109,FRANCOLYN TER, ,WEST POINT,GA,31833-5202,109,FRANCOLYN TER,,WEST POINT,GA,31833-5202,A,A,,11/03/2017,11/03/2017,11/03/2017,IN PERSON,NO,NO,,NO,05,SK,003,029,133,CHAT,00212,072013,00144,149,
HARRIS,04452425,WOOLEY,DELORES,P,,213,TEEL RD,PO703,WEST POINT,GA,31833-6123,213,TEEL RD,PO703,WEST POINT,GA,31833-6123,A,A,,11/01/2017,11/01/2017,11/01/2017,IN PERSON,NO,NO,,NO,05,SK,003,029,133,CHAT,00212,072013,00105,110,
HARRIS,08376362,PATRICK,KEVIN,MAURICE,,125,HIGHLAND DR, ,WEST POINT,GA,31833-6100,125,HIGHLAND DR,,WEST POINT,GA,31833-6100,A,A,,10/24/2017,10/24/2017,10/24/2017,IN PERSON,NO,NO,,NO,05,SK,003,029,133,CHAT,00212,072013,00055,57,
HARRIS,01248274,KERR,DAVID,H,,204,HAMILTON DR, ,WEST POINT,GA,31833-6111,204,HAMILTON DR,,WEST POINT,GA,31833-6111,A,A,,11/01/2017,11/01/2017,11/01/2017,IN PERSON,NO,NO,,NO,05,SK,003,029,133,CHAT,00212,072013,00107,112,
HARRIS,04691992,TERRY,CHRISTOPHER,JOHN,,209,HAMILTON DR, ,WEST POINT,GA,31833-6108,209,HAMILTON DR,,WEST POINT,GA,31833-6108,A,A,,10/30/2017,10/30/2017,10/30/2017,IN PERSON,NO,NO,,NO,05,SK,003,029,133,CHAT,00212,072013,00088,93,
HARRIS,04082244,SMITH,AARON,,JR,906,CEDAR ST, ,WEST POINT,GA,31833-5220,906,CEDAR ST,,WEST POINT,GA,31833-5220,A,A,,10/23/2017,10/23/2017,10/23/2017,IN PERSON,NO,NO,,NO,05,SK,003,029,133,CHAT,00212,072013,00034,36,
HARRIS,01245459,DANIEL,DOROTHY,PRICE,,95,BEALLWOOD DR, ,WEST POINT,GA,31833-5223,95,BEALLWOOD DR,,WEST POINT,GA,31833-5223,A,A,,10/27/2017,10/27/2017,10/27/2017,IN PERSON,NO,NO,,NO,05,SK,003,029,133,CHAT,00212,072013,00080,85,
HARRIS,00893935,HENDERSON,CAROL,SMITH,,219,TEEL RD, ,WEST POINT,GA,31833-6122,219,TEEL RD,,WEST POINT,GA,31833-6122,A,A,,10/18/2017,10/18/2017,10/18/2017,IN PERSON,NO,NO,,NO,05,SK,003,029,133,CHAT,00212,072013,00014,16,
HARRIS,01245476,DUNCAN,MARIANNE,S,,500,E 4TH ST, ,WEST POINT,GA,31833-2337,500,E 4TH ST,,WEST POINT,GA,31833-2337,A,A,,10/19/2017,10/19/2017,10/19/2017,IN PERSON,NO,NO,,NO,05,SK,003,029,133,CHAT,00212,072013,00021,23,
HARRIS,01245539,HUGULEY,SCOTT,A,,123,OLD WELLS RD, ,WEST POINT,GA,31833-6120,123,OLD WELLS RD,,WEST POINT,GA,31833-6120,A,A,,10/23/2017,10/23/2017,10/23/2017,IN PERSON,NO,NO,,NO,05,SK,003,029,133,CHAT,00212,072013,00040,42,
HARRIS,02986419,MODLING,AMANDA,LEIGH,,301,AVENUE D, ,WEST POINT,GA,31833,301,AVENUE D,,WEST POINT,GA,31833,A,A,,11/03/2017,11/03/2017,11/03/2017,IN PERSON,NO,NO,,NO,05,SK,003,029,133,CHAT,00212,072013,00137,142,
HARRIS,00893934,FULLER,RICHARD,H,,201,HAMILTON DR, ,WEST POINT,GA,31833-6108,201,HAMILTON DR,,WEST POINT,GA,31833-6108,A,A,,11/01/2017,11/01/2017,11/01/2017,IN PERSON,YES,NO,,NO,05,SK,003,029,133,CHAT,00212,072013,00101,106,
HARRIS,01245491,FRAZER,MAXINE,W,,106,TYLER TER, ,WEST POINT,GA,31833-6107,106,TYLER TER,,WEST POINT,GA,31833-6107,A,A,,10/23/2017,10/23/2017,10/23/2017,IN PERSON,NO,NO,,NO,05,SK,003,029,133,CHAT,00212,072013,00043,45,
HARRIS,01245646,RYNER,CAROLYN,B,,92,GEORGIAN TER, ,WEST POINT,GA,31833,92,GEORGIAN TER,,WEST POINT,GA,31833,A,A,,10/23/2017,10/23/2017,10/23/2017,IN PERSON,NO,NO,,NO,05,SK,003,029,133,CHAT,00212,072013,00039,41,
HARRIS,06994301,MEADOWS,LESLIE,GAINES,,203,AVENUE C, ,WEST POINT,GA,31833-5203,203,AVENUE C,,WEST POINT,GA,31833-5203,A,A,,11/03/2017,11/03/2017,11/03/2017,IN PERSON,NO,NO,,NO,05,SK,003,029,133,CHAT,00212,072013,00141,146,
HARRIS,01245568,LESTER,HAZEN,R,JR,118,HILLCREST RD, ,WEST POINT,GA,31833,118,HILLCREST RD,,WEST POINT,GA,31833,A,A,,10/26/2017,10/26/2017,10/31/2017,MAILED,NO,NO,DISABLED,NO,05,SK,003,029,133,CHAT,00212,,00004,66,
HARRIS,03200561,TRAMELL,STEVE,M,,101,HIGHLAND DR, ,WEST POINT,GA,31833-6100,101,HIGHLAND DR,,WEST POINT,GA,31833-6100,A,A,,10/26/2017,10/26/2017,10/26/2017,IN PERSON,NO,NO,,NO,05,SK,003,029,133,CHAT,00212,072013,00069,74,
HARRIS,01245513,HALES,ROGER,O,,123,HILLCREST RD, ,WEST POINT,GA,31833,123,HILLCREST RD,,WEST POINT,GA,31833,A,A,,10/18/2017,10/18/2017,10/18/2017,IN PERSON,YES,NO,,NO,05,SK,003,029,133,CHAT,00212,072013,00019,21,
HARRIS,01245634,REEVES,FRANCES,S,,108,FRANCOLYN TER, ,WEST POINT,GA,31833,108,FRANCOLYN TER,,WEST POINT,GA,31833,A,A,,10/20/2017,10/20/2017,10/20/2017,IN PERSON,NO,NO,,NO,05,SK,003,029,133,CHAT,00212,072013,00030,32,
HARRIS,03157118,BAILEY,TONY,MICHAEL,,108,TYLER TER, ,WEST POINT,GA,31833,108,TYLER TER,,WEST POINT,GA,31833,A,A,,10/27/2017,10/27/2017,10/27/2017,IN PERSON,NO,NO,,NO,05,SK,003,029,133,CHAT,00212,072013,00073,78,
HARRIS,02171717,KELLY,DAVID,NEIL,,91,HAMILTON DR, ,WEST POINT,GA,31833-6109,91,HAMILTON DR,,WEST POINT,GA,31833-6109,A,A,,10/26/2017,10/26/2017,10/26/2017,IN PERSON,NO,NO,,NO,05,SK,003,029,133,CHAT,00212,072013,00072,77,
HARRIS,05556029,MOON,MICHELLE,JONES,,227,TEEL RD, ,WEST POINT,GA,31833,227,TEEL RD,,WEST POINT,GA,31833,A,A,,10/19/2017,10/19/2017,10/19/2017,IN PERSON,NO,NO,,NO,05,SK,003,029,133,CHAT,00212,072013,00026,28,
HARRIS,00901656,SCROGGS,TERESA,CAMPBELL,,100,CRESTVIEW RD, ,WEST POINT,GA,31833-5225,,PO BOX 30,,WEST POINT,GA,31833-0003,A,A,,10/30/2017,10/30/2017,10/30/2017,IN PERSON,NO,NO,,NO,05,SK,003,029,133,CHAT,00212,072013,00087,92,
HARRIS,00896544,ZACHRY,JAMES,G,III,203,BRIARCLIFF RD, ,WEST POINT,GA,31833-2509,,PO BOX 601,,WEST POINT,GA,31833-0060,A,A,,10/24/2017,10/24/2017,10/24/2017,IN PERSON,NO,NO,,NO,05,SK,003,029,133,CHAT,00212,072013,00050,52,
HARRIS,01247036,CASH,JERRY,E,,1001,FOREST LN, ,WEST POINT,GA,31833-5201,,PO BOX 69,,WEST POINT,GA,31833-0006,A,A,,10/18/2017,10/18/2017,10/18/2017,IN PERSON,NO,NO,,NO,05,SK,003,029,133,CHAT,00212,072013,00017,19,
HARRIS,01709845,WOOD,CAROLE,M,,210,HAMILTON DR, ,WEST POINT,GA,31833-6111,,PO BOX 208,,WEST POINT,GA,31833-0020,A,A,,10/24/2017,10/24/2017,10/24/2017,IN PERSON,NO,NO,,NO,05,SK,003,029,133,CHAT,00212,072013,00046,48,
HARRIS,01245951,WILLIAMS,BARBARA,N,,506,BRIARCLIFF RD, ,WEST POINT,GA,31833-5214,506,BRIARCLIFF RD,,WEST POINT,GA,31833-5214,A,A,,10/19/2017,10/19/2017,10/19/2017,IN PERSON,NO,NO,,NO,05,SK,003,029,133,CHAT,00212,072013,00023,25,
HARRIS,10950601,TRAMELL,CAMERON,MELTON,,101,HIGHLAND DR, ,WEST POINT,GA,31833,101,HIGHLAND DR,,WEST POINT,GA,31833,A,A,,10/18/2017,10/18/2017,10/18/2017,IN PERSON,NO,NO,,NO,05,SK,003,029,133,CHAT,00212,072013,00016,18,
HARRIS,01245600,MCCARTHY,DONALD,O,,511,BRIARCLIFF RD, ,WEST POINT,GA,31833-2515,511,BRIARCLIFF RD,,WEST POINT,GA,31833-2515,A,A,,11/02/2017,11/02/2017,11/02/2017,IN PERSON,NO,NO,,NO,05,SK,003,029,133,CHAT,00212,072013,00117,122,
HARRIS,08694343,LOVELACE,SHABRE,TESION,,611,PLUM ST, ,WEST POINT,GA,31833,611,PLUM ST,,WEST POINT,GA,31833,A,A,,11/01/2017,11/01/2017,11/01/2017,IN PERSON,NO,NO,,NO,05,SK,003,029,133,CHAT,00212,072013,00108,113,
HARRIS,00897574,FAULKNER,JOHN,S,,115,TYLER TER, ,WEST POINT,GA,31833,115,TYLER TER,,WEST POINT,GA,31833,A,A,,11/03/2017,11/03/2017,11/03/2017,IN PERSON,NO,NO,,NO,05,SK,003,029,133,CHAT,00212,072013,00143,148,
HARRIS,04611528,WHEELER,HOLLY,HIGGINS,,305,AVENUE C, ,WEST POINT,GA,31833-2345,305,AVENUE C,,WEST POINT,GA,31833-2345,A,A,,10/27/2017,10/27/2017,10/27/2017,IN PERSON,NO,NO,,NO,05,SK,003,029,133,CHAT,00212,072013,00085,90,
HARRIS,06053897,EDMONDSON,BRITTANY,K,,301,E 3RD ST, ,WEST POINT,GA,31833,301,E 3RD ST,,WEST POINT,GA,31833,A,A,,11/03/2017,11/03/2017,11/03/2017,IN PERSON,NO,NO,,NO,05,SK,003,029,133,CHAT,00212,072013,00133,138,
HARRIS,03974390,RYPKEMA,SHARON,L,,100,FRANCOLYN TER, ,WEST POINT,GA,31833-2309,100,FRANCOLYN TER,,WEST POINT,GA,31833-2309,A,A,,11/03/2017,11/03/2017,11/03/2017,IN PERSON,NO,NO,,NO,05,SK,003,029,133,CHAT,00212,072013,00130,135,
HARRIS,01250334,WARD,MICHAEL,KEITH,,93,GEORGIAN TER, ,WEST POINT,GA,31833-6114,93,GEORGIAN TER,,WEST POINT,GA,31833-6114,A,A,,10/31/2017,10/31/2017,10/31/2017,IN PERSON,NO,NO,,NO,05,SK,003,029,133,CHAT,00212,072013,00094,99,
HARRIS,04639183,HAMMER,ALFRED,ROY,,206,AVENUE C, ,WEST POINT,GA,31833-5204,206,AVENUE C,,WEST POINT,GA,31833-5204,A,A,,10/31/2017,10/31/2017,10/31/2017,IN PERSON,NO,NO,,NO,05,SK,003,029,133,CHAT,00212,072013,00093,98,
HARRIS,01946492,DUNSON,ELLA,REA,,614,PEAR ST, ,WEST POINT,GA,31833-5228,,PO BOX 805,,WEST POINT,GA,31833-0080,A,A,,11/02/2017,11/02/2017,11/02/2017,IN PERSON,NO,NO,,NO,05,SK,003,029,133,CHAT,00212,072013,00115,120,
HARRIS,01245572,LINDSEY,JAMES,A,,96,GEORGIAN TER, ,WEST POINT,GA,31833,96,GEORGIAN TER,,WEST POINT,GA,31833,A,A,,10/23/2017,10/23/2017,10/23/2017,IN PERSON,NO,NO,,NO,05,SK,003,029,133,CHAT,00212,072013,00038,40,
HARRIS,02241750,HUGULEY,MICHAEL,BRADFORD,,124,HILLCREST RD, ,WEST POINT,GA,31833-5208,124,HILLCREST RD,,WEST POINT,GA,31833-5208,A,A,,10/25/2017,10/25/2017,10/25/2017,IN PERSON,NO,NO,,NO,05,SK,003,029,133,CHAT,00212,072013,00057,59,
HARRIS,01245702,TOMLIN,LARRY,E,,307,GEORGIAN TER, ,WEST POINT,GA,31833-6113,307,GEORGIAN TER,,WEST POINT,GA,31833-6113,A,A,,10/27/2017,10/27/2017,10/27/2017,IN PERSON,NO,NO,,NO,05,SK,003,029,133,CHAT,00212,072013,00077,82,
HARRIS,00895158,ANDREWS,GERALD,B,JR,126,HILLCREST RD, ,WEST POINT,GA,31833-5208,126,HILLCREST RD,,WEST POINT,GA,31833-5208,A,A,,11/03/2017,11/03/2017,11/03/2017,IN PERSON,NO,NO,,NO,05,SK,003,029,133,CHAT,00212,072013,00125,130,
HARRIS,01245493,FRAZER,WILLIAM,R,,106,TYLER TER, ,WEST POINT,GA,31833-2533,106,TYLER TER,,WEST POINT,GA,31833-2533,A,A,,10/24/2017,10/24/2017,10/24/2017,IN PERSON,NO,NO,,NO,05,SK,003,029,133,CHAT,00212,072013,00044,46,
HARRIS,03676002,WILLIAMS,NORMA,L,,615,PEAR ST, ,WEST POINT,GA,31833-2433,615,PEAR ST,,WEST POINT,GA,31833-2433,A,A,,10/17/2017,10/17/2017,10/17/2017,IN PERSON,NO,NO,,NO,05,SK,003,029,133,CHAT,00212,072013,00011,13,
