County,Voter Registration #,Last Name,First Name,Middle Name,Suffix,Street #,Street Name,Apt/Unit,City,State,Zip Code,Mailing Street #,Mailing Street Name,Mailing Apt/Unit,Mailing City,Mailing State,Mailing Zip Code,Application Status,Ballot Status,Status Reason,Application Date,Ballot Issued Date,Ballot Return Date,Ballot Style,Ballot Assisted,Challenged/Provisional,Designation/Reason Issue,ID Required,Municipal Precinct,County Precinct,CNG,SEN,HOUSE	,JUD,Combo #,Vote Center ID,Ballot ID,Post #,Party
HEARD,02210311,BURSON,DURA,HARDY,,11320,GA HIGHWAY 100, ,FRANKLIN,GA,30217-5515,11320,GA HIGHWAY 100,,FRANKLIN,GA,30217-5515,A,A,,10/23/2017,10/23/2017,10/23/2017,IN PERSON,NO,NO,,NO,FRA,FRA,003,028,069,COWE,00010,074001,00016,21,
HEARD,02212034,LIPFORD,THOMAS,D,,375,NEWNAN ST, ,FRANKLIN,GA,30217,,PO BOX 2,,FRANKLIN,GA,30217-0002,A,A,,10/13/2017,10/16/2017,11/01/2017,MAILED,NO,NO,ELDERLY,NO,FRA,FRA,003,028,069,COWE,00010,,00003,1,
HEARD,02211997,LEE,TAYLOR,E,,244,S RIVER RD, ,FRANKLIN,GA,30217,244,S RIVER RD,,FRANKLIN,GA,30217,A,A,,10/19/2017,10/19/2017,10/19/2017,IN PERSON,NO,NO,,NO,FRA,FRA,003,028,069,COWE,00010,074001,00006,9,
HEARD,02211498,HOLMES,ALICE,,,255,MAIN ST, ,FRANKLIN,GA,30217-5661,,PO BOX 686,,FRANKLIN,GA,30217-0068,A,A,,10/20/2017,10/20/2017,10/20/2017,IN PERSON,NO,NO,,NO,FRA,FRA,003,028,069,COWE,00010,074001,00009,13,
HEARD,02937555,BANKS,HAROLD,WESLEY,,770,MARY JOHNSON DR,APT H29,FRANKLIN,GA,30217,,PO BOX 34,,FRANKLIN,GA,30217-0034,A,A,,10/26/2017,10/26/2017,11/06/2017,MAILED,NO,NO,,NO,FRA,FRA,003,028,069,COWE,00010,,00026,40,
HEARD,03483730,ANDREWS,MARY,BALLINGER,,244,EADY ST,APT E,FRANKLIN,GA,30217-5680,244,EADY ST,APT E,FRANKLIN,GA,30217-5680,A,A,,10/26/2017,10/26/2017,11/06/2017,MAILED,NO,NO,,NO,FRA,FRA,003,028,069,COWE,00010,,00027,41,
HEARD,00495788,KUCHENBAKER,JAMES,F,,200,RIVERSIDE ST, ,FRANKLIN,GA,30217-6347,200,RIVERSIDE ST,,FRANKLIN,GA,30217-6347,A,A,,10/24/2017,10/24/2017,11/06/2017,MAILED,NO,NO,,NO,FRA,FRA,003,028,069,COWE,00010,,00021,36,
HEARD,08454049,HORSLEY,CELECIA,DANIELLE,,11380,GA HIGHWAY 100, ,FRANKLIN,GA,30217,,PO BOX 12,,FRANKLIN,GA,30217-0012,A,A,,11/03/2017,11/03/2017,11/03/2017,IN PERSON,NO,NO,,NO,FRA,FRA,003,028,069,COWE,00010,074001,00027,32,
HEARD,03270099,HOLMES,DONALD,JAY,,255,MAIN ST, ,FRANKLIN,GA,30217-5661,,PO BOX 686,,FRANKLIN,GA,30217-0068,A,A,,10/20/2017,10/20/2017,10/20/2017,IN PERSON,NO,NO,,NO,FRA,FRA,003,028,069,COWE,00010,074001,00010,14,
HEARD,02211528,HORSLEY,PHYLLIS,DENISE,,11380,GA HIGHWAY 100, ,FRANKLIN,GA,30217,,PO BOX 12,,FRANKLIN,GA,30217-0012,A,A,,11/03/2017,11/03/2017,11/03/2017,IN PERSON,NO,NO,,NO,FRA,FRA,003,028,069,COWE,00010,074001,00028,33,
HEARD,02212948,ROGERS,JOEL,W,,625,RIVERSIDE ST, ,FRANKLIN,GA,30217,625,RIVERSIDE ST,,FRANKLIN,GA,30217,A,A,,10/18/2017,10/18/2017,10/18/2017,IN PERSON,NO,NO,,NO,FRA,FRA,003,028,069,COWE,00010,074001,00005,8,
HEARD,02180352,ROGERS,JAMES,DONALD,,325,NEWNAN ST, ,FRANKLIN,GA,30217,,PO BOX 38,,FRANKLIN,GA,30217-0003,A,A,,10/30/2017,10/30/2017,10/30/2017,IN PERSON,NO,NO,,NO,FRA,FRA,003,028,069,COWE,00010,074001,00018,23,
HEARD,02209812,ALMOND,WILLIE,AMOS,JR,150,SARGENT CIR, ,FRANKLIN,GA,30217-4758,,PO BOX 513,,FRANKLIN,GA,30217-0051,A,A,,11/03/2017,11/03/2017,11/03/2017,IN PERSON,NO,NO,,NO,FRA,FRA,003,028,069,COWE,00010,074001,00026,31,
HEARD,05586694,HAYES,KEVIN,LEE,,207,TUSCAN HLS, ,FRANKLIN,GA,30217-8126,,PO BOX 214,,FRANKLIN,GA,30217-0214,A,A,,10/31/2017,10/31/2017,10/31/2017,IN PERSON,NO,NO,,NO,FRA,FRA,003,028,069,COWE,00010,074001,00020,25,
HEARD,02401614,ISRAEL,CHARLES,LEE,,360,NEWNAN ST, ,FRANKLIN,GA,30217,360,NEWNAN ST,,FRANKLIN,GA,30217-5623,A,A,,10/24/2017,10/24/2017,11/06/2017,MAILED,NO,NO,,NO,FRA,FRA,003,028,069,COWE,00010,,00020,35,
HEARD,02123199,TIMMONS,KAY,SWANSON,,273,MAIN ST, ,FRANKLIN,GA,30217-5661,273,MAIN ST,,FRANKLIN,GA,30217-5661,A,A,,11/02/2017,11/02/2017,11/02/2017,IN PERSON,NO,NO,,NO,FRA,FRA,003,028,069,COWE,00010,074001,00022,27,
HEARD,02209808,ALMOND,SARAH,ANN,,150,SARGENT CIR, ,FRANKLIN,GA,30217-4758,,PO BOX 513,,FRANKLIN,GA,30217-0051,A,A,,11/03/2017,11/03/2017,11/03/2017,IN PERSON,NO,NO,,NO,FRA,FRA,003,028,069,COWE,00010,074001,00025,30,
HEARD,02211990,LEE,ELIZABETH,H,,244,S RIVER RD, ,FRANKLIN,GA,30217,244,S RIVER RD,,FRANKLIN,GA,30217,A,A,,10/19/2017,10/20/2017,10/26/2017,MAILED,NO,NO,ELDERLY,NO,FRA,FRA,003,028,069,COWE,00010,,00012,12,
HEARD,02210538,COOK,INEZ,L,,201,MAPLE ST,A,FRANKLIN,GA,30217-5694,201,MAPLE ST,A,FRANKLIN,GA,30217-5694,A,A,,10/27/2017,10/27/2017,10/27/2017,IN PERSON,NO,NO,,NO,FRA,FRA,003,028,069,COWE,00010,074001,00017,22,
HEARD,04468717,MCCLELLAN,JONATHAN,RAY,,342,NEWNAN ST, ,FRANKLIN,GA,30217,342,NEWNAN ST,,FRANKLIN,GA,30217-5623,A,A,,10/20/2017,10/20/2017,10/20/2017,IN PERSON,NO,NO,,NO,FRA,FRA,003,028,069,COWE,00010,074001,00013,17,
HEARD,02212522,O'NEAL,LINDA,R,,921,MARY JOHNSON DR, ,FRANKLIN,GA,30217,,PO BOX 148,,FRANKLIN,GA,30217-0014,A,A,,10/23/2017,10/23/2017,11/06/2017,MAILED,NO,NO,,NO,FRA,FRA,003,028,069,COWE,00010,,00019,34,
HEARD,00843836,PUTZEK,CYNTHIA,S,,61,STEPHENS CIR, ,FRANKLIN,GA,30217,61,STEPHENS CIR,,FRANKLIN,GA,30217,A,A,,10/24/2017,10/24/2017,11/06/2017,MAILED,NO,NO,,NO,FRA,FRA,003,028,069,COWE,00010,,00023,38,
HEARD,02213129,SHELNUTT,ODELL,C,,1085,FRANKLIN PKWY, ,FRANKLIN,GA,30217,1085,FRANKLIN PKWY,,FRANKLIN,GA,30217,A,A,,10/20/2017,10/20/2017,10/20/2017,IN PERSON,NO,NO,,NO,FRA,FRA,003,028,069,COWE,00010,074001,00014,18,
HEARD,02212718,PIKE,SYBIL,HARDY,,11417,GA HIGHWAY 34, ,FRANKLIN,GA,30217-6334,,PO BOX 171,,FRANKLIN,GA,30217-0171,A,A,,10/19/2017,10/19/2017,10/19/2017,IN PERSON,NO,NO,,NO,FRA,FRA,003,028,069,COWE,00010,074001,00007,10,
HEARD,00906220,CLIFTON,JUDY,P,,335,MAIN ST, ,FRANKLIN,GA,30217-5657,,PO BOX 32,,FRANKLIN,GA,30217-0003,A,A,,11/03/2017,11/03/2017,11/03/2017,IN PERSON,NO,NO,,NO,FRA,FRA,003,028,069,COWE,00010,074001,00024,29,
HEARD,08715243,CAITO,JOSEPH,CHARLES,,102,CEDAR ST,A,FRANKLIN,GA,30217-5676,102,CEDAR ST,A,FRANKLIN,GA,30217-5676,A,A,,10/20/2017,10/20/2017,10/20/2017,IN PERSON,NO,NO,,NO,FRA,FRA,003,028,069,COWE,00010,074001,00011,15,
HEARD,03689545,JILES,CLIFFORD,H,JR,260,TUSCAN HLS, ,FRANKLIN,GA,30217-8125,260,TUSCAN HLS,,FRANKLIN,GA,30217-8125,A,A,,10/23/2017,10/23/2017,10/23/2017,IN PERSON,NO,NO,,NO,FRA,FRA,003,028,069,COWE,00010,074001,00015,20,
HEARD,02212030,LIPFORD,MACK,D,,100,STEPHENS CIR, ,FRANKLIN,GA,30217,,PO BOX 383,,FRANKLIN,GA,30217-0038,A,A,,11/01/2017,11/01/2017,11/01/2017,IN PERSON,NO,NO,,NO,FRA,FRA,003,028,069,COWE,00010,074001,00021,26,
HEARD,02213072,SHAW,DORIS,M,,284,NEWNAN ST,APT 3,FRANKLIN,GA,30217,284,NEWNAN ST,APT 3,FRANKLIN,GA,30217,A,A,,10/20/2017,10/20/2017,10/23/2017,MAILED,NO,NO,DISABLED,NO,FRA,FRA,003,028,069,COWE,00010,,00018,19,
HEARD,02212932,ROGERS,BRENDA,TRAYLOR,,325,NEWNAN ST, ,FRANKLIN,GA,30217-5682,,PO BOX 38,,FRANKLIN,GA,30217-0003,A,A,,10/30/2017,10/30/2017,10/30/2017,IN PERSON,NO,NO,,NO,FRA,FRA,003,028,069,COWE,00010,074001,00019,24,
HEARD,06915800,MIRONOV,DONALD,,,131,MAIN ST, ,FRANKLIN,GA,30217-8003,,PO BOX 962,,FRANKLIN,GA,30217-0096,A,A,,10/16/2017,10/16/2017,10/16/2017,IN PERSON,NO,NO,,NO,FRA,FRA,003,028,069,COWE,00010,074001,00001,4,
HEARD,10691770,LIPFORD,CARL,LAWRENCE,,100,STEPHENS CIR, ,FRANKLIN,GA,30217,,PO BOX 383,,FRANKLIN,GA,30217-0383,A,A,,10/13/2017,10/16/2017,11/01/2017,MAILED,NO,NO,,NO,FRA,FRA,003,028,069,COWE,00010,,00004,2,
HEARD,02920215,KRACH,ROBERT,WILLIAM,,24,STEPHENS CIR, ,FRANKLIN,GA,30217,,PO BOX 657,,FRANKLIN,GA,30217-0657,A,A,,10/17/2017,10/17/2017,10/17/2017,IN PERSON,NO,NO,,NO,FRA,FRA,003,028,069,COWE,00010,074001,00004,7,
HEARD,08709660,CAITO,KIMBERLEY,MICHELLE,,102,CEDAR ST,A,FRANKLIN,GA,30217-5676,102,CEDAR ST,A,FRANKLIN,GA,30217-5676,A,A,,10/20/2017,10/20/2017,10/20/2017,IN PERSON,NO,NO,,NO,FRA,FRA,003,028,069,COWE,00010,074001,00012,16,
HEARD,02210306,KRACH,ANN,MARIE,,24,STEPHENS CIR, ,FRANKLIN,GA,30217,,PO BOX 657,,FRANKLIN,GA,30217-0657,A,A,,10/17/2017,10/17/2017,10/17/2017,IN PERSON,NO,NO,,NO,FRA,FRA,003,028,069,COWE,00010,074001,00003,6,
HEARD,02212961,ROGERS,PAMELA,DENNEY,,625,RIVERSIDE ST, ,FRANKLIN,GA,30217,625,RIVERSIDE ST,,FRANKLIN,GA,30217-6310,A,A,,10/19/2017,10/19/2017,10/19/2017,IN PERSON,NO,NO,,NO,FRA,FRA,003,028,069,COWE,00010,074001,00008,11,
HEARD,03251754,PATTERSON,THOMAS,,,770,MARY JOHNSON DR,F20,FRANKLIN,GA,30217,770,MARY JOHNSON DR,F20,FRANKLIN,GA,30217,A,A,,10/26/2017,10/26/2017,11/06/2017,MAILED,NO,NO,,NO,FRA,FRA,003,028,069,COWE,00010,,00025,39,
HEARD,04347287,SENN,AMANDA,B,,181,RIVERSIDE ST, ,FRANKLIN,GA,30217-6385,,PO BOX 32,,FRANKLIN,GA,30217-0003,A,A,,11/02/2017,11/02/2017,11/06/2017,MAILED,NO,NO,,NO,FRA,FRA,003,028,069,COWE,00010,,00036,42,
HEARD,02212137,MASSEY,VESTER,DEAN,,2850,FRANKLIN PKWY, ,FRANKLIN,GA,30217-7545,2850,FRANKLIN PKWY,,FRANKLIN,GA,30217-7545,A,A,,10/24/2017,10/24/2017,11/06/2017,MAILED,NO,NO,,NO,FRA,FRA,003,028,069,COWE,00010,,00022,37,
HEARD,04244836,PATRICK,POLLY,ANN,,317,MAIN ST, ,FRANKLIN,GA,30217-5657,317,MAIN ST,,FRANKLIN,GA,30217-5657,A,A,,10/05/2017,10/16/2017,10/20/2017,MAILED,NO,NO,DISABLED,NO,FRA,FRA,003,028,069,COWE,00010,,00005,3,
HEARD,06423413,HAYES,APRIL,NICHOLE,,207,TUSCAN HLS, ,FRANKLIN,GA,30217-8126,207,TUSCAN HLS,,FRANKLIN,GA,30217-8126,A,A,,11/03/2017,11/03/2017,11/03/2017,IN PERSON,NO,NO,,NO,FRA,FRA,003,028,069,COWE,00010,074001,00023,28,
HEARD,02213071,SHAW,DENNIS,PATRICK,,284,NEWNAN ST,APT 3,FRANKLIN,GA,30217,284,NEWNAN ST,APT 3,FRANKLIN,GA,30217,A,A,,10/16/2017,10/16/2017,10/16/2017,IN PERSON,NO,NO,,NO,FRA,FRA,003,028,069,COWE,00010,074001,00002,5,
