County,Voter Registration #,Last Name,First Name,Middle Name,Suffix,Street #,Street Name,Apt/Unit,City,State,Zip Code,Mailing Street #,Mailing Street Name,Mailing Apt/Unit,Mailing City,Mailing State,Mailing Zip Code,Application Status,Ballot Status,Status Reason,Application Date,Ballot Issued Date,Ballot Return Date,Ballot Style,Ballot Assisted,Challenged/Provisional,Designation/Reason Issue,ID Required,Municipal Precinct,County Precinct,CNG,SEN,HOUSE	,JUD,Combo #,Vote Center ID,Ballot ID,Post #,Party
JASPER,00291747,SHORT,BETSY,ANN,,815,SMITHBORO RD, ,MONTICELLO,GA,31064-5670,815,SMITHBORO RD,,MONTICELLO,GA,31064-5670,A,A,,10/26/2017,10/26/2017,10/26/2017,IN PERSON,NO,NO,,NO,,295,010,025,129,OCMU,00307,079003,00096,113,
JASPER,01893735,BELL,JOAN,CARSON,,855,HARVEY LANE RD, ,MONTICELLO,GA,31064-8144,855,HARVEY LANE RD,,MONTICELLO,GA,31064-8144,A,A,,11/01/2017,11/01/2017,11/01/2017,IN PERSON,NO,NO,,NO,,295,010,025,129,OCMU,00308,079003,00185,207,
JASPER,00294043,ALEXANDER,ROBERT,HOWARD,,212,CONNER ST, ,MONTICELLO,GA,31064-1312,212,CONNER ST,,MONTICELLO,GA,31064-1312,A,A,,10/31/2017,10/31/2017,10/31/2017,IN PERSON,NO,NO,,NO,MONTI,295,010,025,129,OCMU,00310,079003,00152,170,
JASPER,00290395,ROOKS,TOMIKO,BARNES,,788,OAK ST, ,MONTICELLO,GA,31064-1654,788,OAK ST,,MONTICELLO,GA,31064-1654,A,A,,10/27/2017,10/27/2017,10/27/2017,IN PERSON,NO,NO,,NO,MONTI,295,010,025,129,OCMU,00306,079003,00125,142,
JASPER,00290213,CAMPBELL,FRANCES,J,,75,SANDY DR, ,MONTICELLO,GA,31064-1480,75,SANDY DR,,MONTICELLO,GA,31064-1480,A,A,,10/24/2017,10/24/2017,10/24/2017,IN PERSON,NO,NO,,NO,,295,010,025,129,OCMU,00307,079003,00071,86,
JASPER,00328888,PROCTOR,MARIAN,HILL,,7620,CLAY RD, ,MONTICELLO,GA,31064-7100,7620,CLAY RD,,MONTICELLO,GA,31064-7100,A,A,,10/25/2017,10/25/2017,10/25/2017,IN PERSON,NO,NO,,NO,,295,010,025,129,OCMU,00300,079003,00078,93,
JASPER,00290253,BRYAN,KAREN,M,,960,N RAILROAD ST, ,SHADY DALE,GA,31085-3569,,PO BOX 53,,SHADY DALE,GA,31085-0005,A,A,,11/02/2017,11/02/2017,11/02/2017,IN PERSON,NO,NO,,NO,SHADY,290,010,025,129,OCMU,00304,079003,00230,253,
JASPER,00290715,GREENE,ROBERTA,,,395,AIKENTON RD, ,MONTICELLO,GA,31064-6131,395,AIKENTON RD,,MONTICELLO,GA,31064-6131,A,,,10/02/2017,10/16/2017,,MAILED,NO,NO,ELDERLY,NO,,290,010,025,129,OCMU,00303,,00001,19,
JASPER,00290567,DAVIS,JANET,,,610,W WASHINGTON ST, ,MONTICELLO,GA,31064-1372,610,W WASHINGTON ,,MONTICELLO,GA,31064-1372,A,A,,10/30/2017,10/30/2017,10/30/2017,IN PERSON,NO,NO,,NO,MONTI,295,010,025,129,OCMU,00310,079003,00146,164,
JASPER,04932358,JOHNSON,WAYMON,FREDERICK,,1504,BARNES MOUNTAIN RD, ,MANSFIELD,GA,30055-2573,1504,BARNES MOUNTAIN RD,,MANSFIELD,GA,30055-2573,A,A,,10/23/2017,10/23/2017,10/23/2017,IN PERSON,NO,NO,,NO,,296,010,025,129,OCMU,00311,079003,00060,74,
JASPER,07186829,CAMPBELL,PAUL,WESLEY,,149,HOLMAN RD, ,MONTICELLO,GA,31064,149,HOLMAN RD,,MONTICELLO,GA,31064,A,A,,11/02/2017,11/02/2017,11/02/2017,IN PERSON,NO,NO,,NO,,296,010,025,129,OCMU,00307,079003,00221,244,
JASPER,00291601,LANE,JANICE,A,,659,AVANT RD, ,MONTICELLO,GA,31064-5438,659,AVANT RD,,MONTICELLO,GA,31064-5438,A,A,,11/03/2017,11/03/2017,11/03/2017,IN PERSON,NO,NO,,NO,,295,010,025,129,OCMU,00307,079003,00284,307,
JASPER,00327213,NORTON,ROBERT,DEAN,,202,WEHUNT RD, ,MONTICELLO,GA,31064-4304,202,WEHUNT RD,,MONTICELLO,GA,31064-4304,A,A,,10/16/2017,10/16/2017,10/16/2017,IN PERSON,NO,NO,,NO,,295,010,025,129,OCMU,00307,079003,00011,11,
JASPER,00292052,TILLMAN,JOHN,K,,289,TILLMAN MILL RD, ,HILLSBORO,GA,31038,,PO BOX 34,,HILLSBORO,GA,31038-0003,A,A,,11/02/2017,11/02/2017,11/02/2017,IN PERSON,NO,NO,,NO,,295,010,025,129,OCMU,00307,079003,00247,270,
JASPER,00294113,ROPER,CYNTHIA,CROCKER,,2453,GREER RD, ,HILLSBORO,GA,31038-4055,2453,GREER RD,,HILLSBORO,GA,31038-4055,A,A,,11/03/2017,11/03/2017,11/03/2017,IN PERSON,NO,NO,,NO,,295,010,025,129,OCMU,00300,079003,00255,278,
JASPER,02659089,HAYNES,SUSAN,COATS,,945,ARMOUR RD, ,MONTICELLO,GA,31064-5537,945,ARMOUR RD,,MONTICELLO,GA,31064-5537,A,A,,11/03/2017,11/03/2017,11/06/2017,MAILED,NO,NO,,NO,,295,010,025,129,OCMU,00307,,00003,341,
JASPER,00291305,NEWTON,LARRY,MARVIN,,22410,MAIN ST, ,SHADY DALE,GA,31085,,PO BOX 115,,SHADY DALE,GA,31085-0011,A,A,,10/27/2017,10/27/2017,10/27/2017,IN PERSON,NO,NO,,NO,SHADY,290,010,025,129,OCMU,00304,079003,00101,118,
JASPER,02393601,DANIEL,CHARLES,WOODALL,,5369,GA HIGHWAY 212 E, ,MONTICELLO,GA,31064-5655,5369,GA HIGHWAY 212 E,,MONTICELLO,GA,31064-5655,A,A,,10/19/2017,10/19/2017,10/19/2017,IN PERSON,NO,NO,,NO,,295,010,025,129,OCMU,00307,079003,00037,46,
JASPER,03087799,JORDAN,JOANNE,BENTON,,1278,FORSYTH ST, ,MONTICELLO,GA,31064-1330,,PO BOX 716,,MONTICELLO,GA,31064-0071,A,A,,11/02/2017,11/02/2017,11/02/2017,IN PERSON,NO,NO,,NO,MONTI,295,010,025,129,OCMU,00302,079003,00242,265,
JASPER,00291416,MARTIN,ELIZABETH,M,,1311,SEVEN ISLAND RD, ,MONTICELLO,GA,31064-8150,1311,SEVEN ISLAND RD,,MONTICELLO,GA,31064-8150,A,A,,11/01/2017,11/01/2017,11/01/2017,IN PERSON,NO,NO,,NO,,295,010,025,129,OCMU,00308,079003,00190,212,
JASPER,00292067,THORNTON,SAM,LUTHER,,5500,POST RD, ,MONTICELLO,GA,31064-4749,5500,POST RD,,MONTICELLO,GA,31064-4749,A,A,,11/03/2017,11/03/2017,11/03/2017,IN PERSON,NO,NO,,NO,,295,010,025,129,OCMU,00303,079003,00302,325,
JASPER,03986395,STANDIFER,EDDIE,L,,33,SANDERS HTS, ,MONTICELLO,GA,31064-1430,33,SANDERS HTS,,MONTICELLO,GA,31064-1430,A,A,,10/02/2017,10/16/2017,10/30/2017,MAILED,NO,NO,DISABLED,NO,MONTI,295,010,025,129,OCMU,00301,,00002,22,
JASPER,08662842,MCCLANAHAN,MICHAEL,E,,54,HAWK TRL, ,NEWBORN,GA,30056-2901,54,HAWK TRL,,NEWBORN,GA,30056-2901,A,A,,11/03/2017,11/03/2017,11/03/2017,IN PERSON,NO,NO,,NO,,290,010,025,129,OCMU,00311,079003,00279,302,
JASPER,01352245,WELCH,JOHN,MICHAEL,,172,EZELL CT, ,MONTICELLO,GA,31064-1036,172,EZELL CT,,MONTICELLO,GA,31064-1036,A,A,,11/03/2017,11/03/2017,11/03/2017,IN PERSON,NO,NO,,NO,MONTI,295,010,025,129,OCMU,00301,079003,00258,281,
JASPER,04151038,WEASE,DAVID,EUGENE,,702,N WARREN ST, ,MONTICELLO,GA,31064,702,N WARREN ST,,MONTICELLO,GA,31064,A,A,,10/18/2017,10/18/2017,10/18/2017,IN PERSON,NO,NO,,NO,MONTI,295,010,025,129,OCMU,00306,079003,00024,33,
JASPER,00310172,BENNETT,ANGELA,DUNN,,3881,SEVEN ISLAND RD, ,MONTICELLO,GA,31064-1508,3881,SEVEN ISLAND RD,,MONTICELLO,GA,31064-1508,A,A,,11/01/2017,11/01/2017,11/01/2017,IN PERSON,NO,NO,,NO,,295,010,025,129,OCMU,00308,079003,00199,222,
JASPER,04254616,ROSE,STEPHEN,KENNETH,JR,986,EAGLE DR, ,MONTICELLO,GA,31064,986,EAGLE DR,,MONTICELLO,GA,31064,A,A,,10/31/2017,10/31/2017,10/31/2017,IN PERSON,NO,NO,,NO,,296,010,025,129,OCMU,00307,079003,00154,172,
JASPER,01369804,BLANKENSHIP,JUDY,PALMER,,30,INLET LN, ,MONTICELLO,GA,31064-3544,30,INLET LN,,MONTICELLO,GA,31064-3544,A,A,,10/30/2017,10/30/2017,10/30/2017,IN PERSON,NO,NO,,NO,,296,010,025,129,OCMU,00311,079003,00142,160,
JASPER,04173756,NOTESTONE,CATHY,,,199,WILBURN LN, ,MONTICELLO,GA,31064-4515,199,WILBURN LN,,MONTICELLO,GA,31064-4515,A,A,,10/19/2017,10/19/2017,10/19/2017,IN PERSON,NO,NO,,NO,MONTI,295,010,025,129,OCMU,00310,079003,00033,42,
JASPER,08662841,MCCLANAHAN,DONNA,JO,,54,HAWK TRL, ,NEWBORN,GA,30056-2901,54,HAWK TRL,,NEWBORN,GA,30056-2901,A,A,,11/03/2017,11/03/2017,11/03/2017,IN PERSON,NO,NO,,NO,,290,010,025,129,OCMU,00311,079003,00280,303,
JASPER,00292325,LAVAUGHN,FRED,,,164,FULLERTON PHILLIPS RD, ,HILLSBORO,GA,31038-3520,164,FULLERTON PHILLIPS RD,,HILLSBORO,GA,31038-3520,A,A,,11/03/2017,11/03/2017,11/03/2017,IN PERSON,NO,NO,,NO,,295,010,025,129,OCMU,00307,079003,00322,346,
JASPER,04611755,CANNON,KATIE,ANN,,2300,ROCK EAGLE RD, ,MONTICELLO,GA,31064,2300,ROCK EAGLE RD,,MONTICELLO,GA,31064,A,A,,11/02/2017,11/02/2017,11/02/2017,IN PERSON,NO,NO,,NO,,295,010,025,129,OCMU,00303,079003,00237,260,
JASPER,02216300,DYER,HARROLD,DAVID,,634,TURNER RD, ,HILLSBORO,GA,31038-2110,,PO BOX 53,,HILLSBORO,GA,31038-0005,A,A,,10/16/2017,10/16/2017,10/16/2017,IN PERSON,NO,NO,,NO,,295,010,025,129,OCMU,00307,079003,00016,16,
JASPER,00293452,COBB,RUSSELL,W,,830,ROCKY CREEK RD, ,MANSFIELD,GA,30055-5127,830,ROCKY CREEK RD,,MANSFIELD,GA,30055-5127,A,A,,11/02/2017,11/02/2017,11/02/2017,IN PERSON,NO,NO,,NO,,296,010,025,129,OCMU,00311,079003,00213,236,
JASPER,00290335,BILLINGS,PATRICIA,ANN,,3589,LIBERTY CHURCH RD, ,MONTICELLO,GA,31064-4129,3589,LIBERTY CHURCH RD,,MONTICELLO,GA,31064-4129,A,A,,10/24/2017,10/24/2017,10/24/2017,IN PERSON,NO,NO,,NO,,295,010,025,129,OCMU,00308,079003,00066,81,
JASPER,07145844,KELLY,DARRYL,,,2084,FELLOWSHIP RD, ,MONTICELLO,GA,31064-7558,2084,FELLOWSHIP RD,,MONTICELLO,GA,31064-7558,A,A,,11/02/2017,11/02/2017,11/02/2017,IN PERSON,NO,NO,,NO,,295,010,025,129,OCMU,00300,079003,00215,238,
JASPER,04355902,SALMON,SHARON,EDWARDS,,699,SEVEN ISLAND RD, ,MONTICELLO,GA,31064-8164,699,SEVEN ISLAND RD,,MONTICELLO,GA,31064-8164,A,A,,11/02/2017,11/02/2017,11/02/2017,IN PERSON,NO,NO,,NO,,295,010,025,129,OCMU,00308,079003,00236,259,
JASPER,00291001,JOHNSTON,JOSEPH,H,,4511,GA HIGHWAY 212 E, ,MONTICELLO,GA,31064-5642,4511,GA HIGHWAY 212 E,,MONTICELLO,GA,31064-5642,A,A,,10/30/2017,10/30/2017,10/30/2017,IN PERSON,NO,NO,,NO,,295,010,025,129,OCMU,00307,079003,00128,145,
JASPER,00290437,ARMISTEAD,WALTER,R,,17170,GA HIGHWAY 11 N, ,MONTICELLO,GA,31064,16515,GA HIGHWAY 11,,MONTICELLO,GA,31064-0492,A,A,,04/19/2016,10/16/2017,10/19/2017,MAILED,NO,NO,DISABLED,NO,,295,010,025,129,OCMU,00308,,00001,17,
JASPER,00291425,MARTIN,DEBORAH,H,,1117,HENDERSON MILL RD S, ,MANSFIELD,GA,30055-2134,1117,HENDERSON MILL RD S,,MANSFIELD,GA,30055-2134,A,A,,11/03/2017,11/03/2017,11/03/2017,IN PERSON,NO,NO,,NO,,296,010,025,129,OCMU,00311,079003,00290,313,
JASPER,00291075,WYNENS,MELVIN,PRESTON,,270,SUGAR HILL RD, ,HILLSBORO,GA,31038-3610,270,SUGAR HILL RD,,HILLSBORO,GA,31038-3610,A,A,,11/03/2017,11/03/2017,11/03/2017,IN PERSON,NO,NO,,NO,,295,010,025,129,OCMU,00307,079003,00301,324,
JASPER,00292953,HOLMES,JOHN,P,JR,692,COLLEGE ST, ,MONTICELLO,GA,31064-1254,,PO BOX 151,,MONTICELLO,GA,31064-0015,A,A,,10/25/2017,10/25/2017,10/25/2017,IN PERSON,NO,NO,,NO,MONTI,295,010,025,129,OCMU,00306,079003,00082,99,
JASPER,05714571,ASBELL,LESLIE,ANN,,1006,BONNER ST, ,MONTICELLO,GA,31064-6501,1006,BONNER ST,,MONTICELLO,GA,31064-6501,A,A,,10/18/2017,10/18/2017,10/18/2017,IN PERSON,NO,NO,,NO,MONTI,295,010,025,129,OCMU,00301,079003,00027,36,
JASPER,00290896,HAYES,ROBERT,F,,829,TURTLE COVE TRWY, ,MONTICELLO,GA,31064-9019,829,TURTLE COVE TRWY,,MONTICELLO,GA,31064-9019,A,A,,10/18/2017,10/18/2017,10/18/2017,IN PERSON,NO,NO,,NO,,296,010,025,129,OCMU,00307,079003,00023,32,
JASPER,00334401,VANDENBRINK,STANLEY,RAY,,734,RAVEN RD, ,MONTICELLO,GA,31064-8942,734,RAVEN RD,,MONTICELLO,GA,31064-8942,A,A,,10/31/2017,10/31/2017,10/31/2017,IN PERSON,NO,NO,,NO,,296,010,025,129,OCMU,00307,079003,00153,171,
JASPER,08136841,BARNES,JASMYNE,NICOLE,,259,BONNER ST, ,MONTICELLO,GA,31064-6502,259,BONNER ST,,MONTICELLO,GA,31064-6502,A,A,,11/01/2017,11/01/2017,11/01/2017,IN PERSON,NO,NO,,NO,MONTI,295,010,025,129,OCMU,00301,079003,00192,214,
JASPER,05970423,STANDIFER,MARCUS,RENALDO,,2034,MARTIN LUTHER KING DR, ,MONTICELLO,GA,31064-6719,2034,MARTIN LUTHER KING ,,MONTICELLO,GA,31064-6719,A,,,10/31/2017,10/31/2017,,MAILED,NO,NO,,NO,MONTI,295,010,025,129,OCMU,00301,,00007,182,
JASPER,00291841,ROBERTS,WILEY,DAN,,158,DOGWOOD LN, ,MONTICELLO,GA,31064,,PO BOX 110,,MONTICELLO,GA,31064-0011,A,A,,10/23/2017,10/23/2017,10/23/2017,IN PERSON,NO,NO,,NO,,295,010,025,129,OCMU,00307,079003,00049,59,
JASPER,00290236,BURRELL,FRANK,EDWARD,,7209,GA HIGHWAY 16 W, ,MONTICELLO,GA,31064-7621,7209,GA HIGHWAY 16 W,,MONTICELLO,GA,31064-7621,A,A,,10/26/2017,10/26/2017,10/26/2017,IN PERSON,NO,NO,,NO,,295,010,025,129,OCMU,00308,079003,00087,104,
JASPER,00290811,HUFF,JAMES,DOUG,,81,DOGWOOD LN, ,MONTICELLO,GA,31064-6521,81,DOGWOOD LN,,MONTICELLO,GA,31064-6521,A,A,,10/27/2017,10/27/2017,10/27/2017,IN PERSON,NO,NO,,NO,,295,010,025,129,OCMU,00307,079003,00107,124,
JASPER,06221554,MCCOWAN,SAMUEL,O,,304,BAILEY RD, ,MONTICELLO,GA,31064-3743,304,BAILEY RD,,MONTICELLO,GA,31064-3743,A,A,,10/17/2017,10/17/2017,10/17/2017,IN PERSON,NO,NO,,NO,,295,010,025,129,OCMU,00308,079003,00020,29,
JASPER,00292324,LAVAUGHN,CRESTRINE,J,,164,FULLERTON PHILLIPS RD, ,HILLSBORO,GA,31038-3520,164,FULLERTON PHILLIPS RD,,HILLSBORO,GA,31038-3520,A,A,,11/03/2017,11/03/2017,11/03/2017,IN PERSON,NO,NO,,NO,,295,010,025,129,OCMU,00307,079003,00321,345,
JASPER,00291785,BARRON,DRUCILLA,SANDS,,2084,FELLOWSHIP RD, ,MONTICELLO,GA,31064-7558,2084,FELLOWSHIP RD,,MONTICELLO,GA,31064-7558,A,A,,11/02/2017,11/02/2017,11/02/2017,IN PERSON,NO,NO,,NO,,295,010,025,129,OCMU,00300,079003,00214,237,
JASPER,00292433,MCWHORTER,JESSIE,LOUISE,,696,W GREENE ST,C,MONTICELLO,GA,31064-1356,696,W GREENE ST,C,MONTICELLO,GA,31064-1356,A,A,,11/03/2017,11/03/2017,11/03/2017,IN PERSON,NO,NO,,NO,MONTI,295,010,025,129,OCMU,00310,079003,00303,326,
JASPER,00292887,GRAY,SANDRA,GAYLE,,1609,LONG PINEY RD, ,MANSFIELD,GA,30055-2401,1609,LONG PINEY RD,,MANSFIELD,GA,30055-2401,A,A,,10/31/2017,10/31/2017,10/31/2017,IN PERSON,NO,NO,,NO,,296,010,025,129,OCMU,00308,079003,00171,191,
JASPER,08598074,JOHNSON,DEBORAH,M,,1504,BARNES MOUNTAIN RD, ,MANSFIELD,GA,30055-2573,1504,BARNES MOUNTAIN RD,,MANSFIELD,GA,30055-2573,A,A,,11/02/2017,11/02/2017,11/02/2017,IN PERSON,NO,NO,,NO,,296,010,025,129,OCMU,00311,079003,00211,234,
JASPER,02887494,HANNON,MARY,D,,151,FLAMINGO CT, ,MONTICELLO,GA,31064-8917,151,FLAMINGO CT,,MONTICELLO,GA,31064-8917,A,A,,11/01/2017,11/01/2017,11/01/2017,IN PERSON,NO,NO,,NO,,296,010,025,129,OCMU,00308,079003,00196,218,
JASPER,00293025,WORKMAN,F,STONE,,678,FORSYTH ST, ,MONTICELLO,GA,31064-1318,678,FORSYTH ST,,MONTICELLO,GA,31064-1318,A,A,,10/23/2017,10/23/2017,10/23/2017,IN PERSON,NO,NO,,NO,MONTI,295,010,025,129,OCMU,00302,079003,00051,61,
JASPER,00293129,POWELL,JANA,STEPHENS,,181,CEDAR CREEK DR, ,MONTICELLO,GA,31064-6557,181,CEDAR CREEK DR,,MONTICELLO,GA,31064-6557,A,A,,11/01/2017,11/01/2017,11/01/2017,IN PERSON,NO,NO,,NO,,295,010,025,129,OCMU,00300,079003,00204,227,
JASPER,04293692,SIMMONS,LINDA,W,,3587,CALVIN RD, ,MONTICELLO,GA,31064-4122,3587,CALVIN RD,,MONTICELLO,GA,31064-4122,A,A,,11/01/2017,11/01/2017,11/01/2017,IN PERSON,NO,NO,,NO,,295,010,025,129,OCMU,00308,079003,00198,221,
JASPER,00291475,MCMICHAEL,ROBERT,JAMES,,14751,GA HIGHWAY 16 E, ,MONTICELLO,GA,31064-5722,14751,GA HIGHWAY 16 E,,MONTICELLO,GA,31064-5722,A,A,,11/03/2017,11/03/2017,11/03/2017,IN PERSON,NO,NO,,NO,,295,010,025,129,OCMU,00303,079003,00323,347,
JASPER,04520241,ELLISON,LAUREN,SHAYE,,42,GAP CREEK DR, ,NEWBORN,GA,30056-3211,42,GAP CREEK DR,,NEWBORN,GA,30056-3211,A,A,,10/26/2017,10/26/2017,10/26/2017,IN PERSON,NO,NO,,NO,,290,010,025,129,OCMU,00303,079003,00094,111,
JASPER,00323410,LEWIS,JANET,LEAH,,586,HOLLOWAY HOLW, ,MONTICELLO,GA,31064-4104,586,HOLLOWAY HOLW,,MONTICELLO,GA,31064-4104,A,A,,10/23/2017,10/23/2017,10/26/2017,MAILED,NO,NO,,NO,,295,010,025,129,OCMU,00308,,00005,73,
JASPER,01390371,HOTCH,SHIRLEY,M,,1051,CLAY RD, ,MONTICELLO,GA,31064,1051,CLAY RD,,MONTICELLO,GA,31064,A,A,,10/31/2017,10/31/2017,10/31/2017,IN PERSON,NO,NO,,NO,,295,010,025,129,OCMU,00307,079003,00158,176,
JASPER,00293481,EDWARDS,SHIRLEY,GUDE,,819,POPLAR ST, ,MONTICELLO,GA,31064,,PO BOX 873,,MONTICELLO,GA,31064-0087,A,A,,11/03/2017,11/03/2017,11/03/2017,IN PERSON,NO,NO,,NO,MONTI,295,010,025,129,OCMU,00310,079003,00289,312,
JASPER,00311898,BURCH,JAMES,HORTON,JR,908,EAGLE DR, ,MONTICELLO,GA,31064-8515,908,EAGLE DR,,MONTICELLO,GA,31064-8515,A,A,,11/02/2017,11/02/2017,11/02/2017,IN PERSON,NO,NO,,NO,,296,010,025,129,OCMU,00307,079003,00233,256,
JASPER,00292716,LYNCH,ERIN,CAMP,,979,WHITTEN RD, ,SHADY DALE,GA,31085-3571,979,WHITTEN RD,,SHADY DALE,GA,31085-3571,A,A,,11/03/2017,11/03/2017,11/03/2017,IN PERSON,NO,NO,,NO,,290,010,025,129,OCMU,00303,079003,00312,335,
JASPER,06625380,CAMPBELL,LEAH,MARIE,,149,HOLMAN RD, ,MONTICELLO,GA,31064,149,HOLMAN RD,,MONTICELLO,GA,31064,A,A,,11/01/2017,11/01/2017,11/01/2017,IN PERSON,NO,NO,,NO,,296,010,025,129,OCMU,00307,079003,00191,213,
JASPER,04516722,FORSYTHE,CHARLES,EUGENE,,538,EATONTON ST, ,MONTICELLO,GA,31064-1024,,PO BOX 718,,MONTICELLO,GA,31064-0071,A,A,,10/16/2017,10/16/2017,10/16/2017,IN PERSON,NO,NO,,NO,MONTI,295,010,025,129,OCMU,00301,079003,00009,9,
JASPER,00681784,WATSON,THOMAS,JOEL,,780,POPLAR ST, ,MONTICELLO,GA,31064-4512,780,POPLAR ST,,MONTICELLO,GA,31064-4512,A,A,,10/19/2017,10/19/2017,10/19/2017,IN PERSON,NO,NO,,NO,MONTI,295,010,025,129,OCMU,00310,079003,00032,41,
JASPER,00290747,GOOLSBY,JOHNNIE,MAE,,211,HIGHLAND AVE, ,MONTICELLO,GA,31064-1331,,PO BOX 432,,MONTICELLO,GA,31064-0043,A,A,,10/23/2017,10/23/2017,10/23/2017,IN PERSON,NO,NO,,NO,MONTI,295,010,025,129,OCMU,00302,079003,00064,79,
JASPER,04854770,GREEN,JONATHAN,MATTHEW,,9180,JACKSON LAKE RD, ,MONTICELLO,GA,31064,9180,JACKSON LAKE RD,,MONTICELLO,GA,31064,A,A,,10/16/2017,10/16/2017,10/16/2017,IN PERSON,NO,NO,,NO,,296,010,025,129,OCMU,00307,079003,00006,6,
JASPER,00292022,TORRANCE,RACHEL,ELENE,,414,E WASHINGTON ST, ,MONTICELLO,GA,31064-1022,,PO BOX 268,,MONTICELLO,GA,31064-0026,A,A,,11/01/2017,11/01/2017,11/01/2017,IN PERSON,NO,NO,,NO,MONTI,295,010,025,129,OCMU,00301,079003,00208,231,
JASPER,01375245,MURRAY,LUCILLE,B,,646,WEHUNT RD, ,MONTICELLO,GA,31064-5590,646,WEHUNT RD,,MONTICELLO,GA,31064-5590,A,A,,10/31/2017,10/31/2017,10/31/2017,IN PERSON,NO,NO,,NO,,295,010,025,129,OCMU,00307,079003,00166,186,
JASPER,00291819,ROPER,MARVIN,ARNOLD,,2453,GREER RD, ,HILLSBORO,GA,31038-4055,2453,GREER RD,,HILLSBORO,GA,31038-4055,A,A,,11/03/2017,11/03/2017,11/03/2017,IN PERSON,NO,NO,,NO,,295,010,025,129,OCMU,00300,079003,00254,277,
JASPER,00291573,LEGGETT,ROBERT,NEAL,SR,358,WHIPPOORWILL RD, ,MONTICELLO,GA,31064,,PO BOX 385,,MONTICELLO,GA,31064-0038,A,A,,11/03/2017,11/03/2017,11/03/2017,IN PERSON,NO,NO,,NO,,296,010,025,129,OCMU,00308,079003,00307,330,
JASPER,00312053,BURROW,SARA,KENDRICK,,2071,BETHEL CHURCH RD, ,MONTICELLO,GA,31064-8229,2071,BETHEL CHURCH RD,,MONTICELLO,GA,31064-8229,A,A,,10/31/2017,10/31/2017,10/31/2017,IN PERSON,NO,NO,,NO,,295,010,025,129,OCMU,00308,079003,00159,177,
JASPER,01416466,BOYD,BECKY,BERSCHIN,,7211,GOOLSBY RD, ,MONTICELLO,GA,31064-5286,7211,GOOLSBY RD,,MONTICELLO,GA,31064-5286,A,A,,10/19/2017,10/19/2017,10/19/2017,IN PERSON,NO,NO,,NO,,295,010,025,129,OCMU,00307,079003,00038,47,
JASPER,01335796,CAIN,ELIZABETH,LYNCH,,18171,GA HIGHWAY 83 N, ,MONTICELLO,GA,31064-6258,18171,GA HIGHWAY 83 N,,MONTICELLO,GA,31064-6258,A,A,,11/02/2017,11/02/2017,11/02/2017,IN PERSON,NO,NO,,NO,,295,010,025,129,OCMU,00303,079003,00244,267,
JASPER,07164924,LYNN,HOLLY,AILEEN,,1062,STAG RUN DR, ,MANSFIELD,GA,30055-5143,1062,STAG RUN DR,,MANSFIELD,GA,30055-5143,A,A,,10/24/2017,10/24/2017,10/24/2017,IN PERSON,NO,NO,,NO,,296,010,025,129,OCMU,00311,079003,00070,85,
JASPER,01713238,TUCKER,MYRA,JOYCE,,188,WOODLAND CT, ,MONTICELLO,GA,31064-6393,188,WOODLAND CT,,MONTICELLO,GA,31064-6393,A,A,,11/03/2017,11/03/2017,11/03/2017,IN PERSON,NO,NO,,NO,,295,010,025,129,OCMU,00303,079003,00294,317,
JASPER,00291408,MASON,KENNETH,REID,,1648,WILD RD, ,MONTICELLO,GA,31064,1648,WILD RD,,MONTICELLO,GA,31064,A,A,,11/03/2017,11/03/2017,11/03/2017,IN PERSON,NO,NO,,NO,,295,010,025,129,OCMU,00311,079003,00264,287,
JASPER,00291523,MCBROOM,NANCY,K,,544,MADDUX ST, ,MONTICELLO,GA,31064-1200,544,MADDUX ST,,MONTICELLO,GA,31064-1200,A,A,,11/03/2017,11/03/2017,11/03/2017,IN PERSON,NO,NO,,NO,MONTI,295,010,025,129,OCMU,00310,079003,00299,322,
JASPER,00293199,SAFFORD,MALACHI,DION,,10340,GA HIGHWAY 11 S, ,MONTICELLO,GA,31064-6614,10340,GA HIGHWAY 11 S,,MONTICELLO,GA,31064-6614,A,A,,10/20/2017,10/20/2017,10/20/2017,IN PERSON,NO,NO,,NO,,295,010,025,129,OCMU,00300,079003,00044,53,
JASPER,01726315,HAMRICK,HARRY,CLYDE,JR,1211,CONCORD RD, ,SHADY DALE,GA,31085-3309,,PO BOX 261,,MANSFIELD,GA,30055-0026,A,A,,10/31/2017,10/31/2017,10/31/2017,IN PERSON,NO,NO,,NO,,290,010,025,129,OCMU,00311,079003,00164,184,
JASPER,00090058,ROSE,LINDA,DAVIS,,78,W NUTHATCH DR, ,MONTICELLO,GA,31064,78,W NUTHATCH DR,,MONTICELLO,GA,31064,A,A,,10/31/2017,10/31/2017,10/31/2017,IN PERSON,NO,NO,,NO,,296,010,025,129,OCMU,00308,079003,00155,173,
JASPER,04882795,BOWEN,GREGORY,WAYNE,,89,BLUEJAY CT, ,MONTICELLO,GA,31064-9200,89,BLUEJAY CT,,MONTICELLO,GA,31064-9200,A,A,,11/02/2017,11/02/2017,11/02/2017,IN PERSON,NO,NO,,NO,,296,010,025,129,OCMU,00307,079003,00222,245,
JASPER,02891987,JORDAN,ROBERT,ONEIL,,3245,PERIMETER RD, ,MONTICELLO,GA,31064-3002,3245,PERIMETER RD,,MONTICELLO,GA,31064-3002,A,A,,11/02/2017,11/02/2017,11/02/2017,IN PERSON,NO,NO,,NO,,295,010,025,129,OCMU,00300,079003,00224,247,
JASPER,00290210,CAMPBELL,PRESTON,W,,200,STROZ DR S, ,MONTICELLO,GA,31064-7030,200,STROZ DR S,,MONTICELLO,GA,31064-7030,A,A,,11/02/2017,11/02/2017,11/02/2017,IN PERSON,NO,NO,,NO,,295,010,025,129,OCMU,00300,079003,00229,252,
JASPER,00291301,NEWTON,LARRY,MICHAEL,,520,CALVIN RD, ,MONTICELLO,GA,31064-4842,,PO BOX 487,,MONTICELLO,GA,31064-0048,A,A,,10/27/2017,10/27/2017,10/27/2017,IN PERSON,NO,NO,,NO,,295,010,025,129,OCMU,00308,079003,00103,120,
JASPER,00292330,MCMICHAEL,BOBBY,JOE,,9959,GA HIGHWAY 11 S, ,MONTICELLO,GA,31064-6621,9959,GA HIGHWAY 11 S,,MONTICELLO,GA,31064-6621,A,A,,11/02/2017,11/02/2017,11/02/2017,IN PERSON,NO,NO,,NO,,295,010,025,129,OCMU,00300,079003,00209,232,
JASPER,00291745,SHORT,LYNN,R,,815,SMITHBORO RD, ,MONTICELLO,GA,31064-5670,815,SMITHBORO RD,,MONTICELLO,GA,31064-5670,A,A,,10/27/2017,10/27/2017,10/27/2017,IN PERSON,NO,NO,,NO,,295,010,025,129,OCMU,00307,079003,00106,123,
JASPER,00290838,HOLLOWAY,JUDITH,R,,16143,GA HIGHWAY 11 N, ,MONTICELLO,GA,31064-4937,16143,GA HIGHWAY 11 N,,MONTICELLO,GA,31064-4937,A,A,,10/26/2017,10/26/2017,10/26/2017,IN PERSON,NO,NO,,NO,,295,010,025,129,OCMU,00308,079003,00092,109,
JASPER,00308809,ALLEN,WILLIAM,GEORGE,JR,476,E MOURNING DOVE CT, ,MONTICELLO,GA,31064-9240,476,E MOURNING DOVE CT,,MONTICELLO,GA,31064-9240,A,A,,10/31/2017,10/31/2017,10/31/2017,IN PERSON,NO,NO,,NO,,296,010,025,129,OCMU,00308,079003,00170,190,
JASPER,00291534,LYNCH,NANCY,M,,790,STOCK FARM RD, ,SHADY DALE,GA,31085-3510,790,STOCK FARM RD,,SHADY DALE,GA,31085-3510,A,A,,10/19/2017,10/19/2017,10/19/2017,IN PERSON,NO,NO,,NO,,290,010,025,129,OCMU,00303,079003,00035,44,
JASPER,07456132,HOLMAN,LYNDSY,ALLEN,,315,HOLMAN RD, ,MONTICELLO,GA,31064-8640,,PO BOX 857,,MONTICELLO,GA,31064-0085,A,A,,11/02/2017,11/02/2017,11/02/2017,IN PERSON,NO,NO,,NO,,296,010,025,129,OCMU,00307,079003,00220,243,
JASPER,03526153,COLE,DAVID,DARYL,,4416,COOK RD, ,MONTICELLO,GA,31064-8673,4416,COOK RD,,MONTICELLO,GA,31064-8673,A,A,,10/27/2017,10/27/2017,10/27/2017,IN PERSON,NO,NO,,NO,,296,010,025,129,OCMU,00307,079003,00113,130,
JASPER,00290439,HOWARD,BETTY,ARMISTEAD,,16515,GA HIGHWAY 11 N, ,MONTICELLO,GA,31064-4928,16515,GA HIGHWAY 11 N,,MONTICELLO,GA,31064-4928,A,A,,04/20/2016,10/16/2017,10/23/2017,MAILED,NO,NO,ELDERLY,NO,,295,010,025,129,OCMU,00308,,00002,18,
JASPER,04985789,CLEMENTS,RUDOLPH,,,997,MARTIN LUTHER KING DR, ,MONTICELLO,GA,31064-6748,997,MARTIN LUTHER KING ,,MONTICELLO,GA,31064-6748,A,A,,05/10/2016,10/16/2017,10/31/2017,MAILED,NO,NO,DISABLED,NO,MONTI,295,010,025,129,OCMU,00301,,00003,23,
JASPER,05068364,JACKSON,RUDELL,,,9814,GA HIGHWAY 83 S, ,MONTICELLO,GA,31064-7304,9814,GA HIGHWAY 83 S,,MONTICELLO,GA,31064-7304,A,A,,10/23/2017,10/23/2017,10/23/2017,IN PERSON,NO,NO,,NO,,295,010,025,129,OCMU,00300,079003,00058,68,
JASPER,00152542,DYER,JILL,WYNENS,,634,TURNER RD, ,HILLSBORO,GA,31038-2110,,PO BOX 53,,HILLSBORO,GA,31038-0005,A,A,,10/31/2017,10/31/2017,10/31/2017,IN PERSON,NO,NO,,NO,,295,010,025,129,OCMU,00307,079003,00165,185,
JASPER,03338537,HARRISON,ANNA,ELIZABETH,,1174,CASON RD, ,MONTICELLO,GA,31064-3819,,PO BOX 26,,MONTICELLO,GA,31064-0002,A,A,,10/16/2017,10/16/2017,10/16/2017,IN PERSON,NO,NO,,NO,,296,010,025,129,OCMU,00308,079003,00003,3,
JASPER,05920409,GANTT,JENNIFER,LEIGH,,1058,FUNDERBURG DR,LOT 6E,MONTICELLO,GA,31064,1058,FUNDERBURG DR,LOT 6E,MONTICELLO,GA,31064,A,A,,10/25/2017,10/25/2017,10/25/2017,IN PERSON,NO,NO,,NO,MONTI,295,010,025,129,OCMU,00301,079003,00083,100,
JASPER,10198192,BENTLEY,JUSTIN,KEITH,,2828,GA HIGHWAY 212 W, ,MONTICELLO,GA,31064,2828,GA HIGHWAY 212 W,,MONTICELLO,GA,31064,A,A,,11/01/2017,11/01/2017,11/06/2017,MAILED,NO,NO,,NO,,295,010,025,129,OCMU,00308,,00006,220,
JASPER,05580881,WILLIAMS,BRANDON,DEONTAE,,1039,FUNDERBURG DR, ,MONTICELLO,GA,31064-1452,1039,FUNDERBURG DR,,MONTICELLO,GA,31064-1452,A,A,,11/03/2017,11/03/2017,11/03/2017,IN PERSON,NO,NO,,NO,MONTI,295,010,025,129,OCMU,00301,079003,00297,320,
JASPER,00292504,HOWARD,ANNETTE,G,,42,CHURCH ST, ,SHADY DALE,GA,31085,,PO BOX 18,,SHADY DALE,GA,31085-0001,A,A,,10/31/2017,10/31/2017,10/31/2017,IN PERSON,NO,NO,,NO,SHADY,290,010,025,129,OCMU,00304,079003,00173,193,
JASPER,03508109,ZECH,DONNA,SUZANNE TRULUCK,,2240,GA HIGHWAY 212 W, ,MONTICELLO,GA,31064,2240,GA HIGHWAY 212 W,,MONTICELLO,GA,31064,A,A,,10/24/2017,10/24/2017,10/24/2017,IN PERSON,NO,NO,,NO,,295,010,025,129,OCMU,00308,079003,00068,83,
JASPER,01389738,FONTAINE,SHARON,WATSON,,558,LONG PINEY RD, ,MANSFIELD,GA,30055-2454,558,LONG PINEY RD,,MANSFIELD,GA,30055-2454,A,A,,10/23/2017,10/23/2017,10/23/2017,IN PERSON,NO,NO,,NO,,296,010,025,129,OCMU,00308,079003,00062,76,
JASPER,00291536,LYNCH,LARRY,PERSONS,,790,STOCK FARM RD, ,SHADY DALE,GA,31085-3510,790,STOCK FARM RD,,SHADY DALE,GA,31085-3510,A,A,,10/18/2017,10/18/2017,10/18/2017,IN PERSON,NO,NO,,NO,,290,010,025,129,OCMU,00303,079003,00028,37,
JASPER,00292131,STORK,JOHN,C,,34,MALLARD LN, ,MONTICELLO,GA,31064-7800,,PO BOX 507,,MONTICELLO,GA,31064-0050,A,A,,10/30/2017,10/30/2017,10/30/2017,IN PERSON,NO,NO,,NO,MONTI,295,010,025,129,OCMU,00302,079003,00139,157,
JASPER,04263801,MOIST,LINWOOD,RUCKER,JR,259,BLACKBIRD CIR, ,MONTICELLO,GA,31064,259,BLACKBIRD CIR,,MONTICELLO,GA,31064,A,A,,11/02/2017,11/02/2017,11/02/2017,IN PERSON,NO,NO,,NO,,296,010,025,129,OCMU,00307,079003,00234,257,
JASPER,01713240,TUCKER,THOMAS,BRYAN,,188,WOODLAND CT, ,MONTICELLO,GA,31064-6393,188,WOODLAND CT,,MONTICELLO,GA,31064-6393,A,A,,11/03/2017,11/03/2017,11/03/2017,IN PERSON,NO,NO,,NO,,295,010,025,129,OCMU,00303,079003,00295,318,
JASPER,00329942,ROBINSON,VICTOR,DUANE,,3991,CONCORD RD, ,NEWBORN,GA,30056-2873,3991,CONCORD RD,,NEWBORN,GA,30056-2873,A,A,,10/23/2017,10/23/2017,10/23/2017,IN PERSON,NO,NO,,NO,,290,010,025,129,OCMU,00311,079003,00054,64,
JASPER,00291493,MCMICHAEL,JAMES,HARVEY,JR,1101,GA HIGHWAY 212 E, ,MONTICELLO,GA,31064-6423,,PO BOX 66,,MONTICELLO,GA,31064-0006,A,A,,10/25/2017,10/25/2017,10/25/2017,IN PERSON,NO,NO,,NO,,295,010,025,129,OCMU,00307,079003,00086,103,
JASPER,00293215,ECKER,DONALD,D,,19782,GA HIGHWAY 11 N, ,MONTICELLO,GA,31064-3900,19782,GA HIGHWAY 11 N,,MONTICELLO,GA,31064-3900,A,A,,10/31/2017,10/31/2017,10/31/2017,IN PERSON,NO,NO,,NO,,295,010,025,129,OCMU,00311,079003,00162,180,
JASPER,04176524,THORNTON,LUKE,HILLYER,,5500,POST RD, ,MONTICELLO,GA,31064,5500,POST RD,,MONTICELLO,GA,31064,A,A,,10/26/2017,10/26/2017,10/26/2017,IN PERSON,NO,NO,,NO,,295,010,025,129,OCMU,00303,079003,00097,114,
JASPER,01376878,BLANKENSHIP,THAD,BYRON,,30,INLET LN, ,MONTICELLO,GA,31064-3544,30,INLET LN,,MONTICELLO,GA,31064-3544,A,A,,10/30/2017,10/30/2017,10/30/2017,IN PERSON,NO,NO,,NO,,296,010,025,129,OCMU,00311,079003,00141,159,
JASPER,07291463,MINTER,EUBEE,,,41,STROZ DR S, ,MONTICELLO,GA,31064,,P O 248,,MONTICELLO,GA,31064,A,A,,10/30/2017,10/30/2017,10/30/2017,IN PERSON,NO,NO,,NO,,295,010,025,129,OCMU,00300,079003,00131,148,
JASPER,03962736,DENNIS,TOWONDER,DESHON,,10929,GA HIGHWAY 83 S, ,MONTICELLO,GA,31064-7022,10929,GA HIGHWAY 83 S,,MONTICELLO,GA,31064-7022,A,A,,10/16/2017,10/16/2017,10/16/2017,IN PERSON,NO,NO,,NO,,295,010,025,129,OCMU,00300,079003,00010,10,
JASPER,00292157,STEPHENS,DANNY,E,,181,CEDAR CREEK DR, ,MONTICELLO,GA,31064-6557,181,CEDAR CREEK DR,,MONTICELLO,GA,31064-6557,A,A,,11/01/2017,11/01/2017,11/01/2017,IN PERSON,NO,NO,,NO,,295,010,025,129,OCMU,00300,079003,00207,230,
JASPER,02235336,GREESON,JEFFREY,HARRIS,,2927,LIBERTY CHURCH RD, ,MONTICELLO,GA,31064-4133,2927,LIBERTY CHURCH RD,,MONTICELLO,GA,31064-4133,A,A,,10/27/2017,10/27/2017,10/27/2017,IN PERSON,NO,NO,,NO,,295,010,025,129,OCMU,00308,079003,00112,129,
JASPER,00290980,JORDAN,DANIEL,CLYDE,,1726,JORDAN RD, ,MONTICELLO,GA,31064-6455,1726,JORDAN RD,,MONTICELLO,GA,31064-6455,A,A,,10/20/2017,10/20/2017,10/20/2017,IN PERSON,NO,NO,,NO,,295,010,025,129,OCMU,00307,079003,00043,52,
JASPER,00292069,THORNTON,FRANCES,J,,5500,POST RD, ,MONTICELLO,GA,31064-4749,5500,POST RD,,MONTICELLO,GA,31064-4749,A,A,,10/26/2017,10/26/2017,10/26/2017,IN PERSON,NO,NO,,NO,,295,010,025,129,OCMU,00303,079003,00089,106,
JASPER,00292463,ROGERS,PATRICIA,B,,17361,GA HIGHWAY 83 N, ,MONTICELLO,GA,31064-6205,17361,GA HIGHWAY 83 N,,MONTICELLO,GA,31064-6205,A,A,,10/26/2017,10/26/2017,10/26/2017,IN PERSON,NO,NO,,NO,,295,010,025,129,OCMU,00303,079003,00093,110,
JASPER,07422003,MORRIS,JOEY,VINCENT,,5391,GA HIGHWAY 212 E, ,MONTICELLO,GA,31064-5655,5391,GA HIGHWAY 212 E,,MONTICELLO,GA,31064-5655,A,A,,10/31/2017,10/31/2017,10/31/2017,IN PERSON,NO,NO,,NO,,295,010,025,129,OCMU,00307,079003,00157,175,
JASPER,00291465,MCWILLIAMS,MARY,OLSEN,,113,BLANCHE ST, ,MONTICELLO,GA,31064-1825,113,BLANCHE ST,,MONTICELLO,GA,31064-1825,A,A,,11/01/2017,11/01/2017,11/01/2017,IN PERSON,NO,NO,,NO,MONTI,295,010,025,129,OCMU,00302,079003,00183,205,
JASPER,00290660,FOWLER,MINNIE,LILLIAN,,2460,DUMAS RD, ,HILLSBORO,GA,31038-3415,2460,DUMAS RD,,HILLSBORO,GA,31038-3415,A,A,,10/30/2017,10/30/2017,10/30/2017,IN PERSON,NO,NO,,NO,,295,010,025,129,OCMU,00307,079003,00135,153,
JASPER,03916066,PAUL,BONNIE,SUE,,141,CROW CT, ,MONTICELLO,GA,31064-8923,141,CROW CT,,MONTICELLO,GA,31064-8923,A,A,,10/23/2017,10/23/2017,10/23/2017,IN PERSON,NO,NO,,NO,,296,010,025,129,OCMU,00307,079003,00052,62,
JASPER,00291734,SMALL,BETTY,JO,,2443,LIBERTY CHURCH RD, ,MONTICELLO,GA,31064-4179,2443,LIBERTY CHURCH RD,,MONTICELLO,GA,31064-4179,A,A,,10/20/2017,10/20/2017,10/20/2017,IN PERSON,NO,NO,,NO,,295,010,025,129,OCMU,00308,079003,00042,51,
JASPER,00291287,NORRIS,WILLIAM,HENRY,JR,2649,PERSONS ST, ,MONTICELLO,GA,31064-7829,2649,PERSONS ST,,MONTICELLO,GA,31064-7829,A,A,,11/03/2017,11/03/2017,11/03/2017,IN PERSON,NO,NO,,NO,MONTI,295,010,025,129,OCMU,00302,079003,00276,299,
JASPER,00290887,HENRY,BRUCE,ERIC,,1551,BARR BRIDGE RD, ,SHADY DALE,GA,31085-3107,1551,BARR BRIDGE RD,,SHADY DALE,GA,31085-3107,A,A,,10/31/2017,10/31/2017,10/31/2017,IN PERSON,NO,NO,,NO,,290,010,025,129,OCMU,00303,079003,00177,199,
JASPER,02015718,PADGETT,JONEEN,JAMES,,485,SEVEN ISLAND RD, ,MONTICELLO,GA,31064-8121,485,SEVEN ISLAND RD,,MONTICELLO,GA,31064-8121,A,A,,10/16/2017,10/16/2017,10/16/2017,IN PERSON,NO,NO,,NO,,295,010,025,129,OCMU,00308,079003,00014,14,
JASPER,06225828,MATHURA,MELISSA,LEE,,504,ROSS RD, ,SHADY DALE,GA,31085-3228,504,ROSS RD,,SHADY DALE,GA,31085-3228,A,A,,10/30/2017,10/30/2017,10/30/2017,IN PERSON,NO,NO,,NO,,290,010,025,129,OCMU,00303,079003,00147,165,
JASPER,00312426,CANNON,TIMOTHY,CARL,,2300,ROCK EAGLE RD, ,MONTICELLO,GA,31064,2300,ROCK EAGLE RD,,MONTICELLO,GA,31064,A,A,,10/20/2017,10/20/2017,10/20/2017,IN PERSON,NO,NO,,NO,,295,010,025,129,OCMU,00303,079003,00041,50,
JASPER,00292320,HARRIS,PATRICIA,PRICE,,279,OLD AGATEVILLE RD, ,HILLSBORO,GA,31038-3836,279,OLD AGATEVILLE RD,,HILLSBORO,GA,31038-3836,A,A,,11/03/2017,11/03/2017,11/03/2017,IN PERSON,NO,NO,,NO,,295,010,025,129,OCMU,00300,079003,00275,298,
JASPER,00293538,SPARKS,WESLEY,MICHAEL,,1529,POST RD, ,MONTICELLO,GA,31064,,P O BOX 141,,MONTICELLO,GA,31064,A,A,,11/02/2017,11/02/2017,11/02/2017,IN PERSON,NO,NO,,NO,,295,010,025,129,OCMU,00308,079003,00238,261,
JASPER,01351205,NORTON,TRACY,TROVILLO,,202,WEHUNT RD, ,MONTICELLO,GA,31064-4304,202,WEHUNT RD,,MONTICELLO,GA,31064-4304,A,A,,11/02/2017,11/02/2017,11/02/2017,IN PERSON,NO,NO,,NO,,295,010,025,129,OCMU,00307,079003,00218,241,
JASPER,03350070,GANTT,TRAVIS,VIONDI,,982,HILLSBORO ST,LOT #6E,MONTICELLO,GA,31064,982,HILLSBORO ST,LOT #6E,MONTICELLO,GA,31064,A,A,,10/25/2017,10/25/2017,10/25/2017,IN PERSON,NO,NO,,NO,MONTI,295,010,025,129,OCMU,00301,079003,00084,101,
JASPER,00290298,BRADY,TOM,M,,400,MALONE DR, ,MONTICELLO,GA,31064-4923,400,MALONE DR,,MONTICELLO,GA,31064-4923,A,A,,11/02/2017,11/02/2017,11/02/2017,IN PERSON,NO,NO,,NO,,295,010,025,129,OCMU,00308,079003,00217,240,
JASPER,01754319,HARRELL,GAIL,ELAINE,,559,HILLSBORO ST, ,MONTICELLO,GA,31064-1045,559,HILLSBORO ST,,MONTICELLO,GA,31064-1045,A,A,,10/25/2017,10/25/2017,10/25/2017,IN PERSON,NO,NO,,NO,MONTI,295,010,025,129,OCMU,00301,079003,00085,102,
JASPER,00290427,ARTESSA,DAVID,ANTHONY,,16310,GA HIGHWAY 11 N, ,MONTICELLO,GA,31064-4932,,PO BOX 452,,MONTICELLO,GA,31064-0045,A,A,,11/02/2017,11/02/2017,11/02/2017,IN PERSON,NO,NO,,NO,,295,010,025,129,OCMU,00308,079003,00231,254,
JASPER,00290061,CUNARD,ELWOOD,M,,283,CLAY ST, ,MONTICELLO,GA,31064-7560,,PO BOX 455,,MONTICELLO,GA,31064-0045,A,A,,11/02/2017,11/02/2017,11/02/2017,IN PERSON,NO,NO,,NO,MONTI,295,010,025,129,OCMU,00302,079003,00241,264,
JASPER,00292519,ARENA,JOSEPH,LOVRENCE,,538,COLLEGE ST, ,MONTICELLO,GA,31064-1252,538,COLLEGE ST,,MONTICELLO,GA,31064-1252,A,A,,10/27/2017,10/27/2017,10/27/2017,IN PERSON,NO,NO,,NO,MONTI,295,010,025,129,OCMU,00306,079003,00119,136,
JASPER,00291492,MCMICHAEL,JAMES,HARVEY,SR,827,GA HIGHWAY 212 E, ,MONTICELLO,GA,31064,,PO BOX 226,,MONTICELLO,GA,31064-0022,A,A,,10/30/2017,10/30/2017,10/30/2017,IN PERSON,NO,NO,,NO,,295,010,025,129,OCMU,00307,079003,00134,152,
JASPER,00291237,PATRICK,MARY,P,,3501,GA HIGHWAY 212 W, ,MONTICELLO,GA,31064-8107,3501,GA HIGHWAY 212 W,,MONTICELLO,GA,31064-8107,A,A,,10/27/2017,10/27/2017,10/27/2017,IN PERSON,NO,NO,,NO,,295,010,025,129,OCMU,00308,079003,00109,126,
JASPER,00292435,MANVILLE,PAMELA,B,,82,GA HIGHWAY 212 E, ,MONTICELLO,GA,31064-6465,82,GA HIGHWAY 212 E,,MONTICELLO,GA,31064-6465,A,A,,11/03/2017,11/03/2017,11/03/2017,IN PERSON,NO,NO,,NO,MONTI,295,010,025,129,OCMU,00301,079003,00278,301,
JASPER,00292154,STEPHENS,JUATASSA,C,,181,CEDAR CREEK DR, ,MONTICELLO,GA,31064-6557,181,CEDAR CREEK DR,,MONTICELLO,GA,31064-6557,A,A,,11/01/2017,11/01/2017,11/01/2017,IN PERSON,NO,NO,,NO,,295,010,025,129,OCMU,00300,079003,00206,229,
JASPER,10867533,PHILLIPS,MELISSA,LEEANN,,1551,BARR BRIDGE RD, ,SHADY DALE,GA,31085,1551,BARR BRIDGE RD,,SHADY DALE,GA,31085,A,A,,11/03/2017,11/03/2017,11/03/2017,IN PERSON,NO,NO,,NO,,290,010,025,129,OCMU,00303,079003,00271,294,
JASPER,03831809,COLLIER,JAMISON,ASHLEY,,492,W WASHINGTON ST, ,MONTICELLO,GA,31064-1368,492,W WASHINGTON ,,MONTICELLO,GA,31064-1368,A,A,,11/03/2017,11/03/2017,11/03/2017,IN PERSON,NO,NO,,NO,MONTI,295,010,025,129,OCMU,00310,079003,00318,342,
JASPER,01865841,BARRON,DANNY,E,,2084,FELLOWSHIP RD, ,MONTICELLO,GA,31064-7558,2084,FELLOWSHIP RD,,MONTICELLO,GA,31064-7558,A,A,,11/01/2017,11/01/2017,11/01/2017,IN PERSON,NO,NO,,NO,,295,010,025,129,OCMU,00300,079003,00187,209,
JASPER,00292111,THOMAS,BELVERY,JONES,,41,STROZ DR S, ,MONTICELLO,GA,31064-7033,41,STROZ DR S,,MONTICELLO,GA,31064-7033,A,A,,10/18/2017,10/18/2017,10/18/2017,IN PERSON,NO,NO,,NO,,295,010,025,129,OCMU,00300,079003,00026,35,
JASPER,02550477,DANIEL,LENORA,DULING,,5369,GA HIGHWAY 212 E, ,MONTICELLO,GA,31064-5655,5369,GA HIGHWAY 212 E,,MONTICELLO,GA,31064-5655,A,A,,10/19/2017,10/19/2017,10/19/2017,IN PERSON,NO,NO,,NO,,295,010,025,129,OCMU,00307,079003,00036,45,
JASPER,02308675,GUERRERO,ANGELA,ROSE,,870,BEAR CREEK MARINA RD, ,MANSFIELD,GA,30055-4123,870,BEAR CREEK MARINA RD,,MANSFIELD,GA,30055-4123,A,A,,10/16/2017,10/16/2017,10/16/2017,IN PERSON,NO,NO,,NO,,296,010,025,129,OCMU,00311,079003,00001,1,
JASPER,01416704,BOYD,THOMAS,ANDREW,,7211,GOOLSBY RD, ,MONTICELLO,GA,31064-5286,7211,GOOLSBY RD,,MONTICELLO,GA,31064-5286,A,A,,10/20/2017,10/20/2017,10/20/2017,IN PERSON,NO,NO,,NO,,295,010,025,129,OCMU,00307,079003,00046,55,
JASPER,00292162,STANDIFER,STACEY,GOOLSBY,,911,MARTIN LUTHER KING DR, ,MONTICELLO,GA,31064-6703,,PO BOX 12,,MONTICELLO,GA,31064-0001,A,A,,04/16/2016,10/20/2017,10/25/2017,MAILED,NO,NO,DISABLED,NO,MONTI,295,010,025,129,OCMU,00301,,00004,56,
JASPER,00293997,SALMON,DAVID,CRAIG,,699,SEVEN ISLAND RD, ,MONTICELLO,GA,31064-8164,699,SEVEN ISLAND RD,,MONTICELLO,GA,31064-8164,A,A,,10/18/2017,10/18/2017,10/18/2017,IN PERSON,NO,NO,,NO,,295,010,025,129,OCMU,00308,079003,00029,38,
JASPER,01376498,MURRAY,JAMES,RICHARD,,646,WEHUNT RD, ,MONTICELLO,GA,31064-5590,646,WEHUNT RD,,MONTICELLO,GA,31064-5590,A,A,,10/31/2017,10/31/2017,10/31/2017,IN PERSON,NO,NO,,NO,,295,010,025,129,OCMU,00307,079003,00167,187,
JASPER,00291496,MCMICHAEL,EDITH,C,,2437,GOOLSBY RD, ,MONTICELLO,GA,31064-5104,2437,GOOLSBY RD,,MONTICELLO,GA,31064-5104,A,A,,10/31/2017,10/31/2017,11/06/2017,MAILED,NO,NO,,NO,,295,010,025,129,OCMU,00307,,00002,197,
JASPER,00291349,KELLER,LINDA,MILLS,,159,MADDUX ST, ,MONTICELLO,GA,31064-1225,159,MADDUX ST,,MONTICELLO,GA,31064-1225,A,A,,10/23/2017,10/23/2017,10/23/2017,IN PERSON,NO,NO,,NO,MONTI,295,010,025,129,OCMU,00310,079003,00056,66,
JASPER,00291102,WILSON,JAMES,S,JR,12615,GA HIGHWAY 11 N, ,MONTICELLO,GA,31064-4589,12615,GA HIGHWAY 11 N,,MONTICELLO,GA,31064-4589,A,A,,10/27/2017,10/27/2017,10/27/2017,IN PERSON,NO,NO,,NO,,295,010,025,129,OCMU,00308,079003,00122,139,
JASPER,00291898,WHITTEN,WILLIAM,H,,2984,SMITHBORO RD, ,MONTICELLO,GA,31064-5502,2984,SMITHBORO RD,,MONTICELLO,GA,31064-5502,A,A,,10/27/2017,10/27/2017,10/27/2017,IN PERSON,NO,NO,,NO,,295,010,025,129,OCMU,00307,079003,00120,137,
JASPER,10144291,TYLER,MALCOM,RICHARD,,3622,FELLOWSHIP RD, ,MONTICELLO,GA,31064,3622,FELLOWSHIP RD,,MONTICELLO,GA,31064,A,A,,10/24/2017,10/24/2017,10/24/2017,IN PERSON,NO,NO,,NO,,295,010,025,129,OCMU,00307,079003,00074,89,
JASPER,00294101,GASSES,ANN,WESTMORELAND,,692,W GREENE ST, ,MONTICELLO,GA,31064-1356,692,W GREENE ST,,MONTICELLO,GA,31064-1356,A,A,,05/12/2016,10/31/2017,11/02/2017,MAILED,NO,NO,ELDERLY,NO,MONTI,295,010,025,129,OCMU,00310,,00001,196,
JASPER,00290172,CARTER,MINNIE,PEARL,,156,VANBUREN ST, ,MONTICELLO,GA,31064,156,VANBUREN ST,,MONTICELLO,GA,31064,A,C,Ballot was Undelivered,10/02/2017,10/16/2017,11/02/2017,MAILED,NO,NO,,NO,MONTI,295,010,025,129,OCMU,00301,,00001,20,
JASPER,00315548,DUNN,MARY,MAUGHON,,814,MCMICHAEL RD, ,MONTICELLO,GA,31064-5268,814,MCMICHAEL RD,,MONTICELLO,GA,31064-5268,A,A,,11/03/2017,11/03/2017,11/03/2017,IN PERSON,NO,NO,,NO,,295,010,025,129,OCMU,00307,079003,00292,315,
JASPER,00290831,HOOPER,DEBORAH,BOONE,,1242,COLLEGE ST,APT B-1,MONTICELLO,GA,31064,1242,COLLEGE ST,APT B-1,MONTICELLO,GA,31064,A,A,,11/03/2017,11/03/2017,11/03/2017,IN PERSON,NO,NO,,NO,MONTI,295,010,025,129,OCMU,00306,079003,00311,334,
JASPER,01383016,CROWE,ANDREA,HOWELL,,2407,JORDAN RD, ,MONTICELLO,GA,31064-5135,,PO BOX 213,,MONTICELLO,GA,31064-0021,A,A,,11/03/2017,11/03/2017,11/03/2017,IN PERSON,NO,NO,,NO,,295,010,025,129,OCMU,00307,079003,00317,340,
JASPER,00290784,GASSES,LYNDA,JORDAN,,246,CONNER ST, ,MONTICELLO,GA,31064-1312,,PO BOX 610,,MONTICELLO,GA,31064-0061,A,A,,10/16/2017,10/16/2017,10/16/2017,IN PERSON,NO,NO,,NO,MONTI,295,010,025,129,OCMU,00310,079003,00004,4,
JASPER,04753868,MOCK,CANDICE,MARIE,,106,PINE ST, ,MONTICELLO,GA,31064-4580,106,PINE ST,,MONTICELLO,GA,31064-4580,A,A,,10/30/2017,10/30/2017,10/30/2017,IN PERSON,NO,NO,,NO,MONTI,295,010,025,129,OCMU,00310,079003,00149,167,
JASPER,00291429,MARKS,WILLIE,CLARENCE,,1993,PERIMETER RD, ,MONTICELLO,GA,31064-6849,1993,PERIMETER RD,,MONTICELLO,GA,31064-6849,A,A,,10/27/2017,10/27/2017,10/27/2017,IN PERSON,NO,NO,,NO,,295,010,025,129,OCMU,00300,079003,00105,122,
JASPER,00291490,MCMICHAEL,JANICE,RAE,,14811,GA HIGHWAY 16 E, ,MONTICELLO,GA,31064-5720,14811,GA HIGHWAY 16 E,,MONTICELLO,GA,31064-5720,A,A,,11/02/2017,11/02/2017,11/02/2017,IN PERSON,NO,NO,,NO,,295,010,025,129,OCMU,00303,079003,00228,251,
JASPER,01401216,WATSON,ELLEN,WILLIS,,14180,GA HIGHWAY 11 N, ,MONTICELLO,GA,31064-4911,14180,GA HIGHWAY 11 N,,MONTICELLO,GA,31064-4911,A,A,,11/01/2017,11/01/2017,11/01/2017,IN PERSON,NO,NO,,NO,,295,010,025,129,OCMU,00308,079003,00202,225,
JASPER,00323409,LEWIS,JANET,GIBSON,,586,HOLLOWAY HOLW, ,MONTICELLO,GA,31064-4104,586,HOLLOWAY HOLW,,MONTICELLO,GA,31064-4104,A,A,,04/22/2016,10/23/2017,10/26/2017,MAILED,NO,NO,DISABLED,NO,,295,010,025,129,OCMU,00308,,00003,71,
JASPER,02042489,MCMASTER,BELLE,MILLER,,34,MALLARD LN, ,MONTICELLO,GA,31064,,P O BOX 508,,MONTICELLO,GA,31064,A,A,,10/30/2017,10/30/2017,10/30/2017,IN PERSON,NO,NO,,NO,MONTI,295,010,025,129,OCMU,00302,079003,00138,156,
JASPER,01894031,BELL,WILLIAM,BROWN,JR,855,HARVEY LANE RD, ,MONTICELLO,GA,31064-8144,855,HARVEY LANE RD,,MONTICELLO,GA,31064-8144,A,A,,11/01/2017,11/01/2017,11/01/2017,IN PERSON,NO,NO,,NO,,295,010,025,129,OCMU,00308,079003,00186,208,
JASPER,00292494,WILSON,MARY,ELLEN,,12615,GA HIGHWAY 11 N, ,MONTICELLO,GA,31064-4589,12615,GA HIGHWAY 11 N,,MONTICELLO,GA,31064-4589,A,A,,10/27/2017,10/27/2017,10/27/2017,IN PERSON,NO,NO,,NO,,295,010,025,129,OCMU,00308,079003,00123,140,
JASPER,03774001,WALSH,ANGELA,STONE,,4435,CLAY RD, ,MONTICELLO,GA,31064-7432,4435,CLAY RD,,MONTICELLO,GA,31064-7432,A,A,,10/26/2017,10/26/2017,10/26/2017,IN PERSON,NO,NO,,NO,,295,010,025,129,OCMU,00307,079003,00088,105,
JASPER,06558156,HINTON,JOSEPH,ANTHONY,,8581,ROCK EAGLE RD, ,MONTICELLO,GA,31064,8581,ROCK EAGLE RD,,MONTICELLO,GA,31064,A,A,,10/20/2017,10/20/2017,10/20/2017,IN PERSON,NO,NO,,NO,,290,010,025,129,OCMU,00303,079003,00040,49,
JASPER,00290283,BRIDGES,PAUL,RICHARD,,2381,POST RD, ,MONTICELLO,GA,31064,2381,POST RD,,MONTICELLO,GA,31064,A,A,,10/27/2017,10/27/2017,10/27/2017,IN PERSON,NO,NO,,NO,,295,010,025,129,OCMU,00308,079003,00110,127,
JASPER,00625829,HALL,KASEY,REID,,224,ROBERT DR, ,MONTICELLO,GA,31064-6303,,PO BOX 517,,MONTICELLO,GA,31064-0051,A,A,,11/03/2017,11/03/2017,11/03/2017,IN PERSON,NO,NO,,NO,MONTI,295,010,025,129,OCMU,00306,079003,00296,319,
JASPER,00323415,LEWIS,JOSEPH,R,,586,HOLLOWAY HOLW, ,MONTICELLO,GA,31064-4104,586,HOLLOWAY HOLW,,MONTICELLO,GA,31064-4104,A,A,,10/07/2016,10/23/2017,10/26/2017,MAILED,NO,NO,ELDERLY,NO,,295,010,025,129,OCMU,00308,,00004,72,
JASPER,00293193,WORKMAN,JEAN,C,,678,FORSYTH ST, ,MONTICELLO,GA,31064-1318,678,FORSYTH ST,,MONTICELLO,GA,31064-1318,A,A,,10/23/2017,10/23/2017,10/23/2017,IN PERSON,NO,NO,,NO,MONTI,295,010,025,129,OCMU,00302,079003,00050,60,
JASPER,03778111,POOL,NANCY,LOUISE,,1288,BLUE RUIN ST, ,MONTICELLO,GA,31064,,PO BOX 246,,MONTICELLO,GA,31064-0024,A,A,,10/23/2017,10/23/2017,10/23/2017,IN PERSON,NO,NO,,NO,,295,010,025,129,OCMU,00303,079003,00047,57,
JASPER,00290779,GASTON,JOEL,MILTON,,82,DOGWOOD LN, ,MONTICELLO,GA,31064-6520,,PO BOX 67,,MONTICELLO,GA,31064-0006,A,A,,10/25/2017,10/25/2017,10/25/2017,IN PERSON,NO,NO,,NO,,295,010,025,129,OCMU,00307,079003,00077,92,
JASPER,11439767,BOYD,THOMAS,IAN,,7211,GOOLSBY RD, ,MONTICELLO,GA,31064,7211,GOOLSBY RD,,MONTICELLO,GA,31064,A,A,,10/27/2017,10/27/2017,10/27/2017,IN PERSON,NO,NO,,NO,,295,010,025,129,OCMU,00307,079003,00117,134,
JASPER,08433811,JOHNSTON,NICHOLAS,BRYANT,,2388,BRAGG RD, ,MONTICELLO,GA,31064-5630,2388,BRAGG RD,,MONTICELLO,GA,31064-5630,A,A,,10/16/2017,10/16/2017,10/16/2017,IN PERSON,NO,NO,,NO,,295,010,025,129,OCMU,00307,079003,00007,7,
JASPER,00292212,LEDFORD,CAROL,J,,22,PHEASANT DR, ,MONTICELLO,GA,31064-8743,22,PHEASANT DR,,MONTICELLO,GA,31064-8743,A,A,,11/01/2017,11/01/2017,11/01/2017,IN PERSON,NO,NO,,NO,,296,010,025,129,OCMU,00307,079003,00205,228,
JASPER,00292380,CUNARD,DORIS,TONEY,,283,CLAY ST, ,MONTICELLO,GA,31064-7560,,PO BOX 455,,MONTICELLO,GA,31064-0045,A,A,,11/02/2017,11/02/2017,11/02/2017,IN PERSON,NO,NO,,NO,MONTI,295,010,025,129,OCMU,00302,079003,00240,263,
JASPER,00292472,STANDIFER,LILLIE,BELL,,2034,MARTIN LUTHER KING DR, ,MONTICELLO,GA,31064-6719,2034,MARTIN LUTHER KING ,,MONTICELLO,GA,31064-6719,A,A,,10/24/2016,10/31/2017,11/06/2017,MAILED,NO,NO,ELDERLY,NO,MONTI,295,010,025,129,OCMU,00301,,00008,183,
JASPER,00290221,CAMP,MARY,W,,2289,GA HIGHWAY 212 W, ,MONTICELLO,GA,31064-8031,2289,GA HIGHWAY 212 W,,MONTICELLO,GA,31064-8031,A,A,,11/03/2017,11/03/2017,11/03/2017,IN PERSON,NO,NO,,NO,,295,010,025,129,OCMU,00308,079003,00286,309,
JASPER,03561048,SIMMONS,LISA,MISHELL,,2466,PALALTO RD, ,MONTICELLO,GA,31064,2466,PALALTO RD,,MONTICELLO,GA,31064,A,A,,10/30/2017,10/30/2017,10/30/2017,IN PERSON,NO,NO,,NO,,295,010,025,129,OCMU,00308,079003,00130,147,
JASPER,06509758,BELL,MARITSA,PROCTOR,,7464,CLAY RD, ,MONTICELLO,GA,31064-7105,7464,CLAY RD,,MONTICELLO,GA,31064-7105,A,A,,11/03/2017,11/03/2017,11/03/2017,IN PERSON,NO,NO,,NO,,295,010,025,129,OCMU,00300,079003,00315,338,
JASPER,00293275,MINTER,ROGER,LEE,,180,HUNTERS RIDGE DR, ,MONTICELLO,GA,31064,180,HUNTERS RIDGE DR,,MONTICELLO,GA,31064,A,A,,10/16/2017,10/16/2017,10/16/2017,IN PERSON,NO,NO,,NO,MONTI,295,010,025,129,OCMU,00301,079003,00005,5,
JASPER,00292495,WHITMAN,PATRICIA,T,,273,LENORA DR, ,MONTICELLO,GA,31064-6309,273,LENORA DR,,MONTICELLO,GA,31064-6309,A,A,,11/01/2017,11/01/2017,11/01/2017,IN PERSON,NO,NO,,NO,MONTI,295,010,025,129,OCMU,00306,079003,00200,223,
JASPER,00483272,DAVIS,SUMNER,JAMES,,89,W NUTHATCH DR, ,MONTICELLO,GA,31064-9108,89,W NUTHATCH DR,,MONTICELLO,GA,31064-9108,A,A,,10/16/2017,10/16/2017,10/16/2017,IN PERSON,NO,NO,,NO,,296,010,025,129,OCMU,00308,079003,00012,12,
JASPER,00291277,ODOM,MARY,ELAINE,,269,BONNER ST, ,MONTICELLO,GA,31064-6502,269,BONNER ST,,MONTICELLO,GA,31064-6502,A,A,,11/03/2017,11/03/2017,11/03/2017,IN PERSON,NO,NO,,NO,MONTI,295,010,025,129,OCMU,00301,079003,00283,306,
JASPER,08239663,ISBELL,MARVIN,LEE,,406,HILTON ST, ,MONTICELLO,GA,31064-1070,406,HILTON ST,,MONTICELLO,GA,31064-1070,A,A,,11/03/2017,11/03/2017,11/03/2017,IN PERSON,NO,NO,,NO,MONTI,295,010,025,129,OCMU,00301,079003,00268,291,
JASPER,03639396,TILLMAN,PATRICIA,A,,289,TILLMAN MILL RD, ,HILLSBORO,GA,31038,,PO BOX 34,,HILLSBORO,GA,31038-0003,A,A,,11/02/2017,11/02/2017,11/02/2017,IN PERSON,NO,NO,,NO,,295,010,025,129,OCMU,00307,079003,00246,269,
JASPER,00290469,ALLEN,EMORY,WILLIAM,,1132,ALLEN RD, ,MONTICELLO,GA,31064-5838,1132,ALLEN RD,,MONTICELLO,GA,31064-5838,A,A,,10/27/2017,10/27/2017,10/27/2017,IN PERSON,NO,NO,,NO,,295,010,025,129,OCMU,00303,079003,00108,125,
JASPER,00290336,BILLINGS,ROBERT,J,JR,3589,LIBERTY CHURCH RD, ,MONTICELLO,GA,31064-4129,3589,LIBERTY CHURCH RD,,MONTICELLO,GA,31064-4129,A,A,,10/24/2017,10/24/2017,10/24/2017,IN PERSON,NO,NO,,NO,,295,010,025,129,OCMU,00308,079003,00065,80,
JASPER,04254407,SMITH,FRANCES,H,,7450,GA HIGHWAY 16 W, ,MONTICELLO,GA,31064-7645,7450,GA HIGHWAY 16 W,,MONTICELLO,GA,31064-7645,A,A,,05/09/2016,10/23/2017,11/06/2017,MAILED,NO,NO,ELDERLY,NO,,295,010,025,129,OCMU,00300,,00002,78,
JASPER,07779342,MCCURDY,CARL,BURFORD,,242,HERRING GULL CT, ,MONTICELLO,GA,31064,242,HERRING GULL CT,,MONTICELLO,GA,31064,A,A,,11/03/2017,11/03/2017,11/03/2017,IN PERSON,NO,NO,,NO,,296,010,025,129,OCMU,00308,079003,00251,274,
JASPER,04837746,BENNETT,JULIE,ANNETTE,,224,SMITHBORO RD, ,MONTICELLO,GA,31064-5621,224,SMITHBORO RD,,MONTICELLO,GA,31064-5621,A,A,,10/27/2017,10/27/2017,10/27/2017,IN PERSON,NO,NO,,NO,,295,010,025,129,OCMU,00307,079003,00127,144,
JASPER,00290521,DISHROON,WILLIAM,TERRY,,968,BARNES MOUNTAIN RD, ,MANSFIELD,GA,30055-2502,968,BARNES MOUNTAIN RD,,MANSFIELD,GA,30055-2502,A,A,,11/03/2017,11/03/2017,11/03/2017,IN PERSON,NO,NO,,NO,,296,010,025,129,OCMU,00311,079003,00248,271,
JASPER,10287705,MCMICHAEL,BRANDI,MARIE,,1101,GA HIGHWAY 212 E, ,MONTICELLO,GA,31064,,P O BOX 66,,MONTICELLO,GA,31064,A,A,,10/30/2017,10/30/2017,10/30/2017,IN PERSON,NO,NO,,NO,,295,010,025,129,OCMU,00307,079003,00129,146,
JASPER,00966535,BELL,DOLAN,M,,8628,ROCK EAGLE RD, ,MONTICELLO,GA,31064-6062,8628,ROCK EAGLE RD,,MONTICELLO,GA,31064-6062,A,A,,11/03/2017,11/03/2017,11/03/2017,IN PERSON,NO,NO,,NO,,295,010,025,129,OCMU,00303,079003,00305,328,
JASPER,00292418,JORDAN,LYNN,CHAFFIN,,3408,PERIMETER RD, ,MONTICELLO,GA,31064-3001,3408,PERIMETER RD,,MONTICELLO,GA,31064-3001,A,A,,10/17/2017,10/17/2017,10/17/2017,IN PERSON,NO,NO,,NO,,295,010,025,129,OCMU,00307,079003,00018,27,
JASPER,00293626,RUSSELL,TONIA,PRISCILLA,,2084,FELLOWSHIP RD, ,MONTICELLO,GA,31064-7558,,PO BOX 672,,MONTICELLO,GA,31064-0052,A,A,,11/02/2017,11/02/2017,11/02/2017,IN PERSON,NO,NO,,NO,,295,010,025,129,OCMU,00300,079003,00216,239,
JASPER,00320255,HOLDER,GREGORY,RANDAL,,160,WESTVIEW ST, ,MONTICELLO,GA,31064-1201,160,WESTVIEW ST,,MONTICELLO,GA,31064-1201,A,A,,11/01/2017,11/01/2017,11/01/2017,IN PERSON,NO,NO,,NO,MONTI,295,010,025,129,OCMU,00310,079003,00201,224,
JASPER,00290299,MCMICHAEL,KIMBERLY,BRADY,,1101,GA HIGHWAY 212 E, ,MONTICELLO,GA,31064-6423,,PO BOX 66,,MONTICELLO,GA,31064-0006,A,A,,10/26/2017,10/26/2017,10/26/2017,IN PERSON,NO,NO,,NO,,295,010,025,129,OCMU,00307,079003,00091,108,
JASPER,00290318,BOWDEN,JAMES,AIKEN,,2615,GA HIGHWAY 11 S, ,HILLSBORO,GA,31038-3909,2615,GA HIGHWAY 11 S,,HILLSBORO,GA,31038-3909,A,A,,10/02/2017,10/16/2017,10/19/2017,MAILED,NO,NO,ELDERLY,NO,,295,010,025,129,OCMU,00307,,00001,21,
JASPER,00290918,HARPER,CHARLES,EDWIN,,1799,PERSONS ST, ,MONTICELLO,GA,31064-7820,1799,PERSONS ST,,MONTICELLO,GA,31064-7820,A,A,,10/24/2017,10/24/2017,10/24/2017,IN PERSON,NO,NO,,NO,MONTI,295,010,025,129,OCMU,00302,079003,00075,90,
JASPER,02897445,JORDAN,BETTY,JEAN,,3245,PERIMETER RD, ,MONTICELLO,GA,31064-3002,3245,PERIMETER RD,,MONTICELLO,GA,31064-3002,A,A,,11/02/2017,11/02/2017,11/02/2017,IN PERSON,NO,NO,,NO,,295,010,025,129,OCMU,00300,079003,00226,249,
JASPER,03622186,BENTLEY,LYNN,M,,2828,GA HIGHWAY 212 W, ,MONTICELLO,GA,31064-8038,2828,GA HIGHWAY 212 W,,MONTICELLO,GA,31064-8038,A,A,,10/30/2017,10/30/2017,10/30/2017,IN PERSON,NO,NO,,NO,,295,010,025,129,OCMU,00308,079003,00140,158,
JASPER,05981408,STANLEY,BILLY,RAY,,345,BOB CAT TRL, ,MANSFIELD,GA,30055,345,BOB CAT TRL,,MANSFIELD,GA,30055,A,A,,10/31/2017,10/31/2017,10/31/2017,IN PERSON,NO,NO,,NO,,296,010,025,129,OCMU,00311,079003,00150,168,
JASPER,00291419,MARSH,GAYLE,T,,150,SUGAR HILL RD, ,HILLSBORO,GA,31038-3600,150,SUGAR HILL RD,,HILLSBORO,GA,31038-3600,A,A,,11/02/2017,11/02/2017,11/02/2017,IN PERSON,NO,NO,,NO,,295,010,025,129,OCMU,00307,079003,00223,246,
JASPER,07186791,ABNEY,STUART,MARTIN,,343,WATER OAK DR, ,MONTICELLO,GA,31064,,PO BOX 489,,MONTICELLO,GA,31064-0048,A,A,,11/02/2017,11/02/2017,11/02/2017,IN PERSON,NO,NO,,NO,MONTI,295,010,025,129,OCMU,00306,079003,00225,248,
JASPER,04288248,CLASON,HERBERT,MARTIN,,10746,GA HIGHWAY 212 W, ,MONTICELLO,GA,31064-3548,10746,GA HIGHWAY 212 W,,MONTICELLO,GA,31064-3548,A,A,,11/03/2017,11/03/2017,11/03/2017,IN PERSON,NO,NO,,NO,,296,010,025,129,OCMU,00311,079003,00262,285,
JASPER,00290808,HUFF,MARY,KAY,,81,DOGWOOD LN, ,MONTICELLO,GA,31064-6521,81,DOGWOOD LN,,MONTICELLO,GA,31064-6521,A,A,,10/27/2017,10/27/2017,10/27/2017,IN PERSON,NO,NO,,NO,,295,010,025,129,OCMU,00307,079003,00121,138,
JASPER,00291603,LANE,CHARLES,W,,659,AVANT RD, ,MONTICELLO,GA,31064-5438,659,AVANT RD,,MONTICELLO,GA,31064-5438,A,A,,11/01/2017,11/01/2017,11/01/2017,IN PERSON,NO,NO,,NO,,295,010,025,129,OCMU,00307,079003,00179,201,
JASPER,00290170,CARTER,SANDRA,GAIL,,227,DAVIS CARTER RD, ,MONTICELLO,GA,31064-8242,227,DAVIS CARTER RD,,MONTICELLO,GA,31064-8242,A,A,,10/17/2017,10/17/2017,10/17/2017,IN PERSON,NO,NO,,NO,,295,010,025,129,OCMU,00308,079003,00022,31,
JASPER,03495664,BETZ,CHARLES,JOSEPH,,2139,SPRAYBERRY RD, ,MONTICELLO,GA,31064-5589,2139,SPRAYBERRY RD,,MONTICELLO,GA,31064-5589,A,A,,10/23/2017,10/23/2017,10/23/2017,IN PERSON,NO,NO,,NO,,295,010,025,129,OCMU,00307,079003,00061,75,
JASPER,04296401,SPARKS,SHIRLEY,ANN,,1529,POST RD, ,MONTICELLO,GA,31064-4624,1529,POST RD,,MONTICELLO,GA,31064-4624,A,A,,10/26/2017,10/26/2017,10/26/2017,IN PERSON,NO,NO,,NO,,295,010,025,129,OCMU,00308,079003,00098,115,
JASPER,02312465,LONG,NATHANIEL,ASBURY,,664,POPLAR ST, ,MONTICELLO,GA,31064,664,POPLAR ST,,MONTICELLO,GA,31064,A,A,,10/30/2017,10/30/2017,10/30/2017,IN PERSON,NO,NO,,NO,MONTI,295,010,025,129,OCMU,00310,079003,00144,162,
JASPER,04445664,PITTMAN,MICHAEL,STEVEN,,1123,COOK RD, ,MONTICELLO,GA,31064-8314,1123,COOK RD,,MONTICELLO,GA,31064-8314,A,A,,10/16/2017,10/16/2017,10/16/2017,IN PERSON,NO,NO,,NO,,296,010,025,129,OCMU,00308,079003,00013,13,
JASPER,05754806,WALKER,WILLIAM,BRUCE,,2042,BARNES MOUNTAIN RD, ,MANSFIELD,GA,30055-2552,2042,BARNES MOUNTAIN RD,,MANSFIELD,GA,30055-2552,A,A,,10/16/2017,10/16/2017,10/16/2017,IN PERSON,NO,NO,,NO,,296,010,025,129,OCMU,00311,079003,00015,15,
JASPER,00291491,MCMICHAEL,JEANETTE,DELOACH,,9959,GA HIGHWAY 11 S, ,MONTICELLO,GA,31064-6621,9959,GA HIGHWAY 11 S,,MONTICELLO,GA,31064-6621,A,A,,11/03/2017,11/03/2017,11/03/2017,IN PERSON,NO,NO,,NO,,295,010,025,129,OCMU,00300,079003,00273,296,
JASPER,00290782,GASTON,JANELYN,FOWLER,,82,DOGWOOD LN, ,MONTICELLO,GA,31064-6520,,PO BOX 67,,MONTICELLO,GA,31064-0006,A,A,,10/27/2017,10/27/2017,10/27/2017,IN PERSON,NO,NO,,NO,,295,010,025,129,OCMU,00307,079003,00118,135,
JASPER,04481557,STRAWN,ELIZABETH,OWEN,,255,RUNNER RD, ,MONTICELLO,GA,31064-8833,255,RUNNER RD,,MONTICELLO,GA,31064-8833,A,A,,10/24/2017,10/24/2017,10/24/2017,IN PERSON,NO,NO,,NO,,296,010,025,129,OCMU,00307,079003,00076,91,
JASPER,03680970,AIRINGTON,JESSICA,LEANN,,1427,STAG RUN DR, ,MANSFIELD,GA,30055-5121,1427,STAG RUN DR,,MANSFIELD,GA,30055-5121,A,A,,11/02/2017,11/02/2017,11/02/2017,IN PERSON,NO,NO,,NO,,296,010,025,129,OCMU,00311,079003,00243,266,
JASPER,00290920,HARPER,ALICE,RUTH,,1799,PERSONS ST, ,MONTICELLO,GA,31064-7820,1799,PERSONS ST,,MONTICELLO,GA,31064-7820,A,A,,10/24/2017,10/24/2017,10/24/2017,IN PERSON,NO,NO,,NO,MONTI,295,010,025,129,OCMU,00302,079003,00067,82,
JASPER,00290658,FOWLER,ROBERT,R,JR,2460,DUMAS RD, ,HILLSBORO,GA,31038-3415,2460,DUMAS RD,,HILLSBORO,GA,31038-3415,A,A,,10/30/2017,10/30/2017,10/30/2017,IN PERSON,NO,NO,,NO,,295,010,025,129,OCMU,00307,079003,00136,154,
JASPER,00290968,JORDAN,MIRIAM,M,,3943,PERIMETER RD, ,MONTICELLO,GA,31064-6459,3943,PERIMETER RD,,MONTICELLO,GA,31064-6459,A,A,,11/03/2017,11/03/2017,11/03/2017,IN PERSON,NO,NO,,NO,,295,010,025,129,OCMU,00300,079003,00272,295,
JASPER,00291426,MARTIN,HAROLD,RANDOLPH,,1117,HENDERSON MILL RD S, ,MANSFIELD,GA,30055-2134,1117,HENDERSON MILL RD S,,MANSFIELD,GA,30055-2134,A,A,,11/03/2017,11/03/2017,11/03/2017,IN PERSON,NO,NO,,NO,,296,010,025,129,OCMU,00311,079003,00291,314,
JASPER,00483198,DAVIS,KATHERINE,DIANE,,89,W NUTHATCH DR, ,MONTICELLO,GA,31064-9108,89,W NUTHATCH DR,,MONTICELLO,GA,31064-9108,A,A,,11/01/2017,11/01/2017,11/01/2017,IN PERSON,NO,NO,,NO,,296,010,025,129,OCMU,00308,079003,00203,226,
JASPER,06057179,BOSSE,DIANE,C,,1352,OLD AGATEVILLE RD, ,HILLSBORO,GA,31038-4006,1352,OLD AGATEVILLE RD,,HILLSBORO,GA,31038-4006,A,A,,11/03/2017,11/03/2017,11/03/2017,IN PERSON,NO,NO,,NO,,295,010,025,129,OCMU,00300,079003,00320,344,
JASPER,00291024,TINSLEY,DOROTHY,LORETTA,,997,MARTIN LUTHER KING DR, ,MONTICELLO,GA,31064-6748,997,MARTIN LUTHER KING ,,MONTICELLO,GA,31064-6748,A,A,,10/31/2017,10/31/2017,10/31/2017,IN PERSON,NO,NO,,NO,MONTI,295,010,025,129,OCMU,00301,079003,00176,198,
JASPER,00290632,EDWARDS,SHIRLEY,M,,8221,GA HIGHWAY 16 W,LOT 15,MONTICELLO,GA,31064-7706,,PO BOX 384,,MONTICELLO,GA,31064-0038,A,A,,11/03/2017,11/03/2017,11/03/2017,IN PERSON,NO,NO,,NO,,295,010,025,129,OCMU,00308,079003,00281,304,
JASPER,07308774,BENTON,MICHAEL,SAMUEL,,794,PITTS CHAPEL RD, ,NEWBORN,GA,30056-2927,901,PROVIDANCE WAY,,LAWRENCEVILLE,GA,30046,A,A,,10/25/2017,10/25/2017,11/02/2017,MAILED,NO,NO,,NO,,290,010,025,129,OCMU,00311,,00001,94,
JASPER,02021613,LAWSON,MARIAN,COLUMBUS,,24,BURNEY DR, ,MONTICELLO,GA,31064-1300,,PO BOX 823,,MONTICELLO,GA,31064-0082,A,A,,10/02/2017,10/16/2017,11/01/2017,MAILED,NO,NO,DISABLED,NO,MONTI,295,010,025,129,OCMU,00302,,00001,25,
JASPER,05010253,WELCH,TAMERA,M,,172,EZELL CT, ,MONTICELLO,GA,31064-1036,172,EZELL CT,,MONTICELLO,GA,31064-1036,A,A,,11/03/2017,11/03/2017,11/03/2017,IN PERSON,NO,NO,,NO,MONTI,295,010,025,129,OCMU,00301,079003,00257,280,
JASPER,00292603,EVANS,WILLIAM,KING,,191,PACE ST, ,MANSFIELD,GA,30055-4416,191,PACE ST,,MANSFIELD,GA,30055-4416,A,A,,10/27/2017,10/27/2017,10/27/2017,IN PERSON,NO,NO,,NO,,296,010,025,129,OCMU,00308,079003,00114,131,
JASPER,01960204,MAULDIN,ELAINE,STARR,,7232,GA HIGHWAY 212 W, ,MONTICELLO,GA,31064-3804,7232,GA HIGHWAY 212 W,,MONTICELLO,GA,31064-3804,A,A,,11/03/2017,11/03/2017,11/03/2017,IN PERSON,NO,NO,,NO,,295,010,025,129,OCMU,00308,079003,00298,321,
JASPER,08476048,WORKMAN,PHILLIPS,STONE,,678,FORSYTH ST, ,MONTICELLO,GA,31064-1318,678,FORSYTH ST,,MONTICELLO,GA,31064-1318,A,A,,10/23/2017,10/23/2017,10/31/2017,MAILED,NO,NO,,NO,MONTI,295,010,025,129,OCMU,00302,,00002,70,
JASPER,00291188,POOL,RUSSELL,FRANK,,1288,BLUE RUIN ST, ,MONTICELLO,GA,31064,,PO BOX 246,,MONTICELLO,GA,31064-0024,A,A,,10/23/2017,10/23/2017,10/23/2017,IN PERSON,NO,NO,,NO,,295,010,025,129,OCMU,00303,079003,00048,58,
JASPER,10692527,NASWORTHY,CHARLES,GLENN,,812,SMITHBORO RD, ,MONTICELLO,GA,31064,812,SMITHBORO RD,,MONTICELLO,GA,31064,A,A,,10/31/2017,10/31/2017,10/31/2017,IN PERSON,NO,NO,,NO,,295,010,025,129,OCMU,00307,079003,00175,195,
JASPER,00292385,DERANEY,LYNN,NEWTON,,550,CALVIN RD, ,MONTICELLO,GA,31064-4842,550,CALVIN RD,,MONTICELLO,GA,31064-4842,A,A,,10/30/2017,10/30/2017,10/30/2017,IN PERSON,NO,NO,,NO,,295,010,025,129,OCMU,00308,079003,00143,161,
JASPER,00291571,LEGGETT,ROBERT,NEAL,JR,7464,CLAY RD, ,MONTICELLO,GA,31064-7105,7464,CLAY RD,,MONTICELLO,GA,31064-7105,A,A,,11/03/2017,11/03/2017,11/03/2017,IN PERSON,NO,NO,,NO,,295,010,025,129,OCMU,00300,079003,00316,339,
JASPER,00292883,CLARK,OTIS,F,,19,BONNER CT, ,MONTICELLO,GA,31064-6546,19,BONNER CT,,MONTICELLO,GA,31064-6546,A,A,,11/03/2017,11/03/2017,11/03/2017,IN PERSON,NO,NO,,NO,MONTI,295,010,025,129,OCMU,00301,079003,00319,343,
JASPER,01099343,BENNETT,CAREY,TUCK,,1914,GA HIGHWAY 16 W, ,MONTICELLO,GA,31064-8341,1914,GA HIGHWAY 16 W,,MONTICELLO,GA,31064-8341,A,A,,11/03/2017,11/03/2017,11/03/2017,IN PERSON,NO,NO,,NO,,295,010,025,129,OCMU,00307,079003,00310,333,
JASPER,00291917,WHIDBY,BARBARA,J,,39,ROBBY ST, ,MONTICELLO,GA,31064-4438,39,ROBBY ST,,MONTICELLO,GA,31064-4438,A,A,,10/30/2017,10/30/2017,10/30/2017,IN PERSON,NO,NO,,NO,MONTI,295,010,025,129,OCMU,00306,079003,00148,166,
JASPER,02887493,HANNON,DAVID,HINES,,151,FLAMINGO CT, ,MONTICELLO,GA,31064-8917,151,FLAMINGO CT,,MONTICELLO,GA,31064-8917,A,A,,11/01/2017,11/01/2017,11/01/2017,IN PERSON,NO,NO,,NO,,296,010,025,129,OCMU,00308,079003,00197,219,
JASPER,00290506,DUKE,JONATHAN,REEVES,,360,LONG PINEY RD, ,MANSFIELD,GA,30055,360,LONG PINEY RD,,MANSFIELD,GA,30055,A,A,,11/03/2017,11/03/2017,11/03/2017,IN PERSON,NO,NO,,NO,,296,010,025,129,OCMU,00308,079003,00252,275,
JASPER,00291438,MANVILLE,MICHAEL,L,,82,GA HIGHWAY 212 E, ,MONTICELLO,GA,31064-6465,82,GA HIGHWAY 212 E,,MONTICELLO,GA,31064-6465,A,A,,11/03/2017,11/03/2017,11/03/2017,IN PERSON,NO,NO,,NO,MONTI,295,010,025,129,OCMU,00301,079003,00277,300,
JASPER,04882811,SMALLWOOD,CRYSTAL,DEANN,,2561,CALVIN RD, ,MONTICELLO,GA,31064-4110,2561,CALVIN RD,,MONTICELLO,GA,31064-4110,A,A,,11/02/2017,11/02/2017,11/02/2017,IN PERSON,NO,NO,,NO,,295,010,025,129,OCMU,00308,079003,00210,233,
JASPER,08239665,ISBELL,KAY,MARIE,,406,HILTON ST, ,MONTICELLO,GA,31064-1070,406,HILTON ST,,MONTICELLO,GA,31064-1070,A,A,,11/03/2017,11/03/2017,11/03/2017,IN PERSON,NO,NO,,NO,MONTI,295,010,025,129,OCMU,00301,079003,00267,290,
JASPER,00291333,MORGAN,NEALA,JUNE,,137,COLLEGE ST, ,MONTICELLO,GA,31064-1207,137,COLLEGE ST,,MONTICELLO,GA,31064-1207,A,A,,10/27/2017,10/27/2017,10/27/2017,IN PERSON,NO,NO,,NO,MONTI,295,010,025,129,OCMU,00310,079003,00115,132,
JASPER,00290633,EDWARDS,THERON,SMITH,SR,171,WEBB ST, ,MONTICELLO,GA,31064-1462,171,WEBB ST,,MONTICELLO,GA,31064-1462,A,A,,04/25/2016,10/23/2017,10/30/2017,MAILED,NO,NO,ELDERLY,NO,MONTI,295,010,025,129,OCMU,00301,,00006,149,
JASPER,00291488,MCMICHAEL,KENNETH,D,,2437,GOOLSBY RD, ,MONTICELLO,GA,31064-5104,2437,GOOLSBY RD,,MONTICELLO,GA,31064-5104,A,A,,10/31/2017,10/31/2017,10/31/2017,IN PERSON,NO,NO,,NO,,295,010,025,129,OCMU,00307,079003,00172,192,
JASPER,00292319,HARRIS,JERALD,MAC,,279,OLD AGATEVILLE RD, ,HILLSBORO,GA,31038-3836,279,OLD AGATEVILLE RD,,HILLSBORO,GA,31038-3836,A,A,,11/03/2017,11/03/2017,11/03/2017,IN PERSON,NO,NO,,NO,,295,010,025,129,OCMU,00300,079003,00274,297,
JASPER,00465031,MEUSE,ALTHEA,JUNE,,77,CANVASBACK CT, ,MONTICELLO,GA,31064-8809,77,CANVASBACK CT,,MONTICELLO,GA,31064-8809,A,A,,11/03/2017,11/03/2017,11/03/2017,IN PERSON,NO,NO,,NO,,296,010,025,129,OCMU,00307,079003,00308,331,
JASPER,04284394,NASWORTHY,DIANNE,W,,812,SMITHBORO RD, ,MONTICELLO,GA,31064,812,SMITHBORO RD,,MONTICELLO,GA,31064,A,A,,10/31/2017,10/31/2017,10/31/2017,IN PERSON,NO,NO,,NO,,295,010,025,129,OCMU,00307,079003,00168,188,
JASPER,00290284,BRIDGES,MELBA,ANN,,2381,POST RD, ,MONTICELLO,GA,31064,2381,POST RD,,MONTICELLO,GA,31064,A,A,,10/27/2017,10/27/2017,10/27/2017,IN PERSON,NO,NO,,NO,,295,010,025,129,OCMU,00308,079003,00111,128,
JASPER,10898467,BURKHALTER,MATTHEW,CLAYTON,,812,SMITHBORO RD, ,MONTICELLO,GA,31064,812,SMITHBORO RD,,MONTICELLO,GA,31064,A,A,,10/31/2017,10/31/2017,10/31/2017,IN PERSON,NO,NO,,NO,,295,010,025,129,OCMU,00307,079003,00174,194,
JASPER,00038281,TARRER,JOHNNIE,LAMAR,JR,1000,EAGLE DR, ,MONTICELLO,GA,31064,1000,EAGLE DR,,MONTICELLO,GA,31064,A,A,,11/01/2017,11/01/2017,11/01/2017,IN PERSON,NO,NO,,NO,,296,010,025,129,OCMU,00307,079003,00180,202,
JASPER,00309122,ARNOLD,JANICE,M,,113,MALLARD DR, ,MONTICELLO,GA,31064-8707,113,MALLARD DR,,MONTICELLO,GA,31064-8707,A,A,,11/02/2017,11/02/2017,11/02/2017,IN PERSON,NO,NO,,NO,,296,010,025,129,OCMU,00307,079003,00219,242,
JASPER,03112488,PENNEBAKER,SHARON,DISMUKES,,847,FORSYTH ST, ,MONTICELLO,GA,31064-1321,847,FORSYTH ST,,MONTICELLO,GA,31064-1321,A,A,,11/03/2017,11/03/2017,11/03/2017,IN PERSON,NO,NO,,NO,MONTI,295,010,025,129,OCMU,00301,079003,00288,311,
JASPER,04005279,COLLINS,JAMES,MICHAEL,,476,PARTRIDGE DR, ,MONTICELLO,GA,31064-8722,476,PARTRIDGE DR,,MONTICELLO,GA,31064-8722,A,A,,11/03/2017,11/03/2017,11/03/2017,IN PERSON,NO,NO,,NO,,296,010,025,129,OCMU,00307,079003,00259,282,
JASPER,00291302,NEWTON,LAVONNE,SMITH,,22410,MAIN ST, ,SHADY DALE,GA,31085,,PO BOX 115,,SHADY DALE,GA,31085-0011,A,A,,10/27/2017,10/27/2017,10/27/2017,IN PERSON,NO,NO,,NO,SHADY,290,010,025,129,OCMU,00304,079003,00102,119,
JASPER,07274314,PADRON,PAULINO,,,118,MARSHALL DR, ,MONTICELLO,GA,31064-1301,118,MARSHALL DR,,MONTICELLO,GA,31064-1301,A,A,,10/19/2017,10/19/2017,10/19/2017,IN PERSON,NO,NO,,NO,MONTI,295,010,025,129,OCMU,00302,079003,00031,40,
JASPER,00290520,DISHROON,LORRAINE,,,968,BARNES MOUNTAIN RD, ,MANSFIELD,GA,30055-2502,968,BARNES MOUNTAIN RD,,MANSFIELD,GA,30055-2502,A,A,,11/03/2017,11/03/2017,11/03/2017,IN PERSON,NO,NO,,NO,,296,010,025,129,OCMU,00311,079003,00249,272,
JASPER,04173757,NOTESTONE,MICHAEL,L,,199,WILBURN LN, ,MONTICELLO,GA,31064-4515,199,WILBURN LN,,MONTICELLO,GA,31064-4515,A,A,,10/26/2017,10/26/2017,10/26/2017,IN PERSON,NO,NO,,NO,MONTI,295,010,025,129,OCMU,00310,079003,00100,117,
JASPER,01752435,TAYLOR,TRACY,JACKSON,,94,CLEARVIEW DR E, ,MONTICELLO,GA,31064-5161,94,CLEARVIEW DR E,,MONTICELLO,GA,31064-5161,A,A,,10/26/2017,10/26/2017,10/26/2017,IN PERSON,NO,NO,,NO,,295,010,025,129,OCMU,00300,079003,00099,116,
JASPER,00290172,CARTER,MINNIE,PEARL,,156,VANBUREN ST, ,MONTICELLO,GA,31064,156,VANBUREN ST,,MONTICELLO,GA,31064,A,A,,11/02/2017,11/02/2017,11/02/2017,IN PERSON,NO,NO,,NO,MONTI,295,010,025,129,OCMU,00301,079003,00232,255,
JASPER,04684158,POPE,TARA,WYNENS,,1566,GA HIGHWAY 11 S, ,HILLSBORO,GA,31038-3947,1566,GA HIGHWAY 11 S,,HILLSBORO,GA,31038-3947,A,A,,10/31/2017,10/31/2017,10/31/2017,IN PERSON,NO,NO,,NO,,295,010,025,129,OCMU,00307,079003,00178,200,
JASPER,00293752,JORDAN,STEVEN,W,,945,GOOLSBY RD, ,MONTICELLO,GA,31064-6525,,PO BOX 247,,MONTICELLO,GA,31064-0024,A,A,,11/01/2017,11/01/2017,11/01/2017,IN PERSON,NO,NO,,NO,,295,010,025,129,OCMU,00307,079003,00194,216,
JASPER,00293710,JORDAN,LYNNE,Q,,945,GOOLSBY RD, ,MONTICELLO,GA,31064-6525,,PO BOX 247,,MONTICELLO,GA,31064-0024,A,A,,11/01/2017,11/01/2017,11/01/2017,IN PERSON,NO,NO,,NO,,295,010,025,129,OCMU,00307,079003,00195,217,
JASPER,00291634,KELLY,PAUL,H,,2586,POST RD, ,MONTICELLO,GA,31064,2586,POST RD,,MONTICELLO,GA,31064,A,A,,11/01/2017,11/01/2017,11/01/2017,IN PERSON,NO,NO,,NO,,295,010,025,129,OCMU,00308,079003,00184,206,
JASPER,00290967,JORDAN,MARY,LOU,,1081,GOOLSBY RD, ,MONTICELLO,GA,31064-6527,,PO BOX 208,,MONTICELLO,GA,31064-0020,A,A,,11/03/2017,11/03/2017,11/03/2017,IN PERSON,NO,NO,,NO,,295,010,025,129,OCMU,00307,079003,00304,327,
JASPER,02109623,STANDIFER,CATHERINE,GUDE,,822,FUNDERBURG DR, ,MONTICELLO,GA,31064-1449,822,FUNDERBURG DR,,MONTICELLO,GA,31064-1449,A,A,,10/24/2017,10/24/2017,10/24/2017,IN PERSON,NO,NO,,NO,MONTI,295,010,025,129,OCMU,00301,079003,00072,87,
JASPER,00290638,EDWARDS,CHARLIE,A,,8221,GA HIGHWAY 16 W,LOT 15,MONTICELLO,GA,31064-7706,,PO BOX 384,,MONTICELLO,GA,31064-0038,A,A,,11/03/2017,11/03/2017,11/03/2017,IN PERSON,NO,NO,,NO,,295,010,025,129,OCMU,00308,079003,00282,305,
JASPER,00292270,GREEN,LIZZIE,MAE,,10181,GA HIGHWAY 83 S, ,MONTICELLO,GA,31064-7055,10181,GA HIGHWAY 83 S,,MONTICELLO,GA,31064-7055,A,A,,11/03/2017,11/03/2017,11/03/2017,IN PERSON,NO,NO,,NO,,295,010,025,129,OCMU,00300,079003,00306,329,
JASPER,03112098,COX,ALAN,WEST,SR,867,BEAR CREEK PT, ,MANSFIELD,GA,30055-4108,867,BEAR CREEK PT,,MANSFIELD,GA,30055-4108,A,A,,10/25/2017,10/25/2017,10/25/2017,IN PERSON,NO,NO,,NO,,296,010,025,129,OCMU,00311,079003,00080,97,
JASPER,00292262,GUNN,NANCY,ASKEW,,1295,ALDRIDGE RD, ,MONTICELLO,GA,31064-3314,1295,ALDRIDGE RD,,MONTICELLO,GA,31064-3314,A,A,,11/03/2017,11/03/2017,11/03/2017,IN PERSON,NO,NO,,NO,,290,010,025,129,OCMU,00311,079003,00253,276,
JASPER,01371629,BORN,SANDRA,CAPES,,2070,APT TO MISS RD, ,MONTICELLO,GA,31064-5599,2070,APT TO MISS RD,,MONTICELLO,GA,31064-5599,A,A,,10/30/2017,10/30/2017,10/30/2017,IN PERSON,NO,NO,,NO,,295,010,025,129,OCMU,00307,079003,00145,163,
JASPER,05230616,ROGERS,CHRISTINA,ELISE,,22,TUCKER CIR, ,MONTICELLO,GA,31064-1345,22,TUCKER CIR,,MONTICELLO,GA,31064-1345,A,A,,10/18/2017,10/18/2017,10/18/2017,IN PERSON,NO,NO,,NO,MONTI,295,010,025,129,OCMU,00302,079003,00025,34,
JASPER,00329891,ROBINSON,DOROTHY,MARIE,,3991,CONCORD RD, ,NEWBORN,GA,30056-2873,3991,CONCORD RD,,NEWBORN,GA,30056-2873,A,A,,10/23/2017,10/23/2017,10/23/2017,IN PERSON,NO,NO,,NO,,290,010,025,129,OCMU,00311,079003,00055,65,
JASPER,04698432,HANSEN,SUSAN,CARNES,,6422,GA HIGHWAY 212 W, ,MONTICELLO,GA,31064-3859,6422,GA HIGHWAY 212 W,,MONTICELLO,GA,31064-3859,A,A,,10/27/2017,10/27/2017,10/27/2017,IN PERSON,NO,NO,,NO,,295,010,025,129,OCMU,00308,079003,00116,133,
JASPER,11178260,HESS,MAXIMILIAN,NICHOLAS,,1105,WHIPPOORWILL RD, ,MONTICELLO,GA,31064,1105,WHIPPOORWILL RD,,MONTICELLO,GA,31064,A,A,,10/26/2017,10/26/2017,10/26/2017,IN PERSON,NO,NO,,NO,,296,010,025,129,OCMU,00308,079003,00095,112,
JASPER,01709319,ROBINSON,JERRY,WAYNE,SR,10,INLET LN, ,MONTICELLO,GA,31064-3544,10,INLET LN,,MONTICELLO,GA,31064-3544,A,A,,10/31/2017,10/31/2017,10/31/2017,IN PERSON,NO,NO,,NO,,296,010,025,129,OCMU,00311,079003,00156,174,
JASPER,00291510,MCELHENEY,REBECCA,CAROL,,541,EATONTON ST, ,MONTICELLO,GA,31064-1023,541,EATONTON ST,,MONTICELLO,GA,31064-1023,A,A,,11/03/2017,11/03/2017,11/03/2017,IN PERSON,NO,NO,,NO,MONTI,295,010,025,129,OCMU,00305,079003,00314,337,
JASPER,00292949,PAYNE,KIMBERLY,B,,2598,GA HIGHWAY 212 E, ,MONTICELLO,GA,31064-5606,2598,GA HIGHWAY 212 E,,MONTICELLO,GA,31064-5606,A,A,,10/17/2017,10/17/2017,10/17/2017,IN PERSON,NO,NO,,NO,,295,010,025,129,OCMU,00307,079003,00019,28,
JASPER,06158775,JOHNSON,BILLY,FRED,,1504,BARNES MOUNTAIN RD, ,MANSFIELD,GA,30055-2573,1504,BARNES MOUNTAIN RD,,MANSFIELD,GA,30055-2573,A,A,,11/02/2017,11/02/2017,11/02/2017,IN PERSON,NO,NO,,NO,,296,010,025,129,OCMU,00311,079003,00212,235,
JASPER,00290290,GARDNER,SHIRLEY,BRANNON,,181,SANDS DR,UNIT 3,MONTICELLO,GA,31064-6777,,PO BOX 443,,MONTICELLO,GA,31064-0044,A,A,,04/18/2016,10/25/2017,10/31/2017,MAILED,NO,NO,DISABLED,NO,MONTI,295,010,025,129,OCMU,00301,,00005,96,
JASPER,01282794,MCLAURIN,LYN,C,,7152,GA HIGHWAY 83 S, ,MONTICELLO,GA,31064-7232,7152,GA HIGHWAY 83 S,,MONTICELLO,GA,31064-7232,A,A,,11/01/2017,11/01/2017,11/01/2017,IN PERSON,NO,NO,,NO,,295,010,025,129,OCMU,00307,079003,00181,203,
JASPER,00140865,CLASON,PATRICIA,ANN,,10746,GA HIGHWAY 212 W, ,MONTICELLO,GA,31064-3548,10746,GA HIGHWAY 212 W,,MONTICELLO,GA,31064-3548,A,A,,11/03/2017,11/03/2017,11/03/2017,IN PERSON,NO,NO,,NO,,296,010,025,129,OCMU,00311,079003,00261,284,
JASPER,02039323,MCCURDY,CAROLYN,SMITH,,242,HERRING GULL CT, ,MONTICELLO,GA,31064-3617,242,HERRING GULL CT,,MONTICELLO,GA,31064-3617,A,A,,11/03/2017,11/03/2017,11/03/2017,IN PERSON,NO,NO,,NO,,296,010,025,129,OCMU,00308,079003,00250,273,
JASPER,00292196,HAYES,SARA,L,,829,TURTLE COVE TRWY, ,MONTICELLO,GA,31064-9019,829,TURTLE COVE TRWY,,MONTICELLO,GA,31064-9019,A,A,,11/03/2017,11/03/2017,11/03/2017,IN PERSON,NO,NO,,NO,,296,010,025,129,OCMU,00307,079003,00313,336,
JASPER,10359889,BOGGS,TAMARA,ANN,,1900,BETHEL CHURCH RD, ,MONTICELLO,GA,31064,1900,BETHEL CHURCH RD,,MONTICELLO,GA,31064,A,A,,11/03/2017,11/03/2017,11/03/2017,IN PERSON,NO,NO,,NO,,296,010,025,129,OCMU,00308,079003,00269,292,
JASPER,00293709,DENNEY,SUSAN,YVONNE,,5285,GA HIGHWAY 212 E, ,MONTICELLO,GA,31064-5653,5285,GA HIGHWAY 212 E,,MONTICELLO,GA,31064-5653,A,A,,10/17/2017,10/17/2017,10/17/2017,IN PERSON,NO,NO,,NO,,295,010,025,129,OCMU,00307,079003,00021,30,
JASPER,05101632,ROPER,MICHAEL,SHANE,,2453,GREER RD, ,HILLSBORO,GA,31038-4055,2453,GREER RD,,HILLSBORO,GA,31038-4055,A,A,,11/03/2017,11/03/2017,11/03/2017,IN PERSON,NO,NO,,NO,,295,010,025,129,OCMU,00300,079003,00256,279,
JASPER,02894912,JORGENSON,PENNY,STONE,,68,HONEYSUCKLE RD, ,MONTICELLO,GA,31064-4536,68,HONEYSUCKLE RD,,MONTICELLO,GA,31064-4536,A,A,,10/27/2017,10/27/2017,10/27/2017,IN PERSON,NO,NO,,NO,MONTI,295,010,025,129,OCMU,00310,079003,00124,141,
JASPER,00292575,HOLMAN,AMY,RUTH,,315,HOLMAN RD, ,MONTICELLO,GA,31064,,PO BOX 857,,MONTICELLO,GA,31064-0085,A,A,,11/01/2017,11/01/2017,11/01/2017,IN PERSON,NO,NO,,NO,,296,010,025,129,OCMU,00307,079003,00189,211,
JASPER,07548652,JORNS,ROBERT,MICHAEL,,16307,GA HIGHWAY 16 E, ,MONTICELLO,GA,31064-5701,16307,GA HIGHWAY 16 E,,MONTICELLO,GA,31064-5701,A,A,,10/24/2017,10/24/2017,10/24/2017,IN PERSON,NO,NO,,NO,,295,010,025,129,OCMU,00303,079003,00073,88,
JASPER,00291406,MASON,MARCIA,ANN,,1648,WILD RD, ,MONTICELLO,GA,31064,1648,WILD RD,,MONTICELLO,GA,31064,A,A,,11/03/2017,11/03/2017,11/03/2017,IN PERSON,NO,NO,,NO,,295,010,025,129,OCMU,00311,079003,00263,286,
JASPER,04249102,WILKINS,JUDY,SUE,,2382,GREER RD, ,HILLSBORO,GA,31038,2382,GREER RD,,HILLSBORO,GA,31038,A,A,,10/20/2017,10/20/2017,10/20/2017,IN PERSON,NO,NO,,NO,,295,010,025,129,OCMU,00300,079003,00045,54,
JASPER,04042739,SMITH,WALTER,E,,7450,GA HIGHWAY 16 W, ,MONTICELLO,GA,31064-7645,7450,GA HIGHWAY 16 W,,MONTICELLO,GA,31064-7645,A,A,,10/23/2017,10/23/2017,10/23/2017,IN PERSON,NO,NO,,NO,,295,010,025,129,OCMU,00300,079003,00063,77,
JASPER,04101782,ECKER,TERESA,SCUDERI,,19782,GA HIGHWAY 11 N, ,MONTICELLO,GA,31064-3900,19782,GA HIGHWAY 11 N,,MONTICELLO,GA,31064-3900,A,A,,10/31/2017,10/31/2017,10/31/2017,IN PERSON,NO,NO,,NO,,295,010,025,129,OCMU,00311,079003,00163,181,
JASPER,00293816,MCMICHAEL,LYNDA,SUE,,827,GA HIGHWAY 212 E, ,MONTICELLO,GA,31064,,PO BOX 226,,MONTICELLO,GA,31064-0022,A,A,,10/30/2017,10/30/2017,10/30/2017,IN PERSON,NO,NO,,NO,,295,010,025,129,OCMU,00307,079003,00133,151,
JASPER,00291655,KELLY,DEBORAH,SMITH,,573,COLLEGE ST, ,MONTICELLO,GA,31064-1251,,PO BOX 191,,MONTICELLO,GA,31064-0019,A,A,,10/31/2017,10/31/2017,10/31/2017,IN PERSON,NO,NO,,NO,MONTI,295,010,025,129,OCMU,00310,079003,00161,179,
JASPER,00666257,JERNIGAN,WILLIAM,DONALD,,61,FLICKER CT, ,MONTICELLO,GA,31064-8857,61,FLICKER CT,,MONTICELLO,GA,31064-8857,A,A,,10/23/2017,10/23/2017,10/23/2017,IN PERSON,NO,NO,,NO,,296,010,025,129,OCMU,00307,079003,00057,67,
JASPER,03364803,TRIPP,JOANN,STANDIFER,,17,BUFFLEHEAD CT, ,MONTICELLO,GA,31064,17,BUFFLEHEAD CT,,MONTICELLO,GA,31064,A,A,,11/01/2017,11/01/2017,11/01/2017,IN PERSON,NO,NO,,NO,,296,010,025,129,OCMU,00307,079003,00193,215,
JASPER,02832191,JORNS,JENNIFER,COLLIER,,16307,GA HIGHWAY 16 E, ,MONTICELLO,GA,31064-5701,16307,GA HIGHWAY 16 E,,MONTICELLO,GA,31064-5701,A,A,,11/02/2017,11/02/2017,11/02/2017,IN PERSON,NO,NO,,NO,,295,010,025,129,OCMU,00303,079003,00245,268,
JASPER,05784568,MANNING,BARBARA,ANN,,1,SANDERS HTS, ,MONTICELLO,GA,31064,1,SANDERS HTS,,MONTICELLO,GA,31064,A,A,,11/03/2017,11/03/2017,11/03/2017,IN PERSON,NO,NO,,NO,MONTI,295,010,025,129,OCMU,00301,079003,00285,308,
JASPER,00291709,SMITH,LARRY,EDWARD,,202,APT TO MISS RD, ,MONTICELLO,GA,31064-5614,,PO BOX 413,,MONTICELLO,GA,31064-0041,A,A,,10/26/2017,10/26/2017,10/26/2017,IN PERSON,NO,NO,,NO,,295,010,025,129,OCMU,00307,079003,00090,107,
JASPER,02491967,COX,JAMES,W,,867,BEAR CREEK PT, ,MANSFIELD,GA,30055,867,BEAR CREEK PT,,MANSFIELD,GA,30055,A,A,,10/25/2017,10/25/2017,10/25/2017,IN PERSON,NO,NO,,NO,,296,010,025,129,OCMU,00311,079003,00079,95,
JASPER,00292912,COLLINS,LINDA,,,476,PARTRIDGE DR, ,MONTICELLO,GA,31064,476,PARTRIDGE DR,,MONTICELLO,GA,31064,A,A,,11/03/2017,11/03/2017,11/03/2017,IN PERSON,NO,NO,,NO,,296,010,025,129,OCMU,00307,079003,00260,283,
JASPER,03765438,MOONEY,GAY,HENDERSON,,625,SEVEN ISLAND RD, ,MONTICELLO,GA,31064-8164,625,SEVEN ISLAND RD,,MONTICELLO,GA,31064-8164,A,A,,11/02/2017,11/02/2017,11/02/2017,IN PERSON,NO,NO,,NO,,295,010,025,129,OCMU,00308,079003,00239,262,
JASPER,00699425,JORDAN,THOMAS,MARKS,,11211,GA HIGHWAY 16 E, ,MONTICELLO,GA,31064-5929,11211,GA HIGHWAY 16 E,,MONTICELLO,GA,31064-5929,A,A,,10/31/2017,10/31/2017,10/31/2017,IN PERSON,NO,NO,,NO,,295,010,025,129,OCMU,00303,079003,00169,189,
JASPER,04122085,HARRIS,SCOTT,ALAN,,6422,GA HIGHWAY 212 W, ,MONTICELLO,GA,31064-3859,6422,GA HIGHWAY 212 W,,MONTICELLO,GA,31064-3859,A,A,,10/27/2017,10/27/2017,10/27/2017,IN PERSON,NO,NO,,NO,,295,010,025,129,OCMU,00308,079003,00126,143,
JASPER,00286628,TRAMMELL,NORMA,JEANNE,,1545,SMITHBORO RD, ,MONTICELLO,GA,31064-5627,1545,SMITHBORO RD,,MONTICELLO,GA,31064-5627,A,A,,11/01/2017,11/01/2017,11/01/2017,IN PERSON,NO,NO,,NO,,295,010,025,129,OCMU,00307,079003,00182,204,
JASPER,06438322,JOYE,THOMAS,HENRY,,135,ROCKY CREEK CV, ,MANSFIELD,GA,30055-4417,135,ROCKY CREEK CV,,MANSFIELD,GA,30055-4417,A,A,,10/19/2017,10/19/2017,10/19/2017,IN PERSON,NO,NO,,NO,,296,010,025,129,OCMU,00308,079003,00034,43,
JASPER,00291229,PENNAMON,CARL,,,2140,MARTIN LUTHER KING DR, ,MONTICELLO,GA,31064,2140,MARTIN LUTHER KING ,,MONTICELLO,GA,31064,A,A,,10/20/2017,10/20/2017,10/20/2017,IN PERSON,NO,NO,,NO,,295,010,025,129,OCMU,00300,079003,00039,48,
JASPER,00292437,MARKS,FANNIE,LEE,,1993,PERIMETER RD, ,MONTICELLO,GA,31064-6849,1993,PERIMETER RD,,MONTICELLO,GA,31064-6849,A,A,,10/02/2017,10/16/2017,10/26/2017,MAILED,NO,NO,ELDERLY,NO,,295,010,025,129,OCMU,00300,,00001,24,
JASPER,00291134,WILLIAMS,GLORIA,J,,1039,FUNDERBURG DR, ,MONTICELLO,GA,31064-1452,1039,FUNDERBURG DR,,MONTICELLO,GA,31064-1452,A,A,,10/16/2017,10/16/2017,10/16/2017,IN PERSON,NO,NO,,NO,MONTI,295,010,025,129,OCMU,00301,079003,00017,26,
JASPER,00291592,DAVIS,WARRDEAN,,,78,SMITH ST, ,MONTICELLO,GA,31064-6750,78,SMITH ST,,MONTICELLO,GA,31064-6750,A,A,,10/24/2017,10/24/2017,10/24/2017,IN PERSON,NO,NO,,NO,MONTI,295,010,025,129,OCMU,00301,079003,00069,84,
JASPER,00292384,WOOD,TRACY,ROBERTS,,4699,PERIMETER RD, ,MONTICELLO,GA,31064-6401,,PO BOX 183,,MONTICELLO,GA,31064-0018,A,A,,11/03/2017,11/03/2017,11/03/2017,IN PERSON,NO,NO,,NO,,295,010,025,129,OCMU,00307,079003,00287,310,
JASPER,00293256,COBB,SANDRA,C,,830,ROCKY CREEK RD, ,MANSFIELD,GA,30055-5127,830,ROCKY CREEK RD,,MANSFIELD,GA,30055-5127,A,A,,11/03/2017,11/03/2017,11/03/2017,IN PERSON,NO,NO,,NO,,296,010,025,129,OCMU,00311,079003,00293,316,
JASPER,00290885,HENRY,HELEN,ANN,,1551,BARR BRIDGE RD, ,SHADY DALE,GA,31085-3107,1551,BARR BRIDGE RD,,SHADY DALE,GA,31085-3107,A,A,,11/03/2017,11/03/2017,11/03/2017,IN PERSON,NO,NO,,NO,,290,010,025,129,OCMU,00303,079003,00270,293,
JASPER,03338552,WALSH,JAMES,MICHAEL,,4435,CLAY RD, ,MONTICELLO,GA,31064-7432,4435,CLAY RD,,MONTICELLO,GA,31064-7432,A,A,,10/30/2017,10/30/2017,10/30/2017,IN PERSON,NO,NO,,NO,,295,010,025,129,OCMU,00307,079003,00137,155,
JASPER,00292261,GUNN,RALPH,S,,1295,ALDRIDGE RD, ,MONTICELLO,GA,31064-3314,1295,ALDRIDGE RD,,MONTICELLO,GA,31064-3314,A,A,,11/03/2017,11/03/2017,11/03/2017,IN PERSON,NO,NO,,NO,,290,010,025,129,OCMU,00311,079003,00265,288,
JASPER,00291960,WALLACE,JOYCE,LUKE,,287,POPLAR ST, ,MONTICELLO,GA,31064,287,POPLAR ST,,MONTICELLO,GA,31064,A,A,,11/03/2017,11/03/2017,11/03/2017,IN PERSON,NO,NO,,NO,MONTI,295,010,025,129,OCMU,00310,079003,00266,289,
JASPER,00695523,HARRELL,WALTER,STANFORD,JR,559,HILLSBORO ST, ,MONTICELLO,GA,31064-1045,559,HILLSBORO ST,,MONTICELLO,GA,31064-1045,A,A,,10/31/2017,10/31/2017,10/31/2017,IN PERSON,NO,NO,,NO,MONTI,295,010,025,129,OCMU,00301,079003,00160,178,
JASPER,00312052,BURROW,MARCUS,HERRING,JR,2071,BETHEL CHURCH RD, ,MONTICELLO,GA,31064-8229,2071,BETHEL CHURCH RD,,MONTICELLO,GA,31064-8229,A,A,,10/31/2017,10/31/2017,10/31/2017,IN PERSON,NO,NO,,NO,,295,010,025,129,OCMU,00308,079003,00151,169,
JASPER,03229884,PAUL,FRED,DALTON,,141,CROW CT, ,MONTICELLO,GA,31064-8923,141,CROW CT,,MONTICELLO,GA,31064-8923,A,A,,10/23/2017,10/23/2017,10/23/2017,IN PERSON,NO,NO,,NO,,296,010,025,129,OCMU,00307,079003,00053,63,
JASPER,00328889,PROCTOR,PHILIP,W,,7620,CLAY RD, ,MONTICELLO,GA,31064-7100,7620,CLAY RD,,MONTICELLO,GA,31064-7100,A,A,,11/02/2017,11/02/2017,11/02/2017,IN PERSON,NO,NO,,NO,,295,010,025,129,OCMU,00300,079003,00227,250,
JASPER,00291633,KELLY,ROY,R,III,573,COLLEGE ST, ,MONTICELLO,GA,31064-1251,,PO BOX 191,,MONTICELLO,GA,31064-0019,A,A,,10/16/2017,10/16/2017,10/16/2017,IN PERSON,NO,NO,,NO,MONTI,295,010,025,129,OCMU,00310,079003,00002,2,
JASPER,00291073,WYNENS,SHEILA,L,,270,SUGAR HILL RD, ,HILLSBORO,GA,31038-3610,270,SUGAR HILL RD,,HILLSBORO,GA,31038-3610,A,A,,11/03/2017,11/03/2017,11/03/2017,IN PERSON,NO,NO,,NO,,295,010,025,129,OCMU,00307,079003,00300,323,
JASPER,00292132,STORK,MARIE,MCMASTER,,34,MALLARD LN, ,MONTICELLO,GA,31064-7800,,PO BOX 507,,MONTICELLO,GA,31064-0050,A,A,,10/27/2017,10/27/2017,10/27/2017,IN PERSON,NO,NO,,NO,MONTI,295,010,025,129,OCMU,00302,079003,00104,121,
JASPER,00292939,PAYNE,ROBERT,RONALD,SR,2598,GA HIGHWAY 212 E, ,MONTICELLO,GA,31064-5606,2598,GA HIGHWAY 212 E,,MONTICELLO,GA,31064-5606,A,A,,10/16/2017,10/16/2017,10/16/2017,IN PERSON,NO,NO,,NO,,295,010,025,129,OCMU,00307,079003,00008,8,
JASPER,00681547,SIMMONS,WILLIE,LEE,,2466,PALALTO RD, ,MONTICELLO,GA,31064,2466,PALALTO RD,,MONTICELLO,GA,31064,A,A,,10/30/2017,10/30/2017,10/30/2017,IN PERSON,NO,NO,,NO,,295,010,025,129,OCMU,00308,079003,00132,150,
JASPER,02052861,WHEELER,VICTORIA,KANATAS,,19165,GA HIGHWAY 11 N, ,MONTICELLO,GA,31064-3934,19165,GA HIGHWAY 11 N,,MONTICELLO,GA,31064-3934,A,A,,11/01/2017,11/01/2017,11/01/2017,IN PERSON,NO,NO,,NO,,295,010,025,129,OCMU,00311,079003,00188,210,
JASPER,00465020,MEUSE,LEONARD,R,,77,CANVASBACK CT, ,MONTICELLO,GA,31064-8809,77,CANVASBACK CT,,MONTICELLO,GA,31064-8809,A,A,,11/03/2017,11/03/2017,11/03/2017,IN PERSON,NO,NO,,NO,,296,010,025,129,OCMU,00307,079003,00309,332,
JASPER,00310695,BLUE,EMILY,MCKIBBEN,,9210,JACKSON LAKE RD, ,MONTICELLO,GA,31064-8544,9210,JACKSON LAKE RD,,MONTICELLO,GA,31064-8544,A,A,,10/23/2017,10/23/2017,10/23/2017,IN PERSON,NO,NO,,NO,,296,010,025,129,OCMU,00307,079003,00059,69,
JASPER,00292395,GASSES,JOSEPH,A,JR,246,CONNER ST, ,MONTICELLO,GA,31064-1312,,PO BOX 610,,MONTICELLO,GA,31064-0061,A,A,,10/18/2017,10/18/2017,10/18/2017,IN PERSON,NO,NO,,NO,MONTI,295,010,025,129,OCMU,00310,079003,00030,39,
JASPER,00292614,LITTLE,LATONYA,MACHELLE,,307,NORRIS DR, ,MONTICELLO,GA,31064-7026,307,NORRIS DR,,MONTICELLO,GA,31064-7026,A,A,,11/02/2017,11/02/2017,11/02/2017,IN PERSON,NO,NO,,NO,,295,010,025,129,OCMU,00300,079003,00235,258,
JASPER,00292952,HOLMES,SUSAN,DYKES,,692,COLLEGE ST, ,MONTICELLO,GA,31064-1254,,PO BOX 151,,MONTICELLO,GA,31064-0015,A,A,,10/25/2017,10/25/2017,10/25/2017,IN PERSON,NO,NO,,NO,MONTI,295,010,025,129,OCMU,00306,079003,00081,98,
