County,Voter Registration #,Last Name,First Name,Middle Name,Suffix,Street #,Street Name,Apt/Unit,City,State,Zip Code,Mailing Street #,Mailing Street Name,Mailing Apt/Unit,Mailing City,Mailing State,Mailing Zip Code,Application Status,Ballot Status,Status Reason,Application Date,Ballot Issued Date,Ballot Return Date,Ballot Style,Ballot Assisted,Challenged/Provisional,Designation/Reason Issue,ID Required,Municipal Precinct,County Precinct,CNG,SEN,HOUSE	,JUD,Combo #,Vote Center ID,Ballot ID,Post #,Party
JEFF DAVIS,03468073,YARBROUGH,LISA,RENE,,144,HERRINGTON RD, ,HAZLEHURST,GA,31539-5256,144,HERRINGTON RD,,HAZLEHURST,GA,31539-5256,A,A,,11/02/2017,11/02/2017,11/02/2017,IN PERSON,NO,NO,,NO,,302,012,019,169,BRUN,00010,080007,00093,97,
JEFF DAVIS,01165010,REED,SUSAN,ATES,,66,GEORGIA CIR, ,HAZLEHURST,GA,31539,66,GEORGIA CIR,,HAZLEHURST,GA,31539,A,A,,11/02/2017,11/02/2017,11/02/2017,IN PERSON,NO,NO,,NO,,302,012,019,169,BRUN,00010,080007,00092,96,
JEFF DAVIS,08441285,RINER,DYLAN,COLE,,4,SHEPARD RAY RD, ,HAZLEHURST,GA,31539-8108,4,SHEPARD RAY RD,,HAZLEHURST,GA,31539-8108,A,A,,10/31/2017,10/31/2017,11/03/2017,MAILED,NO,NO,,NO,,202,012,019,156,BRUN,00006,,00001,69,
JEFF DAVIS,01169065,DAVENPORT,CHRIS,ALAN,,47,OWL HEAD TRL, ,HAZLEHURST,GA,31539-8077,47,OWL HEAD TRL,,HAZLEHURST,GA,31539-8077,A,A,,11/03/2017,11/03/2017,11/03/2017,IN PERSON,NO,NO,,NO,,202,012,019,156,BRUN,00006,080007,00113,117,
JEFF DAVIS,01165672,CRAY,MARIE,K,,10,MILDRED ST, ,HAZLEHURST,GA,31539-6952,10,MILDRED ST,,HAZLEHURST,GA,31539-6952,A,A,,10/20/2017,10/20/2017,10/24/2017,MAILED,NO,NO,ELDERLY,NO,H,100,012,019,149,BRUN,00002,,00001,22,
JEFF DAVIS,01170425,DOTSON,WANDA,LOUELLA,,21,ROGERS ST, ,HAZLEHURST,GA,31539,21,ROGERS ST,,HAZLEHURST,GA,31539,A,A,,11/02/2017,11/02/2017,11/02/2017,IN PERSON,NO,NO,,NO,H,501,012,019,149,BRUN,00022,080007,00099,103,
JEFF DAVIS,01168006,MORRIS,PAMELA,JEAN,,93,PRESTON LONG RD, ,HAZLEHURST,GA,31539,93,PRESTON LONG RD,,HAZLEHURST,GA,31539,A,A,,11/03/2017,11/03/2017,11/03/2017,IN PERSON,NO,NO,,NO,,402,012,019,169,BRUN,00013,080007,00127,131,
JEFF DAVIS,01166336,HEATH,WILBUR,G,,480,BELL TELEPHONE RD,LOT 4,HAZLEHURST,GA,31539-4209,480,BELL TELEPHONE RD,LOT 4,HAZLEHURST,GA,31539-4209,A,A,,10/20/2017,10/20/2017,10/20/2017,IN PERSON,NO,NO,,NO,,401,012,019,169,BRUN,00013,080007,00022,23,
JEFF DAVIS,01166449,HOWARD,JAMES,EDWARD,JR,10,KELLY ST, ,HAZLEHURST,GA,31539,10,KELLY ST,,HAZLEHURST,GA,31539,A,A,,11/02/2017,11/02/2017,11/02/2017,IN PERSON,NO,NO,,NO,H,501,012,019,149,BRUN,00022,080007,00090,94,
JEFF DAVIS,01169109,BRYANT,TERRA,BREWER,,61,SECOND RD, ,HAZLEHURST,GA,31539-6181,,PO BOX 411,,HAZLEHURST,GA,31539-0041,A,A,,11/03/2017,11/03/2017,11/03/2017,IN PERSON,NO,NO,,NO,,401,012,019,169,BRUN,00013,080007,00105,109,
JEFF DAVIS,01166112,GOOGE,BOBBY,H,,32,ELTON ST, ,HAZLEHURST,GA,31539-6617,32,ELTON ST,,HAZLEHURST,GA,31539-6617,A,A,,10/26/2017,10/26/2017,10/26/2017,IN PERSON,NO,NO,,NO,H,501,012,019,149,BRUN,00022,080007,00040,43,
JEFF DAVIS,01166699,KORNEGAY,CALAMITY,B,,522,TOWNS BLUFF RD, ,HAZLEHURST,GA,31539-4954,522,TOWNS BLUFF RD,,HAZLEHURST,GA,31539-4954,A,A,,10/18/2017,10/18/2017,10/18/2017,IN PERSON,NO,NO,,NO,,100,012,019,149,BRUN,00001,080007,00016,16,
JEFF DAVIS,06531954,CLAY,TINA,LOUISE,,162,FISHER RD, ,HAZLEHURST,GA,31539-5420,162,FISHER RD,,HAZLEHURST,GA,31539-5420,A,A,,11/03/2017,11/03/2017,11/03/2017,IN PERSON,NO,NO,,NO,,301,012,019,169,BRUN,00010,080007,00141,148,
JEFF DAVIS,01166967,MCLOON,HUGH,KELLY,JR,88,N GILL ST, ,HAZLEHURST,GA,31539-6726,88,N GILL ST,,HAZLEHURST,GA,31539-6726,A,A,,11/03/2017,11/03/2017,11/03/2017,IN PERSON,NO,NO,,NO,H,201,012,019,156,BRUN,00008,080007,00114,118,
JEFF DAVIS,03555710,POWELL,CHARLES,BRADFORD,,211,OWL HEAD TRL, ,HAZLEHURST,GA,31539-8073,211,OWL HEAD TRL,,HAZLEHURST,GA,31539-8073,A,A,,11/03/2017,11/03/2017,11/07/2017,MAILED,NO,NO,,NO,,202,012,019,156,BRUN,00006,,00002,134,
JEFF DAVIS,01166361,HERNDON,WARREN,BUCK,JR,28,TOMMY HARRELL RD, ,HAZLEHURST,GA,31539-8004,28,TOMMY HARRELL RD,,HAZLEHURST,GA,31539-8004,A,A,,10/20/2017,10/20/2017,10/20/2017,IN PERSON,NO,NO,,NO,,202,012,019,156,BRUN,00006,080007,00024,25,
JEFF DAVIS,06933941,WIMBERLY,LYNDSAY,AMANDA,,465,BURKETTS FERRY RD, ,HAZLEHURST,GA,31539,465,BURKETTS FERRY RD,,HAZLEHURST,GA,31539,A,A,,10/19/2017,10/19/2017,10/19/2017,IN PERSON,NO,NO,,NO,,501,012,019,149,BRUN,00019,080007,00020,20,
JEFF DAVIS,06045893,CLAY,BRIAN,ROBERT,,162,FISHER RD, ,HAZLEHURST,GA,31539-5420,162,FISHER RD,,HAZLEHURST,GA,31539-5420,A,A,,11/03/2017,11/03/2017,11/03/2017,IN PERSON,NO,NO,,NO,,301,012,019,169,BRUN,00010,080007,00142,149,
JEFF DAVIS,01166785,LOVETT,CHERYL,D,,88,ROBERTS LN, ,HAZLEHURST,GA,31539-4434,88,ROBERTS LN,,HAZLEHURST,GA,31539-4434,A,A,,11/03/2017,11/03/2017,11/03/2017,IN PERSON,NO,NO,,NO,,402,012,019,169,BRUN,00013,080007,00146,153,
JEFF DAVIS,07429316,JOSEY,HENRY,ELIJAH,,153,N MILLER ST,20,HAZLEHURST,GA,31539,,P.O. BOX 246,,HAZLEHURST,GA,31539,A,A,,10/18/2017,10/18/2017,10/18/2017,IN PERSON,NO,NO,,NO,H,100,012,019,149,BRUN,00002,080007,00018,18,
JEFF DAVIS,01165429,CARTER,JUDY,C,,71,MELVIN RD, ,HAZLEHURST,GA,31539,71,MELVIN RD,,HAZLEHURST,GA,31539,A,A,,11/03/2017,11/03/2017,11/03/2017,IN PERSON,NO,NO,,NO,,301,012,019,169,BRUN,00010,080007,00118,122,
JEFF DAVIS,06120474,BECKER,TIFFANY,ANN,,143,IVY BREWER RD, ,HAZLEHURST,GA,31539,143,IVY BREWER RD,,HAZLEHURST,GA,31539,A,A,,10/17/2017,10/17/2017,10/17/2017,IN PERSON,NO,NO,,NO,,202,012,019,156,BRUN,00006,080007,00011,11,
JEFF DAVIS,01170223,YARBROUGH,LARRY,,,879,UVALDA HWY, ,HAZLEHURST,GA,31539-4859,879,UVALDA HWY,,HAZLEHURST,GA,31539-4859,A,A,,10/19/2017,10/19/2017,10/19/2017,IN PERSON,NO,NO,,NO,,100,012,019,149,BRUN,00001,080007,00019,19,
JEFF DAVIS,01167779,SELPH,SYLVIA,,,563,NINA GAY RD, ,HAZLEHURST,GA,31539-7211,563,NINA GAY RD,,HAZLEHURST,GA,31539-7211,A,A,,10/18/2017,10/18/2017,10/18/2017,IN PERSON,NO,NO,,NO,,501,012,019,149,BRUN,00019,080007,00013,13,
JEFF DAVIS,01167460,RAINEY,JONATHAN,,JR,88,EUREKA CHURCH RD, ,HAZLEHURST,GA,31539-5728,88,EUREKA CHURCH RD,,HAZLEHURST,GA,31539-5728,A,A,,11/03/2017,11/03/2017,11/03/2017,IN PERSON,NO,NO,,NO,,100,012,019,149,BRUN,00001,080007,00145,152,
JEFF DAVIS,03294000,COLLINS,ELVIE,J,,151,WILLIE MAE HARRELL RD, ,HAZLEHURST,GA,31539-7927,151,WILLIE MAE HARRELL RD,,HAZLEHURST,GA,31539-7927,A,A,,10/27/2017,10/27/2017,10/27/2017,IN PERSON,NO,NO,,NO,,202,012,019,156,BRUN,00006,080007,00054,57,
JEFF DAVIS,04141713,HIGGINS,DEIDRA,CARTER,,56,FRED BUSH RD, ,HAZLEHURST,GA,31539-7167,56,FRED BUSH RD,,HAZLEHURST,GA,31539-7167,A,A,,11/03/2017,11/03/2017,11/03/2017,IN PERSON,NO,NO,,NO,,501,012,019,149,BRUN,00019,080007,00152,159,
JEFF DAVIS,01170906,RIGDON,HOLLY,M,,300,BURKETTS FERRY RD, ,HAZLEHURST,GA,31539-5846,300,BURKETTS FERRY RD,,HAZLEHURST,GA,31539-5846,A,A,,11/03/2017,11/03/2017,11/03/2017,IN PERSON,NO,NO,,NO,,501,012,019,149,BRUN,00019,080007,00123,127,
JEFF DAVIS,01169841,TERRY,JACKIE,CHARLENE,,545,PAT DIXON RD, ,HAZLEHURST,GA,31539-7107,545,PAT DIXON RD,,HAZLEHURST,GA,31539-7107,A,A,,11/03/2017,11/03/2017,11/03/2017,IN PERSON,NO,NO,,NO,,401,012,019,169,BRUN,00013,080007,00115,119,
JEFF DAVIS,05538730,NELMS,JEREMY,NATHANIEL,,78,HESTER ST, ,HAZLEHURST,GA,31539,78,HESTER ST,,HAZLEHURST,GA,31539,A,A,,10/18/2017,10/18/2017,10/18/2017,IN PERSON,NO,NO,,NO,H,401,012,019,169,BRUN,00017,080007,00015,15,
JEFF DAVIS,01167239,NESTER,MARY,FRANCES,,25,W KELLY LN, ,HAZLEHURST,GA,31539-7531,25,W KELLY LN,,HAZLEHURST,GA,31539-7531,A,A,,10/17/2017,10/17/2017,10/17/2017,IN PERSON,NO,NO,,NO,,501,012,019,149,BRUN,00019,080007,00010,10,
JEFF DAVIS,01166230,HAND,BERNEY,JACK,,30,N CROMARTIE ST, ,HAZLEHURST,GA,31539-6228,30,N CROMARTIE ST,,HAZLEHURST,GA,31539-6228,A,A,,11/01/2017,11/01/2017,11/01/2017,IN PERSON,NO,NO,,NO,H,201,012,019,156,BRUN,00008,080007,00082,86,
JEFF DAVIS,01167997,STONE,MARTIN,DARNELL,,314,BELL TELEPHONE RD, ,HAZLEHURST,GA,31539-4202,,PO BOX 977,,HAZLEHURST,GA,31539-0097,A,A,,10/23/2017,10/23/2017,10/23/2017,IN PERSON,NO,NO,,NO,,401,012,019,169,BRUN,00013,080007,00034,35,
JEFF DAVIS,04371940,BRYANT,RICKY,,,61,SECOND RD, ,HAZLEHURST,GA,31539-6181,61,2ND RD,,HAZLEHURST,GA,31539-6181,A,A,,10/30/2017,10/30/2017,10/30/2017,IN PERSON,NO,NO,,NO,,401,012,019,169,BRUN,00013,080007,00063,66,
JEFF DAVIS,01167546,RENTZ,STANLEY,REVIS,,68,LATIMER ST, ,HAZLEHURST,GA,31539,68,LATIMER ST,,HAZLEHURST,GA,31539-6506,A,A,,11/03/2017,11/03/2017,11/03/2017,IN PERSON,NO,NO,,NO,H,100,012,019,149,BRUN,00026,080007,00110,114,
JEFF DAVIS,01168070,MILES,BEVERLY,C,,12,COLE ST, ,HAZLEHURST,GA,31539-6604,12,COLE ST,,HAZLEHURST,GA,31539-6604,A,A,,11/03/2017,11/03/2017,11/03/2017,IN PERSON,NO,NO,,NO,H,501,012,019,149,BRUN,00022,080007,00156,163,
JEFF DAVIS,01168405,WILKES,E,M,III,158,N TALLAHASSEE ST, ,HAZLEHURST,GA,31539-6851,,PO BOX 1540,,HAZLEHURST,GA,31539-0154,A,A,,11/01/2017,11/01/2017,11/01/2017,IN PERSON,NO,NO,,NO,H,201,012,019,156,BRUN,00008,080007,00084,88,
JEFF DAVIS,01165732,CROZIER,DANIEL,N,,127,W JEFFERSON ST, ,HAZLEHURST,GA,31539,127,W JEFFERSON ST,,HAZLEHURST,GA,31539-7044,A,A,,11/02/2017,11/02/2017,11/02/2017,IN PERSON,NO,NO,,NO,H,401,012,019,169,BRUN,00017,080007,00096,100,
JEFF DAVIS,01168483,WINGE,THOMAS,,,148,THOMAS WINGE RD, ,HAZLEHURST,GA,31539-4632,148,THOMAS WINGE RD,,HAZLEHURST,GA,31539-4632,A,A,,10/27/2017,10/27/2017,10/27/2017,IN PERSON,NO,NO,,NO,,302,012,019,169,BRUN,00010,080007,00058,61,
JEFF DAVIS,08918046,STRAUCH,STEPHANIE,MARIE,,92,PRESTON LONG RD, ,HAZLEHURST,GA,31539,92,PRESTON LONG RD,,HAZLEHURST,GA,31539,A,A,,10/20/2017,10/20/2017,10/20/2017,IN PERSON,NO,NO,,NO,,401,012,019,169,BRUN,00013,080007,00025,26,
JEFF DAVIS,01168245,USSERY,SHARON,H,,235,USSERY FARM RD, ,HAZLEHURST,GA,31539-7025,235,USSERY FARM RD,,HAZLEHURST,GA,31539-7025,A,A,,10/27/2017,10/27/2017,10/27/2017,IN PERSON,NO,NO,,NO,,401,012,019,169,BRUN,00013,080007,00053,56,
JEFF DAVIS,01166616,KERNS,EDITH,ANDERSON,,173,SATILLA CHURCH RD, ,HAZLEHURST,GA,31539-4445,,PO BOX 972,,HAZLEHURST,GA,31539-0097,A,A,,11/03/2017,11/03/2017,11/03/2017,IN PERSON,NO,NO,,NO,,302,012,019,169,BRUN,00010,080007,00136,143,
JEFF DAVIS,01167379,PHILLIPS,MANSON,,,295,HALLSPUR RD, ,HAZLEHURST,GA,31539-5005,295,HALLSPUR RD,,HAZLEHURST,GA,31539-5005,A,A,,10/18/2017,10/18/2017,10/18/2017,IN PERSON,NO,NO,,NO,,100,012,019,149,BRUN,00001,080007,00014,14,
JEFF DAVIS,06296200,BENNETT,NATASHA,LEIGH,,15,GROVE ST, ,HAZLEHURST,GA,31539-6423,15,GROVE ST,,HAZLEHURST,GA,31539-6423,A,A,,10/17/2017,10/17/2017,10/17/2017,IN PERSON,NO,NO,,NO,H,401,012,019,169,BRUN,00017,080007,00008,8,
JEFF DAVIS,01167261,DYAL,SARAH,NELL,,61,OAKLAND CHURCH RD, ,HAZLEHURST,GA,31539,61,OAKLAND CHURCH RD,,HAZLEHURST,GA,31539,A,A,,10/26/2017,10/26/2017,10/26/2017,IN PERSON,NO,NO,,NO,,202,012,019,156,BRUN,00006,080007,00047,50,
JEFF DAVIS,01165566,COLE,CHARLES,J,,341,BURKETTS FERRY RD, ,HAZLEHURST,GA,31539-7131,341,BURKETTS FERRY RD,,HAZLEHURST,GA,31539-7131,A,A,,11/01/2017,11/01/2017,11/01/2017,IN PERSON,NO,NO,,NO,,501,012,019,149,BRUN,00019,080007,00079,83,
JEFF DAVIS,01168999,MCDANIEL,C,L,JR,327,UVALDA HWY,UNIT 17,HAZLEHURST,GA,31539-4865,327,UVALDA HWY,UNIT 17,HAZLEHURST,GA,31539-4865,A,A,,11/01/2017,11/01/2017,11/01/2017,IN PERSON,NO,NO,,NO,,100,012,019,149,BRUN,00001,080007,00076,80,
JEFF DAVIS,01165192,BOOKHARDT,ANN MARIE,T,,2504,DOUGLAS HWY, ,DENTON,GA,31532-3626,2504,DOUGLAS HWY,,DENTON,GA,31532-3626,A,A,,10/24/2017,10/24/2017,10/24/2017,IN PERSON,NO,NO,,NO,D,402,012,019,169,BRUN,00014,080007,00037,40,
JEFF DAVIS,01168193,TROWELL,MARCUS,E,JR,785,BELL TELEPHONE RD, ,HAZLEHURST,GA,31539-4221,,PO BOX 1500,,HAZLEHURST,GA,31539-0150,A,A,,10/16/2017,10/16/2017,10/16/2017,IN PERSON,NO,NO,,NO,,301,012,019,169,BRUN,00010,080007,00004,4,
JEFF DAVIS,01166307,HATTON,TONY,PATRICK,,116,OLD DOUGLAS RD, ,HAZLEHURST,GA,31539-7000,116,OLD DOUGLAS RD,,HAZLEHURST,GA,31539-7000,A,A,,11/03/2017,11/03/2017,11/03/2017,IN PERSON,NO,NO,,NO,,401,012,019,169,BRUN,00013,080007,00108,112,
JEFF DAVIS,01165761,DAVIS,JOYCE,H,,254,HULETT WOOTEN FARMS RD, ,HAZLEHURST,GA,31539-5138,,PO BOX 28,,HAZLEHURST,GA,31539-0002,A,A,,10/30/2017,10/30/2017,10/30/2017,IN PERSON,NO,NO,,NO,,301,012,019,169,BRUN,00010,080007,00061,64,
JEFF DAVIS,06375291,HAYES,MICHAEL,ANTHONY,SR,106,MATTHEW LEE RD, ,HAZLEHURST,GA,31539-5174,,PO BOX 1273,,HAZLEHURST,GA,31539-0127,A,A,,10/26/2017,10/26/2017,10/26/2017,IN PERSON,NO,NO,,NO,,301,012,019,169,BRUN,00010,080007,00044,47,
JEFF DAVIS,00230269,GAINER,SUSANNE,ELIZABETH,,201,BROOKER TRAIL, ,HAZLEHURST,GA,31539,,P.O. BOX 153,,HAZLEHURST,GA,31539,A,A,,10/23/2017,10/23/2017,10/23/2017,IN PERSON,NO,NO,,NO,,402,012,019,169,BRUN,00013,080007,00033,34,
JEFF DAVIS,05297592,SPELL,BRANDI,H,,707,DENTON STILL RD, ,DENTON,GA,31532,707,DENTON STILL RD,,DENTON,GA,31532,A,A,,10/27/2017,10/27/2017,10/27/2017,IN PERSON,NO,NO,,NO,,402,012,019,169,BRUN,00013,080007,00056,59,
JEFF DAVIS,08068614,LEGGETT,ALEXIS,MCLOON,,327,UVALDA HWY,APT 18,HAZLEHURST,GA,31539,327,UVALDA HWY,APT 18,HAZLEHURST,GA,31539-4866,A,A,,11/02/2017,11/02/2017,11/02/2017,IN PERSON,NO,NO,,NO,,100,012,019,149,BRUN,00001,080007,00089,93,
JEFF DAVIS,01167439,PRITCHETT,LINDA,NELL,,55,CHARLTON RD, ,HAZLEHURST,GA,31539-5913,55,CHARLTON RD,,HAZLEHURST,GA,31539-5913,A,A,,11/02/2017,11/02/2017,11/02/2017,IN PERSON,NO,NO,,NO,H,201,012,019,156,BRUN,00008,080007,00103,107,
JEFF DAVIS,01169413,WRIGHT,HOMER,JACKSON,III,63,SECOND RD, ,HAZLEHURST,GA,31539,63,SECOND RD,,HAZLEHURST,GA,31539,A,A,,10/17/2017,10/17/2017,10/17/2017,IN PERSON,NO,NO,,NO,,401,012,019,169,BRUN,00013,080007,00012,12,
JEFF DAVIS,01166765,LIVINGSTON,JOHN,D,,942,DOUGLAS HWY, ,HAZLEHURST,GA,31539-7008,942,DOUGLAS HWY,,HAZLEHURST,GA,31539-7008,A,A,,11/03/2017,11/03/2017,11/03/2017,IN PERSON,NO,NO,,NO,,401,012,019,169,BRUN,00013,080007,00120,124,
JEFF DAVIS,01168642,BOHANNON,PRESTON,WAYLON,,171,JA YAWN RD, ,HAZLEHURST,GA,31539-4813,171,JA YAWN RD,,HAZLEHURST,GA,31539-4813,A,A,,10/20/2017,10/20/2017,10/20/2017,IN PERSON,NO,NO,,NO,,201,012,019,156,BRUN,00006,080007,00026,27,
JEFF DAVIS,01168330,WATKINS,JOHNNY,LEE,,751,MATHIS RD, ,HAZLEHURST,GA,31539-7349,751,MATHIS RD,,HAZLEHURST,GA,31539-7349,A,A,,11/03/2017,11/03/2017,11/03/2017,IN PERSON,NO,NO,,NO,,502,012,019,149,BRUN,00019,080007,00154,161,
JEFF DAVIS,01166704,KORNEGAY,REGINALD,W,,522,TOWNS BLUFF RD, ,HAZLEHURST,GA,31539-4908,522,TOWNS BLUFF RD,,HAZLEHURST,GA,31539-4908,A,A,,10/18/2017,10/18/2017,10/18/2017,IN PERSON,NO,NO,,NO,,100,012,019,149,BRUN,00001,080007,00017,17,
JEFF DAVIS,01166308,HATTON,RUTH MARIE,W,,116,OLD DOUGLAS RD, ,HAZLEHURST,GA,31539-7000,116,OLD DOUGLAS RD,,HAZLEHURST,GA,31539-7000,A,A,,11/03/2017,11/03/2017,11/03/2017,IN PERSON,NO,NO,,NO,,401,012,019,169,BRUN,00013,080007,00109,113,
JEFF DAVIS,01167006,MCNEAL,PAUL,D,,107,ED MCNEAL DR, ,HAZLEHURST,GA,31539-7783,107,ED MCNEAL DR,,HAZLEHURST,GA,31539-7783,A,A,,10/24/2017,10/24/2017,10/24/2017,IN PERSON,NO,NO,,NO,,202,012,019,156,BRUN,00006,080007,00038,41,
JEFF DAVIS,01170355,RINER,CHRISTINE,N,,4,SHEPARD RAY RD, ,HAZLEHURST,GA,31539-8108,4,SHEPARD RAY RD,,HAZLEHURST,GA,31539-8108,A,A,,10/30/2017,10/30/2017,10/30/2017,IN PERSON,NO,NO,,NO,,202,012,019,156,BRUN,00006,080007,00060,63,
JEFF DAVIS,01167831,SIMMONS,JACK,,,30,CHESLEY RD, ,HAZLEHURST,GA,31539-7145,30,CHESLEY RD,,HAZLEHURST,GA,31539-7145,A,A,,10/25/2017,10/25/2017,10/25/2017,IN PERSON,NO,NO,,NO,,501,012,019,149,BRUN,00019,080007,00039,42,
JEFF DAVIS,07473358,BLANTON,JUNIOR,BOBBIE,,51,HILLCREST AVE, ,HAZLEHURST,GA,31539-5919,51,HILLCREST AVE,,HAZLEHURST,GA,31539-5919,A,A,,11/02/2017,11/02/2017,11/02/2017,IN PERSON,NO,NO,,NO,H,201,012,019,156,BRUN,00008,080007,00098,102,
JEFF DAVIS,01167999,STONE,MARY,ESTER,,314,BELL TELEPHONE RD, ,HAZLEHURST,GA,31539-4202,,P.O. BOX 477,,HAZLEHURST,GA,31539-4202,A,A,,10/23/2017,10/23/2017,10/30/2017,MAILED,YES,NO,DISABLED,NO,,401,012,019,169,BRUN,00013,,00001,36,
JEFF DAVIS,01169966,MONTFORD,DEBRA,LORD,,51,CACTUS CIR, ,HAZLEHURST,GA,31539-8065,51,CACTUS CIR,,HAZLEHURST,GA,31539-8065,A,A,,11/03/2017,11/03/2017,11/03/2017,IN PERSON,NO,NO,,NO,,202,012,019,156,BRUN,00006,080007,00129,133,
JEFF DAVIS,01171100,GIRTMAN,TAMMY,LYNN,,2495,BROXTON HWY, ,DENTON,GA,31532,2495,BROXTON HWY,,DENTON,GA,31532,A,A,,11/03/2017,11/03/2017,11/03/2017,IN PERSON,NO,NO,,NO,,402,012,019,169,BRUN,00013,080007,00132,139,
JEFF DAVIS,07139691,MOORE,NANCY,JO,,2129,POST RD, ,HAZLEHURST,GA,31539-4767,2129,POST RD,,HAZLEHURST,GA,31539-4767,A,A,,10/27/2017,10/27/2017,10/27/2017,IN PERSON,NO,NO,,NO,,302,012,019,169,BRUN,00010,080007,00050,53,
JEFF DAVIS,01168482,WINGE,MARGARET,W,,148,THOMAS WINGE RD, ,HAZLEHURST,GA,31539-4632,148,THOMAS WINGE RD,,HAZLEHURST,GA,31539-4632,A,A,,10/27/2017,10/27/2017,10/27/2017,IN PERSON,NO,NO,,NO,,302,012,019,169,BRUN,00010,080007,00057,60,
JEFF DAVIS,01168987,HUMPHREY,CHARLES,D,,184,SWANN LAKE RD, ,HAZLEHURST,GA,31539,,P.O. BOX 52,,HAZLEHURST,GA,31539,A,A,,11/03/2017,11/03/2017,11/03/2017,IN PERSON,NO,NO,,NO,,501,012,019,149,BRUN,00019,080007,00144,151,
JEFF DAVIS,01165091,BEALL,BENNIE,JOE,,393,OLD DOUGLAS RD, ,HAZLEHURST,GA,31539,393,OLD DOUGLAS RD,,HAZLEHURST,GA,31539,A,A,,11/03/2017,11/03/2017,11/03/2017,IN PERSON,NO,NO,,NO,,401,012,019,169,BRUN,00013,080007,00126,130,
JEFF DAVIS,07746136,DOTSON,ELIAS,,III,21,ROGERS ST, ,HAZLEHURST,GA,31539,21,ROGERS ST,,HAZLEHURST,GA,31539,A,A,,11/02/2017,11/02/2017,11/02/2017,IN PERSON,NO,NO,,NO,H,501,012,019,149,BRUN,00022,080007,00100,104,
JEFF DAVIS,03165919,KIRBY,SHIRLEY,CHASTAIN,,63,ELTON ST, ,HAZLEHURST,GA,31539-6621,63,ELTON ST,,HAZLEHURST,GA,31539-6621,A,A,,10/16/2017,10/16/2017,10/16/2017,IN PERSON,NO,NO,,NO,H,501,012,019,149,BRUN,00022,080007,00001,1,
JEFF DAVIS,06704342,HAND,MARGARET,DIANE,,30,N CROMARTIE ST, ,HAZLEHURST,GA,31539-6228,30,N CROMARTIE ST,,HAZLEHURST,GA,31539-6228,A,A,,11/01/2017,11/01/2017,11/01/2017,IN PERSON,NO,NO,,NO,H,201,012,019,156,BRUN,00008,080007,00081,85,
JEFF DAVIS,01171233,CROSBY,CHARLES,RAYMOND,JR,101,REA HILL RD, ,HAZLEHURST,GA,31539-7481,101,REA HILL RD,,HAZLEHURST,GA,31539-7481,A,A,,11/03/2017,11/03/2017,11/03/2017,IN PERSON,NO,NO,,NO,,502,012,019,149,BRUN,00019,080007,00111,115,
JEFF DAVIS,01170813,VARNADORE,TONY,N,,52,E PLUM ST, ,HAZLEHURST,GA,31539-6758,52,E PLUM ST,,HAZLEHURST,GA,31539-6758,A,A,,10/31/2017,10/31/2017,10/31/2017,IN PERSON,NO,NO,,NO,H,201,012,019,156,BRUN,00008,080007,00073,77,
JEFF DAVIS,01165705,CREECH,SAMMY,,,1164,BROXTON HWY, ,HAZLEHURST,GA,31539-7408,1164,BROXTON HWY,,HAZLEHURST,GA,31539-7408,A,A,,10/20/2017,10/20/2017,10/20/2017,IN PERSON,NO,NO,,NO,,502,012,019,149,BRUN,00019,080007,00029,30,
JEFF DAVIS,01165239,BRASWELL,DOUGLAS,GARY,SR,89,N GILL ST, ,HAZLEHURST,GA,31539-6727,89,N GILL ST,,HAZLEHURST,GA,31539-6727,A,A,,10/16/2017,10/16/2017,10/16/2017,IN PERSON,NO,NO,,NO,H,201,012,019,156,BRUN,00008,080007,00005,5,
JEFF DAVIS,01165519,CLAXTON,B,H,,50,DOGWOOD RD, ,HAZLEHURST,GA,31539-6042,50,DOGWOOD RD,,HAZLEHURST,GA,31539-6042,A,A,,10/16/2017,10/16/2017,10/16/2017,IN PERSON,NO,NO,,NO,,401,012,019,169,BRUN,00013,080007,00003,3,
JEFF DAVIS,08526001,DAY,HANNAH,LAUREN,,52,N GILL ST,APT B,HAZLEHURST,GA,31539,52,N GILL ST,APT B,HAZLEHURST,GA,31539,A,A,,11/03/2017,11/03/2017,11/03/2017,IN PERSON,NO,NO,,NO,H,201,012,019,156,BRUN,00008,080007,00153,160,
JEFF DAVIS,01170909,CORNISH,TINE,B,,58,KERSEY ST, ,HAZLEHURST,GA,31539,58,KERSEY ST,,HAZLEHURST,GA,31539,A,A,,11/03/2017,11/03/2017,11/03/2017,IN PERSON,NO,NO,,NO,H,501,012,019,149,BRUN,00022,080007,00125,129,
JEFF DAVIS,04919150,HERNDON,JACQUELINE,,,28,TOMMY HARRELL RD, ,HAZLEHURST,GA,31539-8004,28,TOMMY HARRELL RD,,HAZLEHURST,GA,31539-8004,A,A,,10/20/2017,10/20/2017,10/20/2017,IN PERSON,NO,NO,,NO,,202,012,019,156,BRUN,00006,080007,00023,24,
JEFF DAVIS,01168369,WILCOX,DONNA,H,,815,SNIPESVILLE RD, ,DENTON,GA,31532-3138,815,SNIPESVILLE RD,,DENTON,GA,31532-3138,A,A,,10/30/2017,10/30/2017,10/30/2017,IN PERSON,NO,NO,,NO,,402,012,019,169,BRUN,00013,080007,00064,67,
JEFF DAVIS,01166849,MCCLEMENTS,CAROL,,,112,SWANN LAKE RD, ,HAZLEHURST,GA,31539-7102,112,SWANN LAKE RD,,HAZLEHURST,GA,31539-7102,A,A,,10/31/2017,10/31/2017,10/31/2017,IN PERSON,NO,NO,,NO,,501,012,019,149,BRUN,00019,080007,00069,73,
JEFF DAVIS,01165568,COLE,JANICE,E,,341,BURKETTS FERRY RD, ,HAZLEHURST,GA,31539-7131,341,BURKETTS FERRY RD,,HAZLEHURST,GA,31539-7131,A,A,,11/01/2017,11/01/2017,11/01/2017,IN PERSON,NO,NO,,NO,,501,012,019,149,BRUN,00019,080007,00078,82,
JEFF DAVIS,01167383,PICKREN,LINDA,D,,467,BROXTON HWY, ,HAZLEHURST,GA,31539-7029,467,BROXTON HWY,,HAZLEHURST,GA,31539-7029,A,A,,10/26/2017,10/26/2017,10/26/2017,IN PERSON,NO,NO,,NO,,401,012,019,169,BRUN,00013,080007,00045,48,
JEFF DAVIS,07206570,STRAUCH,JUSTIN,LEE,,92,PRESTON LONG RD, ,HAZLEHURST,GA,31539,92,PRESTON LONG RD,,HAZLEHURST,GA,31539,A,A,,11/01/2017,11/01/2017,11/01/2017,IN PERSON,NO,NO,,NO,,401,012,019,169,BRUN,00013,080007,00080,84,
JEFF DAVIS,01171011,PARKER,TONIA,BUTLER,,10,MCDANIELS RD, ,HAZLEHURST,GA,31539-6050,10,MCDANIELS RD,,HAZLEHURST,GA,31539-6050,A,A,,11/01/2017,11/01/2017,11/01/2017,IN PERSON,NO,NO,,NO,,401,012,019,169,BRUN,00013,080007,00083,87,
JEFF DAVIS,07740768,REESE,ALBERT,EDWARD,II,159,FUSSELL RD, ,HAZLEHURST,GA,31539-4505,159,FUSSELL RD,,HAZLEHURST,GA,31539-4505,A,A,,10/20/2017,10/20/2017,10/20/2017,IN PERSON,NO,NO,,NO,,402,012,019,169,BRUN,00013,080007,00030,31,
JEFF DAVIS,01166130,GRAHAM,BRENDA,J,,11,IRA GRAHAM RD, ,HAZLEHURST,GA,31539-4525,11,IRA GRAHAM RD,,HAZLEHURST,GA,31539-4525,A,A,,11/03/2017,11/03/2017,11/07/2017,MAILED,YES,NO,,NO,,302,012,019,169,BRUN,00010,,00001,135,
JEFF DAVIS,03091412,TAYLOR,CHARLOTTE,Q,,495,BILL QUARTERMAN , ,HAZLEHURST,GA,31539-8155,495,BILL QUARTERMAN ,,HAZLEHURST,GA,31539-8155,A,A,,10/27/2017,10/27/2017,10/27/2017,IN PERSON,NO,NO,,NO,,202,012,019,156,BRUN,00006,080007,00051,54,
JEFF DAVIS,01168356,WHITFIELD,L,HAROLD,,14,HOLY HILL RD, ,HAZLEHURST,GA,31539-7141,,PO BOX 1270,,HAZLEHURST,GA,31539-0127,A,A,,10/26/2017,10/26/2017,10/26/2017,IN PERSON,NO,NO,,NO,,501,012,019,149,BRUN,00019,080007,00048,51,
JEFF DAVIS,01166626,KERSEY,GREGORY,E,,1639,BELL TELEPHONE RD, ,HAZLEHURST,GA,31539-4649,1639,BELL TELEPHONE RD,,HAZLEHURST,GA,31539-4649,A,A,,11/03/2017,11/03/2017,11/07/2017,MAILED,YES,NO,,NO,,302,012,019,169,BRUN,00010,,00002,136,
JEFF DAVIS,01165221,BRANTLEY,BRENDA,K,,77,NABORS LN, ,HAZLEHURST,GA,31539-4543,77,NABORS LN,,HAZLEHURST,GA,31539-4543,A,A,,11/03/2017,11/03/2017,11/03/2017,IN PERSON,NO,NO,,NO,,302,012,019,169,BRUN,00010,080007,00122,126,
JEFF DAVIS,06984486,HAYES,PAULA,ANNE,,117,AMY RD, ,HAZLEHURST,GA,31539,,PO BOX 1273,,HAZLEHURST,GA,31539-0127,A,A,,10/26/2017,10/26/2017,10/26/2017,IN PERSON,NO,NO,,NO,,301,012,019,169,BRUN,00010,080007,00043,46,
JEFF DAVIS,08130055,WALKER,EVERETTE,NEAL,,117,BAILEY RD, ,HAZLEHURST,GA,31539-7931,117,BAILEY RD,,HAZLEHURST,GA,31539-7931,A,A,,10/24/2017,10/24/2017,10/24/2017,IN PERSON,NO,NO,,NO,,202,012,019,156,BRUN,00006,080007,00036,39,
JEFF DAVIS,05071325,TAYLOR,BILLY,,,495,BILL QUARTERMAN , ,HAZLEHURST,GA,31539-8155,495,BILL QUARTERMAN ,,HAZLEHURST,GA,31539-8155,A,A,,10/27/2017,10/27/2017,10/27/2017,IN PERSON,NO,NO,,NO,,202,012,019,156,BRUN,00006,080007,00052,55,
JEFF DAVIS,08291010,MAY,CHRISTIAN,BLAYNE P,,26,E KELLY LN, ,HAZLEHURST,GA,31539-7542,26,E KELLY LN,,HAZLEHURST,GA,31539-7542,A,A,,11/01/2017,11/01/2017,11/01/2017,IN PERSON,NO,NO,,NO,,501,012,019,149,BRUN,00019,080007,00077,81,
JEFF DAVIS,04533347,ARNOLD,MARY,SUSAN,,203,S CROMARTIE ST, ,HAZLEHURST,GA,31539,203,S CROMARTIE ST,,HAZLEHURST,GA,31539,A,A,,11/03/2017,11/03/2017,11/03/2017,IN PERSON,NO,NO,,NO,H,301,012,019,169,BRUN,00011,080007,00121,125,
JEFF DAVIS,01168798,HUMPHREY,MICHELLE,C,,26,E KELLY LN, ,HAZLEHURST,GA,31539,26,E KELLY LN,,HAZLEHURST,GA,31539,A,A,,11/03/2017,11/03/2017,11/03/2017,IN PERSON,NO,NO,,NO,,501,012,019,149,BRUN,00019,080007,00143,150,
JEFF DAVIS,01166452,HOWARD,KATHLEEN,JOYCE,,10,KELLY ST, ,HAZLEHURST,GA,31539-6612,10,KELLY ST,,HAZLEHURST,GA,31539-6612,A,A,,11/02/2017,11/02/2017,11/02/2017,IN PERSON,NO,NO,,NO,H,501,012,019,149,BRUN,00022,080007,00091,95,
JEFF DAVIS,01167234,NELMS,TINA,C,,117,CLIFFORD NELMS RD, ,HAZLEHURST,GA,31539-4229,117,CLIFFORD NELMS RD,,HAZLEHURST,GA,31539-4229,A,A,,11/03/2017,11/03/2017,11/03/2017,IN PERSON,NO,NO,,NO,,302,012,019,169,BRUN,00010,080007,00137,144,
JEFF DAVIS,01166964,MCLOON,CECELIA,C,,88,N GILL ST, ,HAZLEHURST,GA,31539-6726,88,N GILL ST,,HAZLEHURST,GA,31539-6726,A,A,,11/02/2017,11/02/2017,11/02/2017,IN PERSON,NO,NO,,NO,H,201,012,019,156,BRUN,00008,080007,00088,92,
JEFF DAVIS,01167781,SEWELL,JAMES,W,,17,TRENT COOK LN, ,HAZLEHURST,GA,31539-7539,17,TRENT COOK LN,,HAZLEHURST,GA,31539-7539,A,A,,11/03/2017,11/03/2017,11/03/2017,IN PERSON,NO,NO,,NO,,501,012,019,149,BRUN,00019,080007,00117,121,
JEFF DAVIS,01170526,MCCALL,JOEY,ELAINE,,76,ELTON ST, ,HAZLEHURST,GA,31539-6620,76,ELTON ST,,HAZLEHURST,GA,31539-6620,A,A,,10/31/2017,10/31/2017,10/31/2017,IN PERSON,NO,NO,,NO,H,501,012,019,149,BRUN,00022,080007,00068,72,
JEFF DAVIS,03481980,MASON,LISA,JANE,,3,CHESTNUT RD, ,HAZLEHURST,GA,31539,3,CHESTNUT RD,,HAZLEHURST,GA,31539,A,A,,10/31/2017,10/31/2017,10/31/2017,IN PERSON,NO,NO,,NO,,201,012,019,156,BRUN,00006,080007,00074,78,
JEFF DAVIS,01166633,KERSEY,SUSAN,PAIGE,,1639,BELL TELEPHONE RD, ,HAZLEHURST,GA,31539-4649,1639,BELL TELEPHONE RD,,HAZLEHURST,GA,31539-4649,A,A,,11/03/2017,11/03/2017,11/03/2017,IN PERSON,NO,NO,,NO,,302,012,019,169,BRUN,00010,080007,00130,137,
JEFF DAVIS,01168062,TATE,EUGENE,EVERT,,124,FLETCHER TATE RD, ,DENTON,GA,31532-3331,124,FLETCHER TATE RD,,DENTON,GA,31532-3331,A,A,,11/03/2017,11/03/2017,11/03/2017,IN PERSON,NO,NO,,NO,,502,012,019,169,BRUN,00029,080007,00107,111,
JEFF DAVIS,01166951,MABEY,RITA,M,,20,LIBERTY ST, ,HAZLEHURST,GA,31539-6626,20,LIBERTY ST,,HAZLEHURST,GA,31539-6626,A,A,,11/03/2017,11/03/2017,11/03/2017,IN PERSON,NO,NO,,NO,H,501,012,019,149,BRUN,00022,080007,00150,157,
JEFF DAVIS,01166794,LYTLE,SHERRI,H,,18,SHEPARD RAY RD, ,HAZLEHURST,GA,31539-8108,,PO BOX 1074,,HAZLEHURST,GA,31539-0107,A,A,,11/01/2017,11/01/2017,11/01/2017,IN PERSON,NO,NO,,NO,,202,012,019,156,BRUN,00006,080007,00085,89,
JEFF DAVIS,01168329,WATKINS,JANICE,MARSHALL,,751,MATHIS RD, ,HAZLEHURST,GA,31539-7349,751,MATHIS RD,,HAZLEHURST,GA,31539-7349,A,A,,11/03/2017,11/03/2017,11/03/2017,IN PERSON,NO,NO,,NO,,502,012,019,149,BRUN,00019,080007,00155,162,
JEFF DAVIS,01167518,RENTZ,DENNIS,L,,56,PINE ST, ,HAZLEHURST,GA,31539-6770,145,SOUTH TALLAHASSEE ,,HAZLEHURST,GA,31539,A,A,,11/03/2017,11/03/2017,11/03/2017,IN PERSON,NO,NO,,NO,H,201,012,019,156,BRUN,00008,080007,00133,140,
JEFF DAVIS,01165928,ELDER,LAMAR,A,JR,11,WOODHAVEN DR, ,HAZLEHURST,GA,31539-6615,11,WOODHAVEN DR,,HAZLEHURST,GA,31539-6615,A,A,,10/24/2017,10/24/2017,10/24/2017,IN PERSON,NO,NO,,NO,H,501,012,019,149,BRUN,00022,080007,00035,38,
JEFF DAVIS,01169061,POWELL,CARLA,ROBERTS,,211,OWL HEAD TRL, ,HAZLEHURST,GA,31539-8073,211,OWL HEAD TRL,,HAZLEHURST,GA,31539-8073,A,A,,11/03/2017,11/03/2017,11/03/2017,IN PERSON,NO,NO,,NO,,202,012,019,156,BRUN,00006,080007,00131,138,
JEFF DAVIS,01167551,REYNOLDS,PAMELA,ANN,,33,JOE NORMAN RD, ,HAZLEHURST,GA,31539-8047,33,JOE NORMAN RD,,HAZLEHURST,GA,31539-8047,A,A,,10/31/2017,10/31/2017,10/31/2017,IN PERSON,NO,NO,,NO,,202,012,019,156,BRUN,00006,080007,00067,71,
JEFF DAVIS,01165229,STONE,JANET,L,,11,SPELL RD, ,HAZLEHURST,GA,31539-5341,11,SPELL RD,,HAZLEHURST,GA,31539-5341,A,A,,11/03/2017,11/03/2017,11/03/2017,IN PERSON,NO,NO,,NO,,302,012,019,169,BRUN,00010,080007,00139,146,
JEFF DAVIS,01166114,GOOGE,DELORES,H,,32,ELTON ST, ,HAZLEHURST,GA,31539-6617,32,ELTON ST,,HAZLEHURST,GA,31539-6617,A,A,,10/26/2017,10/26/2017,10/26/2017,IN PERSON,NO,NO,,NO,H,501,012,019,149,BRUN,00022,080007,00041,44,
JEFF DAVIS,01165409,CARTER,DAVID,K,,99,BUFORD RD, ,HAZLEHURST,GA,31539-7507,99,BUFORD RD,,HAZLEHURST,GA,31539-7507,A,A,,10/27/2017,10/27/2017,10/27/2017,IN PERSON,NO,NO,,NO,,501,012,019,149,BRUN,00019,080007,00049,52,
JEFF DAVIS,01165760,JEFFCOAT,MELISSA,,,23,TALMADGE DYAL RD, ,HAZLEHURST,GA,31539-8151,23,TALMADGE DYAL RD,,HAZLEHURST,GA,31539-8151,A,A,,11/03/2017,11/03/2017,11/03/2017,IN PERSON,NO,NO,,NO,,202,012,019,156,BRUN,00006,080007,00128,132,
JEFF DAVIS,01166955,MCLEOD,BONITA,Y,,245,ELIZABETH CHURCH RD, ,HAZLEHURST,GA,31539,245,ELIZABETH CHURCH RD,,HAZLEHURST,GA,31539-4458,A,A,,11/03/2017,11/03/2017,11/03/2017,IN PERSON,NO,NO,,NO,,401,012,019,169,BRUN,00013,080007,00124,128,
JEFF DAVIS,01168575,YAUN,JOEL,THEODORE,,78,FIRST RD, ,HAZLEHURST,GA,31539-6086,78,FIRST RD,,HAZLEHURST,GA,31539-6086,A,A,,10/17/2017,10/17/2017,10/17/2017,IN PERSON,NO,NO,,NO,,401,012,019,169,BRUN,00013,080007,00006,6,
JEFF DAVIS,01167786,SHARPE,CATHY,S,,65,WILLIE MAE HARRELL RD, ,HAZLEHURST,GA,31539-7925,65,WILLIE MAE HARRELL RD,,HAZLEHURST,GA,31539-7925,A,A,,11/03/2017,11/03/2017,11/03/2017,IN PERSON,NO,NO,,NO,,202,012,019,156,BRUN,00006,080007,00104,108,
JEFF DAVIS,01167038,MERRITT,ALVIN,EARL,,636,OLD GRAHAM RD, ,HAZLEHURST,GA,31539-7724,636,OLD GRAHAM RD,,HAZLEHURST,GA,31539-7724,A,A,,11/03/2017,11/03/2017,11/03/2017,IN PERSON,NO,NO,,NO,,201,012,019,156,BRUN,00006,080007,00116,120,
JEFF DAVIS,00648857,LYNN,BOBBIE,JO,,63,LAKESIDE DR, ,HAZLEHURST,GA,31539-6563,63,LAKESIDE DR,,HAZLEHURST,GA,31539-6563,A,A,,10/30/2017,10/30/2017,10/30/2017,IN PERSON,NO,NO,,NO,H,501,012,019,149,BRUN,00022,080007,00062,65,
JEFF DAVIS,01168307,WARE,INELL,,,92,GIRTMAN ST, ,HAZLEHURST,GA,31539-6948,92,GIRTMAN ST,,HAZLEHURST,GA,31539-6948,A,A,,10/24/2017,10/24/2017,11/01/2017,MAILED,NO,NO,ELDERLY,NO,H,100,012,019,149,BRUN,00002,,00002,37,
JEFF DAVIS,01166878,MCDANIEL,ELLA,LYNETTE,,127,LEON A WILDES RD, ,HAZLEHURST,GA,31539,127,LEON A WILDES RD,,HAZLEHURST,GA,31539,A,A,,11/02/2017,11/02/2017,11/02/2017,IN PERSON,NO,NO,,NO,,202,012,019,156,BRUN,00006,080007,00101,105,
JEFF DAVIS,01166281,HARRIS,GLENN,LESLEY,,2,GREEN ST, ,HAZLEHURST,GA,31539-6898,2,GREEN ST,,HAZLEHURST,GA,31539-6898,A,A,,10/20/2017,10/20/2017,10/20/2017,IN PERSON,NO,NO,,NO,H,100,012,019,149,BRUN,00002,080007,00027,28,
JEFF DAVIS,10398723,SIMS,JARROD,LAMAR,,61,SECOND RD, ,HAZLEHURST,GA,31539,,PO BOX 411,,HAZLEHURST,GA,31539-0411,A,A,,10/31/2017,10/31/2017,10/31/2017,IN PERSON,NO,NO,,NO,,401,012,019,169,BRUN,00013,080007,00071,75,
JEFF DAVIS,01167387,PICKREN,WENDELL,,,467,BROXTON HWY, ,HAZLEHURST,GA,31539-7029,467,BROXTON HWY,,HAZLEHURST,GA,31539-7029,A,A,,10/26/2017,10/26/2017,10/26/2017,IN PERSON,NO,NO,,NO,,401,012,019,169,BRUN,00013,080007,00046,49,
JEFF DAVIS,01165753,DAUGHERTY,DIANA,HAIJSMAN,,53,SHADY LN, ,HAZLEHURST,GA,31539,53,SHADY LN,,HAZLEHURST,GA,31539,A,A,,10/16/2017,10/16/2017,10/16/2017,IN PERSON,NO,NO,,NO,H,201,012,019,156,BRUN,00008,080007,00002,2,
JEFF DAVIS,01165725,CROSBY,DIANNE,J,,103,REA HILL RD, ,HAZLEHURST,GA,31539-7481,103,REA HILL RD,,HAZLEHURST,GA,31539-7481,A,A,,11/02/2017,11/02/2017,11/02/2017,IN PERSON,NO,NO,,NO,,502,012,019,149,BRUN,00019,080007,00102,106,
JEFF DAVIS,01165176,BOHANNON,HELEN,H,,1018,UVALDA HWY, ,HAZLEHURST,GA,31539-4932,1018,UVALDA HWY,,HAZLEHURST,GA,31539-4932,A,A,,11/03/2017,11/03/2017,11/03/2017,IN PERSON,NO,NO,,NO,,202,012,019,156,BRUN,00006,080007,00134,141,
JEFF DAVIS,01168065,TATE,JIMMIE NELL,,,124,FLETCHER TATE RD, ,DENTON,GA,31532-3331,124,FLETCHER TATE RD,,DENTON,GA,31532-3331,A,A,,11/03/2017,11/03/2017,11/03/2017,IN PERSON,NO,NO,,NO,,502,012,019,169,BRUN,00029,080007,00106,110,
JEFF DAVIS,01166786,LOVETT,JOSEPH,GREGORY,,88,ROBERTS LN, ,HAZLEHURST,GA,31539-4434,88,ROBERTS LN,,HAZLEHURST,GA,31539-4434,A,A,,11/03/2017,11/03/2017,11/03/2017,IN PERSON,NO,NO,,NO,,402,012,019,169,BRUN,00013,080007,00147,154,
JEFF DAVIS,01165661,CRAWFORD,COLLIN,P,,9,SWANN LAKE RD, ,HAZLEHURST,GA,31539-7101,9,SWANN LAKE RD,,HAZLEHURST,GA,31539-7101,A,A,,10/20/2017,10/20/2017,10/20/2017,IN PERSON,NO,NO,,NO,,501,012,019,149,BRUN,00019,080007,00031,32,
JEFF DAVIS,01169042,GAINER,HENRY,GRANT,,201,BROOKER TRAIL, ,HAZLEHURST,GA,31539,,PO BOX 153,,HAZLEHURST,GA,31539-0015,A,A,,10/19/2017,10/19/2017,10/19/2017,IN PERSON,NO,NO,,NO,,402,012,019,169,BRUN,00013,080007,00021,21,
JEFF DAVIS,05910765,HUTTO,MORGAN,CASTEEN,,60,PINE ST, ,HAZLEHURST,GA,31539,60,PINE ST,,HAZLEHURST,GA,31539,A,A,,10/31/2017,10/31/2017,10/31/2017,IN PERSON,NO,NO,,NO,H,201,012,019,156,BRUN,00008,080007,00066,70,
JEFF DAVIS,01166933,MCKEVER,HELEN,E,,1437,KIRKLAND STILL RD, ,HAZLEHURST,GA,31539-7327,1437,KIRKLAND STILL RD,,HAZLEHURST,GA,31539-7327,A,A,,10/17/2017,10/17/2017,10/17/2017,IN PERSON,NO,NO,,NO,,502,012,019,149,BRUN,00019,080007,00009,9,
JEFF DAVIS,03165908,KIRBY,DENNIS,ALAN,,63,ELTON ST, ,HAZLEHURST,GA,31539-6621,63,ELTON ST,,HAZLEHURST,GA,31539-6621,A,A,,10/30/2017,10/30/2017,10/30/2017,IN PERSON,NO,NO,,NO,H,501,012,019,149,BRUN,00022,080007,00065,68,
JEFF DAVIS,03899967,DAVENPORT,MICHELLE,RENEE,,47,OWL HEAD TRL, ,HAZLEHURST,GA,31539-8077,47,OWL HEAD TRL,,HAZLEHURST,GA,31539-8077,A,A,,11/03/2017,11/03/2017,11/03/2017,IN PERSON,NO,NO,,NO,,202,012,019,156,BRUN,00006,080007,00138,145,
JEFF DAVIS,01166952,LYTLE,TAMRA,JEAN,,102,ROGERS ST, ,HAZLEHURST,GA,31539-6600,102,ROGERS ST,,HAZLEHURST,GA,31539-6600,A,A,,11/03/2017,11/03/2017,11/03/2017,IN PERSON,NO,NO,,NO,H,501,012,019,149,BRUN,00022,080007,00148,155,
JEFF DAVIS,01167272,NORRIS,CHRISTY,B,,67,MOUNT PLEASANT , ,DENTON,GA,31532-3340,67,MOUNT PLEASANT ,,DENTON,GA,31532-3340,A,A,,11/03/2017,11/03/2017,11/03/2017,IN PERSON,NO,NO,,NO,,402,012,019,169,BRUN,00013,080007,00151,158,
JEFF DAVIS,04187653,FOLK,RONALD,ANDREW,,68,LUCY BERGE RD, ,HAZLEHURST,GA,31539,68,LUCY BERGE RD,,HAZLEHURST,GA,31539,A,A,,10/23/2017,10/23/2017,10/23/2017,IN PERSON,NO,NO,,NO,,302,012,019,169,BRUN,00010,080007,00032,33,
JEFF DAVIS,07960856,DENNING,TERRANCE,DEVON,,81,MARTIN LUTHER KING JR BLVD, ,HAZLEHURST,GA,31539-6862,81,MARTIN LUTHER KING ,,HAZLEHURST,GA,31539-6862,A,A,,10/31/2017,10/31/2017,10/31/2017,IN PERSON,NO,NO,,NO,H,100,012,019,149,BRUN,00002,080007,00072,76,
JEFF DAVIS,05294951,KILLI,ALBERT,KIRWIN,,63,HINSON FARM RD, ,HAZLEHURST,GA,31539-4237,63,HINSON FARM RD,,HAZLEHURST,GA,31539-4237,A,A,,10/17/2017,10/17/2017,10/17/2017,IN PERSON,NO,NO,,NO,,301,012,019,169,BRUN,00010,080007,00007,7,
JEFF DAVIS,01165915,EDGE,GROVER,CLEVELAND,,84,HARVEY WOMMACK RD, ,HAZLEHURST,GA,31539-5804,84,HARVEY WOMMACK RD,,HAZLEHURST,GA,31539-5804,A,A,,11/03/2017,11/03/2017,11/03/2017,IN PERSON,NO,NO,,NO,,501,012,019,149,BRUN,00019,080007,00112,116,
JEFF DAVIS,10627357,MABEY,LOGAN,EUGENIA,,20,LIBERTY ST, ,HAZLEHURST,GA,31539,20,LIBERTY ST,,HAZLEHURST,GA,31539,A,A,,11/03/2017,11/03/2017,11/03/2017,IN PERSON,NO,NO,,NO,H,501,012,019,149,BRUN,00022,080007,00149,156,
JEFF DAVIS,01168000,STONE,VIVIAN,WHITE,,26,KENDALL STONE RD, ,HAZLEHURST,GA,31539-7516,26,KENDALL STONE RD,,HAZLEHURST,GA,31539-7516,A,A,,11/02/2017,11/02/2017,11/02/2017,IN PERSON,NO,NO,,NO,,401,012,019,169,BRUN,00013,080007,00095,99,
JEFF DAVIS,01165582,COLLINS,MAXIE,,,151,WILLIE MAE HARRELL RD, ,HAZLEHURST,GA,31539-7927,151,WILLIE MAE HARRELL RD,,HAZLEHURST,GA,31539-7927,A,A,,10/27/2017,10/27/2017,10/27/2017,IN PERSON,NO,NO,,NO,,202,012,019,156,BRUN,00006,080007,00055,58,
JEFF DAVIS,02300243,BLANTON,RUBY,MILLER,,51,HILLCREST AVE, ,HAZLEHURST,GA,31539-5919,51,HILLCREST AVE,,HAZLEHURST,GA,31539-5919,A,A,,11/02/2017,11/02/2017,11/02/2017,IN PERSON,NO,NO,,NO,H,201,012,019,156,BRUN,00008,080007,00097,101,
JEFF DAVIS,01171029,LEGGETT,CARMEN,DEE,,79,TOWNS BLUFF RD, ,HAZLEHURST,GA,31539,79,TOWNS BLUFF RD,,HAZLEHURST,GA,31539,A,A,,11/03/2017,11/03/2017,11/03/2017,IN PERSON,NO,NO,,NO,,100,012,019,149,BRUN,00001,080007,00135,142,
JEFF DAVIS,01166768,LIVINGSTON,VELMA,,,942,DOUGLAS HWY, ,HAZLEHURST,GA,31539-7008,942,DOUGLAS HWY,,HAZLEHURST,GA,31539-7008,A,A,,11/03/2017,11/03/2017,11/03/2017,IN PERSON,NO,NO,,NO,,401,012,019,169,BRUN,00013,080007,00119,123,
JEFF DAVIS,01165577,COLEMAN,SUZANNE,R,,390,HULETT WOOTEN FARMS RD, ,HAZLEHURST,GA,31539-5154,390,HULETT WOOTEN ,,HAZLEHURST,GA,31539-5154,A,A,,11/03/2017,11/03/2017,11/03/2017,IN PERSON,NO,NO,,NO,,301,012,019,169,BRUN,00010,080007,00140,147,
JEFF DAVIS,01168256,SCRUGGS,VICKY,VARNADOE,,461,PAT DIXON RD, ,HAZLEHURST,GA,31539,461,PAT DIXON RD,,HAZLEHURST,GA,31539,A,A,,11/02/2017,11/02/2017,11/02/2017,IN PERSON,NO,NO,,NO,,401,012,019,169,BRUN,00013,080007,00094,98,
JEFF DAVIS,01165927,ELDER,JANE,ELLEN,,11,WOODHAVEN DR, ,HAZLEHURST,GA,31539-6615,11,WOODHAVEN DR,,HAZLEHURST,GA,31539-6615,A,A,,11/01/2017,11/01/2017,11/01/2017,IN PERSON,NO,NO,,NO,H,501,012,019,149,BRUN,00022,080007,00086,90,
JEFF DAVIS,01168025,RENTZ,FANNIE,LOU,,19,JEAN ST, ,HAZLEHURST,GA,31539-5759,19,JEAN ST,,HAZLEHURST,GA,31539-5759,A,A,,10/26/2017,10/26/2017,10/26/2017,IN PERSON,NO,NO,,NO,H,100,012,019,149,BRUN,00002,080007,00042,45,
JEFF DAVIS,01165699,CREECH,ETHELYN,S,,1164,BROXTON HWY, ,HAZLEHURST,GA,31539-7408,1164,BROXTON HWY,,HAZLEHURST,GA,31539-7408,A,A,,10/20/2017,10/20/2017,10/20/2017,IN PERSON,NO,NO,,NO,,502,012,019,149,BRUN,00019,080007,00028,29,
JEFF DAVIS,04614664,GARRETT,IRA,JOSEPH,,540,UVALDA HWY, ,HAZLEHURST,GA,31539-4804,71,S TALLAHASSEE ,,HAZLEHURST,GA,31539-0615,A,A,,10/31/2017,10/31/2017,10/31/2017,IN PERSON,NO,NO,,NO,,201,012,019,156,BRUN,00006,080007,00070,74,
JEFF DAVIS,03260145,WATKINS,MINNIE RUTH,,,20,CACTUS CIR, ,HAZLEHURST,GA,31539,20,CACTUS CIR,,HAZLEHURST,GA,31539,A,A,,10/27/2017,10/27/2017,10/27/2017,IN PERSON,NO,NO,,NO,,202,012,019,156,BRUN,00006,080007,00059,62,
JEFF DAVIS,03967566,BROWN,ERICA,LATRELL,,18,CAREY DR, ,HAZLEHURST,GA,31539,18,CAREY DR,,HAZLEHURST,GA,31539-6526,A,A,,11/01/2017,11/01/2017,11/01/2017,IN PERSON,NO,NO,,NO,H,501,012,019,149,BRUN,00022,080007,00087,91,
JEFF DAVIS,01170419,FARMER,BEVERLEY,E,,28,FARMER RD, ,HAZLEHURST,GA,31539-7526,28,FARMER RD,,HAZLEHURST,GA,31539-7526,A,A,,10/31/2017,10/31/2017,10/31/2017,IN PERSON,NO,NO,,NO,,501,012,019,149,BRUN,00019,080007,00075,79,
