County,Voter Registration #,Last Name,First Name,Middle Name,Suffix,Street #,Street Name,Apt/Unit,City,State,Zip Code,Mailing Street #,Mailing Street Name,Mailing Apt/Unit,Mailing City,Mailing State,Mailing Zip Code,Application Status,Ballot Status,Status Reason,Application Date,Ballot Issued Date,Ballot Return Date,Ballot Style,Ballot Assisted,Challenged/Provisional,Designation/Reason Issue,ID Required,Municipal Precinct,County Precinct,CNG,SEN,HOUSE	,JUD,Combo #,Vote Center ID,Ballot ID,Post #,Party
LIBERTY,01068363,BRYANT,EDDIE,L,,111,JOHN BACON RD, ,MIDWAY,GA,31320,,PO BOX 4,,MIDWAY,GA,31320,A,A,,10/20/2017,10/20/2017,10/20/2017,IN PERSON,NO,NO,,NO,6,3,001,001,168,ATLC,00319,089013,00023,38,
LIBERTY,05949219,WOODARD,BARBARA,PAGE,,291,GLOUCESTER DR, ,MIDWAY,GA,31320,291,GLOUCESTER DR,,MIDWAY,GA,31320,A,A,,10/17/2017,10/17/2017,10/17/2017,IN PERSON,NO,NO,,NO,6,3,001,001,168,ATLC,00319,089013,00012,25,
LIBERTY,06595130,CAVANAUGH,ELLEN,LOUISE,,625,N COASTAL HWY, ,MIDWAY,GA,31320,625,N COASTAL HWY,,MIDWAY,GA,31320,A,R,Insufficient Oath Information,10/16/2017,10/16/2017,10/30/2017,MAILED,NO,NO,DISABLED,NO,6,3,001,001,168,ATLC,00319,,00005,7,
LIBERTY,05191302,FORNSHELL,KAREN,O,,93,E BEAVER LN, ,MIDWAY,GA,31320-4239,93,E BEAVER LN,,MIDWAY,GA,31320-4239,A,A,,10/26/2017,10/26/2017,10/26/2017,IN PERSON,NO,NO,,NO,6,3,001,001,168,ATLC,00319,089013,00051,73,
LIBERTY,00946744,NEWTON,YOLANDA,W,,31,DELANEY CT, ,MIDWAY,GA,31320-3228,31,DELANEY CT,,MIDWAY,GA,31320-3228,A,A,,11/02/2017,11/02/2017,11/02/2017,IN PERSON,NO,NO,,NO,6,3,001,001,168,ATLC,00319,089013,00099,128,
LIBERTY,11077453,BAKER,KAREN,ANITHE,,77,E DEER CT, ,MIDWAY,GA,31320,77,E DEER CT,,MIDWAY,GA,31320,A,A,,11/01/2017,11/01/2017,11/01/2017,IN PERSON,NO,NO,,NO,6,3,001,001,168,ATLC,00319,089013,00087,115,
LIBERTY,01068396,CHIPP,MARY,ALICE,,11932,E OGLETHORPE HWY, ,MIDWAY,GA,31320-4202,11932,E OGLETHORPE ,,MIDWAY,GA,31320-4202,A,A,,11/02/2017,11/02/2017,11/02/2017,IN PERSON,NO,NO,,NO,6,3,001,001,168,ATLC,00319,089013,00092,120,
LIBERTY,03769940,BAKER,TIFFANY,J,,11923,E OGLETHORPE HWY, ,MIDWAY,GA,31320,11923,E OGLETHORPE ,,MIDWAY,GA,31320,A,A,,11/02/2017,11/02/2017,11/02/2017,IN PERSON,NO,NO,,NO,6,3,001,001,168,ATLC,00319,089013,00102,131,
LIBERTY,01031874,WHITEHURST,DEBRA,BUNTING,,220,TREMAIN DR, ,HINESVILLE,GA,31313-1022,220,TREMAIN DR,,HINESVILLE,GA,31313-1022,A,A,,10/25/2017,10/25/2017,10/25/2017,IN PERSON,NO,NO,,NO,3,11,001,001,168,ATLC,00314,089019,00003,70,
LIBERTY,11359147,BURRISS,CASSIDY,LAUREN,,316,KALLQUIST DR, ,HINESVILLE,GA,31313,623,ROADRUNNER PLACE,,DALTON,GA,30720,A,A,,10/25/2017,10/25/2017,11/06/2017,MAILED,NO,NO,,NO,3,11,001,001,168,ATLC,00314,,00001,66,
LIBERTY,01076971,JONES,VERDELL,DENISE,,508,MARTIN RD, ,MIDWAY,GA,31320,508,MARTIN RD,,MIDWAY,GA,31320,A,A,,11/02/2017,11/02/2017,11/02/2017,IN PERSON,NO,NO,,NO,6,3,001,001,168,ATLC,00319,089013,00103,132,
LIBERTY,05584241,BARTHOLF,VICTORIA,M,,95,SASSAFRAS LN, ,MIDWAY,GA,31320-5345,95,SASSAFRAS LN,,MIDWAY,GA,31320-5345,A,A,,10/23/2017,10/23/2017,10/23/2017,IN PERSON,NO,NO,,NO,6,3,001,001,168,ATLC,00319,089013,00030,45,
LIBERTY,08284392,PATEL,HASIT,,,40,INVERNESS CT, ,HINESVILLE,GA,31313-9105,40,INVERNESS CT,,HINESVILLE,GA,31313-9105,A,A,,11/03/2017,11/03/2017,11/03/2017,IN PERSON,NO,NO,,NO,3,11,001,001,168,ATLC,00314,089019,00013,150,
LIBERTY,01505470,YISRAEL,MWANA,ITA,,625,N COASTAL HWY, ,MIDWAY,GA,31320,625,N COASTAL HWY,,MIDWAY,GA,31320,R,,SIGNATURE DOES NOT MATCH,10/10/2017,,,MAILED,NO,NO,,NO,6,3,001,001,168,ATLC,00319,,,,
LIBERTY,10110260,ROBERTS,CRYSTAL,,,69,JOHN BACON RD, ,MIDWAY,GA,31320,,79,,MIDWAY,GA,31320,A,A,,10/18/2017,10/18/2017,10/18/2017,IN PERSON,NO,NO,,NO,6,3,001,001,168,ATLC,00319,089013,00016,31,
LIBERTY,01607079,MIKELL,JACQUELINE,,,625,N COASTAL HWY, ,MIDWAY,GA,31320,625,N COASTAL HWY,,MIDWAY,GA,31320,A,R,"NO SIGNATURE MATCH, INSUFFICIENT OATH",10/11/2017,10/16/2017,10/31/2017,MAILED,YES,NO,DISABLED,NO,6,3,001,001,168,ATLC,00319,,00003,5,
LIBERTY,08661126,ROWLAND,NANCY,MICHELLE B,,625,N COASTAL HWY, ,MIDWAY,GA,31320,625,N COASTAL HWY,,MIDWAY,GA,31320,R,,SIGNATURE DOES NOT MATCH,10/10/2017,,,MAILED,NO,NO,,NO,6,3,001,001,168,ATLC,00319,,,,
LIBERTY,01068725,ROBERTS,GAY,ANITA,,69,JOHN BACON RD, ,MIDWAY,GA,31320,,PO BOX 79,,MIDWAY,GA,31320,A,A,,10/25/2017,10/25/2017,10/25/2017,IN PERSON,NO,NO,,NO,6,3,001,001,168,ATLC,00319,089013,00041,58,
LIBERTY,07261749,FULLER,JOSHUA,,,11871,E OGLETHORPE HWY, ,MIDWAY,GA,31320-4200,11871,E OGLETHORPE ,,MIDWAY,GA,31320-4200,A,A,,10/26/2017,10/26/2017,10/26/2017,IN PERSON,NO,NO,,NO,6,3,001,001,168,ATLC,00319,089013,00054,77,
LIBERTY,04739721,SYKES,RAYNARD,E,,46,SHADY OAKS LOOP, ,MIDWAY,GA,31320,46,SHADY OAKS LOOP,,MIDWAY,GA,31320,A,A,,10/20/2017,10/20/2017,10/20/2017,IN PERSON,NO,NO,,NO,6,3,001,001,168,ATLC,00319,089013,00027,42,
LIBERTY,08096851,ROBERTS,RODNEY,ALEXANDER,,69,JOHN BACON RD, ,MIDWAY,GA,31320,,PO BOX 79,,MIDWAY,GA,31320-0007,A,A,,10/16/2017,10/16/2017,10/16/2017,IN PERSON,NO,NO,,NO,6,3,001,001,168,ATLC,00319,089013,00004,17,
LIBERTY,01068310,BARGERON,DELIA,L,,11051,E OGLETHORPE HWY, ,MIDWAY,GA,31320,,PO BOX 182,,MIDWAY,GA,31320,A,A,,10/27/2017,10/27/2017,10/27/2017,IN PERSON,NO,NO,,NO,6,3,001,001,168,ATLC,00319,089013,00060,86,
LIBERTY,01072832,PATTERSON,ALAN,L,,213,OLD SUNBURY TRL, ,MIDWAY,GA,31320-4339,213,OLD SUNBURY TRL,,MIDWAY,GA,31320-4339,A,A,,10/25/2017,10/25/2017,10/25/2017,IN PERSON,NO,NO,,NO,6,3,001,001,168,ATLC,00319,089013,00048,65,
LIBERTY,01070834,MITCHELL,DELORIS,S,,46,SHAWN CT, ,HINESVILLE,GA,31313-1346,46,SHAWN CT,,HINESVILLE,GA,31313-1346,A,A,,11/03/2017,11/03/2017,11/03/2017,IN PERSON,NO,NO,,NO,3,11,001,001,168,ATLC,00340,089019,00018,155,
LIBERTY,06645812,CLANCY,JAMAINE,L,,10311,E OGLETHORPE HWY, ,MIDWAY,GA,31320,,PO BOX 25,,MIDWAY,GA,31320-0002,A,A,,11/02/2017,11/02/2017,11/02/2017,IN PERSON,NO,NO,,NO,6,3,001,001,168,ATLC,00319,089013,00101,130,
LIBERTY,02306491,JONES-RODRIGUEZ,CONSTANCE,,,61,RIVER BIRCH LN, ,MIDWAY,GA,31320,61,RIVER BIRCH LN,,MIDWAY,GA,31320,A,A,,10/25/2017,10/25/2017,10/25/2017,IN PERSON,NO,NO,,NO,6,3,001,001,168,ATLC,00319,089013,00045,62,
LIBERTY,10443600,BYLER,JOSIAH,SAMUEL,,479,OLD SUNBURY RD, ,HINESVILLE,GA,31313,1000,LAKESIDE DR.,APT #157,ATHENS,GA,30605,A,,,10/30/2017,10/30/2017,,MAILED,YES,NO,DISABLED,NO,3,11,001,001,168,ATLC,00314,,00003,92,
LIBERTY,04656778,BYRD,BRIAN,MAURICE,,51,LACHLAN LN, ,MIDWAY,GA,31320,328,PRESTON CREEK DRIVE,,MCDONOUGH,GA,30253,A,A,,10/12/2017,10/16/2017,11/07/2017,MAILED,NO,NO,,NO,6,3,001,001,168,ATLC,00319,,00001,3,
LIBERTY,01068711,QUARTERMAN,VENUS,LOUISE,,130,LUCILLE GOLDEN LN, ,MIDWAY,GA,31320-4313,130,LUCILLE GOLDEN LN,,MIDWAY,GA,31320-4313,A,A,,10/31/2017,10/31/2017,10/31/2017,IN PERSON,NO,NO,,NO,6,3,001,001,168,ATLC,00319,089013,00078,106,
LIBERTY,07326263,FAULK,CAYLA,CORTNEY,,149,GLOUCESTER DR,APT A100,MIDWAY,GA,31320,149,GLOUCESTER DR,APT A100,MIDWAY,GA,31320,A,A,,10/31/2017,10/31/2017,10/31/2017,IN PERSON,NO,NO,,NO,6,3,001,001,168,ATLC,00319,089013,00081,109,
LIBERTY,05875784,RODRIGUEZ,JOSE,ROBERTO,,61,RIVER BIRCH LN,LOT 2,MIDWAY,GA,31320,61,RIVER BIRCH LN,LOT 2,MIDWAY,GA,31320,A,A,,10/25/2017,10/25/2017,10/25/2017,IN PERSON,NO,NO,,NO,6,3,001,001,168,ATLC,00319,089013,00044,61,
LIBERTY,01068729,ROBERTS,PEARLIE,MAE,,1162,MARTIN RD, ,MIDWAY,GA,31320,1162,MARTIN RD,,MIDWAY,GA,31320,A,A,,10/17/2017,10/17/2017,10/17/2017,IN PERSON,NO,NO,,NO,6,3,001,001,168,ATLC,00319,089013,00007,20,
LIBERTY,01068403,CLANCY,LEVERN,,SR,10279,E OGLETHORPE HWY, ,MIDWAY,GA,31320-4183,,PO BOX 13,,MIDWAY,GA,31320-0001,A,A,,10/25/2017,10/25/2017,10/25/2017,IN PERSON,NO,NO,,NO,6,3,001,001,168,ATLC,00319,089013,00043,60,
LIBERTY,06994258,WALKER,TAMMY,MICHELL,,12,ARCHIBALD WAY, ,MIDWAY,GA,31320,12,ARCHIBALD WAY,,MIDWAY,GA,31320,A,A,,11/02/2017,11/02/2017,11/02/2017,IN PERSON,NO,NO,,NO,6,3,001,001,168,ATLC,00319,089013,00097,126,
LIBERTY,01015679,SHUMANS,JOHN,PAUL,,71,MARTIN RD, ,MIDWAY,GA,31320-4240,71,MARTIN RD,,MIDWAY,GA,31320-4240,A,A,,10/12/2017,10/16/2017,10/19/2017,MAILED,YES,NO,DISABLED,NO,6,3,001,001,168,ATLC,00319,,00002,4,
LIBERTY,06325425,WISE,CINDY,CAROL,,625,N COASTAL HWY, ,MIDWAY,GA,31320,625,N COASTAL HWY,,MIDWAY,GA,31320,A,A,,10/16/2017,10/16/2017,10/30/2017,MAILED,NO,NO,DISABLED,NO,6,3,001,001,168,ATLC,00319,,00009,11,
LIBERTY,04038597,FRAZIER,REBECCA,,,11886,E OGLETHORPE HWY, ,MIDWAY,GA,31320-4217,,PO BOX 976,,MIDWAY,GA,31320-0097,A,A,,10/17/2017,10/17/2017,10/17/2017,IN PERSON,NO,NO,,NO,6,3,001,001,168,ATLC,00319,089013,00011,24,
LIBERTY,07728819,HARRIS SMILEY,PATRICIA,A,,11,E RED FOX CT, ,MIDWAY,GA,31320,11,E RED FOX CT,,MIDWAY,GA,31320,A,A,,10/24/2017,10/24/2017,10/24/2017,IN PERSON,NO,NO,,NO,6,3,001,001,168,ATLC,00319,089013,00038,53,
LIBERTY,05843323,SEARFOSS,SUE,C,,79,JOSEPH MARTIN RD, ,HINESVILLE,GA,31313-1000,79,JOSEPH MARTIN RD,,HINESVILLE,GA,31313-1000,A,A,,10/26/2017,10/26/2017,10/26/2017,IN PERSON,NO,NO,,NO,3,11,001,001,168,ATLC,00314,089019,00005,79,
LIBERTY,01074671,BOCCIO,BONNIE,ANN,,334,NELL AVE, ,MIDWAY,GA,31320-4368,334,NELL AVE,,MIDWAY,GA,31320-4368,A,A,,10/30/2017,10/30/2017,10/30/2017,IN PERSON,NO,NO,,NO,6,3,001,001,168,ATLC,00319,089013,00066,93,
LIBERTY,10644598,BURRISS,BRITTANY,ALLISON,,316,KALLQUIST DR, ,HINESVILLE,GA,31313,117,PENNY DRIVE,,ATHENS,GA,30605,A,,,10/25/2017,10/25/2017,,MAILED,NO,NO,,NO,3,11,001,001,168,ATLC,00314,,00002,67,
LIBERTY,10984341,BRODERICK,HARRY,,,625,N COASTAL HWY, ,MIDWAY,GA,31320,625,N COASTAL HWY,,MIDWAY,GA,31320,A,R,"SIGNATURE MATCH, OATH ERROR,",10/11/2017,10/16/2017,10/30/2017,MAILED,YES,NO,DISABLED,YES,6,3,001,001,168,ATLC,00319,,00004,6,
LIBERTY,04582083,SHAFER,MICHAEL,E,,824,LAKE GALE DR, ,MIDWAY,GA,31320-4331,824,LAKE GALE DR,,MIDWAY,GA,31320-4331,A,A,,10/17/2017,10/17/2017,10/17/2017,IN PERSON,NO,NO,,NO,6,3,001,001,168,ATLC,00319,089013,00008,21,
LIBERTY,01074483,MORRISON,MARTHA,ANN BROWN,,9490,E OGLETHORPE HWY, ,MIDWAY,GA,31320,9490,E OGLETHORPE ,,MIDWAY,GA,31320,A,A,,10/27/2017,10/27/2017,10/27/2017,IN PERSON,NO,NO,,NO,6,3,001,001,168,ATLC,00319,089013,00061,87,
LIBERTY,06970292,BOCCIO,RONALD,JOSEPH,II,334,NELL AVE, ,MIDWAY,GA,31320-4368,334,NELL AVE,,MIDWAY,GA,31320-4368,A,A,,10/30/2017,10/30/2017,10/30/2017,IN PERSON,NO,NO,,NO,6,3,001,001,168,ATLC,00319,089013,00067,94,
LIBERTY,01075807,POPE,STANLEY,J,,12258,E OGLETHORPE HWY, ,MIDWAY,GA,31320-4206,12258,E OGLETHORPE ,,MIDWAY,GA,31320-4206,A,A,,10/31/2017,10/31/2017,10/31/2017,IN PERSON,NO,NO,,NO,6,3,001,001,168,ATLC,00319,089013,00074,102,
LIBERTY,07357626,ANGLIN,BRUCE,,,50,DELANEY CT, ,MIDWAY,GA,31320-3229,,PO BOX 4039,,FT STEWART,GA,31315-0403,A,A,,10/30/2017,10/30/2017,10/30/2017,IN PERSON,NO,NO,,NO,6,3,001,001,168,ATLC,00319,089013,00071,98,
LIBERTY,04287527,ROBERTS,AMY,,,10,DANNEE ST, ,MIDWAY,GA,31320-4348,10,DANNEE ST,,MIDWAY,GA,31320-4348,A,A,,11/01/2017,11/01/2017,11/01/2017,IN PERSON,NO,NO,,NO,6,3,001,001,168,ATLC,00319,089013,00089,117,
LIBERTY,01068477,JONES,MURIEL,,,391,MARTIN RD, ,MIDWAY,GA,31320-4301,391,MARTIN RD,,MIDWAY,GA,31320-4301,A,A,,10/27/2017,10/27/2017,10/27/2017,IN PERSON,NO,NO,,NO,6,3,001,001,168,ATLC,00319,089013,00062,88,
LIBERTY,01068702,QUARTERMAN,BESSIE,B,,130,LUCILLE GOLDEN LN, ,MIDWAY,GA,31320-4313,130,LUCILLE GOLDEN LN,,MIDWAY,GA,31320-4313,A,A,,10/31/2017,10/31/2017,10/31/2017,IN PERSON,NO,NO,,NO,6,3,001,001,168,ATLC,00319,089013,00080,108,
LIBERTY,01074790,FERMIN,BERNARD,J,,628,WALLACE MARTIN DR, ,HINESVILLE,GA,31313-1014,628,WALLACE MARTIN DR,,HINESVILLE,GA,31313-1014,A,A,,11/03/2017,11/03/2017,11/03/2017,IN PERSON,NO,NO,,NO,3,11,001,001,168,ATLC,00314,089019,00017,154,
LIBERTY,07068500,MITCHELL,JOHN,L,,46,SHAWN CT, ,HINESVILLE,GA,31313-1346,46,SHAWN CT,,HINESVILLE,GA,31313-1346,A,A,,11/03/2017,11/03/2017,11/03/2017,IN PERSON,NO,NO,,NO,3,11,001,001,168,ATLC,00340,089019,00019,156,
LIBERTY,08365684,ATKINSON,JOHN,N,,103,RIVER BIRCH LN, ,MIDWAY,GA,31320,103,RIVER BIRCH LN,,MIDWAY,GA,31320,A,A,,11/03/2017,11/03/2017,11/03/2017,IN PERSON,NO,NO,,NO,6,3,001,001,168,ATLC,00319,089019,00015,152,
LIBERTY,01073373,CARTER,THOMAS,LEX,,1822,E OGLETHORPE HWY, ,FLEMINGTON,GA,31313,1822,E OGLETHORPE ,,FLEMINGTON,GA,31313,A,A,,11/03/2017,11/03/2017,11/03/2017,IN PERSON,NO,NO,,NO,3,11,001,001,168,ATLC,00314,089019,00014,151,
LIBERTY,05314309,BYLER,CINDY,LOU,,449,OLD SUNBURY RD, ,HINESVILLE,GA,31313-1105,449,OLD SUNBURY RD,,HINESVILLE,GA,31313-1105,A,A,,11/03/2017,11/03/2017,11/03/2017,IN PERSON,NO,NO,,NO,3,11,001,001,168,ATLC,00314,089019,00009,146,
LIBERTY,05853703,EDWARDS,JEAN,EVA,,344,LAKE SHORE DR, ,MIDWAY,GA,31320-5700,344,LAKE SHORE DR,,MIDWAY,GA,31320-5700,A,A,,11/03/2017,11/03/2017,11/03/2017,IN PERSON,NO,NO,,NO,6,3,001,001,168,ATLC,00319,089013,00105,134,
LIBERTY,06792539,BOZEMAN,KASEY,LYNN,,72,OLD SUNBURY TRL, ,MIDWAY,GA,31320,72,OLD SUNBURY TRL,,MIDWAY,GA,31320,A,A,,11/03/2017,11/03/2017,11/03/2017,IN PERSON,NO,NO,,NO,6,3,001,001,168,ATLC,00319,089019,00008,145,
LIBERTY,07634977,ROWELL,TERESA,ELIZABETH,,31,MULBERRY RUN CT, ,MIDWAY,GA,31320,31,MULBERRY RUN CT,,MIDWAY,GA,31320,A,A,,11/02/2017,11/02/2017,11/02/2017,IN PERSON,NO,NO,,NO,6,3,001,001,168,ATLC,00319,089013,00096,125,
LIBERTY,10544749,CRUZ,KENYUTA,HARRIS,,100,PARADISE LN, ,MIDWAY,GA,31320,100,PARADISE LN,,MIDWAY,GA,31320,A,A,,11/03/2017,11/03/2017,11/03/2017,IN PERSON,NO,NO,,NO,6,3,001,001,168,ATLC,00319,089013,00106,135,
LIBERTY,08730695,TANNER,RASHAWN,,,205,ARLEN DR, ,MIDWAY,GA,31320,205,ARLEN DR,,MIDWAY,GA,31320,A,A,,10/20/2017,10/20/2017,10/20/2017,IN PERSON,NO,NO,,NO,6,3,001,001,168,ATLC,00319,089013,00022,37,
LIBERTY,01068742,SAPP,FASCIA,D,,13175,E OGLETHORPE HWY, ,MIDWAY,GA,31320-4208,,PO BOX 354,,MIDWAY,GA,31320-0035,A,A,,10/30/2017,10/30/2017,10/30/2017,IN PERSON,NO,NO,,NO,6,3,001,001,168,ATLC,00319,089013,00072,99,
LIBERTY,01068723,ROBERTS,CURTES,H,SR,89,LACHLAN LN, ,MIDWAY,GA,31320-5342,,PO BOX 36,,MIDWAY,GA,31320-0003,A,A,,10/27/2017,10/27/2017,10/27/2017,IN PERSON,NO,NO,,NO,6,3,001,001,168,ATLC,00319,089013,00064,90,
LIBERTY,01073128,GERACE,JOSEPH,A,,185,J & K DR, ,MIDWAY,GA,31320,185,J & K DR,,MIDWAY,GA,31320,A,A,,10/27/2017,10/27/2017,10/27/2017,IN PERSON,NO,NO,,NO,6,3,001,001,168,ATLC,00319,089013,00065,91,
LIBERTY,01070921,HARWELL,JAMES,E,JR,256,TREMAIN DR, ,HINESVILLE,GA,31313-1022,256,TREMAIN DR,,HINESVILLE,GA,31313-1022,A,A,,11/03/2017,11/03/2017,11/03/2017,IN PERSON,NO,NO,,NO,3,11,001,001,168,ATLC,00314,089019,00016,153,
LIBERTY,05383262,GERACE,CATHERINE,MELICE,,153,J & K DR, ,MIDWAY,GA,31320,153,J & K DR,,MIDWAY,GA,31320,A,A,,10/25/2017,10/25/2017,10/25/2017,IN PERSON,NO,NO,,NO,6,3,001,001,168,ATLC,00319,089013,00042,59,
LIBERTY,01068647,MILLER,CHARLES,,JR,985,N COASTAL HWY, ,MIDWAY,GA,31320,985,N COASTAL HWY,,MIDWAY,GA,31320,A,,,10/26/2017,10/27/2017,,MAILED,NO,NO,DISABLED,NO,6,3,001,001,168,ATLC,00319,,00018,82,
LIBERTY,01076208,RUGGLES,ROGER,E,,229,MARIE AVE, ,MIDWAY,GA,31320,229,MARIE AVE,,MIDWAY,GA,31320,A,A,,10/17/2017,10/17/2017,10/17/2017,IN PERSON,NO,NO,,NO,6,3,001,001,168,ATLC,00319,089013,00010,23,
LIBERTY,01068780,STEVENS,GLORIA,J,,377,MARTIN RD, ,MIDWAY,GA,31320-4301,377,MARTIN RD,,MIDWAY,GA,31320-4301,A,A,,10/27/2017,10/27/2017,10/27/2017,IN PERSON,NO,NO,,NO,6,3,001,001,168,ATLC,00319,089013,00059,85,
LIBERTY,01067520,FRAZIER,LEON,,,207,SASSAFRAS LN, ,MIDWAY,GA,31320-5351,207,SASSAFRAS LN,,MIDWAY,GA,31320-5351,A,A,,10/27/2017,10/27/2017,10/27/2017,IN PERSON,NO,NO,,NO,6,3,001,001,168,ATLC,00319,089013,00057,83,
LIBERTY,04874209,CLEMMONS,EARL,,,625,N COASTAL HWY, ,MIDWAY,GA,31320,625,N COASTAL HWY,,MIDWAY,GA,31320,A,,,10/11/2017,10/16/2017,,MAILED,YES,NO,DISABLED,NO,6,3,001,001,168,ATLC,00319,,00011,13,
LIBERTY,01577676,MULLICE,ALICIA,LAVON,,186,MEDWAY DR, ,MIDWAY,GA,31320,186,MEDWAY DR,,MIDWAY,GA,31320,A,,,11/02/2017,11/02/2017,,MAILED,NO,NO,,NO,6,3,001,001,168,ATLC,00319,,00019,123,
LIBERTY,01745753,LEE,VALYA,SAUDER,,173,RIVER BIRCH LN, ,MIDWAY,GA,31320,173,RIVER BIRCH LN,,MIDWAY,GA,31320,A,A,,10/30/2017,10/30/2017,10/30/2017,IN PERSON,NO,NO,,NO,6,3,001,001,168,ATLC,00319,089013,00070,97,
LIBERTY,01068814,WASHINGTON,CLEMONTINE,F,,292,MARTIN RD, ,MIDWAY,GA,31320,,PO BOX 466,,MIDWAY,GA,31320,A,A,,10/16/2017,10/16/2017,10/16/2017,IN PERSON,NO,NO,,NO,6,3,001,001,168,ATLC,00319,089013,00001,1,
LIBERTY,01068402,CLANCY,JUANITA,ALETHIA,,10243,E OGLETHORPE HWY, ,MIDWAY,GA,31320,,PO BOX 166,,MIDWAY,GA,31320,A,A,,10/26/2017,10/26/2017,10/26/2017,IN PERSON,NO,NO,,NO,6,3,001,001,168,ATLC,00319,089013,00050,72,
LIBERTY,04419164,BINES,SHERLENE,,,74,LACHLAN LN, ,MIDWAY,GA,31320-5343,74,LACHLAN LN,,MIDWAY,GA,31320-5343,A,A,,11/03/2017,11/03/2017,11/03/2017,IN PERSON,NO,NO,,NO,6,3,001,001,168,ATLC,00319,089013,00108,137,
LIBERTY,01068483,GEORGE,BESSIE,MAE,,979,N COASTAL HWY, ,MIDWAY,GA,31320,979,N COASTAL HWY,,MIDWAY,GA,31320,A,A,,10/26/2017,10/26/2017,10/26/2017,IN PERSON,NO,NO,,NO,6,3,001,001,168,ATLC,00319,089013,00053,76,
LIBERTY,05023988,YARBROUGH,JACKSON,MADISON,,204,TREMAIN DR, ,HINESVILLE,GA,31313,204,TREMAIN DR,,HINESVILLE,GA,31313,A,A,,11/03/2017,11/03/2017,11/03/2017,IN PERSON,NO,NO,,NO,3,11,001,001,168,ATLC,00314,089019,00012,149,
LIBERTY,01070558,DASHER,CATHARINE,C,,298,TREMAIN DR, ,HINESVILLE,GA,31313,298,TREMAIN DR,,HINESVILLE,GA,31313-1022,A,A,,10/26/2017,10/26/2017,10/26/2017,IN PERSON,NO,NO,,NO,3,11,001,001,168,ATLC,00314,089019,00004,74,
LIBERTY,01068798,TATE-ROBERTS,FLORENCE,,,89,LACHLAN LN, ,MIDWAY,GA,31320-5342,,PO BOX 36,,MIDWAY,GA,31320-0003,A,A,,10/27/2017,10/27/2017,10/27/2017,IN PERSON,NO,NO,,NO,6,3,001,001,168,ATLC,00319,089013,00063,89,
LIBERTY,08101845,BRANTLEY,CHRISTIE,DENISE,,625,N COASTAL HWY, ,MIDWAY,GA,31320,625,N COASTAL HWY,,MIDWAY,GA,31320,A,R,Insufficient Oath Information,10/11/2017,10/18/2017,11/01/2017,MAILED,NO,NO,DISABLED,NO,6,3,001,001,168,ATLC,00319,,00014,29,
LIBERTY,01068399,CLANCY,AGNES,,,10279,E OGLETHORPE HWY, ,MIDWAY,GA,31320,,PO BOX 13,,MIDWAY,GA,31320,A,A,,10/16/2017,10/16/2017,10/24/2017,MAILED,YES,NO,DISABLED,NO,6,3,001,001,168,ATLC,00319,,00012,15,
LIBERTY,10984376,GILL,MARY,,,625,N COASTAL HWY, ,MIDWAY,GA,31320,625,N COASTAL HWY,,MIDWAY,GA,31320,R,,DATE OF BIRTH NOT INCLUDED/ ACCEPTABLE ,10/10/2017,,,MAILED,NO,NO,,YES,6,3,001,001,168,ATLC,00319,,,,
LIBERTY,01068646,MILLER,BERNICE,W,,985,N COASTAL HWY, ,MIDWAY,GA,31320,,1064,,MIDWAY,GA,31320,A,A,,10/26/2017,10/26/2017,10/26/2017,IN PERSON,NO,NO,,NO,6,3,001,001,168,ATLC,00319,089013,00052,75,
LIBERTY,01068782,STEVENS,HENRY,O,,391,MARTIN RD, ,MIDWAY,GA,31320-4301,391,MARTIN RD,,MIDWAY,GA,31320-4301,A,A,,10/23/2017,10/25/2017,10/31/2017,MAILED,YES,NO,DISABLED,NO,6,3,001,001,168,ATLC,00319,,00016,56,
LIBERTY,06005775,FORNSHELL,JEFFREY,A,,93,E BEAVER LN, ,MIDWAY,GA,31320-4239,93,E BEAVER LN,,MIDWAY,GA,31320-4239,A,A,,10/26/2017,10/26/2017,10/26/2017,IN PERSON,NO,NO,,NO,6,3,001,001,168,ATLC,00319,089013,00055,78,
LIBERTY,01076369,JONES,TOMMIE,G,,41,COOPER ST,UNIT 7,MIDWAY,GA,31320-4366,,PO BOX 1051,,MIDWAY,GA,31320-0105,A,A,,10/19/2017,10/19/2017,10/19/2017,IN PERSON,NO,NO,,NO,6,3,001,001,168,ATLC,00319,089013,00018,33,
LIBERTY,04419171,BINES,GLEN,,,74,LACHLAN LN, ,MIDWAY,GA,31320-5343,74,LACHLAN LN,,MIDWAY,GA,31320-5343,A,A,,11/03/2017,11/03/2017,11/03/2017,IN PERSON,NO,NO,,NO,6,3,001,001,168,ATLC,00319,089013,00109,138,
LIBERTY,05843313,SEARFOSS,JAMES,E,,79,JOSEPH MARTIN RD, ,HINESVILLE,GA,31313-1000,79,JOSEPH MARTIN RD,,HINESVILLE,GA,31313-1000,A,A,,10/26/2017,10/26/2017,10/26/2017,IN PERSON,NO,NO,,NO,3,11,001,001,168,ATLC,00314,089019,00006,80,
LIBERTY,08110329,JONES,BYRON,,,391,MARTIN RD, ,MIDWAY,GA,31320-4301,391,MARTIN RD,,MIDWAY,GA,31320-4301,A,A,,11/03/2017,11/03/2017,11/03/2017,IN PERSON,NO,NO,,NO,6,3,001,001,168,ATLC,00319,089013,00115,144,
LIBERTY,01078257,BOOSE,BURNIS,R,,625,N COASTAL HWY, ,MIDWAY,GA,31320,625,N COASTAL HWY,,MIDWAY,GA,31320,A,R,"SIGNATURE MATCH, INSUFFICIENT OATH IN ",10/11/2017,10/16/2017,10/30/2017,MAILED,YES,NO,DISABLED,NO,6,3,001,001,168,ATLC,00319,,00010,12,
LIBERTY,03669592,HARRIS,THEODORE,,,11,E RED FOX CT, ,MIDWAY,GA,31320-4234,11,E RED FOX CT,,MIDWAY,GA,31320-4234,A,A,,10/24/2017,10/24/2017,10/24/2017,IN PERSON,NO,NO,,NO,6,3,001,001,168,ATLC,00319,089013,00037,52,
LIBERTY,11457993,MONTEIRO,TAYLOR,BECK,,34,OLDE COTTAGE LN, ,MIDWAY,GA,31320,34,OLDE COTTAGE LN,,MIDWAY,GA,31320,A,A,,10/19/2017,10/19/2017,10/19/2017,IN PERSON,NO,NO,,NO,6,3,001,001,168,ATLC,00319,089013,00021,36,
LIBERTY,07065482,ANGLIN,LYNDA,P WALTER,,50,DELANEY CT, ,MIDWAY,GA,31320-3229,,PO BOX 4039,,FT STEWART,GA,31315-0403,A,A,,10/26/2017,10/26/2017,10/26/2017,IN PERSON,NO,NO,,NO,6,3,001,001,168,ATLC,00319,089013,00049,71,
LIBERTY,01068783,STEVENS,HENRY,OTIS,JR,391,MARTIN RD, ,MIDWAY,GA,31320-4301,391,MARTIN RD,,MIDWAY,GA,31320-4301,A,A,,10/27/2017,10/27/2017,10/27/2017,IN PERSON,NO,NO,,NO,6,3,001,001,168,ATLC,00319,089013,00056,81,
LIBERTY,07145261,STEVENS,CHARLES,JARON,,391,MARTIN RD, ,MIDWAY,GA,31320,391,MARTIN RD,,MIDWAY,GA,31320,A,A,,10/31/2017,10/31/2017,10/31/2017,IN PERSON,NO,NO,,NO,6,3,001,001,168,ATLC,00319,089013,00084,112,
LIBERTY,05535742,CALDERONE,LEONARD,A,,263,OTTO DR, ,MIDWAY,GA,31320-4317,263,OTTO DR,,MIDWAY,GA,31320-4317,A,A,,11/03/2017,11/03/2017,11/03/2017,IN PERSON,NO,NO,,NO,6,3,001,001,168,ATLC,00319,089013,00112,141,
LIBERTY,10087787,CLANCY,LE'DARIUS,G,,10311,E OGLETHORPE HWY, ,MIDWAY,GA,31320,2211,CRUMSLANE,#19,LOUISVILLE,KY,40216,A,A,,10/16/2017,10/16/2017,10/31/2017,MAILED,NO,NO,,NO,6,3,001,001,168,ATLC,00319,,00013,16,
LIBERTY,06275611,BENNETT,DEBORAH,ELAINE,,143,E RED FOX CT, ,MIDWAY,GA,31320-4235,143,E RED FOX CT,,MIDWAY,GA,31320-4235,A,A,,10/17/2017,10/17/2017,10/17/2017,IN PERSON,NO,NO,,NO,6,3,001,001,168,ATLC,00319,089013,00013,26,
LIBERTY,10803548,FRAZIER,SHANELLE,VONTRICE,,207,SASSAFRAS LN, ,MIDWAY,GA,31320,207,SASSAFRAS LN,,MIDWAY,GA,31320,A,A,,10/27/2017,10/27/2017,10/27/2017,IN PERSON,NO,NO,,NO,6,3,001,001,168,ATLC,00319,089013,00058,84,
LIBERTY,01070447,CERRA,MICHAEL,JOHN,,39,J & K DR, ,MIDWAY,GA,31320,,PO BOX 662,,MIDWAY,GA,31320-0066,A,A,,10/23/2017,10/23/2017,10/23/2017,IN PERSON,NO,NO,,NO,6,3,001,001,168,ATLC,00319,089013,00029,44,
LIBERTY,01022661,BROWN,STANLEY,E,,14,ARLEN DR, ,MIDWAY,GA,31320-4288,14,ARLEN DR,,MIDWAY,GA,31320-4288,A,A,,10/17/2017,10/17/2017,10/17/2017,IN PERSON,NO,NO,,NO,6,3,001,001,168,ATLC,00319,089013,00014,27,
LIBERTY,01068710,QUARTERMAN,SALLY,M,,130,LUCILLE GOLDEN LN, ,MIDWAY,GA,31320-4313,130,LUCILLE GOLDEN LN,,MIDWAY,GA,31320-4313,A,A,,10/31/2017,10/31/2017,10/31/2017,IN PERSON,NO,NO,,NO,6,3,001,001,168,ATLC,00319,089013,00079,107,
LIBERTY,02499656,ELSHAIR,JAMIL,FARUQUE,,632,N COASTAL HWY, ,MIDWAY,GA,31320,,P. O. BOX  351,,MIDWAY,GA,31320,A,A,,10/25/2017,10/25/2017,10/25/2017,IN PERSON,NO,NO,,NO,6,3,001,001,168,ATLC,00319,089013,00047,64,
LIBERTY,01431032,MULLICE,ROSE,STEVENS,,186,MEDWAY DR, ,MIDWAY,GA,31320,186,MEDWAY DR,,MIDWAY,GA,31320,A,A,,11/02/2017,11/02/2017,11/02/2017,IN PERSON,NO,NO,,NO,6,3,001,001,168,ATLC,00319,089013,00091,119,
LIBERTY,01073448,CAIN,ALLISON,MCINTYRE,,20,FERGUSON CIR, ,MIDWAY,GA,31320-2306,20,FERGUSON CIR,,MIDWAY,GA,31320-2306,A,A,,10/19/2017,10/19/2017,10/19/2017,IN PERSON,NO,NO,,NO,6,3,001,001,168,ATLC,00319,089013,00019,34,
LIBERTY,01070594,DELOACH,HARLEY,GERALD,SR,481,OLD SUNBURY RD, ,HINESVILLE,GA,31313,481,OLD SUNBURY RD,,HINESVILLE,GA,31313,A,A,,10/25/2017,10/25/2017,10/25/2017,IN PERSON,NO,NO,,NO,3,11,001,001,168,ATLC,00314,089019,00002,69,
LIBERTY,11014210,BROOKS-LEWIS,JAMAL,TREYNICO,,146,JOHN BACON RD, ,MIDWAY,GA,31320,146,JOHN BACON,,MIDWAY,GA,31320-4056,A,A,,10/31/2017,10/31/2017,10/31/2017,IN PERSON,NO,NO,,NO,6,3,001,001,168,ATLC,00319,089013,00083,111,
LIBERTY,10586502,MAYES,WILLIAM,THOMAS,,313,TREMAIN DR, ,HINESVILLE,GA,31313,313,TREMAIN DR,,HINESVILLE,GA,31313,A,A,,11/03/2017,11/03/2017,11/03/2017,IN PERSON,NO,NO,,NO,3,11,001,001,168,ATLC,00314,089019,00011,148,
LIBERTY,06020991,SIMMONS,CAROL,,,189,ARLEN DR, ,MIDWAY,GA,31320,189,ARLEN DR,,MIDWAY,GA,31320,A,A,,11/03/2017,11/03/2017,11/03/2017,IN PERSON,NO,NO,,NO,6,3,001,001,168,ATLC,00319,089013,00110,139,
LIBERTY,07242500,MCGHEE,PAMELA,LAVERNE,,84,CHARLESTON CT, ,MIDWAY,GA,31320-3225,84,CHARLESTON CT,,MIDWAY,GA,31320-3225,A,A,,11/02/2017,11/02/2017,11/02/2017,IN PERSON,NO,NO,,NO,6,3,001,001,168,ATLC,00319,089013,00098,127,
LIBERTY,01070798,CLANCY,CYNTHIA,,,10311,E OGLETHORPE HWY, ,MIDWAY,GA,31320,,PO BOX 382,,MIDWAY,GA,31320,A,A,,10/20/2017,10/20/2017,10/20/2017,IN PERSON,NO,NO,,NO,6,3,001,001,168,ATLC,00319,089013,00026,41,
LIBERTY,01068774,STEVENS,BARBARA ANN,L,,339,MARTIN RD, ,MIDWAY,GA,31320-4301,339,MARTIN RD,,MIDWAY,GA,31320-4301,A,A,,11/02/2017,11/02/2017,11/02/2017,IN PERSON,NO,NO,,NO,6,3,001,001,168,ATLC,00319,089013,00100,129,
LIBERTY,03765176,JONES,RANDOLPH,,JR,508,MARTIN RD, ,MIDWAY,GA,31320,508,MARTIN RD,,MIDWAY,GA,31320,A,A,,11/02/2017,11/02/2017,11/02/2017,IN PERSON,NO,NO,,NO,6,3,001,001,168,ATLC,00319,089013,00094,122,
LIBERTY,04028059,FRAZIER,JONATHAN,,,11886,E OGLETHORPE HWY, ,MIDWAY,GA,31320-4217,,11886 E.OGLETHORPE ,,MIDWAY,GA,31320,A,A,,10/17/2017,10/18/2017,10/26/2017,MAILED,YES,NO,DISABLED,NO,6,3,001,001,168,ATLC,00319,,00015,30,
LIBERTY,08445585,QUARTERMAN,CHARZETTA,R,,130,LUCILLE GOLDEN LN, ,MIDWAY,GA,31320-4313,130,LUCILLE GOLDEN LN,,MIDWAY,GA,31320-4313,A,A,,10/31/2017,10/31/2017,10/31/2017,IN PERSON,NO,NO,,NO,6,3,001,001,168,ATLC,00319,089013,00075,103,
LIBERTY,01068840,WOODS,JIM,H,,100,MARTIN RD, ,MIDWAY,GA,31320-4300,,PO BOX 406,,MIDWAY,GA,31320-0040,A,A,,10/24/2017,10/24/2017,10/24/2017,IN PERSON,NO,NO,,NO,6,3,001,001,168,ATLC,00319,089013,00039,54,
LIBERTY,01073255,MORRISON,ARTIS LEE,D,,9490,E OGLETHORPE HWY, ,MIDWAY,GA,31320-4139,,PO BOX 614,,MIDWAY,GA,31320-0061,A,A,,10/20/2017,10/20/2017,10/20/2017,IN PERSON,NO,NO,,NO,6,3,001,001,168,ATLC,00319,089013,00028,43,
LIBERTY,01074881,SCHMITT,MISTY,R,,55,NELL AVE, ,MIDWAY,GA,31320-4347,55,NELL AVE,,MIDWAY,GA,31320-4347,A,A,,10/23/2017,10/23/2017,10/23/2017,IN PERSON,NO,NO,,NO,6,3,001,001,168,ATLC,00319,089013,00032,47,
LIBERTY,01072201,MARTIN,LINDA,WHITFIELD,,534,LAKE GALE DR, ,MIDWAY,GA,31320,534,LAKE GALE DR,,MIDWAY,GA,31320,A,A,,10/30/2017,10/30/2017,10/30/2017,IN PERSON,NO,NO,,NO,6,3,001,001,168,ATLC,00319,089013,00068,95,
LIBERTY,01073552,STEVENS,DEBORAH,E,,391,MARTIN RD, ,MIDWAY,GA,31320-4301,391,MARTIN RD,,MIDWAY,GA,31320-4301,A,A,,10/31/2017,10/31/2017,10/31/2017,IN PERSON,NO,NO,,NO,6,3,001,001,168,ATLC,00319,089013,00077,105,
LIBERTY,04420567,CAIN,BRIAN,CALLOWAY,,20,FERGUSON CIR, ,MIDWAY,GA,31320-2306,20,FERGUSON CIR,,MIDWAY,GA,31320-2306,A,A,,10/19/2017,10/19/2017,10/19/2017,IN PERSON,NO,NO,,NO,6,3,001,001,168,ATLC,00319,089013,00020,35,
LIBERTY,06214511,MIKELL,JASPER,,JR,625,N COASTAL HWY, ,MIDWAY,GA,31320,625,N COASTAL HWY,,MIDWAY,GA,31320,A,R,Insufficient Oath Information,10/11/2017,10/16/2017,10/30/2017,MAILED,YES,NO,DISABLED,NO,6,3,001,001,168,ATLC,00319,,00006,8,
LIBERTY,10685207,CLANCY,LAKRETIA,,,10311,E OGLETHORPE HWY, ,MIDWAY,GA,31320,6698,FIELDER RD,,REX,GA,30273,A,A,,10/23/2017,10/25/2017,11/03/2017,MAILED,NO,NO,,NO,6,3,001,001,168,ATLC,00319,,00017,57,
LIBERTY,01673399,JONES,JANET,Y,,146,JOHN BACON RD, ,MIDWAY,GA,31320,,PO BOX 4,,MIDWAY,GA,31320,A,A,,10/31/2017,10/31/2017,10/31/2017,IN PERSON,NO,NO,,NO,6,3,001,001,168,ATLC,00319,089013,00082,110,
LIBERTY,01070591,DELOACH,ANN,T,,481,OLD SUNBURY RD, ,HINESVILLE,GA,31313-1105,481,OLD SUNBURY RD,,HINESVILLE,GA,31313-1105,A,A,,10/25/2017,10/25/2017,10/25/2017,IN PERSON,NO,NO,,NO,3,11,001,001,168,ATLC,00314,089019,00001,68,
LIBERTY,11472041,GRIFFIN,SUN,SIM,,129,JULIE LN, ,MIDWAY,GA,31320,129,JULIE LN,,MIDWAY,GA,31320,A,A,,11/03/2017,11/03/2017,11/03/2017,IN PERSON,NO,NO,,NO,6,3,001,001,168,ATLC,00319,089013,00114,143,
LIBERTY,01106946,ARMOND,MELVIN,EUGENE,,625,N COASTAL HWY, ,MIDWAY,GA,31320,625,N COASTAL HWY,,MIDWAY,GA,31320,A,R,Insufficient Oath Information,10/11/2017,10/16/2017,10/30/2017,MAILED,YES,NO,DISABLED,NO,6,3,001,001,168,ATLC,00319,,00007,9,
LIBERTY,04242253,MANKER,SOLOMAN,,JR,72,SAINT CATHERINE ST, ,MIDWAY,GA,31320-4356,72,SAINT CATHERINE ST,,MIDWAY,GA,31320-4356,A,A,,11/01/2017,11/01/2017,11/01/2017,IN PERSON,NO,NO,,NO,6,3,001,001,168,ATLC,00319,089013,00085,113,
LIBERTY,04808753,BYLER,TIMOTHY,J,,449,OLD SUNBURY RD, ,HINESVILLE,GA,31313-1105,449,OLD SUNBURY RD,,HINESVILLE,GA,31313-1105,A,A,,11/03/2017,11/03/2017,11/03/2017,IN PERSON,NO,NO,,NO,3,11,001,001,168,ATLC,00314,089019,00010,147,
LIBERTY,03765034,EMMONS,JEANNE,LEE,,12243,E OGLETHORPE HWY, ,MIDWAY,GA,31320-4205,12243,E OGLETHORPE ,,MIDWAY,GA,31320-4205,A,A,,10/24/2017,10/24/2017,10/24/2017,IN PERSON,NO,NO,,NO,6,3,001,001,168,ATLC,00319,089013,00036,51,
LIBERTY,10970500,FAIRCLOTH,CLINTON,,,625,N COASTAL HWY, ,MIDWAY,GA,31320,625,N COASTAL HWY,,MIDWAY,GA,31320,A,,,10/11/2017,10/16/2017,,MAILED,YES,NO,DISABLED,YES,6,3,001,001,168,ATLC,00319,,00008,10,
LIBERTY,07531184,FINNIE,BONITA,,,99,E DEER CT, ,MIDWAY,GA,31320-4259,99,E DEER CT,,MIDWAY,GA,31320-4259,A,A,,10/23/2017,10/23/2017,10/23/2017,IN PERSON,NO,NO,,NO,6,3,001,001,168,ATLC,00319,089013,00033,48,
LIBERTY,06041307,JONES,SAILOR,TAYLOR,,443,MARTIN RD, ,MIDWAY,GA,31320,443,MARTIN RD,,MIDWAY,GA,31320,A,A,,11/02/2017,11/02/2017,11/02/2017,IN PERSON,NO,NO,,NO,6,3,001,001,168,ATLC,00319,089013,00095,124,
LIBERTY,01070245,HICKS,VANESSA,L,,55,E DEER CT, ,MIDWAY,GA,31320-4259,,PO BOX 708,,HINESVILLE,GA,31310-0070,A,A,,10/25/2017,10/25/2017,10/25/2017,IN PERSON,NO,NO,,NO,6,3,001,001,168,ATLC,00319,089013,00046,63,
LIBERTY,01068397,CHIPP,MELISSA,M,,11932,E OGLETHORPE HWY, ,MIDWAY,GA,31320-4202,11932,E OGLETHORPE ,,MIDWAY,GA,31320-4202,A,A,,11/02/2017,11/02/2017,11/02/2017,IN PERSON,NO,NO,,NO,6,3,001,001,168,ATLC,00319,089013,00093,121,
LIBERTY,07660003,HINES,PATTY,,,153,SASSAFRAS LN, ,MIDWAY,GA,31320-5344,153,SASSAFRAS LN,,MIDWAY,GA,31320-5344,A,A,,10/16/2017,10/16/2017,10/16/2017,IN PERSON,NO,NO,,NO,6,3,001,001,168,ATLC,00319,089013,00003,14,
LIBERTY,01068368,BRYANT,WILLIE,MAE,,111,JOHN BACON RD, ,MIDWAY,GA,31320,,PO BOX 4,,MIDWAY,GA,31320,A,A,,10/20/2017,10/20/2017,10/20/2017,IN PERSON,NO,NO,,NO,6,3,001,001,168,ATLC,00319,089013,00024,39,
LIBERTY,01758896,LEE,THOMAS,GERALD,,173,RIVER BIRCH LN, ,MIDWAY,GA,31320,173,RIVER BIRCH LN,,MIDWAY,GA,31320,A,A,,10/30/2017,10/30/2017,10/30/2017,IN PERSON,NO,NO,,NO,6,3,001,001,168,ATLC,00319,089013,00069,96,
LIBERTY,01077172,KADALIE,MODIBO,,,9888,E OGLETHORPE HWY, ,MIDWAY,GA,31320,9888,E OGLETHORPE ,,MIDWAY,GA,31320,A,A,,10/24/2017,10/24/2017,10/24/2017,IN PERSON,NO,NO,,NO,6,3,001,001,168,ATLC,00319,089013,00040,55,
LIBERTY,11027928,DAVIS,EDWARD,,,625,N COASTAL HWY, ,MIDWAY,GA,31320,625,N COASTAL HWY,,MIDWAY,GA,31320,R,,SIGNATURE DOES NOT MATCH,10/10/2017,,,MAILED,NO,NO,,YES,6,3,001,001,168,ATLC,00319,,,,
LIBERTY,07651719,FINNIE,GLYNN,,,99,E DEER CT, ,MIDWAY,GA,31320-4259,99,E DEER CT,,MIDWAY,GA,31320-4259,A,A,,10/23/2017,10/23/2017,10/23/2017,IN PERSON,NO,NO,,NO,6,3,001,001,168,ATLC,00319,089013,00034,49,
LIBERTY,01078461,CLANCY,LEVERN,,JR,10311,E OGLETHORPE HWY, ,MIDWAY,GA,31320,,PO BOX 382,,MIDWAY,GA,31320-0038,A,A,,10/16/2017,10/16/2017,10/16/2017,IN PERSON,NO,NO,,NO,6,3,001,001,168,ATLC,00319,089019,00007,101,
LIBERTY,04241465,WOOTEN,CYNTHIA,CORANNE,,59,W RED FOX CT, ,MIDWAY,GA,31320-4238,59,W RED FOX CT,,MIDWAY,GA,31320-4238,A,A,,10/16/2017,10/16/2017,10/16/2017,IN PERSON,NO,NO,,NO,6,3,001,001,168,ATLC,00319,089013,00002,2,
LIBERTY,01068728,ROBERTS,PATRICIA,ANN,,69,JOHN BACON RD, ,MIDWAY,GA,31320,,PO BOX 79,,MIDWAY,GA,31320,A,A,,10/16/2017,10/16/2017,10/16/2017,IN PERSON,NO,NO,,NO,6,3,001,001,168,ATLC,00319,089013,00005,18,
LIBERTY,01068398,CHIPP,TERRELL,L,,159,LAKE GALE DR, ,MIDWAY,GA,31320,,PO BOX 512,,MIDWAY,GA,31320,A,A,,11/03/2017,11/03/2017,11/03/2017,IN PERSON,NO,NO,,NO,6,3,001,001,168,ATLC,00319,089013,00111,140,
LIBERTY,11472024,GRIFFIN,EDDIE,JAMES,,129,JULIE LN, ,MIDWAY,GA,31320,129,JULIE LN,,MIDWAY,GA,31320,A,A,,11/03/2017,11/03/2017,11/03/2017,IN PERSON,NO,NO,,NO,6,3,001,001,168,ATLC,00319,089013,00113,142,
LIBERTY,10645942,JONES,ABRAHAM,,,443,MARTIN RD, ,MIDWAY,GA,31320,443,MARTIN RD,,MIDWAY,GA,31320,A,A,,10/16/2017,10/16/2017,10/16/2017,IN PERSON,NO,NO,,NO,6,3,001,001,168,ATLC,00319,089013,00006,19,
LIBERTY,10553617,CRUZ-SIMONS,ALBERTO,,,100,PARADISE LN, ,MIDWAY,GA,31320,100,PARADISE LN,,MIDWAY,GA,31320-2402,A,A,,11/03/2017,11/03/2017,11/03/2017,IN PERSON,NO,NO,,NO,6,3,001,001,168,ATLC,00319,089013,00104,133,
LIBERTY,01076826,TURMAN,LULA,M,,13387,E OGLETHORPE HWY, ,MIDWAY,GA,31320-4211,13387,E OGLETHORPE ,,MIDWAY,GA,31320-4211,A,A,,10/20/2017,10/20/2017,10/20/2017,IN PERSON,NO,NO,,NO,6,3,001,001,168,ATLC,00319,089013,00025,40,
LIBERTY,07063387,SMITH,TOMMIE,,III,296,RIVER BEND DR, ,MIDWAY,GA,31320,296,RIVER BEND DR,,MIDWAY,GA,31320,A,A,,11/02/2017,11/02/2017,11/02/2017,IN PERSON,NO,NO,,NO,6,3,001,001,168,ATLC,00319,089013,00090,118,
LIBERTY,01073016,PATTERSON,RUTH,T,,213,OLD SUNBURY TRL, ,MIDWAY,GA,31320-4339,213,OLD SUNBURY TRL,,MIDWAY,GA,31320-4339,A,A,,10/24/2017,10/24/2017,10/24/2017,IN PERSON,NO,NO,,NO,6,3,001,001,168,ATLC,00319,089013,00035,50,
LIBERTY,05895057,EDWARDS,WILLIAM,FRED,,344,LAKE SHORE DR, ,MIDWAY,GA,31320-5700,344,LAKE SHORE DR,,MIDWAY,GA,31320-5700,A,A,,11/03/2017,11/03/2017,11/03/2017,IN PERSON,NO,NO,,NO,6,3,001,001,168,ATLC,00319,089013,00107,136,
LIBERTY,01012964,SHUMANS,SHERON,B,,71,MARTIN RD, ,MIDWAY,GA,31320-4240,71,MARTIN RD,,MIDWAY,GA,31320-4240,A,A,,10/18/2017,10/18/2017,10/18/2017,IN PERSON,NO,NO,,NO,6,3,001,001,168,ATLC,00319,089013,00015,28,
LIBERTY,05500431,BARTHOLF,GORDON,H,JR,95,SASSAFRAS LN, ,MIDWAY,GA,31320-5345,95,SASSAFRAS LN,,MIDWAY,GA,31320-5345,A,A,,10/23/2017,10/23/2017,10/23/2017,IN PERSON,NO,NO,,NO,6,3,001,001,168,ATLC,00319,089013,00031,46,
LIBERTY,01068490,GOLDEN,ARTHUR,E,,43,LAKE GALE DR, ,MIDWAY,GA,31320-4439,43,LAKE GALE DR,,MIDWAY,GA,31320-4439,A,A,,10/20/2017,10/20/2017,10/20/2017,IN PERSON,NO,NO,,NO,6,3,001,001,168,ATLC,00319,089013,00017,32,
LIBERTY,01068719,RIPLEY,BERTHA,MELLONESE,,13022,E OGLETHORPE HWY, ,MIDWAY,GA,31320,13022,E OGLETHORPE ,,MIDWAY,GA,31320,A,A,,11/01/2017,11/01/2017,11/01/2017,IN PERSON,NO,NO,,NO,6,3,001,001,168,ATLC,00319,089013,00088,116,
LIBERTY,06949757,DAVIS,RHONDA,L,,202,RIVER BEND DR, ,MIDWAY,GA,31320-3242,202,RIVER BEND DR,,MIDWAY,GA,31320-3242,A,A,,10/31/2017,10/31/2017,10/31/2017,IN PERSON,NO,NO,,NO,6,3,001,001,168,ATLC,00319,089013,00076,104,
LIBERTY,02294955,DOUGLAS-MILLER,FELICIA,,,131,SASSAFRAS LN, ,MIDWAY,GA,31320-5344,,PO BOX 33,,MIDWAY,GA,31320-0003,A,A,,11/01/2017,11/01/2017,11/01/2017,IN PERSON,NO,NO,,NO,6,3,001,001,168,ATLC,00319,089013,00086,114,
LIBERTY,06765940,IRBY,JONATHAN,,,378,MARTIN RD, ,MIDWAY,GA,31320-4373,,PO BOX 77,,MIDWAY,GA,31320-0007,A,A,,10/30/2017,10/30/2017,10/30/2017,IN PERSON,NO,NO,,NO,6,3,001,001,168,ATLC,00319,089013,00073,100,
LIBERTY,01072875,SHAFER,TAMARA,D,,824,LAKE GALE DR, ,MIDWAY,GA,31320-4331,824,LAKE GALE DR,,MIDWAY,GA,31320-4331,A,A,,10/17/2017,10/17/2017,10/17/2017,IN PERSON,NO,NO,,NO,6,3,001,001,168,ATLC,00319,089013,00009,22,
