County,Voter Registration #,Last Name,First Name,Middle Name,Suffix,Street #,Street Name,Apt/Unit,City,State,Zip Code,Mailing Street #,Mailing Street Name,Mailing Apt/Unit,Mailing City,Mailing State,Mailing Zip Code,Application Status,Ballot Status,Status Reason,Application Date,Ballot Issued Date,Ballot Return Date,Ballot Style,Ballot Assisted,Challenged/Provisional,Designation/Reason Issue,ID Required,Municipal Precinct,County Precinct,CNG,SEN,HOUSE	,JUD,Combo #,Vote Center ID,Ballot ID,Post #,Party
LONG,01021710,MCGOWAN,DONALD,H,SR,135,S MACON ST, ,LUDOWICI,GA,31316-7510,,PO BOX 702,,LUDOWICI,GA,31316-0070,A,A,,10/30/2017,10/30/2017,10/30/2017,IN PERSON,NO,NO,,NO,7,7,001,019,167,ATLC,00202,091010,00210,214,
LONG,07120201,PARKER,AMANDA,MARGO,,116,S RAILROAD ST, ,LUDOWICI,GA,31316,,PO BOX 58,,LUDOWICI,GA,31316,A,A,,10/16/2017,10/16/2017,10/16/2017,IN PERSON,NO,NO,,NO,7,7,001,019,167,ATLC,00200,091010,00001,1,
LONG,07561684,SIMMONS,KALEY,ANNE,,3817,TIBET HWY SE, ,LUDOWICI,GA,31316,3817,TIBET HWY SE,,LUDOWICI,GA,31316,A,A,,10/20/2017,10/20/2017,10/20/2017,IN PERSON,NO,NO,,NO,,5,001,019,167,ATLC,00113,091010,00111,111,
LONG,01022245,REDDISH,JOHN,A,,556,DUKES FIELD RD NE, ,LUDOWICI,GA,31316-3434,556,DUKES FIELD RD NE,,LUDOWICI,GA,31316-3434,A,A,,10/27/2017,10/27/2017,10/27/2017,IN PERSON,NO,NO,,NO,,2,001,019,167,ATLC,00102,091010,00194,198,
LONG,08713712,SKIPPER,HARRY,C,,1843,PEARL DAVIS RD SE, ,LUDOWICI,GA,31316-6313,1843,PEARL DAVIS RD SE,,LUDOWICI,GA,31316-6313,A,A,,11/03/2017,11/03/2017,11/03/2017,IN PERSON,NO,NO,,NO,,5,001,019,167,ATLC,00113,091010,00253,258,
LONG,02296769,COPELAND,KIMBERLY,,,443,SANDY RUN RD SE, ,ALLENHURST,GA,31301,443,SANDY RUN RD SE,,ALLENHURST,GA,31301,A,A,,10/16/2017,10/16/2017,10/16/2017,IN PERSON,NO,NO,,NO,,5,001,019,167,ATLC,00113,091010,00008,8,
LONG,01022178,REGISTER,TIMOTHY,WAYNE,,288,ARCHER RD NE, ,LUDOWICI,GA,31316-1510,,PO BOX 856,,LUDOWICI,GA,31316-0085,A,A,,10/24/2017,10/25/2017,11/07/2017,MAILED,NO,NO,,NO,,4,001,019,167,ATLC,00109,,00001,158,
LONG,01021565,GRIFFIN,KATHRYN,I,,251,N MCDONALD ST, ,LUDOWICI,GA,31316-6017,,PO BOX 314,,LUDOWICI,GA,31316-0031,A,A,,10/30/2017,10/30/2017,10/30/2017,IN PERSON,NO,NO,,NO,7,7,001,019,167,ATLC,00209,091010,00208,212,
LONG,01020594,DURST,MARY,ELIZABETH,,1844,CECIL NOBLES HWY, ,LUDOWICI,GA,31316-2454,1844,CECIL NOBLES HWY,,LUDOWICI,GA,31316-2454,A,A,,10/26/2017,10/26/2017,10/26/2017,IN PERSON,NO,NO,,NO,,2,001,019,167,ATLC,00102,091010,00180,184,
LONG,05758349,CURRIE,KIMBERLY,M,,190,WALKER ST SW, ,LUDOWICI,GA,31316,,PO BOX 486,,LUDOWICI,GA,31316-0048,A,A,,10/18/2017,10/18/2017,10/18/2017,IN PERSON,NO,NO,,NO,3,3,001,019,167,ATLC,00204,091010,00082,82,
LONG,08229154,SIMMONS,KELLY,LONG,,3497,STAFFORD DAIRY RD SE, ,LUDOWICI,GA,31316,3485,STAFFORD DIARY RD SE,,LUDOWICI,GA,31316,A,A,,10/16/2017,10/16/2017,10/16/2017,IN PERSON,NO,NO,,NO,,5,001,019,167,ATLC,00113,091010,00043,43,
LONG,10076498,KLINGENSMITH,RANDALL,LAVIS,,75,PRINCE RD SE, ,LUDOWICI,GA,31316,75,PRINCE RD SE,,LUDOWICI,GA,31316-7471,A,A,,10/16/2017,10/16/2017,10/16/2017,IN PERSON,NO,NO,,NO,,7,001,019,167,ATLC,00113,091010,00015,15,
LONG,02301676,HEWITT,ANITA,JILL,,14,E ACADEMY ST, ,LUDOWICI,GA,31316,,PO BOX 785,,LUDOWICI,GA,31316,A,A,,10/19/2017,10/19/2017,10/19/2017,IN PERSON,NO,NO,,NO,7,7,001,019,167,ATLC,00205,091010,00109,109,
LONG,07208854,LEON,PATRICIA,JANE,,23,NETTLES BR SE, ,ALLENHURST,GA,31301-5622,23,NETTLES BR SE,,ALLENHURST,GA,31301-5622,A,A,,10/17/2017,10/17/2017,10/17/2017,IN PERSON,NO,NO,,NO,,5,001,019,167,ATLC,00113,091010,00048,48,
LONG,01021491,REGISTER,MARLA,M,,288,ARCHER RD NE, ,LUDOWICI,GA,31316,,PO BOX 856,,LUDOWICI,GA,31316-0085,A,A,,11/01/2017,11/01/2017,11/07/2017,MAILED,NO,NO,,NO,,4,001,019,167,ATLC,00109,,00002,240,
LONG,06105691,YEOMANS,CAREY,DALE,,292,MOODY RD NW, ,LUDOWICI,GA,31316-5858,292,MOODY RD NW,,LUDOWICI,GA,31316-5858,A,A,,10/27/2017,10/27/2017,10/27/2017,IN PERSON,NO,NO,,NO,,6,001,019,167,ATLC,00113,091010,00191,195,
LONG,08943873,DAVIS,CANDICE,MIRANDA,,8,CJ DAVIS LN SE, ,LUDOWICI,GA,31316-2323,8,CJ DAVIS LN SE,,LUDOWICI,GA,31316-2323,A,A,,10/19/2017,10/19/2017,10/19/2017,IN PERSON,NO,NO,,NO,,3,001,019,167,ATLC,00105,091010,00101,101,
LONG,04747563,STRICKLAND,AUBREY,BENJAMIN,,2212,GA HIGHWAY 57, ,LUDOWICI,GA,31316,2212,GA HIGHWAY 57,,LUDOWICI,GA,31316,A,A,,10/17/2017,10/17/2017,10/17/2017,IN PERSON,NO,NO,,NO,,5,001,019,167,ATLC,00113,091010,00064,64,
LONG,08562678,MASON,ASHLEY,MARIE,,25,RESIDENCE ST SE, ,LUDOWICI,GA,31316,,PO BOX 1093,,LUDOWICI,GA,31316-0001,A,A,,10/23/2017,10/23/2017,10/23/2017,IN PERSON,NO,NO,,NO,7,7,001,019,167,ATLC,00200,091010,00146,146,
LONG,06034180,SASSER SMILEY,CHARLOTTE,A,,3098,SMILEY RD NE, ,LUDOWICI,GA,31316,,PO BOX 1953,,HINESVILLE,GA,31310-0895,A,A,,11/01/2017,11/01/2017,11/01/2017,IN PERSON,NO,NO,,NO,,2,001,019,167,ATLC,00102,091010,00236,241,
LONG,06048180,PARKER,WALTER,DALE,JR,85,SONNY BOY LN SE, ,LUDOWICI,GA,31316,85,SONNY BOY LN SE,,LUDOWICI,GA,31316,A,A,,10/24/2017,10/24/2017,10/24/2017,IN PERSON,NO,NO,,NO,,5,001,019,167,ATLC,00113,091010,00149,149,
LONG,03733693,GAY,RONALD,THOMAS,,142,CATHY LN NE, ,LUDOWICI,GA,31316-2420,142,CATHY LN NE,,LUDOWICI,GA,31316-2420,A,A,,11/03/2017,11/03/2017,11/03/2017,IN PERSON,NO,NO,,NO,,4,001,019,167,ATLC,00109,091010,00258,263,
LONG,04965382,SKIPPER,SHANA,WAY,,206,VIRGINIA DR SE, ,LUDOWICI,GA,31316,206,VIRGINIA DR SE,,LUDOWICI,GA,31316,A,A,,10/27/2017,10/27/2017,10/27/2017,IN PERSON,NO,NO,,NO,,5,001,019,167,ATLC,00113,091010,00200,204,
LONG,01021673,MITCHAM,LESLIE,G,III,370,MITCHAM RD NE, ,LUDOWICI,GA,31316,,PO BOX 634,,LUDOWICI,GA,31316-0063,A,A,,10/26/2017,10/26/2017,10/26/2017,IN PERSON,NO,NO,,NO,4,4,001,019,167,ATLC,00201,091010,00188,192,
LONG,02304283,NOBLES,BONNIE,S,,9512,CECIL NOBLES HWY, ,LUDOWICI,GA,31316-2729,9512,CECIL NOBLES HWY,,LUDOWICI,GA,31316-2729,A,A,,10/18/2017,10/18/2017,10/18/2017,IN PERSON,NO,NO,,NO,,6,001,019,167,ATLC,00113,091010,00091,91,
LONG,08088838,DELLA-VOLLE,JOSEPH,,,86,WHITE OAK DR NE, ,LUDOWICI,GA,31316,86,WHITE OAK DR NE,,LUDOWICI,GA,31316,A,A,,10/16/2017,10/16/2017,10/16/2017,IN PERSON,NO,NO,,NO,,2,001,019,167,ATLC,00102,091010,00013,13,
LONG,01021834,WALTER,KATHY,,,196,MOODY BRIDGE RD NE, ,LUDOWICI,GA,31316-5914,196,MOODY BRIDGE RD NE,,LUDOWICI,GA,31316-5914,A,A,,11/02/2017,11/02/2017,11/02/2017,IN PERSON,NO,NO,,NO,,2,001,019,167,ATLC,00102,091010,00244,249,
LONG,06551624,SNELL,DON,,,498,MILL POND RD SE, ,LUDOWICI,GA,31316,498,MILL POND RD SE,,LUDOWICI,GA,31316-5748,A,A,,10/24/2017,10/24/2017,10/24/2017,IN PERSON,NO,NO,,NO,,3,001,019,167,ATLC,00105,091010,00156,156,
LONG,01020591,BAXTER,REVIS,L,,1777,DARWEL LONG RD NE, ,LUDOWICI,GA,31316-3215,1777,DARWEL LONG RD NE,,LUDOWICI,GA,31316-3215,A,A,,10/24/2017,10/24/2017,10/24/2017,IN PERSON,NO,NO,,NO,,2,001,019,167,ATLC,00102,091010,00150,150,
LONG,01022439,HOWARD,DAVID,S,,96,S RAILROAD ST, ,LUDOWICI,GA,31316,,PO BOX 904,,LUDOWICI,GA,31316-0090,A,A,,10/26/2017,10/26/2017,10/26/2017,IN PERSON,NO,NO,,NO,7,7,001,019,167,ATLC,00200,091010,00186,190,
LONG,07499883,DUNCAN,JOSEPH,R,,62,SMITH LN NE, ,LUDOWICI,GA,31316,62,SMITH LN NE,,LUDOWICI,GA,31316,A,A,,11/03/2017,11/03/2017,11/03/2017,IN PERSON,NO,NO,,NO,,4,001,019,167,ATLC,00109,091010,00257,262,
LONG,01022532,HORNE,TIMMYRA,MARQUERITE,,87,WAY ST SE, ,LUDOWICI,GA,31316,,PO BOX 999,,LUDOWICI,GA,31316-0099,A,A,,10/23/2017,10/23/2017,10/23/2017,IN PERSON,NO,NO,,NO,7,7,001,019,167,ATLC,00200,091010,00142,142,
LONG,08528593,FERRY,BRIAN,,,22,COTTAGE ST SW, ,LUDOWICI,GA,31316,,PO BOX 1193,,LUDOWICI,GA,31316-0119,A,A,,11/03/2017,11/03/2017,11/03/2017,IN PERSON,NO,NO,,NO,,7,001,019,167,ATLC,00113,091010,00268,273,
LONG,08313341,MCFANN,CORI,BROOKE,,1847,PEARL DAVIS RD SE, ,LUDOWICI,GA,31316,1847,PEARL DAVIS RD SE,,LUDOWICI,GA,31316,A,A,,10/18/2017,10/18/2017,10/18/2017,IN PERSON,NO,NO,,NO,,5,001,019,167,ATLC,00113,091010,00083,83,
LONG,08280951,FULLER,JAMES,RAYMOND,,87,WAY ST SE, ,LUDOWICI,GA,31316,,PO BOX 502,,LUDOWICI,GA,31316-0050,A,A,,10/18/2017,10/18/2017,10/18/2017,IN PERSON,NO,NO,,NO,7,7,001,019,167,ATLC,00200,091010,00072,72,
LONG,01022534,DOZIER,DIXIE,L,,796,STAFFORD DAIRY RD SE, ,LUDOWICI,GA,31316-9027,796,STAFFORD DAIRY RD SE,,LUDOWICI,GA,31316-9027,A,A,,10/18/2017,10/18/2017,10/18/2017,IN PERSON,NO,NO,,NO,,5,001,019,167,ATLC,00113,091010,00096,96,
LONG,08105370,DELLAVOLLE,SUSAN,KAY,,86,WHITE OAK DR NE, ,LUDOWICI,GA,31316,86,WHITE OAK DR NE,,LUDOWICI,GA,31316,A,A,,10/17/2017,10/17/2017,10/17/2017,IN PERSON,NO,NO,,NO,,2,001,019,167,ATLC,00102,091010,00045,45,
LONG,01036339,NOBLES,MARGARET,ELIZABETH,,556,BEARDS BLUFF RD NW, ,GLENNVILLE,GA,30427-8509,556,BEARDS BLUFF RD NW,,GLENNVILLE,GA,30427-8509,A,A,,11/02/2017,11/02/2017,11/02/2017,IN PERSON,NO,NO,,NO,,6,001,019,167,ATLC,00113,091010,00248,253,
LONG,01021454,CHESSER,CLAUDINE,R,,108,HENDRIX ST NE, ,LUDOWICI,GA,31316,,PO BOX 183,,LUDOWICI,GA,31316-0018,A,A,,10/25/2017,10/25/2017,10/25/2017,IN PERSON,NO,NO,,NO,7,7,001,019,167,ATLC,00202,091010,00165,169,
LONG,01035976,NOBLES,CRAIG,W,,556,BEARDS BLUFF RD NW, ,GLENNVILLE,GA,30427,556,BEARDS BLUFF RD NW,,GLENNVILLE,GA,30427,A,A,,10/16/2017,10/16/2017,10/16/2017,IN PERSON,NO,NO,,NO,,6,001,019,167,ATLC,00113,091010,00002,2,
LONG,08203139,BAGGARLY,ELIZABETH,ZOE,,164,LEONARD HUGHES RD SW, ,LUDOWICI,GA,31316,164,LEONARD HUGHES RD ,,LUDOWICI,GA,31316,A,A,,11/02/2017,11/02/2017,11/02/2017,IN PERSON,NO,NO,,YES,,5,001,019,167,ATLC,00113,091010,00243,248,
LONG,10696303,KLINGENSMITH,JAYSON,GARRETT,,75,PRINCE RD SE, ,LUDOWICI,GA,31316,75,PRINCE RD SE,,LUDOWICI,GA,31316,A,A,,10/24/2017,10/24/2017,10/24/2017,IN PERSON,NO,NO,,NO,,7,001,019,167,ATLC,00113,091010,00155,155,
LONG,01021589,HENDRIX,CATHY,D,,537,E CYPRESS ST, ,LUDOWICI,GA,31316-3123,,PO BOX 323,,LUDOWICI,GA,31316-0032,A,A,,10/17/2017,10/17/2017,10/17/2017,IN PERSON,NO,NO,,NO,7,7,001,019,167,ATLC,00202,091010,00050,50,
LONG,08610603,BALLANCE,HOLLIE,DEAN,,252,W ACADEMY ST, ,LUDOWICI,GA,31316,252,W ACADEMY ST,,LUDOWICI,GA,31316,A,A,,10/25/2017,10/25/2017,10/25/2017,IN PERSON,NO,NO,,NO,7,7,001,019,167,ATLC,00200,091010,00162,166,
LONG,00542069,WILLIAMS,JOYCE,G,,257,N MCDONALD ST, ,LUDOWICI,GA,31316-6017,,PO BOX 134,,LUDOWICI,GA,31316-0013,A,A,,10/25/2017,10/25/2017,10/25/2017,IN PERSON,NO,NO,,NO,7,7,001,019,167,ATLC,00209,091010,00169,173,
LONG,08645658,FOWLER,TONY,EDWARD,II,611,S MACON ST, ,LUDOWICI,GA,31316,,P.O. BOX 302,,LUDOWICI,GA,31316,A,A,,10/18/2017,10/18/2017,10/18/2017,IN PERSON,NO,NO,,NO,7,7,001,019,167,ATLC,00205,091010,00092,92,
LONG,05570761,SHURLING,CHERYL,ANN,,1,HUGH GORDON LN SE, ,LUDOWICI,GA,31316-5124,1,HUGH GORDON LN SE,,LUDOWICI,GA,31316-5124,A,A,,11/01/2017,11/01/2017,11/01/2017,IN PERSON,NO,NO,,NO,,5,001,019,167,ATLC,00113,091010,00240,245,
LONG,07465629,PARKER,LISA,MARIE,,209,SONNY BOY LN SE, ,LUDOWICI,GA,31316-6766,209,SONNY BOY LN SE,,LUDOWICI,GA,31316-6766,A,A,,10/18/2017,10/18/2017,10/18/2017,IN PERSON,NO,NO,,NO,,5,001,019,167,ATLC,00113,091010,00088,88,
LONG,01021991,MILTON,PAMELA,G,,2393,PEARL DAVIS RD SE, ,LUDOWICI,GA,31316-6323,2393,PEARL DAVIS RD SE,,LUDOWICI,GA,31316-6323,A,A,,10/24/2017,10/24/2017,10/24/2017,IN PERSON,NO,NO,,NO,,5,001,019,167,ATLC,00113,091010,00161,165,
LONG,08209916,PADGETT,MABEL,KING,,128,WHITE OAK DR NE, ,LUDOWICI,GA,31316-5469,128,WHITE OAK DR NE,,LUDOWICI,GA,31316-5469,A,A,,10/17/2017,10/17/2017,10/17/2017,IN PERSON,NO,NO,,NO,,2,001,019,167,ATLC,00102,091010,00046,46,
LONG,08398429,MATHIS,KATELYN,MARIE,,233,HOFFER LN SE, ,LUDOWICI,GA,31316,233,HOFFER LN SE,,LUDOWICI,GA,31316-7757,A,A,,10/18/2017,10/18/2017,10/18/2017,IN PERSON,NO,NO,,NO,,5,001,019,167,ATLC,00113,091010,00078,78,
LONG,06087901,SHOUSE,DEBORAH,,,101,STEWART HODGES LOOP , ,LUDOWICI,GA,31316-7063,,PO BOX 1153,,LUDOWICI,GA,31316-0115,A,A,,10/17/2017,10/17/2017,10/17/2017,IN PERSON,NO,NO,,NO,,2,001,019,167,ATLC,00102,091010,00066,66,
LONG,11022179,MCCRARY,KELDON,,,559,ALMA FLOURNOY RD NE, ,LUDOWICI,GA,31316,559,ALMA FLOURNOY RD ,,LUDOWICI,GA,31316,A,A,,10/18/2017,10/18/2017,10/18/2017,IN PERSON,NO,NO,,NO,,6,001,019,167,ATLC,00113,091010,00086,86,
LONG,03765167,HALL,MARK,IVAL,,13,BELL RD NE,UNIT 28,LUDOWICI,GA,31316,13,BELL,,LUDOWICI,GA,31316-0125,A,A,,10/24/2017,10/24/2017,10/24/2017,IN PERSON,NO,NO,,NO,,2,001,019,167,ATLC,00102,091010,00159,163,
LONG,01021244,SMITH,LINDA,C,,159,ROY SMITH RD SE, ,LUDOWICI,GA,31316-6507,159,ROY SMITH RD SE,,LUDOWICI,GA,31316-6507,A,A,,10/17/2017,10/17/2017,10/17/2017,IN PERSON,NO,NO,,NO,,5,001,019,167,ATLC,00113,091010,00062,62,
LONG,08183501,CORDRY,MORGAN,TAYLOR,,288,ARCHER RD NE, ,LUDOWICI,GA,31316,,PO BOX 856,,LUDOWICI,GA,31316-0856,A,A,,10/16/2017,10/16/2017,10/16/2017,IN PERSON,NO,NO,,NO,,4,001,019,167,ATLC,00109,091010,00027,27,
LONG,05602540,PETOFF,MELISSA,,,3385,STAFFORD DAIRY RD SE, ,LUDOWICI,GA,31316-6951,3385,STAFFORD DAIRY RD SE,,LUDOWICI,GA,31316-6951,A,A,,10/25/2017,10/25/2017,10/25/2017,IN PERSON,NO,NO,,NO,,5,001,019,167,ATLC,00113,091010,00174,178,
LONG,01022384,BROWN,ROBERT,M,JR,279,S MACON ST, ,LUDOWICI,GA,31316-7512,,PO BOX 195,,LUDOWICI,GA,31316-0019,A,A,,10/26/2017,10/26/2017,10/26/2017,IN PERSON,NO,NO,,NO,7,7,001,019,167,ATLC,00202,091010,00184,188,
LONG,04374430,CARTER,DEONA,WALKER,,462,JOHNSTON CIR NW, ,LUDOWICI,GA,31316-5234,462,JOHNSTON CIR NW,,LUDOWICI,GA,31316-5234,A,A,,10/23/2017,10/23/2017,10/23/2017,IN PERSON,NO,NO,,NO,,7,001,019,167,ATLC,00113,091010,00136,136,
LONG,10551628,COMBS,AARON,V,,120,WAY ST SE, ,LUDOWICI,GA,31316,,PO BOX 997,,LUDOWICI,GA,31316,A,A,,10/17/2017,10/17/2017,10/17/2017,IN PERSON,NO,NO,,NO,7,7,001,019,167,ATLC,00200,091010,00053,53,
LONG,06397206,GREEN,DANA,,,220,GILL ST SW, ,LUDOWICI,GA,31316,220,GILL ST SW,,LUDOWICI,GA,31316,A,A,,11/03/2017,11/03/2017,11/03/2017,IN PERSON,NO,NO,,NO,3,3,001,019,167,ATLC,00206,091010,00263,268,
LONG,01020630,DASHER,JOYCE,M,,3213,JONES CREEK LOOP NW, ,LUDOWICI,GA,31316-5308,3213,JONES CREEK LOOP NW,,LUDOWICI,GA,31316-5308,A,A,,10/30/2017,10/30/2017,10/30/2017,IN PERSON,NO,NO,,NO,,6,001,019,167,ATLC,00113,091010,00216,220,
LONG,11134001,BREWER,EDWARD,MATTHEW,,266,MILL POND RD SE, ,LUDOWICI,GA,31316,266,MILL POND RD SE,,LUDOWICI,GA,31316,A,A,,10/20/2017,10/20/2017,10/20/2017,IN PERSON,NO,NO,,NO,,7,001,019,167,ATLC,00113,091010,00126,126,
LONG,08704507,PILKINTON,HUNTER,LEE,,190,LEONARD HUGHES RD SW, ,LUDOWICI,GA,31316-5449,190,LEONARD HUGHES RD ,,LUDOWICI,GA,31316-5449,A,A,,10/17/2017,10/17/2017,10/17/2017,IN PERSON,NO,NO,,NO,,5,001,019,167,ATLC,00113,091010,00065,65,
LONG,03528482,LEWIS,ARVON,LEE,,663,S MACON ST, ,LUDOWICI,GA,31316-7520,663,S MACON ST,,LUDOWICI,GA,31316-7520,A,A,,10/20/2017,10/20/2017,10/20/2017,IN PERSON,NO,NO,,NO,7,7,001,019,167,ATLC,00205,091010,00114,114,
LONG,10858688,STEEN,MADISON,ANN,,2236,OLD MACON DARIEN RD SE, ,LUDOWICI,GA,31316,2236,OLD MACON DARIEN RD SE,,LUDOWICI,GA,31316-6156,A,A,,10/27/2017,10/27/2017,10/27/2017,IN PERSON,NO,NO,,NO,,7,001,019,167,ATLC,00113,091010,00193,197,
LONG,01021769,BALLANCE,TAMMY,,,2056,OLD BARRINGTON RD , ,LUDOWICI,GA,31316-6126,,PO BOX 744,,LUDOWICI,GA,31316-0074,A,A,,10/25/2017,10/25/2017,10/25/2017,IN PERSON,NO,NO,,NO,,5,001,019,167,ATLC,00113,091010,00176,180,
LONG,01075718,HIGGASON,MELISSA,KAREN,,140,SANDY RUN RD SE, ,ALLENHURST,GA,31301-5702,140,SANDY RUN RD SE,,ALLENHURST,GA,31301-5702,A,A,,11/03/2017,11/03/2017,11/03/2017,IN PERSON,NO,NO,,NO,,5,001,019,167,ATLC,00113,091010,00265,270,
LONG,04478823,SANDERS,JOSEPH,L,,248,PRINCE RD SE, ,LUDOWICI,GA,31316,248,PRINCE RD SE,,LUDOWICI,GA,31316,A,A,,10/27/2017,10/27/2017,10/27/2017,IN PERSON,NO,NO,,NO,,7,001,019,167,ATLC,00113,091010,00199,203,
LONG,01077198,SIETS,MARY,K,,1078,JAKE LUCAS RD NE, ,LUDOWICI,GA,31316,1078,JAKE LUCAS RD NE,,LUDOWICI,GA,31316,A,A,,10/24/2017,10/24/2017,10/24/2017,IN PERSON,NO,NO,,NO,,1,001,019,167,ATLC,00101,091010,00154,154,
LONG,01070197,ARNOLD,JEFFERY,L,,273,CELADON ST SW, ,LUDOWICI,GA,31316,,PO BOX 818,,HINESVILLE,GA,31310-0081,A,A,,10/18/2017,10/18/2017,10/18/2017,IN PERSON,NO,NO,,NO,7,7,001,019,167,ATLC,00200,091010,00084,84,
LONG,01069854,RIDDLE,MICHAEL,,,218,HINELY RD NE, ,LUDOWICI,GA,31316-4948,218,HINELY RD NE,,LUDOWICI,GA,31316-4948,A,A,,10/18/2017,10/18/2017,10/18/2017,IN PERSON,NO,NO,,NO,,2,001,019,167,ATLC,00102,091010,00074,74,
LONG,03496681,PEACOCK,TINA,R,,1963,CECIL NOBLES HWY, ,LUDOWICI,GA,31316-2457,,PO BOX 839,,LUDOWICI,GA,31316-0083,A,A,,10/25/2017,10/25/2017,10/25/2017,IN PERSON,NO,NO,,NO,,7,001,019,167,ATLC,00113,091010,00177,181,
LONG,01021631,LONG,SHERRY,M,,159,MARTHA EASON RD NE, ,LUDOWICI,GA,31316,159,MARTHA EASON RD NE,,LUDOWICI,GA,31316,A,A,,10/16/2017,10/16/2017,10/16/2017,IN PERSON,NO,NO,,NO,,4,001,019,167,ATLC,00109,091010,00004,4,
LONG,08021894,THOMPSON,SHELBY,JORDAN,,9512,CECIL NOBLES HWY, ,LUDOWICI,GA,31316-2729,9512,CECIL NOBLES HWY,,LUDOWICI,GA,31316-2729,A,,,10/19/2017,10/23/2017,,MAILED,NO,NO,,NO,,6,001,019,167,ATLC,00113,,00002,160,
LONG,05354486,JACKSON,CATHY,H,,1422,SMITH BERRY RD NE, ,GLENNVILLE,GA,30427-8925,,PO BOX 51,,LUDOWICI,GA,31316-0005,A,A,,10/31/2017,10/31/2017,10/31/2017,IN PERSON,NO,NO,,NO,,1,001,019,167,ATLC,00101,091010,00225,229,
LONG,07665192,PHILLIPS,MEGAN,YVONNE,,195,GILL ST SW, ,LUDOWICI,GA,31316,,PO BOX 207,,LUDOWICI,GA,31316-0020,A,A,,11/02/2017,11/02/2017,11/02/2017,IN PERSON,NO,NO,,NO,7,7,001,019,167,ATLC,00200,091010,00246,251,
LONG,07451881,SANDERS,PETRA,,,248,PRINCE RD SE, ,LUDOWICI,GA,31316-7469,248,PRINCE RD SE,,LUDOWICI,GA,31316-7469,A,A,,10/27/2017,10/27/2017,10/27/2017,IN PERSON,NO,NO,,NO,,7,001,019,167,ATLC,00113,091010,00198,202,
LONG,05673560,LYNN,JANNA,,,3201,JONES CREEK LOOP NW, ,LUDOWICI,GA,31316-5308,3201,JONES CREEK LOOP NW,,LUDOWICI,GA,31316-5308,A,A,,10/30/2017,10/30/2017,10/30/2017,IN PERSON,NO,NO,,NO,,6,001,019,167,ATLC,00113,091010,00215,219,
LONG,01022839,MCGOWAN,RONALD,,JR,2357,OLD BARRINGTON RD , ,LUDOWICI,GA,31316-6133,2357,OLD BARRINGTON ,,LUDOWICI,GA,31316-6133,A,A,,10/19/2017,10/19/2017,10/19/2017,IN PERSON,NO,NO,,NO,,5,001,019,167,ATLC,00113,091010,00100,100,
LONG,08364187,HEATH,MAGHAN,VICTORIA,,99,POWERLINE RD NE, ,LUDOWICI,GA,31316-6406,,PO BOX 502,,LUDOWICI,GA,31316-0050,A,A,,10/18/2017,10/18/2017,10/18/2017,IN PERSON,NO,NO,,NO,,4,001,019,167,ATLC,00109,091010,00075,75,
LONG,01021577,HALL,KIMBERLY,G,,153,3RD ST NW, ,LUDOWICI,GA,31316-1403,,PO BOX 525,,LUDOWICI,GA,31316-0052,A,A,,10/23/2017,10/23/2017,10/23/2017,IN PERSON,NO,NO,,NO,7,7,001,019,167,ATLC,00209,091010,00140,140,
LONG,03402613,GASKIN,DWAYNE,S,,1452,STAFFORD DAIRY RD SE, ,LUDOWICI,GA,31316-6936,,PO BOX 604,,LUDOWICI,GA,31316-0060,A,A,,10/23/2017,10/23/2017,10/23/2017,IN PERSON,NO,NO,,NO,,5,001,019,167,ATLC,00113,091010,00143,143,
LONG,01021988,MIDDLETON,LARRY,,,2447,OLD BARRINGTON RD , ,LUDOWICI,GA,31316,2447,OLD BARRINGTON ,,LUDOWICI,GA,31316,A,A,,10/26/2017,10/26/2017,10/26/2017,IN PERSON,NO,NO,,NO,,5,001,019,167,ATLC,00113,091010,00181,185,
LONG,05171273,SMITH,ROBERT,HARRISON,III,2946,ELIM CHURCH RD NE, ,LUDOWICI,GA,31316,2946,ELIM CHURCH RD NE,,LUDOWICI,GA,31316-3532,A,A,,10/23/2017,10/23/2017,10/23/2017,IN PERSON,NO,NO,,NO,,4,001,019,167,ATLC,00109,091010,00145,145,
LONG,01021601,BROWN,DEAN,M,,279,S MACON ST, ,LUDOWICI,GA,31316-7512,,PO BOX 195,,LUDOWICI,GA,31316-0019,A,A,,10/16/2017,10/16/2017,10/16/2017,IN PERSON,NO,NO,,NO,7,7,001,019,167,ATLC,00202,091010,00035,35,
LONG,03557226,DUNCAN,DIANNIA,MARIE,,32,SMITH LN NE, ,LUDOWICI,GA,31316,32,SMITH LN NE,,LUDOWICI,GA,31316,A,A,,10/31/2017,10/31/2017,10/31/2017,IN PERSON,NO,NO,,NO,,4,001,019,167,ATLC,00109,091010,00221,225,
LONG,01022477,PARKER,WANDA,S,,209,SONNY BOY LN SE, ,LUDOWICI,GA,31316-6766,209,SONNY BOY LN SE,,LUDOWICI,GA,31316-6766,A,A,,10/27/2017,10/27/2017,10/27/2017,IN PERSON,NO,NO,,NO,,5,001,019,167,ATLC,00113,091010,00202,206,
LONG,03737985,REDDISH,CHRISTINA,G,,556,DUKES FIELD RD NE, ,LUDOWICI,GA,31316-3434,556,DUKES FIELD RD NE,,LUDOWICI,GA,31316-3434,A,A,,11/03/2017,11/03/2017,11/03/2017,IN PERSON,NO,NO,,NO,,2,001,019,167,ATLC,00102,091010,00269,274,
LONG,07564821,SIMMONS,RYAN,ANTHONY,,374,ARNOLD DR SE, ,LUDOWICI,GA,31316-1524,374,ARNOLD DR SE,,LUDOWICI,GA,31316-1524,A,A,,10/20/2017,10/20/2017,10/20/2017,IN PERSON,NO,NO,,NO,,5,001,019,167,ATLC,00113,091010,00120,120,
LONG,04484322,RYALS,DANA,MARIE,,156,MAGNOLIA ST SW, ,LUDOWICI,GA,31316,,PO BOX 421,,LUDOWICI,GA,31316-0042,A,A,,11/01/2017,11/01/2017,11/01/2017,IN PERSON,NO,NO,,NO,7,7,001,019,167,ATLC,00207,091010,00234,238,
LONG,05035746,SMILEY,JASON,,,679,EVERETT AVE NE, ,LUDOWICI,GA,31316-3740,679,EVERETT AVE NE,,LUDOWICI,GA,31316-3740,A,A,,10/31/2017,10/31/2017,10/31/2017,IN PERSON,NO,NO,,NO,,4,001,019,167,ATLC,00109,091010,00231,235,
LONG,01018737,MIDDLETON,CHRISTINA,L,,199,LEONARD HUGHES RD SW, ,LUDOWICI,GA,31316,,PO BOX 1008,,LUDOWICI,GA,31316-0100,A,A,,10/19/2017,10/19/2017,10/19/2017,IN PERSON,NO,NO,,NO,,5,001,019,167,ATLC,00113,091010,00097,97,
LONG,11330116,POPPELL,GARY,CHRISTOPHER,JR,206,VIRGINIA DR SE, ,LUDOWICI,GA,31316,206,VIRGINIA DR SE,,LUDOWICI,GA,31316-7553,A,A,,10/27/2017,10/27/2017,10/27/2017,IN PERSON,NO,NO,,NO,,5,001,019,167,ATLC,00113,091010,00201,205,
LONG,05442481,GASKIN,HERBERT,A,JR,8191,GA HIGHWAY 57, ,LUDOWICI,GA,31316-4441,,PO BOX 1113,,LUDOWICI,GA,31316-0111,A,A,,10/16/2017,10/16/2017,10/16/2017,IN PERSON,NO,NO,,NO,,5,001,019,167,ATLC,00113,091010,00017,17,
LONG,05297659,MCGUIRE,JAMES,E,,160,3RD ST NW, ,LUDOWICI,GA,31316-1402,,PO BOX 986,,LUDOWICI,GA,31316-0098,A,A,,10/17/2017,10/17/2017,10/17/2017,IN PERSON,NO,NO,,NO,7,7,001,019,167,ATLC,00209,091010,00056,56,
LONG,01077199,SIETS,WILLIAM,F,JR,1078,JAKE LUCAS RD NE, ,LUDOWICI,GA,31316-5144,1078,JAKE LUCAS RD NE,,LUDOWICI,GA,31316-5144,A,A,,10/25/2017,10/25/2017,10/25/2017,IN PERSON,NO,NO,,NO,,1,001,019,167,ATLC,00101,091010,00175,179,
LONG,05700274,POOLE,JOANNIE,,,144,BACON HOLLAND RD NE, ,LUDOWICI,GA,31316,144,BACON HOLLAND RD ,,LUDOWICI,GA,31316,A,A,,10/16/2017,10/16/2017,10/16/2017,IN PERSON,NO,NO,,NO,,6,001,019,167,ATLC,00113,091010,00003,3,
LONG,08954462,TERRELL,APRIL,LEIANNE,,1266,GEORGE SWINDELL RD NE, ,LUDOWICI,GA,31316-4606,1266,GEORGE SWINDELL RD ,,LUDOWICI,GA,31316-4606,A,A,,11/02/2017,11/02/2017,11/02/2017,IN PERSON,NO,NO,,NO,,6,001,019,167,ATLC,00113,091010,00247,252,
LONG,01021370,WATFORD,JANET,M,,99,POWERLINE RD NE, ,LUDOWICI,GA,31316-6406,99,POWERLINE RD NE,,LUDOWICI,GA,31316-6406,A,A,,11/01/2017,11/01/2017,11/01/2017,IN PERSON,NO,NO,,NO,,4,001,019,167,ATLC,00109,091010,00235,239,
LONG,08638859,NOBLES,KENNETH,JORDAN,,9521,CECIL NOBLES HWY, ,LUDOWICI,GA,31316-2730,9521,CECIL NOBLES HWY,,LUDOWICI,GA,31316-2730,A,,,10/19/2017,10/23/2017,,MAILED,NO,NO,,NO,,6,001,019,167,ATLC,00113,,00001,159,
LONG,01021869,GOLDEN,CURTIS,,,2139,PEARL DAVIS RD SE, ,LUDOWICI,GA,31316-6319,,PO BOX 383,,WALTHOURVILLE,GA,31333-0038,A,A,,10/25/2017,10/25/2017,10/25/2017,IN PERSON,NO,NO,,NO,,5,001,019,167,ATLC,00113,091010,00164,168,
LONG,04526310,DELOACH,CHARLIE,CLIFTON,,248,ARCHER RD NE, ,LUDOWICI,GA,31316,,PO BOX 1084,,LUDOWICI,GA,31316-0108,A,A,,10/19/2017,10/19/2017,10/19/2017,IN PERSON,NO,NO,,NO,,4,001,019,167,ATLC,00109,091010,00105,105,
LONG,04446697,SIZEMORE,KEVEN,ILENE,,261,PEARL DAVIS RD SE, ,LUDOWICI,GA,31316-6363,261,PEARL DAVIS RD SE,,LUDOWICI,GA,31316-6363,A,A,,10/17/2017,10/17/2017,10/17/2017,IN PERSON,NO,NO,,NO,,5,001,019,167,ATLC,00113,091010,00054,54,
LONG,01071283,MIDDLETON,JIMMY,C,,686,DEVEREAUX RD NE, ,HINESVILLE,GA,31313-8147,686,DEVEREAUX RD NE,,HINESVILLE,GA,31313-8147,A,A,,11/02/2017,11/02/2017,11/02/2017,IN PERSON,NO,NO,,NO,,4,001,019,167,ATLC,00109,091010,00250,255,
LONG,01021606,HOWARD,RAY,LANE,,57,OAK ST NW, ,LUDOWICI,GA,31316,57,OAK ST NW,,LUDOWICI,GA,31316,A,A,,10/18/2017,10/18/2017,10/18/2017,IN PERSON,NO,NO,,NO,7,7,001,019,167,ATLC,00209,091010,00069,69,
LONG,01020843,PARKER,J,E,JR,6083,CECIL NOBLES HWY, ,LUDOWICI,GA,31316-2619,6083,CECIL NOBLES HWY,,LUDOWICI,GA,31316-2619,A,A,,10/30/2017,10/30/2017,10/30/2017,IN PERSON,NO,NO,,NO,,2,001,019,167,ATLC,00102,091010,00212,216,
LONG,03745630,HOWARD,LAWTON,HAMILTON,,108,STAFFORD DAIRY RD SE, ,LUDOWICI,GA,31316-6930,108,STAFFORD DAIRY RD SE,,LUDOWICI,GA,31316-6930,A,A,,10/19/2017,10/19/2017,10/19/2017,IN PERSON,NO,NO,,NO,,5,001,019,167,ATLC,00113,091010,00099,99,
LONG,08358861,WILSON,CONNIE,S,,270,KEY HOWARD RD NW, ,LUDOWICI,GA,31316-7500,,PO BOX 202,,GLENNVILLE,GA,30427-0020,A,A,,10/31/2017,10/31/2017,10/31/2017,IN PERSON,NO,NO,,NO,,6,001,019,167,ATLC,00113,091010,00223,227,
LONG,01021531,FULLER,JAMES,F,JR,171,E CHURCH ST, ,LUDOWICI,GA,31316,,PO BOX 502,,LUDOWICI,GA,31316-0050,A,A,,10/18/2017,10/18/2017,10/18/2017,IN PERSON,NO,NO,,NO,7,7,001,019,167,ATLC,00200,091010,00071,71,
LONG,01021679,MOCK,NORMAN,A,,129,ROBERSON ST SW, ,LUDOWICI,GA,31316,,PO BOX 325,,LUDOWICI,GA,31316-0032,A,A,,11/01/2017,11/01/2017,11/01/2017,IN PERSON,NO,NO,,NO,7,7,001,019,167,ATLC,00207,091010,00241,246,
LONG,10858719,SYLVESTER,JON-ANTHONY,WHITFIELD,,2038,OLD MACON DARIEN RD SE, ,LUDOWICI,GA,31316,2038,OLD MACON DARIEN RD SE,,LUDOWICI,GA,31316-6138,A,A,,10/24/2017,10/24/2017,10/24/2017,IN PERSON,NO,NO,,NO,,7,001,019,167,ATLC,00113,091010,00148,148,
LONG,06824592,SIMMONS,RUSSELL,WILLIAM,,374,ARNOLD DR SE, ,LUDOWICI,GA,31316-1524,374,ARNOLD DR SE,,LUDOWICI,GA,31316-1524,A,A,,10/18/2017,10/18/2017,10/18/2017,IN PERSON,NO,NO,,NO,,5,001,019,167,ATLC,00113,091010,00094,94,
LONG,02301251,MIDDLETON,JUDY,L,,472,FIRE TOWER RD SE, ,LUDOWICI,GA,31316,472,FIRE TOWER RD SE,,LUDOWICI,GA,31316-3828,A,A,,10/18/2017,10/18/2017,10/18/2017,IN PERSON,NO,NO,,NO,,5,001,019,167,ATLC,00113,091010,00077,77,
LONG,05696507,HARVEY,MICHAEL,,,56,WAY ST SE, ,LUDOWICI,GA,31316,443,OLD MACON DARIEN RD,,LUDOWICI,GA,31316-0614,A,A,,10/20/2017,10/20/2017,10/20/2017,IN PERSON,NO,NO,,NO,7,7,001,019,167,ATLC,00200,091010,00123,123,
LONG,01022074,SIMMONS,WANDA,K,,374,ARNOLD DR SE, ,LUDOWICI,GA,31316-1524,374,ARNOLD DR SE,,LUDOWICI,GA,31316-1524,A,A,,10/26/2017,10/26/2017,10/26/2017,IN PERSON,NO,NO,,NO,,5,001,019,167,ATLC,00113,091010,00185,189,
LONG,01078053,HIGGASON,BILLY,RUSSELL,,140,SANDY RUN RD SE, ,ALLENHURST,GA,31301,140,SANDY RUN RD SE,,ALLENHURST,GA,31301,A,A,,10/30/2017,10/30/2017,10/30/2017,IN PERSON,NO,NO,,NO,,5,001,019,167,ATLC,00113,091010,00214,218,
LONG,07385544,MCGINN,AUSTIN,MICHAEL,,3117,TIBET HWY SE, ,LUDOWICI,GA,31316,3117,TIBET HWY SE,,LUDOWICI,GA,31316,A,A,,10/25/2017,10/25/2017,10/25/2017,IN PERSON,NO,NO,,NO,,5,001,019,167,ATLC,00113,091010,00170,174,
LONG,06829809,MCGOWAN,WHITNEY,J,,55,MANNING LANE SW, ,LUDOWICI,GA,31316,,PO BOX 675,,LUDOWICI,GA,31316-0067,A,A,,10/30/2017,10/30/2017,10/30/2017,IN PERSON,NO,NO,,NO,7,7,001,019,167,ATLC,00207,091010,00209,213,
LONG,01001783,ALLEN,JAMES,M,,441,BELL RD NE, ,LUDOWICI,GA,31316-1729,,PO BOX 766,,LUDOWICI,GA,31316-0076,A,A,,10/31/2017,10/31/2017,10/31/2017,IN PERSON,NO,NO,,NO,,2,001,019,167,ATLC,00102,091010,00224,228,
LONG,01022681,HOWARD,SHARMAN,M,,96,S RAILROAD ST, ,LUDOWICI,GA,31316,,PO BOX 904,,LUDOWICI,GA,31316-0090,A,A,,10/26/2017,10/26/2017,10/26/2017,IN PERSON,NO,NO,,NO,7,7,001,019,167,ATLC,00200,091010,00187,191,
LONG,01021484,DELOACH,CLIFTON,L,,282,ARCHER RD NE, ,LUDOWICI,GA,31316-1510,,PO BOX 453,,LUDOWICI,GA,31316-0045,A,A,,10/16/2017,10/16/2017,10/16/2017,IN PERSON,NO,NO,,NO,,4,001,019,167,ATLC,00109,091010,00020,20,
LONG,02301252,MIDDLETON,ROBERT,SHANE,,164,LEONARD HUGHES RD SW, ,LUDOWICI,GA,31316-5449,164,LEONARD HUGHES RD ,,LUDOWICI,GA,31316-5449,A,A,,10/18/2017,10/18/2017,10/18/2017,IN PERSON,NO,NO,,NO,,5,001,019,167,ATLC,00113,091010,00076,76,
LONG,01020629,DASHER,JEFFERY,F,,3213,JONES CREEK LOOP NW, ,LUDOWICI,GA,31316-5308,3213,JONES CREEK LOOP NW,,LUDOWICI,GA,31316-5308,A,A,,10/25/2017,10/25/2017,10/25/2017,IN PERSON,NO,NO,,NO,,6,001,019,167,ATLC,00113,091010,00171,175,
LONG,01020970,WELLS,HERMAN,TALMADGE,,149,GAME WARDEN RD SE, ,LUDOWICI,GA,31316-7623,149,GAME WARDEN RD SE,,LUDOWICI,GA,31316-7623,A,A,,11/03/2017,11/03/2017,11/03/2017,IN PERSON,NO,NO,,NO,,5,001,019,167,ATLC,00113,091010,00254,259,
LONG,07486695,SNELL,CERSHA,LARAE,,498,MILL POND RD SE, ,LUDOWICI,GA,31316,498,MILL POND RD SE,,LUDOWICI,GA,31316,A,A,,10/30/2017,10/30/2017,10/30/2017,IN PERSON,NO,NO,,NO,,3,001,019,167,ATLC,00105,091010,00220,224,
LONG,01021455,CHESSER,MARVIN,H,,108,HENDRIX ST NE, ,LUDOWICI,GA,31316,,PO BOX 183,,LUDOWICI,GA,31316-0018,A,A,,10/25/2017,10/25/2017,10/25/2017,IN PERSON,NO,NO,,NO,7,7,001,019,167,ATLC,00202,091010,00166,170,
LONG,01021488,DELOACH,LINDA,S,,282,ARCHER RD NE, ,LUDOWICI,GA,31316-1510,,PO BOX 453,,LUDOWICI,GA,31316-0045,A,A,,10/16/2017,10/16/2017,10/16/2017,IN PERSON,NO,NO,,NO,,4,001,019,167,ATLC,00109,091010,00025,25,
LONG,10563300,JOHNSON,DAVID,HAROLD,,164,CEASAR AVE SE, ,LUDOWICI,GA,31316,,P.O BOX 905,,LUDOWICI,GA,31316,A,A,,10/17/2017,10/17/2017,10/17/2017,IN PERSON,NO,NO,,NO,3,3,001,019,167,ATLC,00204,091010,00051,51,
LONG,08949267,WILLIAMS,LAURA,DENISE,,180,W CHURCH ST, ,LUDOWICI,GA,31316,180,W CHURCH ST,,LUDOWICI,GA,31316,A,A,,10/17/2017,10/17/2017,10/17/2017,IN PERSON,NO,NO,,NO,7,7,001,019,167,ATLC,00209,091010,00061,61,
LONG,10338365,THOMPSON,HUNTER,PATRICK,,9512,CECIL NOBLES HWY, ,LUDOWICI,GA,31316,9512,CECIL NOBLES HWY,,LUDOWICI,GA,31316,A,,,10/19/2017,10/23/2017,,MAILED,NO,NO,,NO,,6,001,019,167,ATLC,00113,,00003,161,
LONG,01021521,FOWLER,REBECCA,S,,1134,TORI CIR SE, ,LUDOWICI,GA,31316,,PO BOX 11,,LUDOWICI,GA,31316-0001,A,A,,10/16/2017,10/16/2017,10/16/2017,IN PERSON,NO,NO,,NO,,5,001,019,167,ATLC,00113,091010,00032,32,
LONG,07351897,PARKER,JENNA,,,150,SONNY BOY LN SE, ,LUDOWICI,GA,31316-6770,150,SONNY BOY LN SE,,LUDOWICI,GA,31316-6770,A,A,,10/17/2017,10/17/2017,10/17/2017,IN PERSON,NO,NO,,NO,,5,001,019,167,ATLC,00113,091010,00057,57,
LONG,07407138,FREEMAN,DARVON,EARL,JR,9981,GA HIGHWAY 57, ,LUDOWICI,GA,31316,,PO BOX 552,,LUDOWICI,GA,31316-0055,A,A,,10/16/2017,10/16/2017,10/16/2017,IN PERSON,NO,NO,,NO,,5,001,019,167,ATLC,00113,091010,00012,12,
LONG,04429962,MIXON,JAN,GORDON,,4422,GA HIGHWAY 57, ,LUDOWICI,GA,31316-4328,,PO BOX 1121,,LUDOWICI,GA,31316-0112,A,A,,10/17/2017,10/17/2017,10/17/2017,IN PERSON,NO,NO,,NO,,5,001,019,167,ATLC,00113,091010,00059,59,
LONG,01021702,MCCLELLAND,CYNTHIA,C,,380,S MAIN ST, ,LUDOWICI,GA,31316,,PO BOX 85,,LUDOWICI,GA,31316-0008,A,A,,10/18/2017,10/18/2017,10/18/2017,IN PERSON,NO,NO,,NO,7,7,001,019,167,ATLC,00207,091010,00073,73,
LONG,01022033,THEUS,WENDELL,A,,2553,CECIL NOBLES HWY, ,LUDOWICI,GA,31316-2509,2553,CECIL NOBLES HWY,,LUDOWICI,GA,31316-2509,A,A,,10/31/2017,10/31/2017,10/31/2017,IN PERSON,NO,NO,,NO,,7,001,019,167,ATLC,00113,091010,00228,232,
LONG,01073654,DILLER,DOUGLAS,LEE,,35,SWINDELL ST SE, ,LUDOWICI,GA,31316,35,SWINDELL ST SE,,LUDOWICI,GA,31316,A,A,,10/19/2017,10/19/2017,10/19/2017,IN PERSON,NO,NO,,NO,,7,001,019,167,ATLC,00113,091010,00103,103,
LONG,01021972,MAULDEN,KATHY,J,,317,OLD MACON DARIEN RD SE, ,LUDOWICI,GA,31316-6147,317,OLD MACON DARIEN RD SE,,LUDOWICI,GA,31316-6147,A,A,,10/16/2017,10/16/2017,10/16/2017,IN PERSON,NO,NO,,NO,,7,001,019,167,ATLC,00113,091010,00024,24,
LONG,01035860,DAWSON,SHERRY,I,,542,SHELTON I DELOACH RD NE, ,GLENNVILLE,GA,30427,542,SHELTON I DELOACH RD ,,GLENNVILLE,GA,30427,A,A,,11/02/2017,11/02/2017,11/02/2017,IN PERSON,NO,NO,,NO,,1,001,019,167,ATLC,00101,091010,00245,250,
LONG,01021591,HENDRIX,GEORGE,W,JR,537,E CYPRESS ST, ,LUDOWICI,GA,31316-3123,,PO BOX 323,,LUDOWICI,GA,31316-0032,A,A,,10/17/2017,10/17/2017,10/17/2017,IN PERSON,NO,NO,,NO,7,7,001,019,167,ATLC,00202,091010,00049,49,
LONG,10751450,BENNETT,STEPHANIE,JOYCE,,308,MILL POND LN SE, ,LUDOWICI,GA,31316,308,MILL POND LN SE,,LUDOWICI,GA,31316,A,A,,10/17/2017,10/17/2017,10/17/2017,IN PERSON,NO,NO,,NO,,3,001,019,167,ATLC,00105,091010,00058,58,
LONG,01021651,MASON,REGINALD,E,,60,N MCDONALD ST, ,LUDOWICI,GA,31316-5711,,PO BOX 196,,LUDOWICI,GA,31316-0019,A,A,,10/27/2017,10/27/2017,10/27/2017,IN PERSON,NO,NO,,NO,7,7,001,019,167,ATLC,00209,091010,00197,201,
LONG,03312257,LYNN,BOBBY,P,,3201,JONES CREEK LOOP NW, ,LUDOWICI,GA,31316-5308,3201,JONES CREEK LOOP NW,,LUDOWICI,GA,31316-5308,A,A,,11/01/2017,11/01/2017,11/01/2017,IN PERSON,NO,NO,,NO,,6,001,019,167,ATLC,00113,091010,00237,242,
LONG,01022072,SIMMONS,RANDALL,E,,374,ARNOLD DR SE, ,LUDOWICI,GA,31316-1524,374,ARNOLD DR SE,,LUDOWICI,GA,31316-1524,A,A,,10/26/2017,10/26/2017,10/26/2017,IN PERSON,NO,NO,,NO,,5,001,019,167,ATLC,00113,091010,00183,187,
LONG,01021585,HARTER,DREW,C,,126,LIBERTY ST SE, ,LUDOWICI,GA,31316,,PO BOX 1024,,LUDOWICI,GA,31316-0102,A,A,,11/03/2017,11/03/2017,11/03/2017,IN PERSON,NO,NO,,NO,7,7,001,019,167,ATLC,00200,091010,00261,266,
LONG,01022152,HORNE,VANESSA,L,,1881,STAFFORD DAIRY RD SE, ,LUDOWICI,GA,31316-6941,,PO BOX 772,,LUDOWICI,GA,31316-0077,A,A,,11/03/2017,11/03/2017,11/03/2017,IN PERSON,NO,NO,,NO,,5,001,019,167,ATLC,00113,091010,00267,272,
LONG,06284561,LINSON,JAMES,ANDREW,,460,DENA CIR NE, ,LUDOWICI,GA,31316,460,DENA CIR NE,,LUDOWICI,GA,31316,A,A,,10/25/2017,10/25/2017,10/25/2017,IN PERSON,NO,NO,,NO,,2,001,019,167,ATLC,00102,091010,00163,167,
LONG,06205835,RUNYON,JOSHUA,WAYNE,,1659,TIBET HWY SE, ,LUDOWICI,GA,31316-7119,,PO BOX 85,,ALLENHURST,GA,31301-0008,A,A,,10/25/2017,10/25/2017,10/25/2017,IN PERSON,NO,NO,,NO,,5,001,019,167,ATLC,00113,091010,00178,182,
LONG,07387449,PIPKIN,BRITTANEY,,,1337,TORI CIR SE, ,LUDOWICI,GA,31316,,PO BOX 11,,LUDOWICI,GA,31316-0001,A,A,,10/17/2017,10/17/2017,10/17/2017,IN PERSON,NO,NO,,NO,,5,001,019,167,ATLC,00113,091010,00067,67,
LONG,11492278,PARKER,DAVID,MILLER,,107,BOBO LN SE, ,LUDOWICI,GA,31316,,PO BOX 336,,LUDOWICI,GA,31316,A,A,,10/20/2017,10/20/2017,10/20/2017,IN PERSON,NO,NO,,NO,,5,001,019,167,ATLC,00113,091010,00131,131,
LONG,01022634,SIMMONS,PATRICIA,LYNN,,64,NANCE FIELD CIR SE, ,LUDOWICI,GA,31316,,PO BOX 293,,LUDOWICI,GA,31316,A,A,,10/20/2017,10/20/2017,10/20/2017,IN PERSON,NO,NO,,NO,,5,001,019,167,ATLC,00113,091010,00134,134,
LONG,06835522,GOODWIN,HARVEY,L,,778,MORGAN LAKE RD SW, ,LUDOWICI,GA,31316,,PO BOX 234,,LUDOWICI,GA,31316-0023,A,A,,10/16/2017,10/16/2017,10/16/2017,IN PERSON,NO,NO,,NO,,7,001,019,167,ATLC,00113,091010,00009,9,
LONG,06074308,KRUMNOW,SASCHA,ANDRE,,1513,OLD MACON DARIEN RD SE, ,LUDOWICI,GA,31316-6155,1513,OLD MACON DARIEN RD SE,,LUDOWICI,GA,31316-6155,A,A,,10/30/2017,10/30/2017,10/30/2017,IN PERSON,NO,NO,,NO,,7,001,019,167,ATLC,00113,091010,00207,211,
LONG,01023026,WINGATE,BRENDA,J,,119,MOODY RD NW, ,LUDOWICI,GA,31316-5857,,PO BOX 1,,LUDOWICI,GA,31316,A,A,,10/19/2017,10/19/2017,10/19/2017,IN PERSON,NO,NO,,NO,,6,001,019,167,ATLC,00113,091010,00102,102,
LONG,01022947,PITTS,JACOB,L,,133,JAMES BARRETT RD NE, ,LUDOWICI,GA,31316-5159,133,JAMES BARRETT RD ,,LUDOWICI,GA,31316-5159,A,A,,10/30/2017,10/30/2017,10/30/2017,IN PERSON,NO,NO,,NO,,2,001,019,167,ATLC,00102,091010,00218,222,
LONG,05402429,POPPELL,ELTON,ROBERT,,151,BUTTER DAVIS RD SE, ,LUDOWICI,GA,31316-2245,151,BUTTER DAVIS RD SE,,LUDOWICI,GA,31316-2245,A,A,,10/18/2017,10/18/2017,10/18/2017,IN PERSON,NO,NO,,NO,,5,001,019,167,ATLC,00113,091010,00068,68,
LONG,01022949,BEECHER,SHAWNA,R,,1737,PEARL DAVIS RD SE, ,LUDOWICI,GA,31316-6311,1737,PEARL DAVIS RD SE,,LUDOWICI,GA,31316-6311,A,A,,10/16/2017,10/16/2017,10/16/2017,IN PERSON,NO,NO,,NO,,5,001,019,167,ATLC,00113,091010,00042,42,
LONG,04788416,DAVIS,SYLVIA,KATHLEEN,,72,LEE ST SE,UNIT 7A,LUDOWICI,GA,31316,,PO BOX 834,,LUDOWICI,GA,31316-0083,A,A,,10/18/2017,10/18/2017,10/18/2017,IN PERSON,NO,NO,,NO,7,7,001,019,167,ATLC,00200,091010,00081,81,
LONG,00113697,DOZIER,CHRIS,P,,796,STAFFORD DAIRY RD SE, ,LUDOWICI,GA,31316-6920,,PO BOX 882,,LUDOWICI,GA,31316-0088,A,A,,10/17/2017,10/17/2017,10/17/2017,IN PERSON,NO,NO,,NO,,5,001,019,167,ATLC,00113,091010,00055,55,
LONG,05995535,WALKER,CHRISTY,HORNE,,2133,STAFFORD DAIRY RD SE, ,LUDOWICI,GA,31316-6943,,PO BOX 223,,LUDOWICI,GA,31316-0022,A,A,,10/19/2017,10/19/2017,10/19/2017,IN PERSON,NO,NO,,NO,,5,001,019,167,ATLC,00113,091010,00108,108,
LONG,08441521,PARKER,LOREN,ELIZABETH,,63,MILL POND RD SE, ,LUDOWICI,GA,31316,,PO BOX 556,,LUDOWICI,GA,31316-0055,A,A,,11/01/2017,11/01/2017,11/01/2017,IN PERSON,NO,NO,,NO,,7,001,019,167,ATLC,00113,091010,00238,243,
LONG,02300216,WINGATE,CHRISTY,RUNYON,,1285,HENRY WALCOTT RD NW, ,LUDOWICI,GA,31316,,P.O. BOX 973,,LUDOWICI,GA,31316,A,A,,10/19/2017,10/19/2017,10/19/2017,IN PERSON,NO,NO,,NO,,2,001,019,167,ATLC,00102,091010,00104,104,
LONG,01021551,GORDON,EARL,D,JR,385,EARL D GORDON LN SE, ,LUDOWICI,GA,31316-4565,385,EARL D GORDON LN SE,,LUDOWICI,GA,31316-4565,A,A,,10/16/2017,10/16/2017,10/16/2017,IN PERSON,NO,NO,,NO,,5,001,019,167,ATLC,00113,091010,00019,19,
LONG,08240726,FREEMAN,KELSEY,ROGERS,,9981,GA HIGHWAY 57, ,LUDOWICI,GA,31316,,PO BOX 248,,WALTHOURVILLE,GA,31333-0024,A,A,,10/27/2017,10/27/2017,10/27/2017,IN PERSON,NO,NO,,NO,,5,001,019,167,ATLC,00113,091010,00192,196,
LONG,08427049,FOWLER,KIMBERLYN,SAPP,,611,S MACON ST, ,LUDOWICI,GA,31316,,P.O BOX 302,,LUDOWICI,GA,31316,A,A,,10/18/2017,10/18/2017,10/18/2017,IN PERSON,NO,NO,,NO,7,7,001,019,167,ATLC,00205,091010,00093,93,
LONG,11206173,GUEST,MALLORIE,ABAGAIL,,282,ARCHER RD NE, ,LUDOWICI,GA,31316,282,ARCHER RD NE,,LUDOWICI,GA,31316-1510,A,A,,10/16/2017,10/16/2017,10/16/2017,IN PERSON,NO,NO,,NO,,4,001,019,167,ATLC,00109,091010,00026,26,
LONG,01020571,ADAMS,WOODROW,M,,3279,JOHN WELLS RD NE, ,HINESVILLE,GA,31313-0057,3279,JOHN WELLS RD NE,,HINESVILLE,GA,31313-0057,A,A,,10/20/2017,10/20/2017,10/20/2017,IN PERSON,NO,NO,,NO,,1,001,019,167,ATLC,00101,091010,00116,116,
LONG,07593767,COSENZA,JOHN,RALPH,JR,19,PINKSTON PLACE RD NW, ,LUDOWICI,GA,31316,,PO BOX 934,,LUDOWICI,GA,31316-0093,A,A,,10/31/2017,10/31/2017,10/31/2017,IN PERSON,NO,NO,,NO,7,7,001,019,167,ATLC,00209,091010,00230,234,
LONG,10214564,TENNEY,BRADFORD,PAUL,,199,HOFFER LN SE, ,LUDOWICI,GA,31316,199,HOFFER LANE,,LUDOWICI,GA,31316-0000,A,A,,10/20/2017,10/20/2017,10/20/2017,IN PERSON,NO,NO,,NO,,5,001,019,167,ATLC,00113,091010,00118,118,
LONG,06463077,FLOWERS,AMBER,J,,120,WAY ST SE, ,LUDOWICI,GA,31316,,PO BOX 997,,LUDOWICI,GA,31316,A,A,,10/16/2017,10/16/2017,10/16/2017,IN PERSON,NO,NO,,NO,7,7,001,019,167,ATLC,00200,091010,00037,37,
LONG,01021684,MOORE,STEVEN,D,,70,MOODY BRIDGE RD NE, ,LUDOWICI,GA,31316-5908,,PO BOX 871,,LUDOWICI,GA,31316-0087,A,A,,10/16/2017,10/16/2017,10/16/2017,IN PERSON,NO,NO,,NO,,2,001,019,167,ATLC,00102,091010,00038,38,
LONG,01022035,PARKER,WALTER,D,,209,SONNY BOY LN SE, ,LUDOWICI,GA,31316,209,SONNY BOY LN SE,,LUDOWICI,GA,31316,A,A,,10/23/2017,10/23/2017,10/23/2017,IN PERSON,NO,NO,,NO,,5,001,019,167,ATLC,00113,091010,00147,147,
LONG,05482662,GASKIN,CASEY,LEIGH,,8191,GA HIGHWAY 57, ,LUDOWICI,GA,31316,8191,GA HIGHWAY 57,,LUDOWICI,GA,31316,A,A,,10/16/2017,10/16/2017,10/16/2017,IN PERSON,NO,NO,,NO,,5,001,019,167,ATLC,00113,091010,00040,40,
LONG,01022008,SKIPPER,TINA,BEECHER,,1807,PEARL DAVIS RD SE, ,LUDOWICI,GA,31316-6313,1843,PEARL DAVIS RD,,LUDOWICI,GA,31316-0631,A,A,,10/16/2017,10/16/2017,10/16/2017,IN PERSON,NO,NO,,NO,,5,001,019,167,ATLC,00113,091010,00036,36,
LONG,01020738,JOHNSON,BEVERLY,A,,250,SANDO LN NE, ,LUDOWICI,GA,31316-6708,,PO BOX 665,,LUDOWICI,GA,31316-0066,A,A,,10/20/2017,10/20/2017,10/20/2017,IN PERSON,NO,NO,,NO,,2,001,019,167,ATLC,00102,091010,00121,121,
LONG,01022627,DEEN,LESLIE,L,,725,STAFFORD DAIRY RD SE, ,LUDOWICI,GA,31316-6921,,PO BOX 812,,LUDOWICI,GA,31316-0081,A,A,,10/25/2017,10/25/2017,10/25/2017,IN PERSON,NO,NO,,NO,,5,001,019,167,ATLC,00113,091010,00167,171,
LONG,05959083,HERNANDEZ,STEPHANY,,,189,TOVAR RD NE, ,GLENNVILLE,GA,30427,189,TOVAR RD NE,,GLENNVILLE,GA,30427,A,A,,10/20/2017,10/20/2017,10/20/2017,IN PERSON,NO,NO,,NO,,1,001,019,167,ATLC,00101,091010,00130,130,
LONG,01073627,ADAMS,CARLOS,E,JR,2537,PALMER RD NE, ,LUDOWICI,GA,31316-6241,2537,PALMER RD NE,,LUDOWICI,GA,31316-6241,A,A,,10/16/2017,10/16/2017,10/16/2017,IN PERSON,NO,NO,,NO,,2,001,019,167,ATLC,00102,091010,00028,28,
LONG,07486803,MARSHBURN,SHERRY,,,448,MILL POND RD SE, ,LUDOWICI,GA,31316-5748,448,MILL POND RD SE,,LUDOWICI,GA,31316-5748,A,A,,11/03/2017,11/03/2017,11/03/2017,IN PERSON,NO,NO,,NO,,3,001,019,167,ATLC,00105,091010,00256,261,
LONG,10074869,KLINGENSMITH,BETH,SHARON,,75,PRINCE RD SE, ,LUDOWICI,GA,31316,75,PRINCE RD SE,,LUDOWICI,GA,31316-7471,A,A,,10/16/2017,10/16/2017,10/16/2017,IN PERSON,NO,NO,,NO,,7,001,019,167,ATLC,00113,091010,00014,14,
LONG,01020988,YEOMANS,DALE,R,,292,MOODY RD NW, ,LUDOWICI,GA,31316-5858,292,MOODY RD NW,,LUDOWICI,GA,31316-5858,A,A,,10/27/2017,10/27/2017,10/27/2017,IN PERSON,NO,NO,,NO,,6,001,019,167,ATLC,00113,091010,00190,194,
LONG,01021530,FULLER,JAMES,F,SR,67,WAY ST SE, ,LUDOWICI,GA,31316,,PO BOX 456,,LUDOWICI,GA,31316-0045,A,A,,10/18/2017,10/18/2017,10/18/2017,IN PERSON,NO,NO,,NO,7,7,001,019,167,ATLC,00200,091010,00070,70,
LONG,01022964,MCGOWAN,TRACI,ALEXIS,,135,S MACON ST, ,LUDOWICI,GA,31316-7510,,PO BOX 702,,LUDOWICI,GA,31316-0070,A,A,,10/23/2017,10/23/2017,10/23/2017,IN PERSON,NO,NO,,NO,7,7,001,019,167,ATLC,00202,091010,00141,141,
LONG,01021725,PARKER,JACQUELINE,,,116,S RAILROAD ST, ,LUDOWICI,GA,31316,,112,,LUDOWICI,GA,31316,A,A,,10/18/2017,10/18/2017,10/18/2017,IN PERSON,NO,NO,,NO,7,7,001,019,167,ATLC,00200,091010,00085,85,
LONG,05919480,ROBERTSON,PAUL,,,1806,CECIL NOBLES HWY, ,LUDOWICI,GA,31316-2454,1806,CECIL NOBLES HWY,,LUDOWICI,GA,31316-2454,A,A,,10/31/2017,10/31/2017,10/31/2017,IN PERSON,NO,NO,,NO,,2,001,019,167,ATLC,00102,091010,00229,233,
LONG,01022604,MCCALL,CHARLES,M,,216,3RD ST NW, ,LUDOWICI,GA,31316-1404,,PO BOX 1145,,LUDOWICI,GA,31316-0114,A,A,,10/20/2017,10/20/2017,10/20/2017,IN PERSON,NO,NO,,NO,7,7,001,019,167,ATLC,00209,091010,00110,110,
LONG,08634884,JACKSON,ESSIE,M,,101,NEIL ST NE, ,LUDOWICI,GA,31316-6055,101,NEIL ST NE,,LUDOWICI,GA,31316-6055,A,A,,10/30/2017,10/30/2017,10/30/2017,IN PERSON,NO,NO,,NO,,4,001,019,167,ATLC,00109,091010,00206,210,
LONG,01021515,HINSON,JEAN,FULLER,,135,MCQUEEN ST SW, ,LUDOWICI,GA,31316,,PO BOX 997,,LUDOWICI,GA,31316,A,A,,10/18/2017,10/18/2017,10/18/2017,IN PERSON,NO,NO,,NO,7,7,001,019,167,ATLC,00200,091010,00080,80,
LONG,01020583,BAXTER,BETTY,F,,1777,DARWEL LONG RD NE, ,LUDOWICI,GA,31316-3215,1777,DARWEL LONG RD NE,,LUDOWICI,GA,31316-3215,A,A,,10/24/2017,10/24/2017,10/24/2017,IN PERSON,NO,NO,,NO,,2,001,019,167,ATLC,00102,091010,00151,151,
LONG,10329378,BRIGGS,MICHAEL,,,358,MAPLE RD NE, ,LUDOWICI,GA,31316,358,MAPLE RD NE,,LUDOWICI,GA,31316,A,A,,11/02/2017,11/02/2017,11/02/2017,IN PERSON,NO,NO,,NO,,4,001,019,167,ATLC,00109,091010,00242,247,
LONG,10214563,TENNEY,SUZANNE,MARIE,,199,HOFFER LN SE, ,LUDOWICI,GA,31316,199,HOFFER LANE,,LUDOWICI,GA,31316-0000,A,A,,10/20/2017,10/20/2017,10/20/2017,IN PERSON,NO,NO,,NO,,5,001,019,167,ATLC,00113,091010,00117,117,
LONG,05209011,MARSHBURN,DENNIE,RAY,,448,MILL POND RD SE, ,LUDOWICI,GA,31316-5748,448,MILL POND RD SE,,LUDOWICI,GA,31316-5748,A,A,,10/30/2017,10/30/2017,10/30/2017,IN PERSON,NO,NO,,NO,,3,001,019,167,ATLC,00105,091010,00217,221,
LONG,01021319,SMITH,BARRY,D,,18,4TH ST NW, ,LUDOWICI,GA,31316,,PO BOX 636,,LUDOWICI,GA,31316-0089,A,A,,10/27/2017,10/27/2017,10/27/2017,IN PERSON,NO,NO,,NO,7,7,001,019,167,ATLC,00209,091010,00195,199,
LONG,11333469,BERRY,ALTON,GORDON,,118,CURTIS BERRY EXT NE, ,GLENNVILLE,GA,30427,118,CURTIS BERRY EXT NE,,GLENNVILLE,GA,30427-8565,A,A,,10/25/2017,10/25/2017,10/25/2017,IN PERSON,NO,NO,,NO,,1,001,019,167,ATLC,00101,091010,00173,177,
LONG,01021678,MOCK,KELLI,M,,129,ROBERSON ST SW, ,LUDOWICI,GA,31316,,PO BOX 325,,LUDOWICI,GA,31316-0032,A,A,,10/16/2017,10/16/2017,10/16/2017,IN PERSON,NO,NO,,NO,7,7,001,019,167,ATLC,00207,091010,00007,7,
LONG,01021896,MORRIS,DORA,A,,443,OLD MACON DARIEN RD SE, ,LUDOWICI,GA,31316-6149,443,OLD MACON DARIEN RD SE,,LUDOWICI,GA,31316-6149,A,A,,10/16/2017,10/16/2017,10/16/2017,IN PERSON,NO,NO,,NO,,7,001,019,167,ATLC,00113,091010,00031,31,
LONG,07042224,SMITH,WESLEY,HYMIE,,129,UNION ST SE, ,LUDOWICI,GA,31316,129,UNION ST SE,,LUDOWICI,GA,31316,A,A,,10/20/2017,10/20/2017,10/20/2017,IN PERSON,NO,NO,,NO,7,7,001,019,167,ATLC,00200,091010,00125,125,
LONG,07483301,WALKER,ERICA,LYNETTE,,56,UNION ST SE, ,LUDOWICI,GA,31316,56,UNION ST SE,,LUDOWICI,GA,31316-6099,A,A,,10/16/2017,10/16/2017,10/16/2017,IN PERSON,NO,NO,,NO,7,7,001,019,167,ATLC,00205,091010,00006,6,
LONG,08430493,BRENINGSTALL,PHILLIP,L,,1240,JAKE LUCAS RD NE, ,LUDOWICI,GA,31316,1240,JAKE LUCAS RD NE,,LUDOWICI,GA,31316,A,A,,10/20/2017,10/20/2017,10/20/2017,IN PERSON,NO,NO,,NO,,1,001,019,167,ATLC,00101,091010,00128,128,
LONG,06498969,POOLE,JASON,LEONARD,,144,BACON HOLLAND RD NE, ,LUDOWICI,GA,31316,144,BACON HOLLAND RD ,,LUDOWICI,GA,31316,A,A,,10/16/2017,10/16/2017,10/16/2017,IN PERSON,NO,NO,,NO,,6,001,019,167,ATLC,00113,091010,00039,39,
LONG,06098113,DENNIS,JEFFREY,,,1564,TIBET HWY SE, ,LUDOWICI,GA,31316-7116,1564,TIBET HWY SE,,LUDOWICI,GA,31316-7116,A,A,,11/03/2017,11/03/2017,11/03/2017,IN PERSON,NO,NO,,NO,,5,001,019,167,ATLC,00113,091010,00252,257,
LONG,05121516,ETHERIDGE,FRANKLIN,THEO,,103,THORNBUSH CT NE, ,LUDOWICI,GA,31316,103,THORNBUSH CT NE,,LUDOWICI,GA,31316,A,A,,10/16/2017,10/16/2017,10/16/2017,IN PERSON,NO,NO,,NO,,2,001,019,167,ATLC,00102,091010,00135,135,
LONG,10206898,CLONINGER,HEATHER,FRANKIE,,657,S MACON ST, ,LUDOWICI,GA,31316,,1097,,LUDOWICI,GA,31316,A,A,,10/20/2017,10/20/2017,10/20/2017,IN PERSON,NO,NO,,NO,7,7,001,019,167,ATLC,00205,091010,00115,115,
LONG,04968184,HOPKINS,MILDRED,STRICKLAND,,254,DAVENPORT DR NE, ,LUDOWICI,GA,31316,254,DAVENPORT DR NE,,LUDOWICI,GA,31316,A,A,,11/03/2017,11/03/2017,11/03/2017,IN PERSON,NO,NO,,NO,,2,001,019,167,ATLC,00102,091010,00262,267,
LONG,01021975,MAULDEN,THOMAS,V,,317,OLD MACON DARIEN RD SE, ,LUDOWICI,GA,31316-6147,317,OLD MACON DARIEN RD SE,,LUDOWICI,GA,31316-6147,A,A,,10/16/2017,10/16/2017,10/16/2017,IN PERSON,NO,NO,,NO,,7,001,019,167,ATLC,00113,091010,00023,23,
LONG,02295869,HOWARD,BRENDA,B,,57,OAK ST NW, ,LUDOWICI,GA,31316,57,OAK ST NW,,LUDOWICI,GA,31316,A,A,,10/23/2017,10/23/2017,10/23/2017,IN PERSON,NO,NO,,NO,7,7,001,019,167,ATLC,00209,091010,00138,138,
LONG,03517469,SAPP,JOHN,GARY,,987,HENRY WALCOTT RD NW, ,LUDOWICI,GA,31316,,PO BOX 581,,LUDOWICI,GA,31316-0058,A,A,,10/16/2017,10/16/2017,10/16/2017,IN PERSON,NO,NO,,NO,,2,001,019,167,ATLC,00102,091010,00010,10,
LONG,07142651,CODY,ANTHONY,,,657,S MACON ST, ,LUDOWICI,GA,31316-7520,,PO BOX 1097,,LUDOWICI,GA,31316-0109,A,A,,10/20/2017,10/20/2017,10/20/2017,IN PERSON,NO,NO,,NO,7,7,001,019,167,ATLC,00205,091010,00112,112,
LONG,01022068,SIMMONS,LILLIAN,G,,22,ARNOLD DR SE, ,LUDOWICI,GA,31316-1519,,PO BOX 851,,LUDOWICI,GA,31316-0085,A,A,,10/20/2017,10/20/2017,10/20/2017,IN PERSON,NO,NO,,NO,,3,001,019,167,ATLC,00105,091010,00132,132,
LONG,03640145,MIDDLETON,TERRI,L,,73,COUNTRY LN NE, ,LUDOWICI,GA,31316,,PO BOX 988,,LUDOWICI,GA,31316-0098,A,A,,11/02/2017,11/02/2017,11/02/2017,IN PERSON,NO,NO,,NO,,2,001,019,167,ATLC,00102,091010,00251,256,
LONG,01070704,EUNICE,GEORGE,B,III,112,NETTLES BR SE, ,ALLENHURST,GA,31301-5624,112,NETTLES BR SE,,ALLENHURST,GA,31301-5624,A,A,,11/02/2017,11/02/2017,11/02/2017,IN PERSON,NO,NO,,NO,,5,001,019,167,ATLC,00113,091010,00249,254,
LONG,10950493,ALLEN,CARLENE,,,968,ELIM CHURCH RD NE, ,LUDOWICI,GA,31316,968,ELIM CHURCH RD NE,,LUDOWICI,GA,31316-3454,A,A,,10/20/2017,10/20/2017,10/20/2017,IN PERSON,NO,NO,,NO,,4,001,019,167,ATLC,00109,091010,00122,122,
LONG,01021459,COMBS,DONALD,C,SR,198,4TH ST NW, ,LUDOWICI,GA,31316-9200,198,4TH ST NW,,LUDOWICI,GA,31316-9200,A,A,,10/20/2017,10/20/2017,10/20/2017,IN PERSON,NO,NO,,NO,7,7,001,019,167,ATLC,00209,091010,00119,119,
LONG,05949757,MURPHY,KIMBERLY,A,,238,LEVY A RAY RD NE, ,LUDOWICI,GA,31316-5501,238,LEVY A RAY RD NE,,LUDOWICI,GA,31316-5501,A,A,,10/19/2017,10/19/2017,10/19/2017,IN PERSON,NO,NO,,NO,,2,001,019,167,ATLC,00102,091010,00098,98,
LONG,01075948,LEWIS,LORI,RENEE,,663,S MACON ST, ,LUDOWICI,GA,31316-7520,,PO BOX 1097,,LUDOWICI,GA,31316-0109,A,A,,10/20/2017,10/20/2017,10/20/2017,IN PERSON,NO,NO,,NO,7,7,001,019,167,ATLC,00205,091010,00113,113,
LONG,06026080,SANDS,LELAND,W,JR,80,PLANTATION RD NE, ,GLENNVILLE,GA,30427-8870,80,PLANTATION RD NE,,GLENNVILLE,GA,30427-8870,A,A,,10/20/2017,10/20/2017,10/20/2017,IN PERSON,NO,NO,,NO,,1,001,019,167,ATLC,00101,091010,00129,129,
LONG,10544343,SIMMONS,KALEIGH,ANN,,374,ARNOLD DR SE, ,LUDOWICI,GA,31316,374,ARNOLD DR SE,,LUDOWICI,GA,31316,A,A,,10/18/2017,10/18/2017,10/18/2017,IN PERSON,NO,NO,,NO,,5,001,019,167,ATLC,00113,091010,00095,95,
LONG,03870677,STEVENS,RONALD,J,,131,STEVENS LN SW, ,LUDOWICI,GA,31316,,PO BOX 406,,LUDOWICI,GA,31316-0040,A,A,,10/24/2017,10/24/2017,10/24/2017,IN PERSON,NO,NO,,NO,7,7,001,019,167,ATLC,00207,091010,00153,153,
LONG,03537805,MOON,KENNETH,W,JR,1266,GEORGE SWINDELL RD NE, ,LUDOWICI,GA,31316,1266,GEORGE D SWINDELL RD ,,LUDOWICI,GA,31316-0000,A,A,,10/25/2017,10/25/2017,10/25/2017,IN PERSON,NO,NO,,NO,,6,001,019,167,ATLC,00113,091010,00179,183,
LONG,01022567,GOOBER,RICHARD,A,,2445,PEARL DAVIS RD SE, ,LUDOWICI,GA,31316-6325,2445,PEARL DAVIS RD SE,,LUDOWICI,GA,31316-6325,A,A,,10/31/2017,10/31/2017,10/31/2017,IN PERSON,NO,NO,,NO,,5,001,019,167,ATLC,00113,091010,00222,226,
LONG,01022366,GOOBER,TAMMY,M,,2445,PEARL DAVIS RD SE, ,LUDOWICI,GA,31316-6325,2445,PEARL DAVIS RD SE,,LUDOWICI,GA,31316-6325,A,A,,10/24/2017,10/24/2017,10/24/2017,IN PERSON,NO,NO,,NO,,5,001,019,167,ATLC,00113,091010,00158,162,
LONG,01020841,PARKER,ANN,E,,6083,CECIL NOBLES HWY, ,LUDOWICI,GA,31316-2619,6083,CECIL NOBLES HWY,,LUDOWICI,GA,31316-2619,A,A,,10/30/2017,10/30/2017,10/30/2017,IN PERSON,NO,NO,,NO,,2,001,019,167,ATLC,00102,091010,00213,217,
LONG,01020837,ODUM,MARY,ANN,,1253,CECIL NOBLES HWY, ,LUDOWICI,GA,31316-2443,,PO BOX 184,,LUDOWICI,GA,31316-0018,A,A,,10/16/2017,10/16/2017,10/16/2017,IN PERSON,NO,NO,,NO,,7,001,019,167,ATLC,00113,091010,00021,21,
LONG,05395472,LONG,TINA,MCMILLAN,,85,SONNY BOY LN SE, ,LUDOWICI,GA,31316-6768,85,SONNY BOY LN SE,,LUDOWICI,GA,31316-6768,A,A,,10/25/2017,10/25/2017,10/25/2017,IN PERSON,NO,NO,,NO,,5,001,019,167,ATLC,00113,091010,00168,172,
LONG,01021829,DAVIS,UNA,NELL,,236,BUTTER DAVIS RD SE, ,LUDOWICI,GA,31316-2246,236,BUTTER DAVIS RD SE,,LUDOWICI,GA,31316-2246,A,A,,10/17/2017,10/17/2017,10/17/2017,IN PERSON,NO,NO,,NO,,5,001,019,167,ATLC,00113,091010,00044,44,
LONG,10193042,KALTENBACH,SHYANNE,LAUINA,,334,S MCDONALD ST, ,LUDOWICI,GA,31316,,1026,,LUDOWICI,GA,31316,A,A,,10/24/2017,10/24/2017,10/24/2017,IN PERSON,NO,NO,,NO,7,7,001,019,167,ATLC,00200,091010,00152,152,
LONG,04212850,STEPHENS,SUZANNE,HAWKINS,,61,WILSON ST SW, ,LUDOWICI,GA,31316,,PO BOX 1196,,LUDOWICI,GA,31316-0119,A,A,,11/03/2017,11/03/2017,11/03/2017,IN PERSON,NO,NO,,NO,3,3,001,019,167,ATLC,00206,091010,00264,269,
LONG,01021990,MILTON,HARRY,C,SR,2393,PEARL DAVIS RD SE, ,LUDOWICI,GA,31316-6323,2393,PEARL DAVIS RD SE,,LUDOWICI,GA,31316-6323,A,A,,10/24/2017,10/24/2017,10/24/2017,IN PERSON,NO,NO,,NO,,5,001,019,167,ATLC,00113,091010,00160,164,
LONG,01020972,WELLS,RITA,M,,149,GAME WARDEN RD SE, ,LUDOWICI,GA,31316-7623,149,GAME WARDEN RD SE,,LUDOWICI,GA,31316-7623,A,A,,11/03/2017,11/03/2017,11/03/2017,IN PERSON,NO,NO,,NO,,5,001,019,167,ATLC,00113,091010,00255,260,
LONG,04731904,OVERBEY,LISA,GAY,,72,JEFFERSON CIR SE, ,ALLENHURST,GA,31301-5558,72,JEFFERSON CIR SE,,ALLENHURST,GA,31301-5558,A,A,,10/31/2017,10/31/2017,10/31/2017,IN PERSON,NO,NO,,NO,,3,001,019,167,ATLC,00105,091010,00232,236,
LONG,03652336,CORBIN,HERMAN,,,1746,KING RD SE, ,LUDOWICI,GA,31316-5356,224,PO BOX 1,,LUDOWICI,GA,31316-0974,A,A,,10/30/2017,10/30/2017,10/30/2017,IN PERSON,NO,NO,,NO,,5,001,019,167,ATLC,00113,091010,00211,215,
LONG,01022960,BENNETT,C,DALE,,3949,TIBET HWY SE, ,LUDOWICI,GA,31316-7139,3949,TIBET HWY SE,,LUDOWICI,GA,31316-7139,A,A,,11/03/2017,11/03/2017,11/03/2017,IN PERSON,NO,NO,,NO,,5,001,019,167,ATLC,00113,091010,00259,264,
LONG,08932342,BUSH,LYNDA,LEPAK,,341,WHITE RD SE, ,LUDOWICI,GA,31316-7307,341,WHITE RD SE,,LUDOWICI,GA,31316-7307,A,A,,10/27/2017,10/27/2017,10/27/2017,IN PERSON,NO,NO,,NO,,5,001,019,167,ATLC,00113,091010,00189,193,
LONG,04086241,HOLLAND,SHAUN,C,,1246,ALMA FLOURNOY RD NE, ,LUDOWICI,GA,31316-1461,1246,ALMA FLOURNOY RD ,,LUDOWICI,GA,31316-1461,A,A,,10/20/2017,10/20/2017,10/20/2017,IN PERSON,NO,NO,,NO,,6,001,019,167,ATLC,00113,091010,00133,133,
LONG,05378346,ANDERSON,NICOLE,LYNN,,2044,OLD MACON DARIEN RD SE, ,LUDOWICI,GA,31316,,761,,LUDOWICI,GA,31316,A,A,,10/17/2017,10/17/2017,10/17/2017,IN PERSON,NO,NO,,NO,,7,001,019,167,ATLC,00113,091010,00063,63,
LONG,06982696,MACK,MICHAEL,,,168,DEAL ST SE, ,LUDOWICI,GA,31316,168,DEAL ST SE,,LUDOWICI,GA,31316,A,A,,10/27/2017,10/27/2017,10/27/2017,IN PERSON,NO,NO,,NO,,7,001,019,167,ATLC,00113,091010,00204,208,
LONG,01020997,AUSTIN,DEBORAH,H,,32,CATHY LN NE, ,LUDOWICI,GA,31316,,PO BOX 455,,LUDOWICI,GA,31316-0045,A,A,,10/31/2017,10/31/2017,10/31/2017,IN PERSON,NO,NO,,NO,,4,001,019,167,ATLC,00109,091010,00226,230,
LONG,10154968,MIDDLETON,AUSTIN,KYLE,,205,E ACADEMY ST, ,LUDOWICI,GA,31316,205,E ACADEMY ST,,LUDOWICI,GA,31316,A,A,,11/01/2017,11/01/2017,11/01/2017,IN PERSON,NO,NO,,NO,7,7,001,019,167,ATLC,00205,091010,00239,244,
LONG,01020998,AUSTIN,ISAAC,EARL,JR,32,CATHY LN NE, ,LUDOWICI,GA,31316,,PO BOX 455,,LUDOWICI,GA,31316-0045,A,A,,10/31/2017,10/31/2017,10/31/2017,IN PERSON,NO,NO,,NO,,4,001,019,167,ATLC,00109,091010,00227,231,
LONG,08644174,HOLTON,JESSICA,J,,538,PRESLEY RD NE, ,LUDOWICI,GA,31316-6412,,PO BOX 736,,LUDOWICI,GA,31316-0073,A,A,,10/20/2017,10/20/2017,10/20/2017,IN PERSON,NO,NO,,NO,,4,001,019,167,ATLC,00109,091010,00127,127,
LONG,00743601,SHURLING,JAMES,H,,1,HUGH GORDON LN SE, ,LUDOWICI,GA,31316-5124,1,HUGH GORDON LN SE,,LUDOWICI,GA,31316-5124,A,A,,10/31/2017,10/31/2017,10/31/2017,IN PERSON,NO,NO,,NO,,5,001,019,167,ATLC,00113,091010,00233,237,
LONG,10637051,WALKER,DEVIN,RYAN,,691,HOPE CIR SE, ,LUDOWICI,GA,31316,691,HOPE CIR SE,,LUDOWICI,GA,31316,A,A,,10/17/2017,10/17/2017,10/17/2017,IN PERSON,NO,NO,,NO,,5,001,019,167,ATLC,00113,091010,00047,47,
LONG,08427115,MOCK,SHELBY,CAROLYN,,129,ROBERSON ST SW, ,LUDOWICI,GA,31316,,PO BOX 325,,LUDOWICI,GA,31316-0032,A,A,,10/16/2017,10/16/2017,10/16/2017,IN PERSON,NO,NO,,NO,7,7,001,019,167,ATLC,00207,091010,00041,41,
LONG,04689646,PETOFF,ERIC,S,,3385,STAFFORD DAIRY RD SE, ,LUDOWICI,GA,31316,3385,STAFFORD DAIRY RD SE,,LUDOWICI,GA,31316,A,A,,10/17/2017,10/17/2017,10/17/2017,IN PERSON,NO,NO,,NO,,5,001,019,167,ATLC,00113,091010,00052,52,
LONG,04421978,CARTER,CHRISTOPHER,L,,462,JOHNSTON CIR NW, ,LUDOWICI,GA,31316-5234,462,JOHNSTON CIR NW,,LUDOWICI,GA,31316-5234,A,A,,10/23/2017,10/23/2017,10/23/2017,IN PERSON,NO,NO,,NO,,7,001,019,167,ATLC,00113,091010,00137,137,
LONG,01074063,DELOACH,BRUCE,H,,4051,CECIL NOBLES HWY, ,LUDOWICI,GA,31316-2539,4051,CECIL NOBLES HWY,,LUDOWICI,GA,31316-2539,A,A,,10/16/2017,10/16/2017,10/16/2017,IN PERSON,NO,NO,,NO,,2,001,019,167,ATLC,00102,091010,00029,29,
LONG,01076896,KNOTT,KATHEY,,,462,WILKINSON RD NE, ,LUDOWICI,GA,31316-7336,462,WILKINSON RD NE,,LUDOWICI,GA,31316-7336,A,A,,10/19/2017,10/19/2017,10/19/2017,IN PERSON,NO,NO,,NO,,2,001,019,167,ATLC,00102,091010,00106,106,
LONG,08932347,BUSH,JONATHAN,FREDERICK,,341,WHITE RD SE, ,LUDOWICI,GA,31316-7307,341,WHITE RD SE,,LUDOWICI,GA,31316-7307,A,A,,10/16/2017,10/16/2017,10/16/2017,IN PERSON,NO,NO,,NO,,5,001,019,167,ATLC,00113,091010,00018,18,
LONG,06036193,WATERS,ANDREA,,,51,RESIDENCE ST SE, ,LUDOWICI,GA,31316,2363,WEST GA HWY 196,,HINESVILLE,GA,31313,A,A,,10/16/2017,10/16/2017,10/16/2017,IN PERSON,NO,NO,,NO,7,7,001,019,167,ATLC,00200,091010,00030,30,
LONG,01021523,FOWLER,TONY,E,,1134,TORI CIR SE, ,LUDOWICI,GA,31316,,PO BOX 11,,LUDOWICI,GA,31316-0001,A,A,,10/27/2017,10/27/2017,10/27/2017,IN PERSON,NO,NO,,NO,,5,001,019,167,ATLC,00113,091010,00196,200,
LONG,07920983,WALKER,CORY,CHARLES,,2133,STAFFORD DAIRY RD SE, ,LUDOWICI,GA,31316-6943,,PO BOX 223,,LUDOWICI,GA,31316-0022,A,A,,10/16/2017,10/16/2017,10/16/2017,IN PERSON,NO,NO,,NO,,5,001,019,167,ATLC,00113,091010,00034,34,
LONG,01021768,BALLANCE,G,DARRELL,,2056,OLD BARRINGTON RD , ,LUDOWICI,GA,31316-6126,,PO BOX 744,,LUDOWICI,GA,31316-0074,A,A,,10/30/2017,10/30/2017,10/30/2017,IN PERSON,NO,NO,,NO,,5,001,019,167,ATLC,00113,091010,00219,223,
LONG,01020785,MILLER,LUCILLE,,,350,HENRY WALCOTT RD NW, ,LUDOWICI,GA,31316-4930,350,HENRY WALCOTT RD ,,LUDOWICI,GA,31316-4930,A,A,,11/03/2017,11/03/2017,11/03/2017,IN PERSON,NO,NO,,NO,,2,001,019,167,ATLC,00102,091010,00260,265,
LONG,08105442,LOWE,BRIANNA,ANN,,163,HORNE ST SE, ,LUDOWICI,GA,31316,,PO BOX 223,,LUDOWICI,GA,31316,A,A,,10/16/2017,10/16/2017,10/16/2017,IN PERSON,NO,NO,,NO,7,7,001,019,167,ATLC,00202,091010,00033,33,
LONG,06825361,HUNTER,LANARIUS,GERSHON,,4458,GA HIGHWAY 57, ,LUDOWICI,GA,31316,,P.O. BOX 73,,LUDOWICI,GA,31316-3131,A,A,,11/03/2017,11/03/2017,11/03/2017,IN PERSON,NO,NO,,NO,,5,001,019,167,ATLC,00113,091010,00270,275,
LONG,05531634,FUTCH,CODIE,RAY,,56,UNION ST SE, ,LUDOWICI,GA,31316,,PO BOX 71,,LUDOWICI,GA,31316-0007,A,A,,10/16/2017,10/16/2017,10/16/2017,IN PERSON,NO,NO,,NO,7,7,001,019,167,ATLC,00205,091010,00005,5,
LONG,01037649,DINKINS,DANNY,L,JR,77,CLEO LN NE, ,LUDOWICI,GA,31316-2930,77,CLEO LN NE,,LUDOWICI,GA,31316-2930,A,A,,10/18/2017,10/18/2017,10/18/2017,IN PERSON,NO,NO,,NO,,6,001,019,167,ATLC,00113,091010,00087,87,
LONG,04881811,GORDON,VICTORIA,LEE,,99,MOSS RD SE, ,LUDOWICI,GA,31316-5936,99,MOSS RD SE,,LUDOWICI,GA,31316-5936,A,A,,10/17/2017,10/17/2017,10/17/2017,IN PERSON,NO,NO,,NO,,5,001,019,167,ATLC,00113,091010,00060,60,
LONG,07042212,SMITH,MIRANDA,D,,3454,OLD MACON DARIEN RD SE, ,LUDOWICI,GA,31316-6140,,PO BOX 821,,LUDOWICI,GA,31316-0082,A,A,,10/20/2017,10/20/2017,10/20/2017,IN PERSON,NO,NO,,NO,,3,001,019,167,ATLC,00105,091010,00124,124,
LONG,01021574,HALL,GUY,F,,153,3RD ST NW, ,LUDOWICI,GA,31316-1403,,PO BOX 525,,LUDOWICI,GA,31316-0052,A,A,,10/23/2017,10/23/2017,10/23/2017,IN PERSON,NO,NO,,NO,7,7,001,019,167,ATLC,00209,091010,00139,139,
LONG,01071624,FUTCH,LINDA,KAY,,229,NE RAILROAD ST, ,LUDOWICI,GA,31316,,PO BOX 564,,LUDOWICI,GA,31316-0056,A,A,,10/16/2017,10/16/2017,10/16/2017,IN PERSON,NO,NO,,NO,7,7,001,019,167,ATLC,00202,091010,00022,22,
LONG,07588598,WALKER,DON,,,761,HOPE CIR SE, ,LUDOWICI,GA,31316-5035,761,HOPE CIR SE,,LUDOWICI,GA,31316-5035,A,A,,10/23/2017,10/23/2017,10/23/2017,IN PERSON,NO,NO,,NO,,5,001,019,167,ATLC,00113,091010,00144,144,
LONG,03330888,ROBERSON,JUNE,K,,527,S MACON ST, ,LUDOWICI,GA,31316-7518,,PO BOX 1047,,LUDOWICI,GA,31316-0104,A,A,,10/24/2017,10/24/2017,10/24/2017,IN PERSON,NO,NO,,NO,7,7,001,019,167,ATLC,00205,091010,00157,157,
LONG,01021233,MCLENDON,BELINDA,S,,234,MOODY RD NE, ,HINESVILLE,GA,31313-0130,,PO BOX 914,,LUDOWICI,GA,31316-0091,A,A,,10/16/2017,10/16/2017,10/16/2017,IN PERSON,NO,NO,,NO,,1,001,019,167,ATLC,00101,091010,00016,16,
LONG,01021113,HAMILTON,MARY,E,,174,E FRANKLIN ST, ,LUDOWICI,GA,31316,,PO BOX 263,,LUDOWICI,GA,31316-0026,A,A,,10/30/2017,10/30/2017,10/30/2017,IN PERSON,NO,NO,,NO,3,3,001,019,167,ATLC,00204,091010,00205,209,
LONG,01021835,DELOACH,MILDRED,GALE,,1060,OLD BARRINGTON RD , ,LUDOWICI,GA,31316-6120,1060,OLD BARRINGTON ,,LUDOWICI,GA,31316-6120,A,A,,10/19/2017,10/19/2017,10/19/2017,IN PERSON,NO,NO,,NO,,5,001,019,167,ATLC,00113,091010,00107,107,
LONG,06993618,JONES,DAISY,TERRY,,1911,SMILEY RD NE, ,LUDOWICI,GA,31316-6803,,PO BOX 1407,,HINESVILLE,GA,31310-0840,A,A,,10/27/2017,10/27/2017,10/27/2017,IN PERSON,NO,NO,,NO,,1,001,019,167,ATLC,00101,091010,00203,207,
LONG,05357512,MCCOY,BARBARA,MICHELLE,,37,RESIDENCE ST SE, ,LUDOWICI,GA,31316,,PO BOX 291,,LUDOWICI,GA,31316-0029,A,A,,10/18/2017,10/18/2017,10/18/2017,IN PERSON,NO,NO,,NO,7,7,001,019,167,ATLC,00200,091010,00089,89,
LONG,01021711,MIDDLETON,MARIE,H,,2447,OLD BARRINGTON RD , ,LUDOWICI,GA,31316-6135,2447,OLD BARRINGTON ,,LUDOWICI,GA,31316-6135,A,A,,10/26/2017,10/26/2017,10/26/2017,IN PERSON,NO,NO,,NO,,5,001,019,167,ATLC,00113,091010,00182,186,
LONG,01022174,FULLER,WENDY,A,,35,LEONARD HUGHES RD SW, ,LUDOWICI,GA,31316-5450,,PO BOX 905,,LUDOWICI,GA,31316-0090,A,A,,10/16/2017,10/16/2017,10/16/2017,IN PERSON,NO,NO,,NO,,5,001,019,167,ATLC,00113,091010,00011,11,
LONG,01021492,DELOACH,MARVIN,M,,5090,CECIL NOBLES HWY, ,LUDOWICI,GA,31316-2558,5090,CECIL NOBLES HWY,,LUDOWICI,GA,31316-2558,A,A,,10/25/2017,10/25/2017,10/25/2017,IN PERSON,NO,NO,,NO,,2,001,019,167,ATLC,00102,091010,00172,176,
LONG,01020831,NOBLES,KENNETH,E,,9512,CECIL NOBLES HWY, ,LUDOWICI,GA,31316-2729,9512,CECIL NOBLES HWY,,LUDOWICI,GA,31316-2729,A,A,,10/18/2017,10/18/2017,10/18/2017,IN PERSON,NO,NO,,NO,,6,001,019,167,ATLC,00113,091010,00090,90,
LONG,01022313,HUGHES,LEAH,T,,190,LEONARD HUGHES RD SW, ,LUDOWICI,GA,31316-5449,190,LEONARD HUGHES RD ,,LUDOWICI,GA,31316-5449,A,A,,11/03/2017,11/03/2017,11/03/2017,IN PERSON,NO,NO,,NO,,5,001,019,167,ATLC,00113,091010,00266,271,
LONG,04931830,HINSON,ROBERT,MIKE,,135,MCQUEEN ST SW, ,LUDOWICI,GA,31316,,PO BOX 997,,LUDOWICI,GA,31316,A,A,,10/18/2017,10/18/2017,10/18/2017,IN PERSON,NO,NO,,NO,7,7,001,019,167,ATLC,00200,091010,00079,79,
