County,Voter Registration #,Last Name,First Name,Middle Name,Suffix,Street #,Street Name,Apt/Unit,City,State,Zip Code,Mailing Street #,Mailing Street Name,Mailing Apt/Unit,Mailing City,Mailing State,Mailing Zip Code,Application Status,Ballot Status,Status Reason,Application Date,Ballot Issued Date,Ballot Return Date,Ballot Style,Ballot Assisted,Challenged/Provisional,Designation/Reason Issue,ID Required,Municipal Precinct,County Precinct,CNG,SEN,HOUSE	,JUD,Combo #,Vote Center ID,Ballot ID,Post #,Party
MACON,03557907,STEPHENS,PAMELA,D,,605,KEEN AVE, ,OGLETHORPE,GA,31068,,PO BOX 543,,MONTEZUMA,GA,31063-0054,A,A,,10/19/2017,10/19/2017,10/19/2017,IN PERSON,NO,NO,,NO,1070,2,002,015,139,SWST,00006,094002,00014,14,
MACON,01271346,COOGLE,JON,LESLIE,,203,MACON ST NORTH, ,OGLETHORPE,GA,31068,,PO BOX 178,,OGLETHORPE,GA,31068-0017,A,A,,10/26/2017,10/26/2017,10/26/2017,IN PERSON,NO,NO,,NO,1070,2,002,015,139,SWST,00006,094002,00023,23,
MACON,01271403,ETHRIDGE,CARL,L,,620,GORDON ST, ,OGLETHORPE,GA,31068-9711,620,GORDON ST,,OGLETHORPE,GA,31068-9711,A,A,,10/30/2017,10/30/2017,10/30/2017,IN PERSON,NO,NO,,NO,1070,2,002,015,139,SWST,00006,094002,00040,40,
MACON,01271564,CLARK,SARA,HEAD,,4,CUYLER ST, ,OGLETHORPE,GA,31068,,PO BOX 424,,OGLETHORPE,GA,31068-0042,A,A,,11/03/2017,11/03/2017,11/03/2017,IN PERSON,NO,NO,,NO,1070,2,002,015,139,SWST,00006,094002,00073,73,
MACON,01271259,COLEMAN,SHIRLEY,A,,426,OLIVER ST, ,OGLETHORPE,GA,31068,,PO BOX 52,,OGLETHORPE,GA,31068-0005,A,A,,10/31/2017,10/31/2017,10/31/2017,IN PERSON,NO,NO,,NO,1070,2,002,015,139,SWST,00006,094002,00055,55,
MACON,01271696,MARTIN,SHIRLEY,S,,327,ANDERSON ST WEST, ,OGLETHORPE,GA,31068,,PO BOX 32,,OGLETHORPE,GA,31068-0003,A,A,,10/27/2017,10/27/2017,10/27/2017,IN PERSON,NO,NO,,NO,1070,2,002,015,139,SWST,00006,094002,00031,31,
MACON,01271848,STEWART,GLORIA,ANN,,604,STUBBS ST, ,OGLETHORPE,GA,31068,,PO BOX 211,,OGLETHORPE,GA,31068-0021,A,A,,11/01/2017,11/01/2017,11/01/2017,IN PERSON,NO,NO,,NO,1070,2,002,015,139,SWST,00006,094002,00057,57,
MACON,01272214,CAZENAVE,LEWIS,E,,115,REYNOLDS ST, ,OGLETHORPE,GA,31068-9790,,PO BOX 118,,MONTEZUMA,GA,31063-0011,A,A,,10/26/2017,10/26/2017,10/26/2017,IN PERSON,NO,NO,,NO,1070,2,002,015,139,SWST,00006,094002,00028,28,
MACON,03336355,BECKUM,SUSANNAH,ELIZABETH,,417,RANDOLPH ST NORTH, ,OGLETHORPE,GA,31068,,PO BOX 820,,OGLETHORPE,GA,31068-0082,A,A,,10/17/2017,10/17/2017,10/17/2017,IN PERSON,NO,NO,,NO,1070,2,002,015,139,SWST,00006,094002,00011,11,
MACON,01270767,BROOKS,JULIA LEE,P,,201,JORDAN ST,C3,OGLETHORPE,GA,31068-9500,201,JORDAN ST,C3,OGLETHORPE,GA,31068-9500,A,A,,10/17/2017,10/17/2017,10/17/2017,IN PERSON,NO,NO,,NO,1070,2,002,015,139,SWST,00006,094002,00007,7,
MACON,01271324,CLARK,ANNA,M,,513,RAILROAD ST, ,OGLETHORPE,GA,31068,,PO BOX 207,,OGLETHORPE,GA,31068-0020,A,A,,11/02/2017,11/02/2017,11/02/2017,IN PERSON,NO,NO,,NO,1070,2,002,015,139,SWST,00006,094002,00063,63,
MACON,01271470,HANKERSON,AMELIA,,,329,RAILROAD ST, ,OGLETHORPE,GA,31068,,PO BOX 632,,OGLETHORPE,GA,31068-0063,A,A,,10/16/2017,10/16/2017,10/16/2017,IN PERSON,NO,NO,,NO,1070,2,002,015,139,SWST,00006,094002,00003,3,
MACON,01271911,TUNGATE,JAMES,H,JR,201,SUMTER ST NORTH, ,OGLETHORPE,GA,31068,,PO BOX 356,,OGLETHORPE,GA,31068-0035,A,A,,11/03/2017,11/03/2017,11/03/2017,IN PERSON,NO,NO,,NO,1070,2,002,015,139,SWST,00006,094002,00071,71,
MACON,01273633,HEAD,THERA,K,,701,RANDOLPH ST NORTH, ,OGLETHORPE,GA,31068-9532,,PO BOX 774,,OGLETHORPE,GA,31068-0077,A,A,,11/03/2017,11/03/2017,11/03/2017,IN PERSON,NO,NO,,NO,1070,2,002,015,139,SWST,00006,094002,00072,72,
MACON,05929248,BURDETTE,CAROLINE,E,,614,REEN AVE, ,OGLETHORPE,GA,31068,,PO BOX 702,,OGLETHORPE,GA,31068-0070,A,A,,10/19/2017,10/19/2017,10/19/2017,IN PERSON,NO,NO,,NO,1070,2,002,015,139,SWST,00006,094002,00015,15,
MACON,10186479,AVERY,HENRY,,,50,GLENN RD, ,OGLETHORPE,GA,31068,50,GLENN RD,,OGLETHORPE,GA,31068,A,A,,11/03/2017,11/03/2017,11/03/2017,IN PERSON,NO,NO,,NO,1070,2,002,015,139,SWST,00006,094002,00075,75,
MACON,01271725,CALLOWAY,GLADYS,M,,321,STEWART ST, ,OGLETHORPE,GA,31068,,PO BOX 716,,OGLETHORPE,GA,31068-0071,A,A,,10/30/2017,10/30/2017,10/30/2017,IN PERSON,NO,NO,,NO,1070,2,002,015,139,SWST,00006,094002,00039,39,
MACON,01271393,ENGLISH,HILDA,,,425,RANDOLPH ST NORTH, ,OGLETHORPE,GA,31068,,PO BOX 117,,OGLETHORPE,GA,31068,A,A,,11/01/2017,11/01/2017,11/01/2017,IN PERSON,NO,NO,,NO,1070,2,002,015,139,SWST,00006,094002,00058,58,
MACON,01271404,ETHRIDGE,MARY JANE,F,,620,GORDON ST, ,OGLETHORPE,GA,31068-9711,620,GORDON ST,,OGLETHORPE,GA,31068-9711,A,A,,10/27/2017,10/27/2017,10/27/2017,IN PERSON,NO,NO,,NO,1070,2,002,015,139,SWST,00006,094002,00033,33,
MACON,07978214,KOCH,BARBARA,ANN,,334,WEST ANDERSON, ,OGLETHORPE,GA,31068,334,WEST ANDERSON,,OGLETHORPE,GA,31068,A,A,,10/31/2017,10/31/2017,10/31/2017,IN PERSON,NO,NO,,NO,1070,2,002,015,139,SWST,00006,094002,00052,52,
MACON,01274731,HARRIS,STEVEN,A,,306,WEST CUYLER ST, ,OGLETHORPE,GA,31068,,PO BOX 1183,,OGLETHORPE,GA,31068-0118,A,A,,11/01/2017,11/01/2017,11/01/2017,IN PERSON,NO,NO,,NO,1070,2,002,015,139,SWST,00006,094002,00062,62,
MACON,06079931,WOODARD,MATTHEW,SCOTT,,511,KEEN AVE, ,OGLETHORPE,GA,31068,,PO BOX 1215,,OGLETHORPE,GA,31068-0121,A,A,,11/03/2017,11/03/2017,11/03/2017,IN PERSON,NO,NO,,NO,1070,2,002,015,139,SWST,00006,094002,00077,77,
MACON,01275062,WILSON,LASONDRA,J,,806,JORDAN ST, ,OGLETHORPE,GA,31068,806,JORDAN ST,,OGLETHORPE,GA,31068,A,A,,10/31/2017,10/31/2017,10/31/2017,IN PERSON,NO,NO,,NO,1070,2,002,015,139,SWST,00006,094002,00054,54,
MACON,01271698,MARTIN,VIRGINIA,C,,511,RANDOLPH ST NORTH, ,OGLETHORPE,GA,31068,,PO BOX 412,,OGLETHORPE,GA,31068,A,A,,10/31/2017,10/31/2017,10/31/2017,IN PERSON,NO,NO,,NO,1070,2,002,015,139,SWST,00006,094002,00047,47,
MACON,01274688,FOKES,REGGIE,CARTER,,405,WEST ANDERSON ST, ,OGLETHORPE,GA,31068,,218,,OGLETHORPE,GA,31068,A,A,,10/17/2017,10/17/2017,10/17/2017,IN PERSON,NO,NO,,NO,1070,2,002,015,139,SWST,00006,094002,00010,10,
MACON,01273345,BAILEY,SHEILA,L,,506,KEEN AVE, ,OGLETHORPE,GA,31068,,912,,OGLETHORPE,GA,31068,A,A,,11/03/2017,11/03/2017,11/03/2017,IN PERSON,NO,NO,,NO,1070,2,002,015,139,SWST,00006,094002,00076,76,
MACON,01272554,JENKINS,LOLA,R,,502,KEEN AVE, ,OGLETHORPE,GA,31068,,PO BOX 783,,MONTEZUMA,GA,31063-0078,A,A,,10/31/2017,10/31/2017,10/31/2017,IN PERSON,NO,NO,,NO,1070,2,002,015,139,SWST,00006,094002,00051,51,
MACON,01271355,BRAY,J,RENAY,,414,BAKER ST, ,OGLETHORPE,GA,31068,,517,,OGLETHORPE,GA,31068,A,A,,11/03/2017,11/03/2017,11/03/2017,IN PERSON,NO,NO,,NO,1070,2,002,015,139,SWST,00006,094002,00070,70,
MACON,01274338,LUMPKIN,DALLAS,L,JR,326,STEWART ST, ,OGLETHORPE,GA,31068,,PO BOX 107,,OGLETHORPE,GA,31068-0010,A,A,,10/30/2017,10/30/2017,10/30/2017,IN PERSON,NO,NO,,NO,1070,2,002,015,139,SWST,00006,094002,00045,45,
MACON,01271818,SMITH,GEORGE,G,,500,ANDERSON ST WEST, ,OGLETHORPE,GA,31068,,PO BOX 157,,OGLETHORPE,GA,31068,A,A,,10/26/2017,10/26/2017,10/26/2017,IN PERSON,NO,NO,,NO,1070,2,002,015,139,SWST,00006,094002,00030,30,
MACON,04786600,WOODARD,CASSANDRA,DEANN,,511,KEEN AVE, ,OGLETHORPE,GA,31068,,PO BOX 1215,,OGLETHORPE,GA,31068-0121,A,A,,11/03/2017,11/03/2017,11/03/2017,IN PERSON,NO,NO,,NO,1070,2,002,015,139,SWST,00006,094002,00078,78,
MACON,01275001,MCDONALD,REGINALD,V,,510,MALSBY RD, ,OGLETHORPE,GA,31068,,PO BOX 88,,OGLETHORPE,GA,31068-0008,A,A,,10/17/2017,10/17/2017,10/17/2017,IN PERSON,NO,NO,,NO,1070,2,002,015,139,SWST,00006,094002,00006,6,
MACON,01271685,MALLARD,MYRTICE,C,,311,STEWART ST, ,OGLETHORPE,GA,31068,,PO BOX 563,,OGLETHORPE,GA,31068-0056,A,A,,10/30/2017,10/30/2017,10/30/2017,IN PERSON,NO,NO,,NO,1070,2,002,015,139,SWST,00006,094002,00041,41,
MACON,01275372,KENDRICK,JADONNIA,M,,520,KAIGLER ST, ,OGLETHORPE,GA,31068,,P.O. 829,,OGLETHORPE,GA,31068,A,A,,11/01/2017,11/01/2017,11/01/2017,IN PERSON,NO,NO,,NO,1070,2,002,015,139,SWST,00006,094002,00061,61,
MACON,01271330,CLARK,VIDERIAL,G,,520,CUYLER ST, ,OGLETHORPE,GA,31068-9703,,PO BOX 202,,OGLETHORPE,GA,31068-0020,A,A,,10/27/2017,10/27/2017,10/27/2017,IN PERSON,NO,NO,,NO,1070,2,002,015,139,SWST,00006,094002,00035,35,
MACON,10186417,LEGGETT,WHITNEY,,,81,CARLA DR,LOT 8,OGLETHORPE,GA,31068,,207,,IDEAL,GA,31041,A,A,,10/17/2017,10/17/2017,10/17/2017,IN PERSON,NO,NO,,NO,1070,2,002,015,139,SWST,00006,094002,00008,8,
MACON,01273088,THOMAS,ELIZABETH,,,518,GORDON ST, ,OGLETHORPE,GA,31068,,PO BOX 1378,,OGLETHORPE,GA,31068,A,A,,11/02/2017,11/02/2017,11/02/2017,IN PERSON,NO,NO,,NO,1070,2,002,015,139,SWST,00006,094002,00067,67,
MACON,05319845,BYROM,KELVIN,MARCELLUS,,408,MACON ST NORTH, ,OGLETHORPE,GA,31068,,PO BOX 263,,OGLETHORPE,GA,31068-0026,A,A,,10/31/2017,10/31/2017,10/31/2017,IN PERSON,NO,NO,,NO,1070,2,002,015,139,SWST,00006,094002,00056,56,
MACON,11003434,JENKINS,LILLIE,,,502,KEEN AVE, ,OGLETHORPE,GA,31068,,P O BOX 783,,MONTEZUMA,GA,31063,A,A,,11/03/2017,11/03/2017,11/03/2017,IN PERSON,NO,NO,,NO,1070,2,002,015,139,SWST,00006,094002,00079,79,
MACON,05294322,GOLPHIN,FREDDIE,LEE,,328,STEWART ST, ,OGLETHORPE,GA,31068,,PO BOX 1142,,OGLETHORPE,GA,31068-0114,A,A,,10/30/2017,10/30/2017,10/30/2017,IN PERSON,NO,NO,,NO,1070,2,002,015,139,SWST,00006,094002,00046,46,
MACON,04562358,HUDSON,NICOLA,,,512,ASBURY LN,C,OGLETHORPE,GA,31068,,PO BOX 1393,,OGLETHORPE,GA,31068-0139,A,A,,10/24/2017,10/24/2017,10/24/2017,IN PERSON,NO,NO,,NO,1070,2,002,015,139,SWST,00006,094002,00020,20,
MACON,01271928,WALKER,MARGIE,N,,102,RANDOLPH ST NORTH, ,OGLETHORPE,GA,31068,,PO BOX 387,,OGLETHORPE,GA,31068-0038,A,A,,10/17/2017,10/17/2017,10/17/2017,IN PERSON,NO,NO,,NO,1070,2,002,015,139,SWST,00006,094002,00012,12,
MACON,01271936,WASHINGTON,MARY,O,,134,BAKER ST, ,OGLETHORPE,GA,31068,,PO BOX 29,,OGLETHORPE,GA,31068-0002,A,A,,10/30/2017,10/30/2017,10/30/2017,IN PERSON,NO,NO,,NO,1070,2,002,015,139,SWST,00006,094002,00038,38,
MACON,01271344,COOGLE,GAIL,H,,506,ANDERSON ST WEST, ,OGLETHORPE,GA,31068,,PO BOX 268,,OGLETHORPE,GA,31068-0039,A,A,,10/26/2017,10/26/2017,10/26/2017,IN PERSON,NO,NO,,NO,1070,2,002,015,139,SWST,00006,094002,00027,27,
MACON,01274355,PORTER,MADISON,T,,418,MACON ST, ,OGLETHORPE,GA,31068,,PO BOX 142,,OGLETHORPE,GA,31068-0014,A,A,,10/16/2017,10/16/2017,10/16/2017,IN PERSON,NO,NO,,NO,1070,2,002,015,139,SWST,00006,094002,00004,4,
MACON,01271273,BELLEW,CAROL,E,,602,GORDON ST, ,OGLETHORPE,GA,31068-9711,602,GORDON ST,,OGLETHORPE,GA,31068-9711,A,A,,10/26/2017,10/26/2017,10/26/2017,IN PERSON,NO,NO,,NO,1070,2,002,015,139,SWST,00006,094002,00024,24,
MACON,01274667,COOGLE,KAREN,J,,203,MACON ST, ,OGLETHORPE,GA,31068,,PO BOX 133,,OGLETHORPE,GA,31068,A,A,,11/02/2017,11/02/2017,11/02/2017,IN PERSON,NO,NO,,NO,1070,2,002,015,139,SWST,00006,094002,00065,65,
MACON,01271472,HANKERSON,CHARLES,R,JR,408,MACON ST NORTH, ,OGLETHORPE,GA,31068,,PO BOX 263,,OGLETHORPE,GA,31068-0026,A,A,,11/02/2017,11/02/2017,11/02/2017,IN PERSON,NO,NO,,NO,1070,2,002,015,139,SWST,00006,094002,00064,64,
MACON,01271869,TANNER,MARK,R,,106,CRESTVIEW DR, ,OGLETHORPE,GA,31068,,PO BOX 875,,OGLETHORPE,GA,31068-0087,A,A,,11/01/2017,11/01/2017,11/01/2017,IN PERSON,NO,NO,,NO,1070,2,002,015,139,SWST,00006,094002,00060,60,
MACON,01271528,HILL,BRUCE,P,,607,RANDOLPH ST NORTH, ,OGLETHORPE,GA,31068,,PO BOX 381,,OGLETHORPE,GA,31068-0038,A,A,,10/18/2017,10/18/2017,10/18/2017,IN PERSON,NO,NO,,NO,1070,2,002,015,139,SWST,00006,094002,00013,13,
MACON,10674782,ADDERLEY,PEIARE,,,506,KEEN AVE, ,OGLETHORPE,GA,31068,,PO BOX 912,,OGLETHORPE,GA,31068,A,A,,10/16/2017,10/16/2017,10/16/2017,IN PERSON,NO,NO,,NO,1070,2,002,015,139,SWST,00006,094002,00002,2,
MACON,01271479,HANKERSON,THERESA,E,,509,CHATHAM ST WEST, ,OGLETHORPE,GA,31068,,PO BOX 667,,OGLETHORPE,GA,31068-0066,A,A,,10/27/2017,10/27/2017,10/27/2017,IN PERSON,NO,NO,,NO,1070,2,002,015,139,SWST,00006,094002,00036,36,
MACON,01995588,HUDSON,DONALD,T,,314,STEWART ST, ,OGLETHORPE,GA,31068,,PO BOX 792,,OGLETHORPE,GA,31068-0079,A,A,,10/31/2017,10/31/2017,10/31/2017,IN PERSON,NO,NO,,NO,1070,2,002,015,139,SWST,00006,094002,00048,48,
MACON,00599032,LAYFIELD,MARY,PHILLIPS,,621,RANDOLPH ST NORTH, ,OGLETHORPE,GA,31068,,PO BOX 375,,OGLETHORPE,GA,31068-0037,A,A,,10/31/2017,10/31/2017,10/31/2017,IN PERSON,NO,NO,,NO,1070,2,002,015,139,SWST,00006,094002,00049,49,
MACON,01271515,HARVILL,EMILY,H,,310,ANDERSON ST WEST, ,OGLETHORPE,GA,31068,,PO BOX 276,,OGLETHORPE,GA,31068-0027,A,A,,10/17/2017,10/17/2017,10/17/2017,IN PERSON,NO,NO,,NO,1070,2,002,015,139,SWST,00006,094002,00009,9,
MACON,01271819,SMITH,HELEN,B,,500,ANDERSON ST WEST, ,OGLETHORPE,GA,31068,,PO BOX 157,,OGLETHORPE,GA,31068-0015,A,A,,10/26/2017,10/26/2017,10/26/2017,IN PERSON,NO,NO,,NO,1070,2,002,015,139,SWST,00006,094002,00029,29,
MACON,00556305,SMITH,CONNIE,E,,425,N RANDOLPH ST, ,OGLETHORPE,GA,31068,,PO BOX 117,,OGLETHORPE,GA,31068-0011,A,A,,11/01/2017,11/01/2017,11/01/2017,IN PERSON,NO,NO,,NO,1070,2,002,015,139,SWST,00006,094002,00059,59,
MACON,01274521,NELSON,GLORIA,,,525,BAILEY LN, ,OGLETHORPE,GA,31068,,PO BOX 1352,,OGLETHORPE,GA,31068-0135,A,A,,10/27/2017,10/27/2017,10/27/2017,IN PERSON,NO,NO,,NO,1070,2,002,015,139,SWST,00006,094002,00034,34,
MACON,06089959,COX,BERTA,V,,502,W ANDERSON ST, ,OGLETHORPE,GA,31068,,PO BOX 774,,ELLAVILLE,GA,31806-0077,A,A,,11/02/2017,11/02/2017,11/02/2017,IN PERSON,NO,NO,,NO,1070,2,002,015,139,SWST,00006,094002,00066,66,
MACON,01271738,ODOM,MARGARET,T,,116,HIGGINS ST, ,OGLETHORPE,GA,31068,,PO BOX 454,,OGLETHORPE,GA,31068-0045,A,A,,11/03/2017,11/03/2017,11/03/2017,IN PERSON,NO,NO,,NO,1070,2,002,015,139,SWST,00006,094002,00080,80,
MACON,01271829,SMITH,SIDNEY,G,,413,BAKER ST, ,OGLETHORPE,GA,31068,,PO BOX 102,,OGLETHORPE,GA,31068-0010,A,A,,10/19/2017,10/19/2017,10/19/2017,IN PERSON,NO,NO,,NO,1070,2,002,015,139,SWST,00006,094002,00016,16,
MACON,03378475,LAYFIELD,DAVID,E,,621,RANDOLPH ST NORTH, ,OGLETHORPE,GA,31068,,PO BOX 375,,OGLETHORPE,GA,31068-0037,A,A,,10/31/2017,10/31/2017,10/31/2017,IN PERSON,NO,NO,,NO,1070,2,002,015,139,SWST,00006,094002,00050,50,
MACON,08113216,WINTERS,KAREN,RENEE,,555,ASBURY RD, ,OGLETHORPE,GA,31068,555,ASBURY RD,,OGLETHORPE,GA,31068,A,A,,10/23/2017,10/23/2017,10/23/2017,IN PERSON,NO,NO,,NO,1070,2,002,015,139,SWST,00006,094002,00018,18,
MACON,01301190,TANNER,DENNIS,EDWIN,,109,CRESTVIEW DR, ,OGLETHORPE,GA,31068-9702,109,CRESTVIEW DR,,OGLETHORPE,GA,31068-9702,A,A,,10/30/2017,10/30/2017,10/30/2017,IN PERSON,NO,NO,,NO,1070,2,002,015,139,SWST,00006,094002,00044,44,
MACON,01271329,CLARK,VELMA,J,,326,STEWART ST, ,OGLETHORPE,GA,31068,,PO BOX 107,,OGLETHORPE,GA,31068-0010,A,A,,10/30/2017,10/30/2017,10/30/2017,IN PERSON,NO,NO,,NO,1070,2,002,015,139,SWST,00006,094002,00043,43,
MACON,01274658,CROSS,MICHAEL,T,,405,N SUMTER ST, ,OGLETHORPE,GA,31068-9109,,PO BOX 1338,,OGLETHORPE,GA,31068-0133,A,A,,11/02/2017,11/02/2017,11/02/2017,IN PERSON,NO,NO,,NO,1070,2,002,015,139,SWST,00006,094002,00068,68,
MACON,01273971,CANNON,PATSY,LYNN,,209,SUMTER ST, ,OGLETHORPE,GA,31068,,PO BOX 726,,OGLETHORPE,GA,31068-0072,A,A,,10/16/2017,10/16/2017,10/16/2017,IN PERSON,NO,NO,,NO,1070,2,002,015,139,SWST,00006,094002,00001,1,
MACON,01271392,ENGLISH,GRADY,H,,307,CUYLER ST W, ,OGLETHORPE,GA,31068,,PO BOX 171,,OGLETHORPE,GA,31068-0017,A,A,,10/26/2017,10/26/2017,10/26/2017,IN PERSON,NO,NO,,NO,1070,2,002,015,139,SWST,00006,094002,00026,26,
MACON,01271399,ENGLISH,PATRICIA,D,,307,CUYLER ST W, ,OGLETHORPE,GA,31068,,PO BOX 171,,OGLETHORPE,GA,31068-0017,A,A,,10/26/2017,10/26/2017,10/26/2017,IN PERSON,NO,NO,,NO,1070,2,002,015,139,SWST,00006,094002,00025,25,
MACON,01272127,BROWN,DONALD,R,,121,CUYLER ST, ,OGLETHORPE,GA,31068,,PO BOX 554,,OGLETHORPE,GA,31068-0055,A,A,,10/30/2017,10/30/2017,10/30/2017,IN PERSON,NO,NO,,NO,1070,2,002,015,139,SWST,00006,094002,00042,42,
MACON,01271325,CLARK,GLEN,M,,414,CUYLER ST W, ,OGLETHORPE,GA,31068,,PO BOX 4,,OGLETHORPE,GA,31068,A,A,,10/23/2017,10/23/2017,10/23/2017,IN PERSON,NO,NO,,NO,1070,2,002,015,139,SWST,00006,094002,00019,19,
MACON,07990821,WIGGINS,JANICE,LEGGETT,,211,MAY LOT 8 RD, ,OGLETHORPE,GA,31068,,PO BOX 1395,,OGELTHORPE,GA,31068-0139,A,A,,10/20/2017,10/20/2017,10/20/2017,IN PERSON,NO,NO,,NO,1070,2,002,015,139,SWST,00006,094002,00017,17,
MACON,03462217,BELL,KENNETH,SHERROD,,320,WEST CUYLER ST, ,OGLETHORPE,GA,31068,,PO BOX 671,,OGLETHORPE,GA,31068-0067,A,A,,10/25/2017,10/25/2017,10/25/2017,IN PERSON,NO,NO,,NO,1070,2,002,015,139,SWST,00006,094002,00022,22,
MACON,01271434,GOLPHIN,ERNEST,L,,508,ASBURY RD, ,OGLETHORPE,GA,31068-9784,508,ASBURY RD,,OGLETHORPE,GA,31068-9784,A,A,,10/27/2017,10/27/2017,10/27/2017,IN PERSON,NO,NO,,NO,1070,2,002,015,139,SWST,00006,094002,00032,32,
MACON,01271680,MCMILLIAN,MARY,H,,612,KAIGLER ST, ,OGLETHORPE,GA,31068,,PO BOX 129,,OGLETHORPE,GA,31068-0012,A,A,,11/02/2017,11/02/2017,11/02/2017,IN PERSON,NO,NO,,NO,1070,2,002,015,139,SWST,00006,094002,00069,69,
MACON,01271762,POOLE,MARK,H,,300,BAKER ST, ,OGLETHORPE,GA,31068,,PO BOX 265,,OGLETHORPE,GA,31068,A,A,,10/16/2017,10/16/2017,10/16/2017,IN PERSON,NO,NO,,NO,1070,2,002,015,139,SWST,00006,094002,00005,5,
MACON,00795413,DAVIS,EUGENE,L,,206,JORDAN ST, ,OGLETHORPE,GA,31068,206,JORDAN ST,,OGLETHORPE,GA,31068,A,A,,10/24/2017,10/24/2017,10/24/2017,IN PERSON,NO,NO,,NO,1070,2,002,015,139,SWST,00006,094002,00021,21,
MACON,03378890,AVERY,CYNTHIA,G,,50,GLENN RD, ,OGLETHORPE,GA,31068,50,GLENN RD,,OGLETHORPE,GA,31068,A,A,,11/03/2017,11/03/2017,11/03/2017,IN PERSON,NO,NO,,NO,1070,2,002,015,139,SWST,00006,094002,00074,74,
MACON,01271913,TURNER,QUEEN,F,,806,JORDON ST, ,OGLETHORPE,GA,31068,,PO BOX 131,,OGLETHORPE,GA,31068-0013,A,A,,10/31/2017,10/31/2017,10/31/2017,IN PERSON,NO,NO,,NO,1070,2,002,015,139,SWST,00006,094002,00053,53,
MACON,01275395,MANGRAM,LAVERNE,,,536,MALSBY RD, ,OGLETHORPE,GA,31068-9786,536,MALSBY RD,,OGLETHORPE,GA,31068-9786,A,A,,10/30/2017,10/30/2017,10/30/2017,IN PERSON,NO,NO,,NO,1070,2,002,015,139,SWST,00006,094002,00037,37,
