County,Voter Registration #,Last Name,First Name,Middle Name,Suffix,Street #,Street Name,Apt/Unit,City,State,Zip Code,Mailing Street #,Mailing Street Name,Mailing Apt/Unit,Mailing City,Mailing State,Mailing Zip Code,Application Status,Ballot Status,Status Reason,Application Date,Ballot Issued Date,Ballot Return Date,Ballot Style,Ballot Assisted,Challenged/Provisional,Designation/Reason Issue,ID Required,Municipal Precinct,County Precinct,CNG,SEN,HOUSE	,JUD,Combo #,Vote Center ID,Ballot ID,Post #,Party
MCINTOSH,00542645,BROWN,CARL,W,SR,710,PINE ST, ,DARIEN,GA,31305,710,PINE ST,,DARIEN,GA,31305,A,R,Insufficient Oath Information,02/26/2016,11/02/2017,11/07/2017,MAILED,NO,NO,DISABLED,NO,DARI,1771,001,003,167,ATLC,00103,,00011,85,
MCINTOSH,10059505,JACKSON,JAIME,HALL,,304,SCREVEN ST, ,DARIEN,GA,31305,,P.O. BOX 2489,,DARIEN,GA,31305,A,A,,10/17/2017,10/17/2017,11/07/2017,MAILED,NO,NO,,NO,DARI,1771,001,003,167,ATLC,00103,,00001,4,
MCINTOSH,07717815,MITCHELL,ANGELA,SHAREE,,534,MCINTOSH RD,C2,DARIEN,GA,31305-9779,534,MCINTOSH RD,C2,DARIEN,GA,31305-9779,A,A,,11/03/2017,11/03/2017,11/03/2017,IN PERSON,NO,NO,,NO,DARI,1771,001,003,167,ATLC,00103,098009,00087,101,
MCINTOSH,01516626,MILLER,DONALD,CHARLES,,405,4TH ST W, ,DARIEN,GA,31305,405,4TH ST W,,DARIEN,GA,31305,A,A,,11/03/2017,11/03/2017,11/03/2017,IN PERSON,NO,NO,,NO,DARI,1771,001,003,167,ATLC,00103,098009,00089,103,
MCINTOSH,02255007,YEOMANS,SHIRLEY,REBECCA,,300,SECOND ST E,D,DARIEN,GA,31305-9174,300,SECOND ST E,D,DARIEN,GA,31305-9174,A,A,,10/30/2017,10/30/2017,10/30/2017,IN PERSON,NO,NO,,NO,DARI,1771,001,003,167,ATLC,00103,098009,00040,41,
MCINTOSH,00542627,BLUESTEIN,DAVID,H,,300,FORT KING GEORGE DR, ,DARIEN,GA,31305-9040,,PO BOX 513,,DARIEN,GA,31305-0051,A,A,,11/02/2017,11/02/2017,11/02/2017,IN PERSON,NO,NO,,NO,DARI,1771,001,003,167,ATLC,00103,098009,00073,82,
MCINTOSH,00544914,HOLLIS,VANESSA,W,,534,MCINTOSH RD,L-3,DARIEN,GA,31305-9781,534,MCINTOSH RD,L-3,DARIEN,GA,31305-9781,A,A,,11/03/2017,11/03/2017,11/03/2017,IN PERSON,NO,NO,,NO,DARI,1771,001,003,167,ATLC,00103,098009,00086,100,
MCINTOSH,00544310,COX,NANCY,A,,500,2ND ST, ,DARIEN,GA,31305,,PO BOX 1479,,DARIEN,GA,31305-0147,A,A,,10/31/2017,10/31/2017,10/31/2017,IN PERSON,NO,NO,,NO,DARI,1771,001,003,167,ATLC,00103,098009,00056,62,
MCINTOSH,00031695,GOODYEAR,MARCY,HUMAN,,300,2ND ST E,UNIT A,DARIEN,GA,31305-9666,300,2ND ST E,UNIT A,DARIEN,GA,31305-9666,A,A,,10/23/2017,10/23/2017,10/23/2017,IN PERSON,NO,NO,,NO,DARI,1771,001,003,167,ATLC,00103,098009,00021,22,
MCINTOSH,00545506,GALE,JANICE,L,,300,1ST ST W, ,DARIEN,GA,31305-9461,,PO BOX 301,,DARIEN,GA,31305,A,A,,10/24/2017,10/24/2017,10/24/2017,IN PERSON,NO,NO,,NO,DARI,1771,001,003,167,ATLC,00103,098009,00031,32,
MCINTOSH,10615073,SCHIEFERDECKER,WALTER,LOUIS,,1203,FORT KING GEORGE DR, ,DARIEN,GA,31305,1203,FORT KING GEORGE DR,,DARIEN,GA,31305,A,A,,11/02/2017,11/02/2017,11/02/2017,IN PERSON,NO,NO,,NO,DARI,1771,001,003,167,ATLC,00103,098009,00065,73,
MCINTOSH,01119155,JOHNSON,WILLIAM,EDWARD,,304,2ND ST, ,DARIEN,GA,31305,304,2ND ST,,DARIEN,GA,31305,A,A,,10/24/2017,10/24/2017,10/24/2017,IN PERSON,NO,NO,,NO,DARI,1771,001,003,167,ATLC,00103,098009,00026,27,
MCINTOSH,07398172,CLARK,JEFFERSON,ALLEN,,615,FORT KING GEORGE DR, ,DARIEN,GA,31305-9008,,PO BOX 949,,DARIEN,GA,31305-0094,A,A,,10/23/2017,10/23/2017,10/23/2017,IN PERSON,NO,NO,,NO,DARI,1771,001,003,167,ATLC,00103,098009,00025,26,
MCINTOSH,00541960,PRICE,CATHERIN,J,,534,MCINTOSH DR,B5,DARIEN,GA,31305-9536,534,MCINTOSH DR,B5,DARIEN,GA,31305-9536,A,A,,11/03/2017,11/03/2017,11/03/2017,IN PERSON,NO,NO,,NO,DARI,1771,001,003,167,ATLC,00103,098009,00088,102,
MCINTOSH,04473586,SPRATT,KELLY,S,,302,MARKET ST, ,DARIEN,GA,31305-9053,,PO BOX 662,,DARIEN,GA,31305-0066,A,A,,11/02/2017,11/02/2017,11/02/2017,IN PERSON,NO,NO,,NO,DARI,1771,001,003,167,ATLC,00103,098009,00066,75,
MCINTOSH,07865208,DAVIS,ANJOLI,KATRELL,,1005,CONGRESS ST, ,DARIEN,GA,31305-8943,,PO BOX 813,,DARIEN,GA,31305-0081,A,A,,11/03/2017,11/03/2017,11/07/2017,MAILED,NO,NO,,NO,DARI,1771,001,003,167,ATLC,00103,,00013,96,
MCINTOSH,07387143,BARROW,JAY,REVIS,,201,SCREVEN ST, ,DARIEN,GA,31305-9221,,PO BOX 521,,DARIEN,GA,31305-0052,A,A,,10/19/2017,10/19/2017,10/19/2017,IN PERSON,NO,NO,,NO,DARI,1771,001,003,167,ATLC,00103,098009,00016,17,
MCINTOSH,05116667,PAYNE,KEITH,ARMAND,,105,1ST ST W, ,DARIEN,GA,31305,,PO BOX 2660,,DARIEN,GA,31305,A,A,,10/19/2017,10/19/2017,10/19/2017,IN PERSON,NO,NO,,NO,DARI,1771,001,003,167,ATLC,00103,098009,00017,18,
MCINTOSH,00543145,WILBER-STENANDER,MARY,,,812,RIDGE RD, ,DARIEN,GA,31305-9495,812,RIDGE RD,,DARIEN,GA,31305-9495,A,A,,11/02/2017,11/02/2017,11/06/2017,MAILED,NO,NO,ELDERLY,NO,DARI,1771,001,003,167,ATLC,00103,,00009,74,
MCINTOSH,00544666,MCINTOSH,CHRISTOPHER,,JR,530,MCINTOSH DR, ,DARIEN,GA,31305-9536,530,MCINTOSH DR,,DARIEN,GA,31305-9536,A,A,,11/03/2017,11/03/2017,11/07/2017,MAILED,YES,NO,DISABLED,NO,DARI,1771,001,003,167,ATLC,00103,,00015,106,
MCINTOSH,04496830,LANDEL,WILLIAM,P,,508,2ND ST, ,DARIEN,GA,31305,,PO BOX 1913,,DARIEN,GA,31305-0191,A,A,,11/02/2017,11/02/2017,11/02/2017,IN PERSON,NO,NO,,NO,DARI,1771,001,003,167,ATLC,00103,098009,00063,71,
MCINTOSH,01605923,HOUSTON,GRACE,BOYD,,505,FORT KING GEORGE DR, ,DARIEN,GA,31305-9486,505,FORT KING GEORGE DR,,DARIEN,GA,31305-9486,A,A,,10/30/2017,10/30/2017,10/30/2017,IN PERSON,NO,NO,,NO,DARI,1771,001,003,167,ATLC,00103,098009,00041,42,
MCINTOSH,02706265,LEWIS,WILLIAM,C,,401,4TH ST W, ,DARIEN,GA,31305,,PO BOX 746,,DARIEN,GA,31305,A,A,,10/30/2017,10/30/2017,10/30/2017,IN PERSON,NO,NO,,NO,DARI,1771,001,003,167,ATLC,00103,098009,00045,46,
MCINTOSH,00542253,GRINSTEAD,MADELINE,BLUESTEIN,,611,GREENE ST, ,DARIEN,GA,31305,,PO BOX 482,,DARIEN,GA,31305-0048,A,A,,10/18/2017,10/18/2017,10/18/2017,IN PERSON,NO,NO,,NO,DARI,1771,001,003,167,ATLC,00103,098009,00006,7,
MCINTOSH,07468409,HORRMANN,SARAH,FRANCES,,300,SECOND ST E,B,DARIEN,GA,31305-9174,300,SECOND ST E,B,DARIEN,GA,31305-9174,A,A,,11/01/2017,11/01/2017,11/01/2017,IN PERSON,NO,NO,,NO,DARI,1771,001,003,167,ATLC,00103,098009,00058,64,
MCINTOSH,00542706,CORLETTE,JOHN,ROBERT,,534,MCINTOSH RD,D6,DARIEN,GA,31305-9779,534,MCINTOSH RD,D6,DARIEN,GA,31305-9779,A,A,,10/24/2017,10/24/2017,10/24/2017,IN PERSON,NO,NO,,NO,DARI,1771,001,003,167,ATLC,00103,098009,00027,28,
MCINTOSH,01418900,PENDLEY,CATHY,,,406,JACKSON ST, ,DARIEN,GA,31305,406,JACKSON ST,,DARIEN,GA,31305,A,A,,11/01/2017,11/01/2017,11/01/2017,IN PERSON,NO,NO,,NO,DARI,1771,001,003,167,ATLC,00103,098009,00059,65,
MCINTOSH,08554394,NOBLE,WILLIAM,BERT,,511,GREENE ST, ,DARIEN,GA,31305-9476,,PO BOX 63,,DARIEN,GA,31305-0006,A,A,,10/31/2017,10/31/2017,10/31/2017,IN PERSON,NO,NO,,NO,DARI,1771,001,003,167,ATLC,00103,098009,00050,52,
MCINTOSH,01126595,NIX,JENNIFER,LEIGH,,904,FORT KING GEORGE DR, ,DARIEN,GA,31305,904,FORT KING GEORGE DR,,DARIEN,GA,31305,A,A,,10/27/2017,10/27/2017,10/27/2017,IN PERSON,NO,NO,,NO,DARI,1771,001,003,167,ATLC,00103,098009,00037,38,
MCINTOSH,07229463,WILLIAMS,CAROL,MAE,,802,WAYNE ST, ,DARIEN,GA,31305-9804,802,WAYNE ST,,DARIEN,GA,31305-9804,A,A,,11/03/2017,11/03/2017,11/03/2017,IN PERSON,NO,NO,,NO,DARI,1771,001,003,167,ATLC,00103,098009,00081,93,
MCINTOSH,02363771,LEWIS,ANN,D,,508,FORT KING GEORGE DR, ,DARIEN,GA,31305,,P.O. BOX 746,,DARIEN,GA,31305,A,A,,10/30/2017,10/30/2017,11/06/2017,MAILED,NO,NO,ELDERLY,NO,DARI,1771,001,003,167,ATLC,00103,,00002,48,
MCINTOSH,00542630,BOLIN,WILLIAM,MARK,JR,408,3RD ST W, ,DARIEN,GA,31305,408,3RD ST W,,DARIEN,GA,31305,A,A,,10/17/2017,10/17/2017,10/17/2017,IN PERSON,NO,NO,,NO,DARI,1771,001,003,167,ATLC,00103,098009,00003,3,
MCINTOSH,06884192,COGNETTI,LAWRENCE,LEO,,201,SIXTH ST E, ,DARIEN,GA,31305,,472,,DARIEN,GA,31305-0472,A,A,,10/31/2017,10/31/2017,10/31/2017,IN PERSON,NO,NO,,NO,DARI,1771,001,003,167,ATLC,00103,098009,00054,56,
MCINTOSH,10396587,JACKSON,TAYLOR,DOUGLAS,,304,SCREVEN ST, ,DARIEN,GA,31305,,P.O. BOX 2489,,DARIEN,GA,31305,A,A,,10/30/2017,10/30/2017,10/30/2017,IN PERSON,NO,NO,,NO,DARI,1771,001,003,167,ATLC,00103,098009,00043,44,
MCINTOSH,02398122,POTTS,CHARLES,H,,300,FRANKLIN ST, ,DARIEN,GA,31305-9067,,PO BOX 2699,,DARIEN,GA,31305-0269,A,A,,10/18/2017,10/18/2017,10/18/2017,IN PERSON,NO,NO,,NO,DARI,1771,001,003,167,ATLC,00103,098009,00009,10,
MCINTOSH,05763540,QUARTERMAN,RUSSELL,T,JR,701,CONGRESS ST, ,DARIEN,GA,31305,701,CONGRESS ST,,DARIEN,GA,31305,A,A,,10/18/2017,10/18/2017,10/18/2017,IN PERSON,NO,NO,,NO,DARI,1771,001,003,167,ATLC,00103,098009,00013,14,
MCINTOSH,04057618,HALLEY,JOHN,HELMS,III,1006,OGLETHORPE LN, ,DARIEN,GA,31305-8720,1006,OGLETHORPE LN,,DARIEN,GA,31305-8720,A,A,,11/03/2017,11/03/2017,11/03/2017,IN PERSON,NO,NO,,NO,DARI,1771,001,003,167,ATLC,00103,098009,00079,91,
MCINTOSH,00543144,WHITE,BETTY,L,,1006,CONGRESS ST, ,DARIEN,GA,31305-8942,,PO BOX 813,,DARIEN,GA,31305-0081,A,A,,10/23/2017,10/23/2017,10/23/2017,IN PERSON,NO,NO,,NO,DARI,1771,001,003,167,ATLC,00103,098009,00022,23,
MCINTOSH,00543224,ATKINSON,SHELIA,A,,511,GREENE ST, ,DARIEN,GA,31305-9476,,PO BOX 1009,,DARIEN,GA,31305-0100,A,A,,10/31/2017,10/31/2017,10/31/2017,IN PERSON,NO,NO,,NO,DARI,1771,001,003,167,ATLC,00103,098009,00051,53,
MCINTOSH,00542558,WILLIAMS,WANDA,J,,1104,KELSEY WAY, ,DARIEN,GA,31305-9671,,PO BOX 2563,,DARIEN,GA,31305-0256,A,A,,10/18/2017,10/18/2017,10/18/2017,IN PERSON,NO,NO,,NO,DARI,1771,001,003,167,ATLC,00103,098009,00010,11,
MCINTOSH,01361361,DORMINEY,LAVONNE,AMERSON,,1300,WAYNE ST, ,DARIEN,GA,31305-9683,,PO BOX 1324,,DARIEN,GA,31305-0132,A,A,,11/03/2017,11/03/2017,11/03/2017,IN PERSON,NO,NO,,NO,DARI,1771,001,003,167,ATLC,00103,098009,00080,92,
MCINTOSH,00545495,MERRIMAN,LESLEE,JAN,,509,FORT KING GEORGE DR, ,DARIEN,GA,31305-9486,509,FORT KING GEORGE DR,,DARIEN,GA,31305-9486,A,A,,10/30/2017,10/30/2017,10/30/2017,IN PERSON,NO,NO,,NO,DARI,1771,001,003,167,ATLC,00103,098009,00047,49,
MCINTOSH,00544311,COX,JOHN,W,,500,2ND ST, ,DARIEN,GA,31305,,PO BOX 1479,,DARIEN,GA,31305-0147,A,A,,10/31/2017,10/31/2017,10/31/2017,IN PERSON,NO,NO,,NO,DARI,1771,001,003,167,ATLC,00103,098009,00057,63,
MCINTOSH,02425938,POTTS,DALE,S,,407,2ND ST, ,DARIEN,GA,31305,,PO BOX 2699,,DARIEN,GA,31305-0433,A,A,,10/18/2017,10/18/2017,10/18/2017,IN PERSON,NO,NO,,NO,DARI,1771,001,003,167,ATLC,00103,098009,00008,9,
MCINTOSH,06224384,COLLADO,LILIAN,R,,707,ADAMS ST, ,DARIEN,GA,31305-8913,,PO BOX 2457,,DARIEN,GA,31305-0245,A,A,,11/03/2017,11/03/2017,11/03/2017,IN PERSON,NO,NO,,NO,DARI,1771,001,003,167,ATLC,00103,098009,00077,88,
MCINTOSH,01418877,PENDLEY,WESLEY,D,,406,JACKSON ST, ,DARIEN,GA,31305,406,JACKSON ST,,DARIEN,GA,31305,A,A,,11/01/2017,11/01/2017,11/01/2017,IN PERSON,NO,NO,,NO,DARI,1771,001,003,167,ATLC,00103,098009,00060,66,
MCINTOSH,05349491,KAPPLER,TOMMIE,BENNETT,,1004,FORT KING GEORGE DR, ,DARIEN,GA,31305-9021,,PO BOX 596,,DARIEN,GA,31305-0059,A,A,,11/01/2017,11/01/2017,11/01/2017,IN PERSON,NO,NO,,NO,DARI,1771,001,003,167,ATLC,00103,098009,00061,69,
MCINTOSH,07352333,KENNEDY,THOMAS,PORTER,,1110,UTAH ST, ,DARIEN,GA,31305,,P.O. BOX 655,,DARIEN,GA,31305,A,A,,10/27/2017,10/27/2017,10/27/2017,IN PERSON,NO,NO,,NO,DARI,1771,001,003,167,ATLC,00103,098009,00036,37,
MCINTOSH,00543155,WILLIAMS,JANET,B,,503,PACK ST, ,DARIEN,GA,31305-8919,,PO BOX 294,,DARIEN,GA,31305-0029,A,A,,10/31/2017,10/31/2017,10/31/2017,IN PERSON,NO,NO,,NO,DARI,1771,001,003,167,ATLC,00103,098009,00052,54,
MCINTOSH,02218898,WISHAM,VIRGINIA,M,,413,PACK ST, ,DARIEN,GA,31305-8917,,PO BOX 684,,DARIEN,GA,31305-0068,A,A,,10/24/2017,10/24/2017,10/24/2017,IN PERSON,NO,NO,,NO,DARI,1771,001,003,167,ATLC,00103,098009,00028,29,
MCINTOSH,04729585,STENANDER,JAMES,BRADLEY,,812,RIDGE RD, ,DARIEN,GA,31305-9495,,PO BOX 2691,,DARIEN,GA,31305-0269,A,A,,10/30/2017,10/30/2017,10/30/2017,IN PERSON,NO,NO,,NO,DARI,1771,001,003,167,ATLC,00103,098009,00039,40,
MCINTOSH,08310242,VIERA,JOANN,,,201,BROAD ST, ,DARIEN,GA,31305-8805,,PO BOX 2700,,DARIEN,GA,31305-0270,A,A,,10/25/2017,10/25/2017,10/25/2017,IN PERSON,NO,NO,,NO,DARI,1771,001,003,167,ATLC,00103,098009,00034,35,
MCINTOSH,05812560,MORAN,EARNEST,E,,534,MCINTOSH RD,L3,DARIEN,GA,31305-9781,534,MCINTOSH RD,L3,DARIEN,GA,31305-9781,A,A,,11/02/2017,11/02/2017,11/02/2017,IN PERSON,NO,NO,,NO,DARI,1771,001,003,167,ATLC,00103,098009,00074,83,
MCINTOSH,07553516,COLLADO,PAULA MAY,REYES,,707,ADAMS ST, ,DARIEN,GA,31305,,PO BOX 2457,,DARIEN,GA,31305,A,A,,11/03/2017,11/03/2017,11/03/2017,IN PERSON,NO,NO,,NO,DARI,1771,001,003,167,ATLC,00103,098009,00092,107,
MCINTOSH,05349499,KAPPLER,KATHRYN,PAGE,,1004,FORT KING GEORGE DR, ,DARIEN,GA,31305-9021,,PO BOX 596,,DARIEN,GA,31305-0059,A,A,,10/17/2017,10/17/2017,10/17/2017,IN PERSON,NO,NO,,NO,DARI,1771,001,003,167,ATLC,00103,098009,00002,2,
MCINTOSH,01115619,BIDDAR,JOY,GEORGE,,411,FORT KING GEORGE DR, ,DARIEN,GA,31305-9039,411,"PO BOX 5,FORT KING GEORGE ",,DARIEN,GA,31305,A,A,,11/03/2017,11/03/2017,11/03/2017,IN PERSON,NO,NO,,NO,DARI,1771,001,003,167,ATLC,00103,098009,00075,86,
MCINTOSH,00047133,MCLENDON,WARREN,EMORY,,404,FORT KING GEORGE DR, ,DARIEN,GA,31305-9038,404,FORT KING GEORGE DR,,DARIEN,GA,31305-9038,A,A,,10/27/2017,10/27/2017,10/27/2017,IN PERSON,NO,NO,,NO,DARI,1771,001,003,167,ATLC,00103,098009,00038,39,
MCINTOSH,07398102,MERCHANT,WANDA,CATHERINE,,534,MCINTOSH RD,D-1,DARIEN,GA,31305-9779,534,MCINTOSH RD,D-1,DARIEN,GA,31305-9779,A,,,11/02/2017,11/03/2017,,MAILED,NO,NO,DISABLED,NO,DARI,1771,001,003,167,ATLC,00103,,00012,90,
MCINTOSH,01078137,BRAUN,RICHARD,EUGENE,JR,205,4TH ST W, ,DARIEN,GA,31305,,PO BOX 593,,MIDWAY,GA,31320-0059,A,A,,10/30/2017,10/30/2017,10/30/2017,IN PERSON,NO,NO,,NO,DARI,1771,001,003,167,ATLC,00103,098009,00048,50,
MCINTOSH,06536188,HOUSTON,CHARLES,L,JR,505,FORT KING GEORGE DR, ,DARIEN,GA,31305-9486,505,FORT KING GEORGE DR,,DARIEN,GA,31305-9486,A,A,,10/30/2017,10/30/2017,10/30/2017,IN PERSON,NO,NO,,NO,DARI,1771,001,003,167,ATLC,00103,098009,00042,43,
MCINTOSH,04326830,HIGGINS,MICHAEL,PETER,,300,4TH ST W, ,DARIEN,GA,31305,,P.O. BOX 2338,,DARIEN,GA,31305,A,A,,11/01/2017,11/01/2017,11/06/2017,MAILED,NO,NO,,NO,DARI,1771,001,003,167,ATLC,00103,,00008,68,
MCINTOSH,00412637,OREAR,SANDRA,DIANE,,504,FORT KING GEORGE DR, ,DARIEN,GA,31305,504,FORT KING GEORGE DR,,DARIEN,GA,31305,A,A,,10/19/2017,10/19/2017,10/19/2017,IN PERSON,NO,NO,,NO,DARI,1771,001,003,167,ATLC,00103,098009,00014,15,
MCINTOSH,07213419,SHEPHERD,IVY,SCARLETT,,106,BROAD ST, ,DARIEN,GA,31305,,PO BOX 925,,DARIEN,GA,31305-0925,A,A,,11/02/2017,11/02/2017,11/02/2017,IN PERSON,NO,NO,,NO,DARI,1771,001,003,167,ATLC,00103,098009,00068,77,
MCINTOSH,00543108,THORPE,WILLIAM,LAWRENCE,,501,MCINTOSH DR, ,DARIEN,GA,31305-9537,501,MCINTOSH DR,,DARIEN,GA,31305-9537,A,A,,11/02/2017,11/02/2017,11/07/2017,MAILED,NO,NO,ELDERLY,NO,DARI,1771,001,003,167,ATLC,00103,,00010,84,
MCINTOSH,06033655,LANGSTON,SONDRA,KAY,,305,ELBERT ST, ,DARIEN,GA,31305-9259,,PO BOX 774,,DARIEN,GA,31305-0077,A,A,,11/02/2017,11/02/2017,11/02/2017,IN PERSON,NO,NO,,NO,DARI,1771,001,003,167,ATLC,00103,098009,00070,79,
MCINTOSH,06033653,LANGSTON,ROBERT,M,,305,ELBERT ST, ,DARIEN,GA,31305-9259,,PO BOX 774,,DARIEN,GA,31305-0077,A,A,,11/03/2017,11/03/2017,11/03/2017,IN PERSON,NO,NO,,NO,DARI,1771,001,003,167,ATLC,00103,098009,00078,89,
MCINTOSH,06727076,ATKINSON,STEPHEN,MATTHIAS,,511,GREENE ST, ,DARIEN,GA,31305-9476,,PO BOX 1009,,DARIEN,GA,31305-0100,A,,,10/31/2017,10/31/2017,,MAILED,NO,NO,,NO,DARI,1771,001,003,167,ATLC,00103,,00003,58,
MCINTOSH,00544255,SKEEN,NICOLE,,,1109,ALABAMA ST,C2,DARIEN,GA,31305,1109,ALABAMA ST,C2,DARIEN,GA,31305,A,A,,11/03/2017,11/03/2017,11/03/2017,IN PERSON,NO,NO,,NO,DARI,1771,001,003,167,ATLC,00103,098009,00093,108,
MCINTOSH,00544031,DAVIS,CAROLYN,JEAN,,206,3RD ST W, ,DARIEN,GA,31305-9343,,PO BOX 124,,DARIEN,GA,31305-0012,A,A,,10/24/2017,10/24/2017,10/24/2017,IN PERSON,NO,NO,,NO,DARI,1771,001,003,167,ATLC,00103,098009,00029,30,
MCINTOSH,00544563,FLANDERS,LLOYD,Y,,705,FORT KING GEORGE DR, ,DARIEN,GA,31305-9012,,PO BOX 542,,DARIEN,GA,31305-0054,A,A,,11/02/2017,11/02/2017,11/02/2017,IN PERSON,NO,NO,,NO,DARI,1771,001,003,167,ATLC,00103,098009,00067,76,
MCINTOSH,05847903,BLUESTEIN,MEYER,DAVIS,,103,FRANKLIN ST, ,DARIEN,GA,31305-9066,,PO BOX 493,,DARIEN,GA,31305-0049,A,A,,10/20/2017,10/20/2017,10/20/2017,IN PERSON,NO,NO,,NO,DARI,1771,001,003,167,ATLC,00103,098009,00018,19,
MCINTOSH,06654369,KARWACKI,CATHERINE,PONTELLO,,402,1ST ST W, ,DARIEN,GA,31305-9471,,PO BOX 555,,DARIEN,GA,31305-0055,A,A,,10/24/2017,10/24/2017,10/24/2017,IN PERSON,NO,NO,,NO,DARI,1771,001,003,167,ATLC,00103,098009,00030,31,
MCINTOSH,10637457,DOUGLAS,NOAH,PEYTON,,203,WALTON ST, ,DARIEN,GA,31305,,PO BOX 233,,CRESCENT,GA,31304,A,A,,10/23/2017,10/23/2017,10/23/2017,IN PERSON,NO,NO,,NO,DARI,1771,001,003,167,ATLC,00103,098009,00020,21,
MCINTOSH,10635233,LIST,DAVID,,,513,MCINTOSH DR, ,DARIEN,GA,31305,,P.O. BOX 2700,,DARIEN,GA,31305,A,A,,10/26/2017,10/26/2017,10/26/2017,IN PERSON,NO,NO,,NO,DARI,1771,001,003,167,ATLC,00103,098009,00035,36,
MCINTOSH,05847962,MERRIMAN,WILLIAM,WILEY,,509,FORT KING GEORGE DR, ,DARIEN,GA,31305-9486,509,FORT KING GEORGE DR,,DARIEN,GA,31305-9486,A,A,,10/18/2017,10/18/2017,10/18/2017,IN PERSON,NO,NO,,NO,DARI,1771,001,003,167,ATLC,00103,098009,00012,13,
MCINTOSH,01124679,MASSEY,WILLIAM,RUSSELL,,451,ADAMS ST, ,DARIEN,GA,31305,,P.O. BOX 503,,DARIEN,GA,31305,A,A,,11/03/2017,11/03/2017,11/03/2017,IN PERSON,NO,NO,,NO,DARI,1771,001,003,167,ATLC,00103,098009,00085,98,
MCINTOSH,01511929,GLENN,MARGARET,A,,504,3RD ST W, ,DARIEN,GA,31305,,PO BOX 22,,DARIEN,GA,31305,A,A,,11/02/2017,11/02/2017,11/02/2017,IN PERSON,NO,NO,,NO,DARI,1771,001,003,167,ATLC,00103,098009,00071,80,
MCINTOSH,07265094,BARROW,KAY,MILLER,,201,SCREVEN ST, ,DARIEN,GA,31305,,PO BOX 521,,DARIEN,GA,31305,A,A,,10/19/2017,10/19/2017,10/19/2017,IN PERSON,NO,NO,,NO,DARI,1771,001,003,167,ATLC,00103,098009,00015,16,
MCINTOSH,01269696,SAUNDS,JANET,H,,208,2ND ST, ,DARIEN,GA,31305,,PO BOX 2273,,DARIEN,GA,31305-0227,A,A,,10/18/2017,10/18/2017,10/18/2017,IN PERSON,NO,NO,,NO,DARI,1771,001,003,167,ATLC,00103,098009,00011,12,
MCINTOSH,00542789,GALE,DWIGHT,DARWIN,,1100,CONGRESS ST, ,DARIEN,GA,31305-8944,1100,CONGRESS ST,,DARIEN,GA,31305-8944,A,A,,11/03/2017,11/03/2017,11/03/2017,MAILED,NO,NO,DISABLED,NO,DARI,1771,001,003,167,ATLC,00103,,00014,99,
MCINTOSH,01355352,CURRIE,KAY,M,,300,SECOND ST E,C,DARIEN,GA,31305,300,SECOND ST E,C,DARIEN,GA,31305,A,A,,10/17/2017,10/17/2017,10/17/2017,IN PERSON,NO,NO,,NO,DARI,1771,001,003,167,ATLC,00103,098009,00005,6,
MCINTOSH,05847901,LANDEL,FRANCES,G,,508,2ND ST, ,DARIEN,GA,31305,,PO BOX 523,,DARIEN,GA,31305-0052,A,A,,11/02/2017,11/02/2017,11/02/2017,IN PERSON,NO,NO,,NO,DARI,1771,001,003,167,ATLC,00103,098009,00062,70,
MCINTOSH,02363771,LEWIS,ANN,D,,508,FORT KING GEORGE DR, ,DARIEN,GA,31305,508,FORT KING GEORGE DR,,DARIEN,GA,31305,A,C,Other,10/30/2017,,,MAILED,NO,NO,ELDERLY,NO,DARI,1771,001,003,167,ATLC,00103,,,,
MCINTOSH,07274858,COLLADO,JAIME,SAURA,,707,ADAMS ST, ,DARIEN,GA,31305-8913,,PO BOX 2457,,DARIEN,GA,31305-0245,A,A,,10/30/2017,10/30/2017,10/30/2017,IN PERSON,NO,NO,,NO,DARI,1771,001,003,167,ATLC,00103,098009,00046,47,
MCINTOSH,00543151,WILLIAMS,CHERYL,L,,1005,CONGRESS ST, ,DARIEN,GA,31305-8943,,PO BOX 813,,DARIEN,GA,31305-0081,A,A,,11/03/2017,11/03/2017,11/03/2017,IN PERSON,NO,NO,,NO,DARI,1771,001,003,167,ATLC,00103,098009,00082,94,
MCINTOSH,00542622,BLUESTEIN,ANN,M,,300,FORT KING GEORGE DR, ,DARIEN,GA,31305-9040,,PO BOX 513,,DARIEN,GA,31305-0051,A,A,,11/02/2017,11/02/2017,11/02/2017,IN PERSON,NO,NO,,NO,DARI,1771,001,003,167,ATLC,00103,098009,00072,81,
MCINTOSH,05530070,DWELLEY,STEPHEN,MARK,,406,4TH ST W, ,DARIEN,GA,31305-9357,406,4TH ST W,,DARIEN,GA,31305-9357,A,R,Insufficient Oath Information,01/19/2016,11/01/2017,11/07/2017,MAILED,NO,NO,DISABLED,NO,DARI,1771,001,003,167,ATLC,00103,,00007,67,
MCINTOSH,03708708,BONDS,JAMES,W,,411,FORT KING GEORGE DR, ,DARIEN,GA,31305-9039,,PO BOX 5,,DARIEN,GA,31305,A,A,,10/23/2017,10/23/2017,10/23/2017,IN PERSON,NO,NO,,NO,DARI,1771,001,003,167,ATLC,00103,098009,00024,25,
MCINTOSH,01358362,DORMINEY,GWENDOLYN,M,,1300,WAYNE ST, ,DARIEN,GA,31305-9683,,PO BOX 1324,,DARIEN,GA,31305-0132,A,A,,11/03/2017,11/03/2017,11/03/2017,IN PERSON,NO,NO,,NO,DARI,1771,001,003,167,ATLC,00103,098009,00084,97,
MCINTOSH,06884167,COGNETTI,TERESA,ROSS,,201,SIXTH ST E, ,DARIEN,GA,31305-9627,,PO BOX 472,,DARIEN,GA,31305-0047,A,A,,10/31/2017,10/31/2017,10/31/2017,IN PERSON,NO,NO,,NO,DARI,1771,001,003,167,ATLC,00103,098009,00055,57,
MCINTOSH,08153570,NOBLE,KEVIN,L,,511,GREENE ST, ,DARIEN,GA,31305-9476,,PO BOX 63,,DARIEN,GA,31305-0006,A,C,Voter Requested Cancel,10/31/2017,10/31/2017,11/07/2017,MAILED,NO,NO,,NO,DARI,1771,001,003,167,ATLC,00103,,00005,60,
MCINTOSH,10047640,SHAW,MARY,PATRICIA,,307,THIRD ST, ,DARIEN,GA,31305,,P.O. BOX 664,,DARIEN,GA,31305-0000,A,A,,10/17/2017,10/17/2017,10/17/2017,IN PERSON,NO,NO,,NO,DARI,1771,001,003,167,ATLC,00103,098009,00001,1,
MCINTOSH,00544052,KENNEDY,MARTHA,D,,909,FORT KING GEORGE DR, ,DARIEN,GA,31305-9025,,PO BOX 732,,DARIEN,GA,31305-0073,A,A,,11/03/2017,11/03/2017,11/03/2017,IN PERSON,NO,NO,,NO,DARI,1771,001,003,167,ATLC,00103,098009,00083,95,
MCINTOSH,00543819,TEMPLE,ELIZABETH,,,511,GREENE ST, ,DARIEN,GA,31305-9476,,PO BOX 1009,,DARIEN,GA,31305-0100,A,R,Insufficient Oath Information,04/21/2016,10/31/2017,11/07/2017,MAILED,NO,NO,DISABLED,NO,DARI,1771,001,003,167,ATLC,00103,,00006,61,
MCINTOSH,04981676,KARWACKI,DAVID,ANTHONY,,402,1ST ST W, ,DARIEN,GA,31305,,PO BOX 555,,DARIEN,GA,31305,A,A,,11/03/2017,11/03/2017,11/03/2017,IN PERSON,NO,NO,,NO,DARI,1771,001,003,167,ATLC,00103,098009,00091,105,
MCINTOSH,01120127,MARONEY,KATHLEEN,MARIE,,105,BROAD ST,D,DARIEN,GA,31305,,PO BOX 2730,,DARIEN,GA,31305,A,A,,10/25/2017,10/25/2017,10/25/2017,IN PERSON,NO,NO,,NO,DARI,1771,001,003,167,ATLC,00103,098009,00033,34,
MCINTOSH,05959397,ALLEN,DOROTHY,E,,305,ELBERT ST, ,DARIEN,GA,31305-9259,305,ELBERT ST,,DARIEN,GA,31305-9259,A,A,,11/02/2017,11/02/2017,11/02/2017,IN PERSON,NO,NO,,NO,DARI,1771,001,003,167,ATLC,00103,098009,00069,78,
MCINTOSH,02256161,KESSELL,TERRI,LYNN,,703,DAKOTA ST, ,DARIEN,GA,31305,703,DAKOTA ST,,DARIEN,GA,31305,A,A,,10/30/2017,10/30/2017,10/30/2017,IN PERSON,NO,NO,,NO,DARI,1771,001,003,167,ATLC,00103,098009,00044,45,
MCINTOSH,00543158,WILLIAMS,WILLIAM,JOEL,,503,PACK ST, ,DARIEN,GA,31305-8919,,PO BOX 294,,DARIEN,GA,31305-0029,A,A,,10/31/2017,10/31/2017,10/31/2017,IN PERSON,NO,NO,,NO,DARI,1771,001,003,167,ATLC,00103,098009,00053,55,
MCINTOSH,00476407,BIDDLE,CHARLES,DAVID,,1012,WAYNE ST, ,DARIEN,GA,31305,1012,WAYNE ST,,DARIEN,GA,31305,A,A,,10/18/2017,10/18/2017,10/18/2017,IN PERSON,NO,NO,,NO,DARI,1771,001,003,167,ATLC,00103,098009,00007,8,
MCINTOSH,01123842,MOCK,FRANCES,LINDA,,233,FORT KING GEORGE DR, ,DARIEN,GA,31305-9027,,PO BOX 671,,DARIEN,GA,31305-0067,A,A,,10/20/2017,10/20/2017,10/20/2017,IN PERSON,NO,NO,,NO,DARI,1771,001,003,167,ATLC,00103,098009,00019,20,
MCINTOSH,00545503,GALE,SHERRY,ANNE,,1001,MURRAY TOWNSEND RD, ,DARIEN,GA,31305-9687,,PO BOX 915,,DARIEN,GA,31305-0091,A,A,,10/25/2017,10/25/2017,10/25/2017,IN PERSON,NO,NO,,NO,DARI,1771,001,003,167,ATLC,00103,098009,00032,33,
MCINTOSH,10133058,COLLADO,VINCENT,REYES,,707,ADAMS ST, ,DARIEN,GA,31305,PO,BOX 2457,,DARIEN,GA,31305-2457,A,A,,11/03/2017,11/03/2017,11/03/2017,IN PERSON,NO,NO,,NO,DARI,1771,001,003,167,ATLC,00103,098009,00076,87,
MCINTOSH,00544470,MCINTOSH,MARY,C,,530,MCINTOSH DR, ,DARIEN,GA,31305-9536,530,MCINTOSH DR,,DARIEN,GA,31305-9536,A,A,,11/03/2017,11/03/2017,11/03/2017,IN PERSON,NO,NO,,NO,DARI,1771,001,003,167,ATLC,00103,098009,00090,104,
MCINTOSH,04576923,SHEFFIELD,SHARITA,LASHAE,,511,GREENE ST, ,DARIEN,GA,31305-9476,,PO BOX 1009,,DARIEN,GA,31305-0100,A,A,,10/31/2017,10/31/2017,11/07/2017,MAILED,NO,NO,,NO,DARI,1771,001,003,167,ATLC,00103,,00004,59,
MCINTOSH,00542252,GRINSTEAD,CHARLES,A,,611,GREENE ST, ,DARIEN,GA,31305,,PO BOX 482,,DARIEN,GA,31305-0048,A,A,,10/23/2017,10/23/2017,10/23/2017,IN PERSON,NO,NO,,NO,DARI,1771,001,003,167,ATLC,00103,098009,00023,24,
MCINTOSH,10321454,SCHOCH,CYNTHIA,JOAN,,1203,FORT KING GEORGE DR, ,DARIEN,GA,31305,1203,FORT KING GEORGE DR,,DARIEN,GA,31305,A,A,,11/02/2017,11/02/2017,11/02/2017,IN PERSON,NO,NO,,NO,DARI,1771,001,003,167,ATLC,00103,098009,00064,72,
MCINTOSH,10114185,GOYETTE,ROGER,MITCHELL,,1104,FORT KING GEORGE DR, ,DARIEN,GA,31305,1104,FORT KING GEORGE DR,,DARIEN,GA,31305,A,A,,10/17/2017,10/17/2017,10/17/2017,IN PERSON,NO,NO,,NO,DARI,1771,001,003,167,ATLC,00103,098009,00004,5,
MCINTOSH,00545729,FEENEY,BRIAN,JOSEPH,,302,4TH ST W, ,DARIEN,GA,31305,302,4TH ST W,,DARIEN,GA,31305,A,A,,10/31/2017,10/31/2017,10/31/2017,IN PERSON,NO,NO,,NO,DARI,1771,001,003,167,ATLC,00103,098009,00049,51,
