County,Voter Registration #,Last Name,First Name,Middle Name,Suffix,Street #,Street Name,Apt/Unit,City,State,Zip Code,Mailing Street #,Mailing Street Name,Mailing Apt/Unit,Mailing City,Mailing State,Mailing Zip Code,Application Status,Ballot Status,Status Reason,Application Date,Ballot Issued Date,Ballot Return Date,Ballot Style,Ballot Assisted,Challenged/Provisional,Designation/Reason Issue,ID Required,Municipal Precinct,County Precinct,CNG,SEN,HOUSE	,JUD,Combo #,Vote Center ID,Ballot ID,Post #,Party
PAULDING,00872300,DOUGHERTY,EVA,,,164,ROBERTS ST, ,DALLAS,GA,30132-3708,164,ROBERTS ST,,DALLAS,GA,30132-3708,A,A,,10/31/2017,10/31/2017,10/31/2017,IN PERSON,NO,NO,,NO,D,06B,014,031,017,PAUL,00315,110046,00076,137,
PAULDING,04043888,SIMS,APRIL,JACKSON,,502,C W SIMS RD, ,HIRAM,GA,30141-2664,502,C W SIMS RD,,HIRAM,GA,30141-2664,A,A,,10/26/2017,10/26/2017,10/26/2017,IN PERSON,NO,NO,,NO,H,07B,014,031,019,PAUL,00307,110012,00030,103,
PAULDING,00875475,HENSON,JAMES,RICHARD,,310,HARDEE ST, ,DALLAS,GA,30132,,PO BOX 881,,DALLAS,GA,30132-0001,A,A,,10/19/2017,10/19/2017,10/19/2017,IN PERSON,NO,NO,,NO,D,06B,014,031,017,PAUL,00314,110046,00015,40,
PAULDING,10412692,ROSS,PETER,SCOTT,,202,HORIZON WAY, ,DALLAS,GA,30157,202,HORIZON WAY,,DALLAS,GA,30157,A,A,,11/01/2017,11/01/2017,11/01/2017,IN PERSON,NO,NO,,NO,D,06B,014,031,017,PAUL,00314,110046,00085,151,
PAULDING,03490078,GARLAND,BERNISE,A,,600,W MEMORIAL DR,R209,DALLAS,GA,30132,600,W MEMORIAL DR,R209,DALLAS,GA,30132,A,A,,11/02/2017,11/02/2017,11/07/2017,MAILED,NO,NO,DISABLED,NO,D,06B,014,031,017,PAUL,00314,,00026,180,
PAULDING,08921680,MORAN,SUSANNE,J,,310,WESTCHESTER CLUB DR, ,HIRAM,GA,30141,310,WESTCHESTER CLUB DR,,HIRAM,GA,30141,A,A,,10/18/2017,10/18/2017,10/18/2017,IN PERSON,NO,NO,,NO,H,12B,014,030,067,PAUL,00308,110012,00004,26,
PAULDING,03003113,HOLT,DAVID,ROBERT,,301,CONFEDERATE AVE, ,DALLAS,GA,30132-3710,301,CONFEDERATE AVE,,DALLAS,GA,30132-3710,A,A,,10/24/2017,10/24/2017,10/24/2017,IN PERSON,NO,NO,,NO,D,06B,014,031,017,PAUL,00315,110046,00042,81,
PAULDING,00506980,ROLLINS,CARMEN,CLARK,,122,POWDER SPRINGS ST, ,HIRAM,GA,30141-3214,122,POWDER SPRINGS ST,,HIRAM,GA,30141-3214,A,A,,10/27/2017,10/27/2017,10/27/2017,IN PERSON,NO,NO,,NO,H,10B,014,031,019,PAUL,00307,110012,00033,116,
PAULDING,05841245,JORDAN,DAVID,M,,50,HUNT ST, ,HIRAM,GA,30141-2517,50,HUNT ST,,HIRAM,GA,30141-2517,A,A,,10/05/2017,10/16/2017,11/06/2017,MAILED,NO,NO,DISABLED,NO,H,07B,014,031,019,PAUL,00307,,00006,2,
PAULDING,05565917,MOYSE,TAMMY,SUE,,221,MILLS CREEK PATH, ,HIRAM,GA,30141,221,MILLS CREEK PATH,,HIRAM,GA,30141,A,A,,10/27/2017,10/27/2017,10/27/2017,IN PERSON,NO,NO,,NO,H,10B,014,031,019,PAUL,00307,110012,00035,120,
PAULDING,00871046,COLE,TRINIDA,G,,247,POWDER SPRINGS ST, ,HIRAM,GA,30141,,PO BOX 17,,HIRAM,GA,30141-0001,A,A,,10/27/2017,10/27/2017,10/27/2017,IN PERSON,NO,NO,,NO,H,10B,014,031,019,PAUL,00307,110012,00037,122,
PAULDING,00884731,TIBBITTS,J,E,,458,PARIS RD, ,DALLAS,GA,30132,,PO BOX 132,,DALLAS,GA,30132,A,A,,10/30/2017,10/30/2017,11/01/2017,MAILED,NO,NO,ELDERLY,NO,D,07B,014,031,019,PAUL,00302,,00021,132,
PAULDING,10620889,COHEN,SCOTT,TRACY,,47,POWDER SPRINGS ST, ,HIRAM,GA,30141,47,POWDER SPRINGS ST,,HIRAM,GA,30141,A,A,,11/01/2017,11/01/2017,11/01/2017,IN PERSON,NO,NO,,NO,H,10B,014,031,019,PAUL,00307,110012,00043,155,
PAULDING,00881128,PHILLIPS,RAYMOND,F,,562,HARDEE ST,STE A,DALLAS,GA,30132,562,HARDEE ST,STE A,DALLAS,GA,30132,A,A,,10/24/2017,10/24/2017,10/24/2017,IN PERSON,NO,NO,,NO,D,06B,014,031,017,PAUL,00314,110046,00047,88,
PAULDING,03635515,RAY,MARILYN,JEAN,,306,PROVIDENCE DR, ,DALLAS,GA,30157-7465,306,PROVIDENCE DR,,DALLAS,GA,30157-7465,A,A,,10/24/2017,10/24/2017,10/24/2017,IN PERSON,NO,NO,,NO,D,06B,014,031,017,PAUL,00314,110046,00039,78,
PAULDING,06771374,HOGAN,TANYA,LYNN,,142,WESTWOOD DR, ,DALLAS,GA,30132,,PO BOX 1352,,DALLAS,GA,30132-0002,A,A,,11/03/2017,11/03/2017,11/03/2017,IN PERSON,NO,NO,,NO,D,06B,014,031,017,PAUL,00315,110046,00113,198,
PAULDING,00883285,SIMS,JANET,L,,474,C W SIMS RD, ,HIRAM,GA,30141-2666,474,C W SIMS RD,,HIRAM,GA,30141-2666,A,A,,10/18/2017,10/18/2017,10/18/2017,IN PERSON,NO,NO,,NO,H,07B,014,031,019,PAUL,00307,110012,00007,31,
PAULDING,07390248,DIABY,JENNIE,JESTINE,,102,MIRAGE DR, ,DALLAS,GA,30157-2800,102,MIRAGE DR,,DALLAS,GA,30157-2800,A,A,,10/26/2017,10/26/2017,10/26/2017,IN PERSON,NO,NO,,NO,D,06B,014,031,017,PAUL,00314,110046,00059,107,
PAULDING,08296998,GIBSON,GLORIA,E,,101,MIRAGE DR, ,DALLAS,GA,30157-2801,101,MIRAGE DR,,DALLAS,GA,30157-2801,A,A,,11/02/2017,11/02/2017,11/02/2017,IN PERSON,NO,NO,,NO,D,06B,014,031,017,PAUL,00314,110046,00095,169,
PAULDING,05353125,LEWIS,JEANNIE,CATLIN,,541,S FORTUNE WAY, ,DALLAS,GA,30157,541,S FORTUNE WAY,,DALLAS,GA,30157,A,A,,10/24/2017,10/24/2017,10/24/2017,IN PERSON,NO,NO,,NO,D,06B,014,031,017,PAUL,00314,110046,00036,75,
PAULDING,00873844,ALLEN,JOY,G,,110,E SKYLINE VW, ,DALLAS,GA,30157,110,E SKYLINE VW,,DALLAS,GA,30157,A,A,,10/27/2017,10/27/2017,10/27/2017,IN PERSON,NO,NO,,NO,D,06B,014,031,017,PAUL,00314,110046,00060,108,
PAULDING,11206583,KUDWA,JOSHUA,ALEXANDER,,195,POLK AVE, ,DALLAS,GA,30132,195,POLK AVE,,DALLAS,GA,30132,A,A,,11/01/2017,11/01/2017,11/01/2017,IN PERSON,NO,NO,,NO,D,06B,014,031,017,PAUL,00315,110046,00087,153,
PAULDING,00875196,HATHCOCK,SANDRA,,,201,POLK AVE, ,DALLAS,GA,30132-3602,,PO BOX 234,,DALLAS,GA,30132,A,A,,10/24/2017,10/24/2017,10/24/2017,IN PERSON,NO,NO,,NO,D,06B,014,031,017,PAUL,00315,110046,00033,72,
PAULDING,00885043,TURNER,DONALD,P,,36,S FORTY PASS E, ,HIRAM,GA,30141-3916,36,S FORTY PASS E,,HIRAM,GA,30141-3916,A,A,,11/02/2017,11/02/2017,11/02/2017,IN PERSON,NO,NO,,NO,H,10B,014,031,019,PAUL,00307,110012,00053,191,
PAULDING,07900247,FIELDS,BRANDON,KYLE,,72,ARNOLD LN, ,HIRAM,GA,30141,72,ARNOLD LN,,HIRAM,GA,30141,A,A,,10/18/2017,10/18/2017,10/18/2017,IN PERSON,NO,NO,,NO,H,10B,014,031,019,PAUL,00307,110012,00002,23,
PAULDING,00881581,PRUITT,RODNEY,LEANDER,,129,GLENN ST,APT# 2,DALLAS,GA,30132,129,GLENN ST,APT# 2,DALLAS,GA,30132,A,A,,10/17/2017,10/17/2017,10/17/2017,IN PERSON,NO,NO,,NO,D,06B,014,031,017,PAUL,00314,110046,00010,22,
PAULDING,00916875,TIBBITTS,SHEILA,PAYNE,,270,PARIS RD, ,DALLAS,GA,30132,270,PARIS RD,,DALLAS,GA,30132,A,A,,11/01/2017,11/01/2017,11/01/2017,IN PERSON,NO,NO,,NO,D,07B,014,031,019,PAUL,00302,110046,00090,160,
PAULDING,00875157,HARTSFIELD,ANGELA,A,,194,ALEXANDER ST, ,HIRAM,GA,30141,,PO BOX 657,,HIRAM,GA,30141,A,A,,10/18/2017,10/18/2017,10/18/2017,IN PERSON,NO,NO,,NO,H,07B,014,031,019,PAUL,00307,110012,00012,36,
PAULDING,00874187,GRANT,BILLY,E,,509,MAIN ST, ,HIRAM,GA,30141,,PO BOX 101,,HIRAM,GA,30141-0010,A,A,,10/05/2017,10/16/2017,10/24/2017,MAILED,NO,NO,ELDERLY,NO,H,10B,014,031,019,PAUL,00307,,00004,3,
PAULDING,10499621,MONTFORD,NEENA,NANETTE,,210,HILLCREST CIR, ,HIRAM,GA,30141,210,HILLCREST CIR,,HIRAM,GA,30141,A,A,,10/19/2017,10/19/2017,10/19/2017,IN PERSON,NO,NO,,NO,H,07B,014,031,019,PAUL,00307,110012,00019,48,
PAULDING,00869488,BROWN,PEGGY,S,,378,C W SIMS RD, ,HIRAM,GA,30141,378,C W SIMS RD,,HIRAM,GA,30141,A,A,,10/18/2017,10/18/2017,10/18/2017,IN PERSON,NO,NO,,NO,H,07B,014,031,019,PAUL,00307,110012,00008,32,
PAULDING,02268757,NEAVERTH,ELMER,J,JR,506,WESTCHESTER CLUB DR, ,HIRAM,GA,30141,506,WESTCHESTER CLUB DR,,HIRAM,GA,30141,A,A,,11/02/2017,11/02/2017,11/02/2017,IN PERSON,NO,NO,,NO,H,12B,014,030,067,PAUL,00308,110046,00105,184,
PAULDING,00867864,AUSTIN,BOYD,L,JR,255,CONFEDERATE AVE, ,DALLAS,GA,30132-3707,255,CONFEDERATE AVE,,DALLAS,GA,30132-3707,A,A,,10/16/2017,10/16/2017,10/16/2017,IN PERSON,NO,NO,,NO,D,06B,014,031,017,PAUL,00315,110046,00001,1,
PAULDING,00870501,CHASTAIN,MARY,SUE,,300,CHURCH ST, ,DALLAS,GA,30132,,POBOX 223,,DALLAS,GA,30132,A,A,,11/01/2017,11/01/2017,11/07/2017,MAILED,NO,NO,DISABLED,NO,D,06B,014,031,017,PAUL,00314,,00023,165,
PAULDING,00869848,BUTLER,SAVANAH,L,,337,E FOSTER AVE,UNIT 151,DALLAS,GA,30132-4734,337,E FOSTER AVE,UNIT 151,DALLAS,GA,30132-4734,A,A,,10/19/2017,10/19/2017,10/26/2017,MAILED,NO,NO,ELDERLY,NO,D,06B,014,031,017,PAUL,00314,,00010,46,
PAULDING,00868368,BEAM,JANNE,S,,207,PROVIDENCE DR, ,DALLAS,GA,30157,207,PROVIDENCE DR,,DALLAS,GA,30157,A,A,,10/31/2017,10/31/2017,10/31/2017,IN PERSON,NO,NO,,NO,D,06B,014,031,017,PAUL,00314,110046,00084,150,
PAULDING,10464239,STERN-KLEIMAN,WENDY,RICE,,534,S FORTUNE WAY, ,DALLAS,GA,30157,534,S FORTUNE WAY,,DALLAS,GA,30157,A,A,,10/17/2017,10/17/2017,10/17/2017,IN PERSON,NO,NO,,NO,D,06B,014,031,017,PAUL,00314,110046,00009,21,
PAULDING,05419731,FITZGERALD,HELENE,MARIA,,98,ALEXANDER ST, ,HIRAM,GA,30141,,PO BOX 1644,,HIRAM,GA,30141-0164,A,A,,10/19/2017,10/19/2017,10/19/2017,IN PERSON,NO,NO,,NO,H,07B,014,031,019,PAUL,00307,110012,00017,44,
PAULDING,08623035,STOVALL,LEONARD,,,101,EDGEVIEW CT, ,DALLAS,GA,30157-7239,101,EDGEVIEW CT,,DALLAS,GA,30157-7239,A,A,,10/31/2017,10/31/2017,10/31/2017,IN PERSON,NO,NO,,NO,D,06B,014,031,017,PAUL,00314,110046,00083,149,
PAULDING,08467596,MERENESS,BENJAMIN,DEAN,,111,BELLE CHASSE, ,DALLAS,GA,30157,111,BELLE CHASSE,,DALLAS,GA,30157,A,A,,10/25/2017,10/25/2017,10/25/2017,IN PERSON,NO,NO,,NO,D,06B,014,031,017,PAUL,00314,110046,00053,95,
PAULDING,00869185,BRALY,SAMUEL,M,,278,BRALY PATH, ,DALLAS,GA,30132-7490,278,BRALY PATH,,DALLAS,GA,30132-7490,A,A,,10/19/2017,10/19/2017,10/19/2017,IN PERSON,NO,NO,,NO,D,06B,014,031,017,PAUL,00313,110046,00016,49,
PAULDING,08356744,MURPHY,RICHARD,ALLEN,,206,SERENDIPITY WAY, ,DALLAS,GA,30157-2805,206,SERENDIPITY WAY,,DALLAS,GA,30157-2805,A,A,,10/19/2017,10/19/2017,10/19/2017,IN PERSON,NO,NO,,NO,D,06B,014,031,017,PAUL,00314,110046,00017,50,
PAULDING,05879978,MARDIS,CHARLES,MICHAEL,,115,ARENA TRL, ,DALLAS,GA,30157-7499,115,ARENA TRL,,DALLAS,GA,30157-7499,A,A,,10/23/2017,10/23/2017,10/23/2017,IN PERSON,NO,NO,,NO,D,06B,014,031,017,PAUL,00314,110046,00027,65,
PAULDING,00867652,ARNOLD,NANCY,R,,230,POLK AVE, ,DALLAS,GA,30132-3601,,PO BOX 345,,DALLAS,GA,30132,A,A,,10/17/2017,10/17/2017,10/17/2017,IN PERSON,NO,NO,,NO,D,06B,014,031,017,PAUL,00315,110046,00007,18,
PAULDING,00881909,RAMPLEY,VIRGINIA,B,,700,W MEMORIAL DR,APT. #30,DALLAS,GA,30132,700,W MEMORIAL DR,APT. #30,DALLAS,GA,30132,A,,,10/10/2017,10/16/2017,,MAILED,NO,NO,DISABLED,NO,D,06B,014,031,017,PAUL,00314,,00005,9,
PAULDING,00867352,ALEXANDER,NORMAN,W,,663,HARDY WAY, ,HIRAM,GA,30141-2015,663,HARDY WAY,,HIRAM,GA,30141-2015,A,A,,10/23/2017,10/23/2017,10/23/2017,IN PERSON,NO,NO,,NO,H,07B,014,031,019,PAUL,00307,110012,00024,62,
PAULDING,03207965,MORGAN,MYRTLE,MATTHEWS,,120,MAGAZINE ST, ,DALLAS,GA,30157-0530,120,MAGAZINE ST,,DALLAS,GA,30157-0530,A,A,,11/02/2017,11/02/2017,11/07/2017,MAILED,NO,NO,DISABLED,NO,D,06B,014,031,017,PAUL,00314,,00027,181,
PAULDING,00868180,NELSON,IMOGENE,S,,109,REMINGTON PLACE BLVD, ,DALLAS,GA,30157-0402,109,REMINGTON PLACE BLVD,,DALLAS,GA,30157-0402,A,R,Ballot Not Returned By Election Day,11/02/2017,11/02/2017,11/09/2017,MAILED,NO,NO,ELDERLY,NO,D,06B,014,031,017,PAUL,00314,,00028,182,
PAULDING,00886384,HUNT-WILLIAMS,LINDA,E,,126,SEABOARD AVE, ,HIRAM,GA,30141,126,SEABOARD AVE,,HIRAM,GA,30141,A,A,,10/20/2017,10/20/2017,10/20/2017,IN PERSON,NO,NO,,NO,H,10B,014,031,019,PAUL,00307,110012,00022,60,
PAULDING,00870819,COCHRAN,JOHN,H,,435,CONFEDERATE AVE, ,DALLAS,GA,30132,435,CONFEDERATE AVE,,DALLAS,GA,30132,A,A,,10/31/2017,10/31/2017,11/06/2017,MAILED,NO,NO,DISABLED,NO,D,06B,014,031,017,PAUL,00315,,00022,147,
PAULDING,00886279,WILLIAMS,GARY,RANDALL,,126,SEABOARD AVE, ,HIRAM,GA,30141,126,SEABOARD AVE,,HIRAM,GA,30141,A,A,,10/20/2017,10/20/2017,10/20/2017,IN PERSON,NO,NO,,NO,H,10B,014,031,019,PAUL,00307,110012,00023,61,
PAULDING,03323609,KUDWA,MICHELLE,ANN,,195,POLK AVE, ,DALLAS,GA,30132-3617,195,POLK AVE,,DALLAS,GA,30132-3617,A,A,,11/01/2017,11/01/2017,11/01/2017,IN PERSON,NO,NO,,NO,D,06B,014,031,017,PAUL,00315,110046,00086,152,
PAULDING,00878869,MCCRAY,MYRTLE,T,,350,PAULDING LN,A14,DALLAS,GA,30132-4807,350,PAULDING LN,A14,DALLAS,GA,30132-4807,A,A,,10/26/2017,10/26/2017,11/02/2017,MAILED,NO,NO,DISABLED,NO,D,06B,014,031,017,PAUL,00314,,00012,101,
PAULDING,07244387,STEPHENSON,SEAN,MICHAEL,,208,SERENDIPITY WAY, ,DALLAS,GA,30157,208,SERENDIPITY WAY,,DALLAS,GA,30157,A,A,,10/26/2017,10/26/2017,10/26/2017,IN PERSON,NO,NO,,NO,D,06B,014,031,017,PAUL,00314,110046,00056,99,
PAULDING,03037508,DEVEY,DORIS,ANN,,210,MILLS CREEK PATH, ,HIRAM,GA,30141,210,MILLS CREEK PATH,,HIRAM,GA,30141,A,A,,11/03/2017,11/03/2017,11/03/2017,IN PERSON,NO,NO,,NO,H,10B,014,031,019,PAUL,00307,110046,00119,204,
PAULDING,03307743,ARNOLD,JOHN,HENRY,,230,POLK AVE, ,DALLAS,GA,30132-3601,,PO BOX 345,,DALLAS,GA,30132,A,A,,10/17/2017,10/17/2017,10/17/2017,IN PERSON,NO,NO,,NO,D,06B,014,031,017,PAUL,00315,110046,00008,19,
PAULDING,00872718,ELLINGTON,EVELYN,D,,50,SIMS DR, ,HIRAM,GA,30141,,PO BOX 356,,HIRAM,GA,30141-0035,A,A,,10/26/2017,10/26/2017,10/26/2017,IN PERSON,NO,NO,,NO,H,07B,014,031,019,PAUL,00307,110046,00058,104,
PAULDING,06036486,SARTY,BRITTANY,NICOLE RAINER,,111,ARENA TRL, ,DALLAS,GA,30157-7499,111,ARENA TRL,,DALLAS,GA,30157-7499,A,A,,10/24/2017,10/24/2017,10/24/2017,IN PERSON,NO,NO,,NO,D,06B,014,031,017,PAUL,00314,110046,00038,77,
PAULDING,00872488,DURHAM,DORIS,C,,308,CONFEDERATE AVE, ,DALLAS,GA,30132,308,CONFEDERATE AVE,,DALLAS,GA,30132,A,A,,10/25/2017,10/25/2017,10/25/2017,IN PERSON,NO,NO,,NO,D,06B,014,031,017,PAUL,00315,110046,00052,94,
PAULDING,00872726,ELLIOTT,MARY,JANE,,171,FITZGERALD ST, ,HIRAM,GA,30141-2506,171,FITZGERALD ST,,HIRAM,GA,30141-2506,A,A,,11/02/2017,11/02/2017,11/02/2017,IN PERSON,NO,NO,,NO,H,07B,014,031,019,PAUL,00307,110012,00051,189,
PAULDING,00880079,MURPHY,WILLIAM,E,,585,HIRAM DOUGLASVILLE , ,HIRAM,GA,30141-2702,,PO BOX 116,,HIRAM,GA,30141-0011,A,A,,11/01/2017,11/01/2017,11/01/2017,IN PERSON,NO,NO,,NO,H,10B,014,031,019,PAUL,00307,110012,00047,162,
PAULDING,00872730,ELLIOTT,ROBERT,J,,171,FITZGERALD ST, ,HIRAM,GA,30141-2506,171,FITZGERALD ST,,HIRAM,GA,30141-2506,A,A,,11/02/2017,11/02/2017,11/02/2017,IN PERSON,NO,NO,,NO,H,07B,014,031,019,PAUL,00307,110012,00052,190,
PAULDING,00881120,PALMER,KAREN,ELIZABETH,,41,POWDER SPRINGS ST, ,HIRAM,GA,30141-3226,41,POWDER SPRINGS ST,,HIRAM,GA,30141-3226,A,A,,11/03/2017,11/03/2017,11/03/2017,IN PERSON,NO,NO,,NO,H,10B,014,031,019,PAUL,00307,110012,00055,210,
PAULDING,03200661,ALLEN,WILLIAM,JENKINS,SR,110,E SKYLINE VW, ,DALLAS,GA,30157,110,E SKYLINE VW,,DALLAS,GA,30157,A,A,,10/27/2017,10/27/2017,10/27/2017,IN PERSON,NO,NO,,NO,D,06B,014,031,017,PAUL,00314,110046,00061,109,
PAULDING,06282744,JOHNSON,ALLISON,WHEELER,,104,OSCAR WAY, ,DALLAS,GA,30132,104,OSCAR WAY,,DALLAS,GA,30132,A,A,,11/02/2017,11/02/2017,11/02/2017,IN PERSON,NO,NO,,NO,D,06B,014,031,017,PAUL,00315,110046,00098,172,
PAULDING,00882514,ROSE,J,H,,290,OLD ACWORTH RD, ,DALLAS,GA,30132,290,OLD ACWORTH RD,,DALLAS,GA,30132,A,A,,10/30/2017,10/30/2017,10/30/2017,IN PERSON,NO,NO,,NO,D,06B,014,031,017,PAUL,00315,110046,00071,128,
PAULDING,00869180,BRALY,DONNA,F,,278,BRALY PATH, ,DALLAS,GA,30132-7490,278,BRALY PATH,,DALLAS,GA,30132-7490,A,A,,10/20/2017,10/20/2017,10/20/2017,IN PERSON,NO,NO,,NO,D,06B,014,031,017,PAUL,00313,110046,00022,56,
PAULDING,05826517,FUTCH,SHANNON,OMILLER,,104,HERITAGE CLUB TRL, ,DALLAS,GA,30132-7551,104,HERITAGE CLUB TRL,,DALLAS,GA,30132-7551,A,A,,10/27/2017,10/27/2017,10/27/2017,IN PERSON,NO,NO,,NO,D,06B,014,031,017,PAUL,00313,110046,00062,110,
PAULDING,10742696,HARRIS,JAMES,FRANCIS,,203,SERENDIPITY WAY, ,DALLAS,GA,30157,203,SERENDIPITY WAY,,DALLAS,GA,30157,A,A,,10/19/2017,10/19/2017,10/19/2017,IN PERSON,NO,NO,,NO,D,06B,014,031,017,PAUL,00314,110046,00019,52,
PAULDING,00878569,MAULDIN,ROBERT,G,,4086,HERBERT GAMEL RD, ,DALLAS,GA,30132,,PO BOX 954,,DALLAS,GA,30132,A,A,,10/30/2017,10/30/2017,11/07/2017,MAILED,NO,NO,ELDERLY,NO,D,06B,014,031,017,PAUL,00315,,00017,127,
PAULDING,00867202,ADAIR,DANNY,W,,18,WOOD VALLEY DR, ,DALLAS,GA,30157-0503,18,WOOD VALLEY DR,,DALLAS,GA,30157-0503,A,A,,10/24/2017,10/24/2017,10/24/2017,IN PERSON,NO,NO,,NO,D,06B,014,031,017,PAUL,00314,110046,00045,86,
PAULDING,00885072,TURNER,FRANCES,LORAINE,,36,S FORTY PASS E, ,HIRAM,GA,30141-3916,36,S FORTY PASS E,,HIRAM,GA,30141-3916,A,A,,11/02/2017,11/02/2017,11/02/2017,IN PERSON,NO,NO,,NO,H,10B,014,031,019,PAUL,00307,110012,00054,192,
PAULDING,05916428,FODEN,MARGUERITE,O,,67,PROSPECT PATH, ,HIRAM,GA,30141,67,PROSPECT PATH,,HIRAM,GA,30141,A,A,,10/20/2017,10/20/2017,10/20/2017,IN PERSON,NO,NO,,NO,H,07B,014,031,019,PAUL,00307,110012,00020,55,
PAULDING,00869005,BOOKOUT,PEGGY,KATHRYN,,77,SEABOARD AVE, ,HIRAM,GA,30141,77,SEABOARD AVE,,HIRAM,GA,30141,A,A,,10/25/2017,10/25/2017,10/25/2017,IN PERSON,NO,NO,,NO,H,10B,014,031,019,PAUL,00307,110012,00028,90,
PAULDING,10640685,SARBER,JOSEPH,DEAN,III,103,FATE CT, ,DALLAS,GA,30157,103,FATE CT,,DALLAS,GA,30157,A,A,,10/23/2017,10/23/2017,10/23/2017,IN PERSON,NO,NO,,NO,D,06B,014,031,017,PAUL,00314,110046,00025,63,
PAULDING,01675961,BURGWALD,MARK,ADAMS,,426,HARDY WAY, ,HIRAM,GA,30141-2029,426,HARDY WAY,,HIRAM,GA,30141-2029,A,A,,10/24/2017,10/24/2017,10/24/2017,IN PERSON,NO,NO,,NO,H,07B,014,031,019,PAUL,00307,110012,00026,82,
PAULDING,00886076,WHITE,R,GRIFFIN,,217,CONFEDERATE AVE, ,DALLAS,GA,30132,,PO BOX 194,,DALLAS,GA,30132,A,A,,11/03/2017,11/03/2017,11/03/2017,IN PERSON,NO,NO,,NO,D,06B,014,031,017,PAUL,00315,110046,00114,199,
PAULDING,06931799,STEPHENSON,TONICA,CHRISTIAN,,208,SERENDIPITY WAY, ,DALLAS,GA,30157,208,SERENDIPITY WAY,,DALLAS,GA,30157,A,A,,10/26/2017,10/26/2017,10/26/2017,IN PERSON,NO,NO,,NO,D,06B,014,031,017,PAUL,00314,110046,00057,100,
PAULDING,10934852,HYLLEBERG,KERRY,LEE,,109,SALEM PL, ,DALLAS,GA,30132,109,SALEM PL,,DALLAS,GA,30132,A,A,,10/30/2017,10/30/2017,10/30/2017,IN PERSON,NO,NO,,NO,D,06B,014,031,017,PAUL,00314,110046,00074,135,
PAULDING,07193450,LAUZURICA,NATALIE,WILSON,,114,MIRAGE DR, ,DALLAS,GA,30157-2800,114,MIRAGE DR,,DALLAS,GA,30157-2800,A,A,,11/03/2017,11/03/2017,11/03/2017,IN PERSON,NO,NO,,NO,D,06B,014,031,017,PAUL,00314,110046,00121,206,
PAULDING,00868292,BATTLE,JOAN,B,,33,KING RD, ,HIRAM,GA,30141-2606,33,KING RD,,HIRAM,GA,30141-2606,A,A,,10/17/2017,10/17/2017,10/17/2017,IN PERSON,NO,NO,,NO,H,07B,014,031,019,PAUL,00307,110012,00001,20,
PAULDING,00884721,TIBBITTS,CATHERINE,,,512,PARIS RD, ,DALLAS,GA,30132,,PO BOX 132,,DALLAS,GA,30132,A,A,,10/30/2017,10/30/2017,11/01/2017,MAILED,NO,NO,ELDERLY,NO,D,07B,014,031,019,PAUL,00302,,00020,131,
PAULDING,00880599,PADGETT,THOMAS,LEE,,158,SWAN DR, ,HIRAM,GA,30141,158,SWAN DR,,HIRAM,GA,30141,A,A,,10/25/2017,10/25/2017,10/25/2017,IN PERSON,NO,NO,,NO,H,13B,014,031,019,PAUL,00307,110046,00050,92,
PAULDING,07391264,PETTIE,WARREN,,,102,MIRAGE DR, ,DALLAS,GA,30157-2800,102,MIRAGE DR,,DALLAS,GA,30157-2800,A,A,,10/18/2017,10/18/2017,10/18/2017,IN PERSON,NO,NO,,NO,D,06B,014,031,017,PAUL,00314,110046,00013,30,
PAULDING,08358293,HARRIS,CHARLES,EDWARD,,206,SERENDIPITY WAY, ,DALLAS,GA,30157-2805,206,SERENDIPITY WAY,,DALLAS,GA,30157-2805,A,A,,10/19/2017,10/19/2017,10/19/2017,IN PERSON,NO,NO,,NO,D,06B,014,031,017,PAUL,00314,110046,00018,51,
PAULDING,08946365,RUSSELL,KYLE,DAVID,,144,W SKYLINE VW, ,DALLAS,GA,30157-7459,144,W SKYLINE VW,,DALLAS,GA,30157-7459,A,A,,10/23/2017,10/23/2017,10/23/2017,IN PERSON,NO,NO,,NO,D,06B,014,031,017,PAUL,00314,110046,00030,68,
PAULDING,04301735,ZITO,ROSALYN,C,,5606,WENDY BAGWELL PKWY,3106,HIRAM,GA,30141,5606,WENDY BAGWELL ,3106,HIRAM,GA,30141,A,A,,11/01/2017,11/01/2017,11/01/2017,IN PERSON,NO,NO,,NO,H,10B,014,031,019,PAUL,00307,110012,00045,159,
PAULDING,10425637,ROSS,PENNELOPE,M,,202,HORIZON WAY, ,DALLAS,GA,30157,202,HORIZON WAY,,DALLAS,GA,30157,A,A,,11/03/2017,11/03/2017,11/03/2017,IN PERSON,NO,NO,,NO,D,06B,014,031,017,PAUL,00314,110046,00120,205,
PAULDING,00870264,CARTER,ALLAN,L,,4257,WOODLAND DR, ,DALLAS,GA,30132-3433,4257,WOODLAND DR,,DALLAS,GA,30132-3433,A,A,,11/03/2017,11/03/2017,11/03/2017,IN PERSON,NO,NO,,NO,D,06B,014,031,017,PAUL,00315,110046,00109,194,
PAULDING,04519527,KONNICK,ANNA,MARIE,,337,E FOSTER AVE,UNIT 162,DALLAS,GA,30132-4735,337,E FOSTER AVE,UNIT 162,DALLAS,GA,30132-4735,A,A,,10/26/2017,10/26/2017,11/03/2017,MAILED,NO,NO,ELDERLY,NO,D,06B,014,031,017,PAUL,00314,,00013,102,
PAULDING,02993563,TAYLOR,CHARLES,C,,306,REMINGTON PLACE BLVD, ,DALLAS,GA,30157-0404,306,REMINGTON PLACE BLVD,,DALLAS,GA,30157-0404,A,A,,10/24/2017,10/24/2017,10/24/2017,IN PERSON,NO,NO,,NO,D,06B,014,031,017,PAUL,00314,110046,00037,76,
PAULDING,00869847,BUTLER,SARA,D,,248,OLD ACWORTH RD, ,DALLAS,GA,30132-3804,248,OLD ACWORTH RD,,DALLAS,GA,30132-3804,A,A,,11/01/2017,11/01/2017,11/01/2017,IN PERSON,NO,NO,,NO,D,06B,014,031,017,PAUL,00315,110046,00088,157,
PAULDING,00874135,GRAHAM,F,EARLENE,,332,CENTER ST, ,HIRAM,GA,30141-3267,,PO BOX 175,,HIRAM,GA,30141-0017,A,A,,11/02/2017,11/02/2017,11/02/2017,IN PERSON,NO,NO,,NO,H,10B,014,031,019,PAUL,00307,110012,00048,166,
PAULDING,02268758,NEAVERTH,MARY,P,,506,WESTCHESTER CLUB DR, ,HIRAM,GA,30141,506,WESTCHESTER CLUB DR,,HIRAM,GA,30141,A,A,,11/02/2017,11/02/2017,11/02/2017,IN PERSON,NO,NO,,NO,H,12B,014,030,067,PAUL,00308,110046,00104,183,
PAULDING,00867662,ARNOLD,WILLIAM,R,,371,ARNOLD LN, ,HIRAM,GA,30141,371,ARNOLD LN,,HIRAM,GA,30141,A,A,,10/18/2017,10/18/2017,10/18/2017,IN PERSON,NO,NO,,NO,H,10B,014,031,019,PAUL,00307,110012,00014,38,
PAULDING,00869151,WILBANKS,ERNESTINE,ANNE,,402,HARDEE ST, ,DALLAS,GA,30132,402,HARDEE ST,,DALLAS,GA,30132,A,A,,10/19/2017,10/19/2017,11/07/2017,MAILED,NO,NO,DISABLED,NO,D,06B,014,031,017,PAUL,00314,,00009,43,
PAULDING,06173049,SMITH,VINCE,EDWARD,,216,HORIZON WAY, ,DALLAS,GA,30157,216,HORIZON WAY,,DALLAS,GA,30157,A,A,,11/02/2017,11/02/2017,11/02/2017,IN PERSON,NO,NO,,NO,D,06B,014,031,017,PAUL,00314,110046,00106,187,
PAULDING,00880411,OGLESBY,MARTHA,M,,226,SEABOARD AVE, ,HIRAM,GA,30141,,PO BOX 96,,HIRAM,GA,30141-0009,A,A,,10/19/2017,10/19/2017,10/19/2017,IN PERSON,NO,NO,,NO,H,10B,014,031,019,PAUL,00307,110012,00018,45,
PAULDING,00883518,SMITH,J,ROBERT,,219,HOOD ST, ,DALLAS,GA,30132-4156,219,HOOD ST,,DALLAS,GA,30132-4156,A,A,,10/31/2017,10/31/2017,10/31/2017,IN PERSON,NO,NO,,NO,D,06B,014,031,017,PAUL,00314,110046,00078,143,
PAULDING,03251681,VALBUENA,MARTIN,ENRIQUE,,194,PINE VALLEY CT, ,HIRAM,GA,30141,194,PINE VALLEY CT,,HIRAM,GA,30141,A,A,,10/24/2017,10/24/2017,10/24/2017,IN PERSON,NO,NO,,NO,H,12B,014,030,067,PAUL,00308,110046,00044,85,
PAULDING,05370126,SMITH,YUSUF,ALI,,203,PROVIDENCE DR, ,DALLAS,GA,30157-7464,203,PROVIDENCE DR,,DALLAS,GA,30157-7464,A,A,,10/24/2017,10/24/2017,10/24/2017,IN PERSON,NO,NO,,NO,D,06B,014,031,017,PAUL,00314,110046,00041,80,
PAULDING,06630191,SHIPP,MARY,K,,700,W MEMORIAL DR,APT. 21,DALLAS,GA,30132,700,W MEMORIAL DR,APT. 21,DALLAS,GA,30132,A,,,10/10/2017,10/16/2017,,MAILED,NO,NO,DISABLED,NO,D,06B,014,031,017,PAUL,00314,,00007,11,
PAULDING,00872217,DODD,BRENDA,P,,166,HART CIR, ,DALLAS,GA,30132-3720,,PO BOX 1,,DALLAS,GA,30132,A,A,,10/23/2017,10/23/2017,10/23/2017,IN PERSON,NO,NO,,NO,D,06B,014,031,017,PAUL,00315,110046,00029,67,
PAULDING,00870710,CLAY,ALMA,JEAN,,110,GLENN ST, ,DALLAS,GA,30132,110,GLENN ST,,DALLAS,GA,30132,A,,,10/30/2017,10/30/2017,,MAILED,NO,NO,ELDERLY,NO,D,06B,014,031,017,PAUL,00314,,00015,125,
PAULDING,03069218,SNIPES,THERESA,BRITTEN,,404,ARNOLD LN,UNIT B,HIRAM,GA,30141,404,ARNOLD LN,UNIT B,HIRAM,GA,30141,A,A,,10/16/2017,10/16/2017,10/16/2017,IN PERSON,NO,NO,,NO,H,10B,014,031,019,PAUL,00307,110046,00002,13,
PAULDING,03144655,MAULDIN,GARY,V,,204,CONFEDERATE AVE, ,DALLAS,GA,30132-3714,204,CONFEDERATE AVE,,DALLAS,GA,30132-3714,A,A,,11/03/2017,11/03/2017,11/03/2017,IN PERSON,NO,NO,,NO,D,06B,014,031,017,PAUL,00315,110046,00110,195,
PAULDING,03091904,CRUZ,JEANETTE,MARIE,,114,EDGEVIEW CT, ,DALLAS,GA,30157,114,EDGEVIEW CT,,DALLAS,GA,30157,A,A,,11/03/2017,11/03/2017,11/03/2017,IN PERSON,NO,NO,,NO,D,06B,014,031,017,PAUL,00314,110046,00118,203,
PAULDING,00886460,GARRETT,KIMBERLY,REGINA,,220,HORIZON WAY, ,DALLAS,GA,30157-7236,220,HORIZON WAY,,DALLAS,GA,30157-7236,A,A,,10/27/2017,10/27/2017,10/27/2017,IN PERSON,NO,NO,,NO,D,06B,014,031,017,PAUL,00314,110046,00067,117,
PAULDING,06592776,MOON,EMILY,DAUGHTRY,,118,PROVIDENCE WAY, ,DALLAS,GA,30157-7466,118,PROVIDENCE WAY,,DALLAS,GA,30157-7466,A,A,,10/18/2017,10/18/2017,10/18/2017,IN PERSON,NO,NO,,NO,D,06B,014,031,017,PAUL,00314,110046,00014,39,
PAULDING,00878562,MAULDIN,IRMA,,,4086,HERBERT GAMEL RD, ,DALLAS,GA,30132,,PO BOX 954,,DALLAS,GA,30132,A,A,,10/30/2017,10/30/2017,11/06/2017,MAILED,NO,NO,ELDERLY,NO,D,06B,014,031,017,PAUL,00315,,00016,126,
PAULDING,07509653,BERCOVIC,DAVID,,,104,COMET CT, ,DALLAS,GA,30157-0408,104,COMET CT,,DALLAS,GA,30157-0408,A,A,,10/27/2017,10/27/2017,10/27/2017,IN PERSON,NO,NO,,NO,D,06B,014,031,017,PAUL,00314,110046,00065,114,
PAULDING,08123017,SARBER,GENTRY,LEIGH,,103,FATE CT, ,DALLAS,GA,30157-7471,103,FATE CT,,DALLAS,GA,30157-7471,A,A,,10/23/2017,10/23/2017,10/23/2017,IN PERSON,NO,NO,,NO,D,06B,014,031,017,PAUL,00314,110046,00026,64,
PAULDING,02994027,COHEN,PAMELA,,,47,POWDER SPRINGS ST, ,HIRAM,GA,30141,47,POWDER SPRINGS ST,,HIRAM,GA,30141,A,A,,11/01/2017,11/01/2017,11/01/2017,IN PERSON,NO,NO,,NO,H,10B,014,031,019,PAUL,00307,110012,00044,156,
PAULDING,00874155,GRAHAM,MALINDA,T,,209,CONFEDERATE AVE, ,DALLAS,GA,30132-3706,209,CONFEDERATE AVE,,DALLAS,GA,30132-3706,A,A,,11/02/2017,11/02/2017,11/02/2017,IN PERSON,NO,NO,DISABLED,NO,D,06B,014,031,017,PAUL,00315,110046,00100,174,
PAULDING,00886236,WILLIAMS,ANNE,H,,204,HART CIR, ,DALLAS,GA,30132-3701,204,HART CIR,,DALLAS,GA,30132-3701,A,A,,11/03/2017,11/03/2017,11/03/2017,IN PERSON,NO,NO,,NO,D,06B,014,031,017,PAUL,00315,110046,00111,196,
PAULDING,00848158,WEBSTER,DAVID,C,,205,MCPHERSON PKWY, ,DALLAS,GA,30157-5503,205,MCPHERSON PKWY,,DALLAS,GA,30157-5503,A,A,,10/26/2017,10/26/2017,10/26/2017,IN PERSON,NO,NO,,NO,D,06B,014,031,017,PAUL,00314,110046,00055,98,
PAULDING,00877439,PHILYAW,ANGLIA,TERESA RACKLEY,,41,SUNNY LN, ,HIRAM,GA,30141,41,SUNNY LN,,HIRAM,GA,30141,A,A,,10/26/2017,10/26/2017,10/26/2017,IN PERSON,NO,NO,,NO,H,10B,014,031,019,PAUL,00307,110012,00029,97,
PAULDING,08276384,FOWLER,CLIFFORD,ALLEN,,206,SILVERWOOD DR, ,DALLAS,GA,30157,206,SILVERWOOD DR,,DALLAS,GA,30157,A,A,,10/17/2017,10/17/2017,10/17/2017,IN PERSON,NO,NO,,NO,D,09B,014,031,019,PAUL,00302,110046,00006,17,
PAULDING,00869258,BREWER,LUCILLE,W,,600,W MEMORIAL DR, ,DALLAS,GA,30132-4117,600,W MEMORIAL DR,,DALLAS,GA,30132-4117,A,A,,11/02/2017,11/02/2017,11/07/2017,MAILED,NO,NO,DISABLED,NO,D,06B,014,031,017,PAUL,00314,,00024,178,
PAULDING,05931529,REEVES,GLENDA,SUSAN,,146,W SKYLINE VW, ,DALLAS,GA,30157-7459,146,W SKYLINE VW,,DALLAS,GA,30157-7459,A,A,,11/01/2017,11/01/2017,11/01/2017,IN PERSON,NO,NO,,NO,D,06B,014,031,017,PAUL,00314,110046,00092,164,
PAULDING,04135030,SCOTT,TALMADGE,,JR,113,MIRAGE DR, ,DALLAS,GA,30157,113,MIRAGE DR,,DALLAS,GA,30157,A,A,,10/20/2017,10/20/2017,10/20/2017,IN PERSON,NO,NO,,NO,D,06B,014,031,017,PAUL,00314,110046,00024,59,
PAULDING,07105517,FUTCH,DAVID,LEE,JR,104,HERITAGE CLUB TRL, ,DALLAS,GA,30132-7551,104,HERITAGE CLUB TRL,,DALLAS,GA,30132-7551,A,A,,10/27/2017,10/27/2017,10/27/2017,IN PERSON,NO,NO,,NO,D,06B,014,031,017,PAUL,00313,110046,00063,111,
PAULDING,07239645,ERIKSEN,DAWN,MARIE,,109,SALEM PL, ,DALLAS,GA,30132-3457,109,SALEM PL,,DALLAS,GA,30132-3457,A,A,,10/30/2017,10/30/2017,10/30/2017,IN PERSON,NO,NO,,NO,D,06B,014,031,017,PAUL,00314,110046,00073,134,
PAULDING,10076937,MORAN,FRANK,JOSEPH,,310,WESTCHESTER CLUB DR, ,HIRAM,GA,30141,310,WESTCHESTER CLUB DR,,HIRAM,GA,30141,A,A,,10/18/2017,10/18/2017,10/18/2017,IN PERSON,NO,NO,,NO,H,12B,014,030,067,PAUL,00308,110012,00003,25,
PAULDING,03725297,ROHNER,CHERYL,DIANE,,700,W MEMORIAL DR,APT. #25,DALLAS,GA,30132,700,W MEMORIAL DR,APT. #25,DALLAS,GA,30132,A,,,10/10/2017,10/16/2017,,MAILED,NO,NO,DISABLED,NO,D,06B,014,031,017,PAUL,00314,,00006,10,
PAULDING,00872234,DODD,ROGER,M,,166,HART CIR, ,DALLAS,GA,30132-3720,,PO BOX 1,,DALLAS,GA,30132,A,A,,10/23/2017,10/23/2017,10/23/2017,IN PERSON,NO,NO,,NO,D,06B,014,031,017,PAUL,00315,110046,00028,66,
PAULDING,06066374,REEVES,JOSEPH,THOMAS,,146,W SKYLINE VW, ,DALLAS,GA,30157-7459,146,W SKYLINE VW,,DALLAS,GA,30157-7459,A,A,,11/01/2017,11/01/2017,11/01/2017,IN PERSON,NO,NO,,NO,D,06B,014,031,017,PAUL,00314,110046,00091,163,
PAULDING,07393407,JOHNSON,TERRY,DAVID,,428,MIRAGE DR, ,DALLAS,GA,30157-2810,428,MIRAGE DR,,DALLAS,GA,30157-2810,A,A,,10/16/2017,10/16/2017,10/16/2017,IN PERSON,NO,NO,,NO,D,06B,014,031,017,PAUL,00314,110046,00004,15,
PAULDING,06084454,RICHARDSON,JARMAL,BENRAD,,225,SILVER SPRING ST, ,DALLAS,GA,30157-8289,225,SILVER SPRING ST,,DALLAS,GA,30157-8289,A,A,,11/03/2017,11/03/2017,11/03/2017,IN PERSON,NO,NO,,NO,D,09B,014,031,019,PAUL,00302,110046,00108,193,
PAULDING,00867647,ARNOLD,MARGARET,F,,371,ARNOLD LN, ,HIRAM,GA,30141,371,ARNOLD LN,,HIRAM,GA,30141,A,A,,10/18/2017,10/18/2017,10/18/2017,IN PERSON,NO,NO,,NO,H,10B,014,031,019,PAUL,00307,110012,00013,37,
PAULDING,03144231,WEST,SANDRA,B,,393,HIGHLAND FALLS DR, ,HIRAM,GA,30141-3174,393,HIGHLAND FALLS DR,,HIRAM,GA,30141-3174,A,A,,10/27/2017,10/27/2017,10/27/2017,IN PERSON,NO,NO,,NO,H,07B,014,031,019,PAUL,00307,110046,00066,115,
PAULDING,03734427,HARMEYER,PAUL,EDWARD,,216,SERENDIPITY WAY, ,DALLAS,GA,30157,216,SERENDIPITY WAY,,DALLAS,GA,30157,A,A,,11/01/2017,11/01/2017,11/01/2017,IN PERSON,NO,NO,,NO,D,06B,014,031,017,PAUL,00314,110046,00089,158,
PAULDING,00506987,ROLLINS,PRATHER,DEAN,,122,POWDER SPRINGS ST, ,HIRAM,GA,30141-3214,122,POWDER SPRINGS ST,,HIRAM,GA,30141-3214,A,A,,10/27/2017,10/27/2017,10/27/2017,IN PERSON,NO,NO,,NO,H,10B,014,031,019,PAUL,00307,110012,00034,119,
PAULDING,07982054,JOHNSON,GWENDOLYN,ANITA,,510,S FORTUNE WAY, ,DALLAS,GA,30157,510,S FORTUNE WAY,,DALLAS,GA,30157,A,A,,10/25/2017,10/25/2017,10/25/2017,IN PERSON,NO,NO,,NO,D,06B,014,031,017,PAUL,00314,110046,00048,89,
PAULDING,02807196,FISHER,PATRICIA,MARIE,,117,W SKYLINE VW, ,DALLAS,GA,30157-7459,117,W SKYLINE VW,,DALLAS,GA,30157-7459,A,A,,10/30/2017,10/30/2017,10/30/2017,IN PERSON,NO,NO,,NO,D,06B,014,031,017,PAUL,00314,110046,00072,133,
PAULDING,00884131,STRICKLAND,KENNETH,M,,277,OAK ST, ,HIRAM,GA,30141-2505,,PO BOX 595,,HIRAM,GA,30141-0059,A,A,,10/18/2017,10/18/2017,10/18/2017,IN PERSON,NO,NO,,NO,H,10B,014,031,019,PAUL,00307,110012,00005,28,
PAULDING,08401090,CHANDLER,SANDRA,RENA,,22,TRAILSIDE CIR, ,HIRAM,GA,30141,22,TRAILSIDE CIR,,HIRAM,GA,30141,A,A,,11/02/2017,11/02/2017,11/02/2017,IN PERSON,NO,NO,,NO,H,10B,014,031,019,PAUL,00307,110012,00050,186,
PAULDING,00869697,BURCH,MARY NELL,C,,172,CONFEDERATE AVE, ,DALLAS,GA,30132,,PO BOX 63,,DALLAS,GA,30132,A,A,,10/30/2017,10/30/2017,11/01/2017,MAILED,NO,NO,ELDERLY,NO,D,06B,014,031,017,PAUL,00315,,00018,129,
PAULDING,00457183,GARRETT,BRADLY,MICHAEL,,220,HORIZON WAY, ,DALLAS,GA,30157-7236,220,HORIZON WAY,,DALLAS,GA,30157-7236,A,A,,10/30/2017,10/30/2017,10/30/2017,IN PERSON,NO,NO,,NO,D,06B,014,031,017,PAUL,00314,110046,00070,124,
PAULDING,00884133,STRICKLAND,LADONNA,,,277,OAK ST, ,HIRAM,GA,30141-2505,,PO BOX 595,,HIRAM,GA,30141-0059,A,A,,10/18/2017,10/18/2017,10/18/2017,IN PERSON,NO,NO,,NO,H,10B,014,031,019,PAUL,00307,110012,00006,29,
PAULDING,04297843,WEST,CATHY,MAE,,85,S FORTY PASS W, ,HIRAM,GA,30141-3813,85,S FORTY PASS W,,HIRAM,GA,30141-3813,A,A,,10/19/2017,10/19/2017,10/19/2017,IN PERSON,NO,NO,,NO,H,10B,014,031,019,PAUL,00307,110012,00016,42,
PAULDING,00874158,GRAHAM,MAX,GENE,,209,CONFEDERATE AVE, ,DALLAS,GA,30132-3706,209,CONFEDERATE AVE,,DALLAS,GA,30132-3706,A,A,,11/02/2017,11/02/2017,11/02/2017,IN PERSON,NO,NO,DISABLED,NO,D,06B,014,031,017,PAUL,00315,110046,00101,175,
PAULDING,03192133,HODNETT,MARY,V,,1092,PACE RD, ,HIRAM,GA,30141-2158,1092,PACE RD,,HIRAM,GA,30141-2158,A,A,,11/01/2017,11/01/2017,11/01/2017,IN PERSON,NO,NO,,NO,H,07B,014,031,019,PAUL,00321,110012,00042,154,
PAULDING,04697835,HOLCOMB,JAMI,LANEE,,214,HART CIR, ,DALLAS,GA,30132-3701,214,HART CIR,,DALLAS,GA,30132-3701,A,A,,10/31/2017,10/31/2017,10/31/2017,IN PERSON,NO,NO,,NO,D,06B,014,031,017,PAUL,00315,110046,00077,139,
PAULDING,10460867,HARRIS,LORRAINE,MAZZEO,,203,SERENDIPITY WAY, ,DALLAS,GA,30157,203,SERENDIPITY WAY,,DALLAS,GA,30157,A,A,,10/19/2017,10/19/2017,10/19/2017,IN PERSON,NO,NO,,NO,D,06B,014,031,017,PAUL,00314,110046,00020,53,
PAULDING,00870323,CARTER,THERESA,M,,340,WEST AVE, ,DALLAS,GA,30157,340,WEST AVE,,DALLAS,GA,30157,A,A,,10/27/2017,10/27/2017,10/27/2017,IN PERSON,NO,NO,,NO,D,06B,014,031,017,PAUL,00314,110046,00064,112,
PAULDING,08639894,BECHTOLD,NILDA,B,,700,W MEMORIAL DR,APT 24,DALLAS,GA,30132,700,W MEMORIAL DR,APT 24,DALLAS,GA,30132,A,C,POWER OF ATTORNEY REQUESTS CANCEL,10/09/2017,10/16/2017,11/06/2017,MAILED,NO,NO,DISABLED,NO,D,06B,014,031,017,PAUL,00314,,00002,6,
PAULDING,07454333,JOHNSON,ROBERT,SAMUEL,,104,OSCAR WAY, ,DALLAS,GA,30132,104,OSCAR WAY,,DALLAS,GA,30132,A,A,,10/31/2017,10/31/2017,10/31/2017,IN PERSON,NO,NO,,NO,D,06B,014,031,017,PAUL,00315,110046,00082,148,
PAULDING,00883277,SIMS,ESTHER,I,,474,C W SIMS RD, ,HIRAM,GA,30141-2666,474,C W SIMS RD,,HIRAM,GA,30141-2666,A,A,,10/18/2017,10/18/2017,10/18/2017,IN PERSON,NO,NO,,NO,H,07B,014,031,019,PAUL,00307,110012,00009,33,
PAULDING,00870937,COLE,CHARLES,MARION,,201,HARDEE ST, ,DALLAS,GA,30132,201,HARDEE ST,,DALLAS,GA,30132,A,A,,11/02/2017,11/02/2017,11/07/2017,MAILED,NO,NO,DISABLED,NO,D,06B,014,031,017,PAUL,00314,,00025,179,
PAULDING,03917755,COCHRAN,JOSEPH,BRIAN,,201,E MEMORIAL DR, ,DALLAS,GA,30132,201,E MEMORIAL DR,,DALLAS,GA,30132,A,A,,10/31/2017,10/31/2017,10/31/2017,IN PERSON,NO,NO,,NO,D,06B,014,031,017,PAUL,00314,110046,00080,145,
PAULDING,07487912,GILBERT,MARY,JANE,,83,S FORTY PASS E, ,HIRAM,GA,30141-3920,83,S FORTY PASS E,,HIRAM,GA,30141-3920,A,A,,10/23/2017,10/23/2017,10/23/2017,IN PERSON,NO,NO,,NO,H,10B,014,031,019,PAUL,00307,110012,00025,70,
PAULDING,04352956,ELDER,MAUDIE,CARTER,,700,W MEMORIAL DR,APT 28,DALLAS,GA,30132,700,W MEMORIAL DR,APT 28,DALLAS,GA,30132,A,,,10/09/2017,10/16/2017,,MAILED,NO,NO,DISABLED,NO,D,06B,014,031,017,PAUL,00314,,00003,7,
PAULDING,00881862,RAKESTRAW,MONA,J,,240,E MEMORIAL DR, ,DALLAS,GA,30132,240,E MEMORIAL DR,,DALLAS,GA,30132,A,,,11/03/2017,11/03/2017,,MAILED,NO,NO,ELDERLY,NO,D,06B,014,031,017,PAUL,00315,,00031,209,
PAULDING,00880059,MURPHY,ALTA,DIANNE,,585,HIRAM DOUGLASVILLE , ,HIRAM,GA,30141,585,HIRAM DOUGLASVILLE ,,HIRAM,GA,30141,A,A,,11/01/2017,11/01/2017,11/01/2017,IN PERSON,NO,NO,,NO,H,10B,014,031,019,PAUL,00307,110012,00046,161,
PAULDING,07175043,LAUZURICA,JUAN,C,,114,MIRAGE DR, ,DALLAS,GA,30157-2800,114,MIRAGE DR,,DALLAS,GA,30157-2800,A,A,,10/24/2017,10/24/2017,10/24/2017,IN PERSON,NO,NO,,NO,D,06B,014,031,017,PAUL,00314,110046,00043,84,
PAULDING,00874199,GRANT,RUTH,K,,509,MAIN ST, ,HIRAM,GA,30141,PO BOX 101,PO BOX 101,,HIRAM,GA,30141,A,A,,10/05/2017,10/16/2017,10/24/2017,MAILED,NO,NO,ELDERLY,NO,H,10B,014,031,019,PAUL,00307,,00005,4,
PAULDING,00874146,GRAHAM,KEITH,,,332,CENTER ST, ,HIRAM,GA,30141-3267,,PO BOX 175,,HIRAM,GA,30141-0017,A,A,,10/26/2017,10/26/2017,10/26/2017,IN PERSON,NO,NO,,NO,H,10B,014,031,019,PAUL,00307,110012,00032,106,
PAULDING,00883306,SIMS,EMANUEL,,JR,304,C W SIMS RD, ,HIRAM,GA,30141,,PO BOX 316,,HIRAM,GA,30141-0031,A,A,,10/27/2017,10/27/2017,10/27/2017,IN PERSON,NO,NO,,NO,H,07B,014,031,019,PAUL,00307,110012,00036,121,
PAULDING,00884567,THOMASON,JAMES,KENNETH,,235,BUCHANAN ST, ,DALLAS,GA,30132,235,BUCHANAN ST,,DALLAS,GA,30132,A,A,,11/02/2017,11/02/2017,11/02/2017,IN PERSON,NO,NO,,NO,D,06B,014,031,017,PAUL,00314,110046,00103,177,
PAULDING,00870276,CARTER,DEBORAH,L,,330,WEST AVE, ,DALLAS,GA,30157,330,WEST AVE,,DALLAS,GA,30157,A,A,,10/23/2017,10/23/2017,10/23/2017,IN PERSON,NO,NO,,NO,D,06B,014,031,017,PAUL,00314,110046,00031,69,
PAULDING,04291054,HENDRIX,STEPHANIE,DAWN,,226,BROOKSIDE DR, ,DALLAS,GA,30132-4307,226,BROOKSIDE DR,,DALLAS,GA,30132-4307,A,A,,11/02/2017,11/02/2017,11/02/2017,IN PERSON,NO,NO,,NO,D,06B,014,031,017,PAUL,00313,110046,00093,167,
PAULDING,01664273,BAUCH,KEVIN,JOHN,,43,MUIRFIELD CT, ,HIRAM,GA,30141,43,MUIRFIELD CT,,HIRAM,GA,30141,A,A,,10/20/2017,10/20/2017,10/20/2017,IN PERSON,NO,NO,,NO,H,12B,014,030,067,PAUL,00308,110012,00021,57,
PAULDING,02803034,GORDON,SONYA,CAROLE,,111,PROVIDENCE WAY, ,DALLAS,GA,30157-7466,111,PROVIDENCE WAY,,DALLAS,GA,30157-7466,A,A,,10/18/2017,10/18/2017,10/18/2017,IN PERSON,NO,NO,,NO,D,06B,014,031,017,PAUL,00314,110046,00012,27,
PAULDING,06986275,SCOTT,ANNEKA,NICHOLE,,113,MIRAGE DR, ,DALLAS,GA,30157,113,MIRAGE DR,,DALLAS,GA,30157,A,A,,10/20/2017,10/20/2017,10/20/2017,IN PERSON,NO,NO,,NO,D,06B,014,031,017,PAUL,00314,110046,00023,58,
PAULDING,00883270,SIMS,BENJAMIN,F,,281,C W SIMS RD, ,HIRAM,GA,30141,281,C W SIMS RD,,HIRAM,GA,30141,A,A,,11/02/2017,11/02/2017,11/02/2017,IN PERSON,NO,NO,,NO,H,07B,014,031,019,PAUL,00307,110012,00049,185,
PAULDING,00878717,MCCALLIE,JOE,W,,166,BENSON DR, ,DALLAS,GA,30132-3406,166,BENSON DR,,DALLAS,GA,30132-3406,A,A,,10/16/2017,10/16/2017,10/16/2017,IN PERSON,NO,NO,,NO,D,06B,014,031,017,PAUL,00314,110046,00003,14,
PAULDING,08297005,PETTUS,JOAN,ESTHER,,101,MIRAGE DR, ,DALLAS,GA,30157-2801,101,MIRAGE DR,,DALLAS,GA,30157-2801,A,A,,11/02/2017,11/02/2017,11/02/2017,IN PERSON,NO,NO,,NO,D,06B,014,031,017,PAUL,00314,110046,00096,170,
PAULDING,00875571,HICKS,GWENDOLYN,S,,316,WILDWOOD DR, ,DALLAS,GA,30132-3901,316,WILDWOOD DR,,DALLAS,GA,30132-3901,A,A,,11/02/2017,11/02/2017,11/02/2017,IN PERSON,NO,NO,,NO,D,06B,014,031,017,PAUL,00315,110046,00094,168,
PAULDING,00870560,CHILDERS,CLYDE,GREENE,,108,RAGSDALE PL, ,DALLAS,GA,30132,108,RAGSDALE PL,,DALLAS,GA,30132,A,A,,11/02/2017,11/02/2017,11/02/2017,IN PERSON,NO,NO,,NO,D,06B,014,031,017,PAUL,00315,110046,00099,173,
PAULDING,00247210,WESTMORELAND,LOUISE,B,,337,E FOSTER AVE,UNIT 108,DALLAS,GA,30132-4731,337,E FOSTER AVE,UNIT 108,DALLAS,GA,30132-4731,A,A,,10/31/2017,10/31/2017,10/31/2017,IN PERSON,NO,NO,,NO,D,06B,014,031,017,PAUL,00314,110046,00079,144,
PAULDING,04947904,GARNER,LILLIAN,D,,700,W MEMORIAL DR,APT. 13,DALLAS,GA,30132,700,W MEMORIAL DR,APT. 13,DALLAS,GA,30132,A,,,10/09/2017,10/16/2017,,MAILED,NO,NO,DISABLED,NO,D,06B,014,031,017,PAUL,00314,,00004,8,
PAULDING,04985121,SMITH,SHERRY,SUEANN B,,186,CENTER ST, ,HIRAM,GA,30141,186,CENTER ST,,HIRAM,GA,30141,A,A,,10/31/2017,10/31/2017,10/31/2017,IN PERSON,NO,NO,,NO,H,10B,014,031,019,PAUL,00307,110012,00038,138,
PAULDING,00876869,UMPHLETT,PEGGY,LYNN,,296,ENTERPRISE PATH, ,HIRAM,GA,30141,296,ENTERPRISE PATH,,HIRAM,GA,30141,A,A,,11/02/2017,11/02/2017,11/02/2017,IN PERSON,NO,NO,,NO,H,07B,014,031,019,PAUL,00307,110046,00097,171,
PAULDING,06173041,SMITH,ROBYN,LEA,,216,HORIZON WAY, ,DALLAS,GA,30157,216,HORIZON WAY,,DALLAS,GA,30157,A,A,,11/02/2017,11/02/2017,11/02/2017,IN PERSON,NO,NO,,NO,D,06B,014,031,017,PAUL,00314,110046,00107,188,
PAULDING,00874900,HARDY,DEAN,P,,227,HARDEE ST, ,DALLAS,GA,30132,227,HARDEE ST,,DALLAS,GA,30132,A,A,,10/17/2017,10/17/2017,10/17/2017,IN PERSON,NO,NO,,NO,D,06B,014,031,017,PAUL,00314,110046,00005,16,
PAULDING,03133427,ALTMAN,ALLAN,MARK,,120,FATE CT, ,DALLAS,GA,30157-7470,120,FATE CT,,DALLAS,GA,30157-7470,A,A,,10/23/2017,10/23/2017,10/23/2017,IN PERSON,NO,NO,,NO,D,06B,014,031,017,PAUL,00314,110046,00032,71,
PAULDING,06515586,BAXTER,MARSHALL,WAYNE,,700,W MEMORIAL DR,#31,DALLAS,GA,30132,700,W MEMORIAL DR,#31,DALLAS,GA,30132,A,,,10/10/2017,10/16/2017,,MAILED,NO,NO,DISABLED,NO,D,06B,014,031,017,PAUL,00314,,00001,5,
PAULDING,07091092,GRIEWISCH,LORA,SUSAN,,119,FATE CT, ,DALLAS,GA,30157-7471,119,FATE CT,,DALLAS,GA,30157-7471,A,A,,10/24/2017,10/24/2017,10/24/2017,IN PERSON,NO,NO,,NO,D,06B,014,031,017,PAUL,00314,110046,00034,73,
PAULDING,04328300,CARTER,ANNA,CHRISTINE,,344,WEST AVE, ,DALLAS,GA,30157,344,WEST AVE,,DALLAS,GA,30157,A,A,,10/24/2017,10/24/2017,10/24/2017,IN PERSON,NO,NO,,NO,D,06B,014,031,017,PAUL,00314,110046,00046,87,
PAULDING,08565258,BYRD,KENNETH,ALLEN,,106,RAGSDALE PL, ,DALLAS,GA,30132-3615,,PO BOX 552,,DALLAS,GA,30132-0001,A,A,,10/18/2017,10/18/2017,10/18/2017,IN PERSON,NO,NO,,NO,D,06B,014,031,017,PAUL,00315,110046,00011,24,
PAULDING,00870192,CARNEY,BOBBY,EUGENE,,337,E FOSTER AVE,UNIT 102,DALLAS,GA,30132-4731,337,E FOSTER AVE,UNIT 102,DALLAS,GA,30132-4731,A,A,,10/19/2017,10/19/2017,11/07/2017,MAILED,NO,NO,ELDERLY,NO,D,06B,014,031,017,PAUL,00314,,00011,47,
PAULDING,00875997,HOPPER,DAVID,ALLEN,,478,S JOHNSTON ST, ,DALLAS,GA,30132,478,S JOHNSTON ST,,DALLAS,GA,30132,A,A,,11/02/2017,11/02/2017,11/02/2017,IN PERSON,NO,NO,,NO,D,06B,014,031,017,PAUL,00314,110046,00102,176,
PAULDING,00872489,DURHAM,FRED,J,,308,CONFEDERATE AVE, ,DALLAS,GA,30132,308,CONFEDERATE AVE,,DALLAS,GA,30132,A,A,,10/25/2017,10/25/2017,10/25/2017,IN PERSON,NO,NO,,NO,D,06B,014,031,017,PAUL,00315,110046,00051,93,
PAULDING,03726053,RAY,JAMES,SCOTT,,306,PROVIDENCE DR, ,DALLAS,GA,30157-7465,306,PROVIDENCE DR,,DALLAS,GA,30157-7465,A,A,,10/24/2017,10/24/2017,10/24/2017,IN PERSON,NO,NO,,NO,D,06B,014,031,017,PAUL,00314,110046,00040,79,
PAULDING,00881836,RAKESTRAW,J,W,,240,E MEMORIAL DR, ,DALLAS,GA,30132,240,E MEMORIAL DR,,DALLAS,GA,30132,A,,,11/03/2017,11/03/2017,,MAILED,NO,NO,DISABLED,NO,D,06B,014,031,017,PAUL,00315,,00030,208,
PAULDING,06388091,GRIEWISCH,BRANT,EDWARD,,119,FATE CT, ,DALLAS,GA,30157-7471,119,FATE CT,,DALLAS,GA,30157-7471,A,A,,10/24/2017,10/24/2017,10/24/2017,IN PERSON,NO,NO,,NO,D,06B,014,031,017,PAUL,00314,110046,00035,74,
PAULDING,00872080,DENNIS,DALLAS,ANN B,,504,HARDEE ST, ,DALLAS,GA,30132,504,HARDEE ST,,DALLAS,GA,30132,A,A,,10/30/2017,11/03/2017,11/07/2017,MAILED,NO,NO,DISABLED,NO,D,06B,014,031,017,PAUL,00314,,00029,207,
PAULDING,00883308,SIMS,BILLY,L,SR,474,C W SIMS RD, ,HIRAM,GA,30141-2666,474,C W SIMS RD,,HIRAM,GA,30141-2666,A,A,,10/18/2017,10/18/2017,10/18/2017,IN PERSON,NO,NO,,NO,H,07B,014,031,019,PAUL,00307,110012,00010,34,
PAULDING,08328908,SPECIALE,AMANDA,LOU,,324,PROVIDENCE RD, ,DALLAS,GA,30157-7449,324,PROVIDENCE RD,,DALLAS,GA,30157-7449,A,A,,10/30/2017,10/30/2017,10/30/2017,IN PERSON,NO,NO,,NO,D,06B,014,031,017,PAUL,00314,110046,00069,123,
PAULDING,08460409,MOYSE,JOHN,CLARENCE,JR,221,MILLS CREEK PATH, ,HIRAM,GA,30141,221,MILLS CREEK PATH,,HIRAM,GA,30141,A,A,,10/24/2017,10/24/2017,10/24/2017,IN PERSON,NO,NO,,NO,H,10B,014,031,019,PAUL,00307,110012,00027,83,
PAULDING,00867363,ALEXANDER,JOAN,TERISA,,232,ALEXANDER ST, ,HIRAM,GA,30141,232,ALEXANDER ST,,HIRAM,GA,30141,A,A,,10/31/2017,10/31/2017,10/31/2017,IN PERSON,NO,NO,,NO,H,07B,014,031,019,PAUL,00307,110012,00039,140,
PAULDING,07637984,ALEXANDER,TERRANCE,TERELL,,224,ALEXANDER ST, ,HIRAM,GA,30141,224,ALEXANDER ST,,HIRAM,GA,30141,A,A,,10/31/2017,10/31/2017,10/31/2017,IN PERSON,NO,NO,,NO,H,07B,014,031,019,PAUL,00307,110012,00041,142,
PAULDING,03236517,HARDISON,CYNTHIA,WADSWORTH,,176,CONFEDERATE AVE, ,DALLAS,GA,30132-3713,176,CONFEDERATE AVE,,DALLAS,GA,30132-3713,A,A,,11/03/2017,11/03/2017,11/03/2017,IN PERSON,NO,NO,,NO,D,06B,014,031,017,PAUL,00315,110046,00116,201,
PAULDING,05587047,SMITH,KIMBERLY,ROACH KATURIA,,203,PROVIDENCE DR, ,DALLAS,GA,30157-7464,203,PROVIDENCE DR,,DALLAS,GA,30157-7464,A,A,,10/27/2017,10/27/2017,10/27/2017,IN PERSON,NO,NO,,NO,D,06B,014,031,017,PAUL,00314,110046,00068,118,
PAULDING,03951374,POOLE,DEBRA,J,,133,ROSEWOOD DR, ,DALLAS,GA,30132-3512,133,ROSEWOOD DR,,DALLAS,GA,30132-3512,A,,,10/27/2017,10/27/2017,,MAILED,NO,NO,DISABLED,NO,D,06B,014,031,017,PAUL,00315,,00014,113,
PAULDING,02643134,PIERCE,RALPH,,,100,SILVER RIDGE DR, ,DALLAS,GA,30157-8269,100,SILVER RIDGE DR,,DALLAS,GA,30157-8269,A,A,,11/03/2017,11/03/2017,11/03/2017,IN PERSON,NO,NO,,NO,D,09B,014,031,019,PAUL,00302,110046,00117,202,
PAULDING,00871542,CREW,MARGARET,S,,171,N HIGHLAND AVE, ,DALLAS,GA,30132,,PO BOX 63,,DALLAS,GA,30132,A,A,,10/30/2017,10/30/2017,11/01/2017,MAILED,NO,NO,ELDERLY,NO,D,06B,014,031,017,PAUL,00314,,00019,130,
PAULDING,00884772,TIBBITTS,TERRY,EDWIN,,270,PARIS RD, ,DALLAS,GA,30132,270,PARIS RD,,DALLAS,GA,30132,A,A,,10/30/2017,10/30/2017,10/30/2017,IN PERSON,NO,NO,,NO,D,07B,014,031,019,PAUL,00302,110046,00075,136,
PAULDING,00886067,WHITE,MAXINE,H,,217,CONFEDERATE AVE, ,DALLAS,GA,30132-3707,,PO BOX 194,,DALLAS,GA,30132,A,A,,11/03/2017,11/03/2017,11/03/2017,IN PERSON,NO,NO,,NO,D,06B,014,031,017,PAUL,00315,110046,00112,197,
PAULDING,03011982,RICE,LARA,LYNN,,214,LAFAYETTE ST, ,DALLAS,GA,30157-0573,214,LAFAYETTE ST,,DALLAS,GA,30157-0573,A,A,,10/25/2017,10/25/2017,10/25/2017,IN PERSON,NO,NO,,NO,D,06B,014,031,017,PAUL,00314,110046,00054,96,
PAULDING,04364632,WEST,PERRY,,,85,S FORTY PASS W, ,HIRAM,GA,30141-3813,85,S FORTY PASS W,,HIRAM,GA,30141-3813,A,A,,10/19/2017,10/19/2017,10/19/2017,IN PERSON,NO,NO,,NO,H,10B,014,031,019,PAUL,00307,110012,00015,41,
PAULDING,00867332,ALEXANDER,ELBERT,,,509,DALLAS ST, ,HIRAM,GA,30141,509,DALLAS ST,,HIRAM,GA,30141,A,A,,10/18/2017,10/18/2017,10/18/2017,IN PERSON,NO,NO,,NO,H,07B,014,031,019,PAUL,00307,110012,00011,35,
PAULDING,02993697,PADEN,ZENA,EVETTE,,881,WEST AVE, ,DALLAS,GA,30157,881,WEST AVE,,DALLAS,GA,30157,A,A,,10/31/2017,10/31/2017,10/31/2017,IN PERSON,NO,NO,,NO,D,06B,014,031,017,PAUL,00314,110046,00081,146,
PAULDING,00867349,ALEXANDER,MINNIE,E,,224,ALEXANDER ST, ,HIRAM,GA,30141,224,ALEXANDER ST,,HIRAM,GA,30141,A,A,,10/31/2017,10/31/2017,10/31/2017,IN PERSON,NO,NO,,NO,H,07B,014,031,019,PAUL,00307,110012,00040,141,
PAULDING,05359264,SIMS,BILLY,L,JR,502,C W SIMS RD, ,HIRAM,GA,30141-2664,502,C W SIMS RD,,HIRAM,GA,30141-2664,A,A,,10/26/2017,10/26/2017,10/26/2017,IN PERSON,NO,NO,,NO,H,07B,014,031,019,PAUL,00307,110012,00031,105,
PAULDING,04210656,CAVAZOS,DEBORAH,LEONARD,,115,EDGEVIEW CT, ,DALLAS,GA,30157-7239,115,EDGEVIEW CT,,DALLAS,GA,30157-7239,A,A,,11/03/2017,11/03/2017,11/03/2017,IN PERSON,NO,NO,,NO,D,06B,014,031,017,PAUL,00314,110046,00115,200,
PAULDING,03723818,COLEMAN-WHITE,DONNA,,,244,HIGHLAND FALLS DR, ,HIRAM,GA,30141-3157,244,HIGHLAND FALLS DR,,HIRAM,GA,30141-3157,A,A,,10/19/2017,10/19/2017,10/19/2017,IN PERSON,NO,NO,,NO,H,07B,014,031,019,PAUL,00307,110046,00021,54,
PAULDING,02985680,HENDRIX,WALTER,NEWTON,JR,147,WATSON DR, ,DALLAS,GA,30132-3704,147,WATSON DR,,DALLAS,GA,30132-3704,A,A,,10/25/2017,10/25/2017,10/25/2017,IN PERSON,NO,NO,,NO,D,06B,014,031,017,PAUL,00315,110046,00049,91,
PAULDING,00886686,WOMACK,KATIE,M,,700,W MEMORIAL DR,APT. 4,DALLAS,GA,30132,700,W MEMORIAL DR,APT. 4,DALLAS,GA,30132,A,,,10/10/2017,10/16/2017,,MAILED,NO,NO,DISABLED,NO,D,06B,014,031,017,PAUL,00314,,00008,12,
