County,Voter Registration #,Last Name,First Name,Middle Name,Suffix,Street #,Street Name,Apt/Unit,City,State,Zip Code,Mailing Street #,Mailing Street Name,Mailing Apt/Unit,Mailing City,Mailing State,Mailing Zip Code,Application Status,Ballot Status,Status Reason,Application Date,Ballot Issued Date,Ballot Return Date,Ballot Style,Ballot Assisted,Challenged/Provisional,Designation/Reason Issue,ID Required,Municipal Precinct,County Precinct,CNG,SEN,HOUSE	,JUD,Combo #,Vote Center ID,Ballot ID,Post #,Party
PIERCE,10368836,MASCARETTI,DONNA,MAY,,948,LAKEVIEW DR, ,BLACKSHEAR,GA,31516,948,LAKEVIEW DR,,BLACKSHEAR,GA,31516-2615,A,A,,10/16/2017,10/16/2017,10/16/2017,IN PERSON,NO,NO,,NO,B,3A,001,007,178,WAYC,00111,113011,00029,29,
PIERCE,08573877,BOATRIGHT,NATASHA,SUTTER,,493,GOLF COURSE RD, ,BLACKSHEAR,GA,31516,225,E PONCE DE LEON AVE,319,DECATUR,GA,30030,A,,,10/19/2017,10/19/2017,,MAILED,NO,NO,,NO,B,3A,001,007,178,WAYC,00111,,00003,101,
PIERCE,02304175,TAYLOR,JAMES,E,,845,CHAPMAN ST, ,BLACKSHEAR,GA,31516,845,CHAPMAN ST,,BLACKSHEAR,GA,31516,A,A,,11/01/2017,11/01/2017,11/01/2017,IN PERSON,NO,NO,,NO,B,0002,001,007,178,WAYC,00107,113011,00304,331,
PIERCE,01618740,O'BRIEN,ANN,B,,306,PINEHURST DR, ,BLACKSHEAR,GA,31516-2726,306,PINEHURST DR,,BLACKSHEAR,GA,31516-2726,A,A,,10/16/2017,10/16/2017,10/16/2017,IN PERSON,NO,NO,,NO,B,0002,001,007,178,WAYC,00109,113011,00023,23,
PIERCE,11093860,DIXON,RAYNA,MCKENZIE,,407,WOODLAWN TER, ,BLACKSHEAR,GA,31516,407,WOODLAWN TER,,BLACKSHEAR,GA,31516-2741,A,A,,10/31/2017,10/31/2017,10/31/2017,IN PERSON,NO,NO,,NO,B,0002,001,007,178,WAYC,00109,113011,00274,301,
PIERCE,10832372,ROENBECK,LESLIE,RUTH,,927,GORDON ST, ,BLACKSHEAR,GA,31516,927,GORDON ST,,BLACKSHEAR,GA,31516,A,A,,10/26/2017,10/26/2017,10/26/2017,IN PERSON,NO,NO,,NO,B,0002,001,007,178,WAYC,00108,113011,00217,242,
PIERCE,01366414,BROOKS,PATRICK,KEITH,,110,LAKESIDE DR, ,BLACKSHEAR,GA,31516,110,LAKESIDE DR,,BLACKSHEAR,GA,31516,A,A,,10/20/2017,10/20/2017,10/20/2017,IN PERSON,NO,NO,,NO,B,3A,001,007,178,WAYC,00111,113011,00145,168,
PIERCE,01354643,HAMILTON,PHYLLIS,M,,1224,LAKEVIEW DR, ,BLACKSHEAR,GA,31516-2829,1224,LAKEVIEW DR,,BLACKSHEAR,GA,31516-2829,A,A,,10/19/2017,10/20/2017,10/20/2017,IN PERSON,NO,NO,,NO,B,3A,001,007,178,WAYC,00111,113011,00102,121,
PIERCE,01618244,SKINNER,LILLIE,F,,1217,COLLEGE AVE, ,BLACKSHEAR,GA,31516-2814,1217,COLLEGE AVE,,BLACKSHEAR,GA,31516-2814,A,A,,10/20/2017,10/20/2017,10/20/2017,IN PERSON,NO,NO,,NO,B,3A,001,007,178,WAYC,00111,113011,00122,145,
PIERCE,01618846,RICKETSON,RUBY,THRIFT,,343,MARION ST, ,BLACKSHEAR,GA,31516-1107,343,MARION ST,,BLACKSHEAR,GA,31516-1107,A,A,,11/02/2017,11/02/2017,11/02/2017,IN PERSON,NO,NO,,NO,B,4C,001,007,178,WAYC,00117,113011,00315,342,
PIERCE,01617993,BENNETT,WES,BERRY,III,805,MAIN ST, ,BLACKSHEAR,GA,31516-2307,805,MAIN ST,,BLACKSHEAR,GA,31516-2307,A,A,,10/30/2017,10/30/2017,10/30/2017,IN PERSON,NO,NO,,NO,B,0002,001,007,178,WAYC,00107,113011,00243,270,
PIERCE,01618961,STREAT,MICHAEL,A,,314,PURDOM DR, ,BLACKSHEAR,GA,31516,314,PURDOM DR,,BLACKSHEAR,GA,31516,A,A,,11/01/2017,11/01/2017,11/01/2017,IN PERSON,NO,NO,,NO,B,0002,001,007,178,WAYC,00105,113011,00298,325,
PIERCE,01618951,STEPHENS,JANICE,H,,229,ALTMAN ST, ,BLACKSHEAR,GA,31516-1801,,PO BOX 614,,BLACKSHEAR,GA,31516-0061,A,A,,10/20/2017,10/20/2017,10/20/2017,IN PERSON,NO,NO,,NO,B,0002,001,007,178,WAYC,00107,113011,00083,102,
PIERCE,01621802,GOLDEN,CURTIS,L,,849,LEE ST, ,BLACKSHEAR,GA,31516-2043,849,LEE ST,,BLACKSHEAR,GA,31516-2043,A,A,,10/20/2017,10/20/2017,10/20/2017,IN PERSON,NO,NO,,NO,B,0001,001,007,178,WAYC,00103,113011,00151,174,
PIERCE,08841767,WALL,STEPHEN,R,,324,W CARTER AVE, ,BLACKSHEAR,GA,31516-1411,324,W CARTER AVE,,BLACKSHEAR,GA,31516-1411,A,A,,11/02/2017,11/02/2017,11/02/2017,IN PERSON,NO,NO,,NO,B,4C,001,007,178,WAYC,00117,113011,00325,352,
PIERCE,04529691,DIXON,JOHNNY,LEWIS,,136,BURNEY BRANCH CIR, ,BLACKSHEAR,GA,31516-2806,136,BURNEY BRANCH CIR,,BLACKSHEAR,GA,31516-2806,A,A,,10/24/2017,10/24/2017,10/24/2017,IN PERSON,NO,NO,,NO,B,3A,001,007,178,WAYC,00111,113011,00194,217,
PIERCE,01080841,DASHER,LYNNE,R,,415,WOODLAWN TER, ,BLACKSHEAR,GA,31516,415,WOODLAWN TER,,BLACKSHEAR,GA,31516,A,A,,10/24/2017,10/24/2017,10/24/2017,IN PERSON,NO,NO,,NO,B,0002,001,007,178,WAYC,00109,113011,00190,213,
PIERCE,08736189,GRISSOM,MARY,FRANCES,,407,CARTER AVE, ,BLACKSHEAR,GA,31516-1419,407,CARTER AVE,,BLACKSHEAR,GA,31516-1419,A,A,,10/17/2017,10/17/2017,10/17/2017,IN PERSON,NO,NO,,NO,B,0002,001,007,178,WAYC,00108,113011,00045,63,
PIERCE,01623703,BROADY,DAVID,R,,245,POMEROY ST, ,BLACKSHEAR,GA,31516-1740,245,POMEROY ST,,BLACKSHEAR,GA,31516-1740,A,A,,10/20/2017,10/20/2017,10/20/2017,IN PERSON,NO,NO,,NO,B,0001,001,007,178,WAYC,00103,113011,00120,143,
PIERCE,01622764,GODWIN,MIKE,J,,835,STRICKLAND AVE, ,BLACKSHEAR,GA,31516-1703,835,STRICKLAND AVE,,BLACKSHEAR,GA,31516-1703,A,A,,10/17/2017,10/17/2017,10/17/2017,IN PERSON,NO,NO,,NO,B,0001,001,007,178,WAYC,00103,113011,00047,65,
PIERCE,01618938,SPELL,JIMMY,R,,324,EDGEWOOD DR, ,BLACKSHEAR,GA,31516,324,EDGEWOOD DR,,BLACKSHEAR,GA,31516,A,A,,11/03/2017,11/03/2017,11/03/2017,IN PERSON,NO,NO,,NO,B,3A,001,007,178,WAYC,00111,113011,00360,394,
PIERCE,01619361,DIXON,DONNA,S,,1114,LAUREL ST, ,BLACKSHEAR,GA,31516,1114,LAUREL ST,,BLACKSHEAR,GA,31516,A,A,,11/01/2017,11/01/2017,11/01/2017,IN PERSON,NO,NO,,NO,B,3A,001,007,178,WAYC,00111,113011,00287,314,
PIERCE,00792712,BATTEN,BEATRICE,LYNN,,424,HILLCREST BLVD, ,BLACKSHEAR,GA,31516-1408,424,HILLCREST BLVD,,BLACKSHEAR,GA,31516-1408,A,A,,10/31/2017,10/31/2017,10/31/2017,IN PERSON,NO,NO,,NO,B,4C,001,007,178,WAYC,00117,113011,00278,305,
PIERCE,08921218,LEE,GRACIE,GRINER,,811,TAYLOR CIR, ,BLACKSHEAR,GA,31516-2551,811,TAYLOR CIR,,BLACKSHEAR,GA,31516-2551,A,A,,10/25/2017,10/25/2017,10/25/2017,IN PERSON,NO,NO,,NO,B,0002,001,007,178,WAYC,00107,113011,00201,224,
PIERCE,01616915,CAMPBELL,JAMES,P,,912,STRICKLAND AVE, ,BLACKSHEAR,GA,31516-1614,912,STRICKLAND AVE,,BLACKSHEAR,GA,31516-1614,A,A,,10/24/2017,10/24/2017,10/24/2017,IN PERSON,NO,NO,,NO,B,0001,001,007,178,WAYC,00118,113011,00182,205,
PIERCE,08508631,HANCE,LYNORA,ANN,,918,GORDON ST, ,BLACKSHEAR,GA,31516-1214,918,GORDON ST,,BLACKSHEAR,GA,31516-1214,A,A,,11/03/2017,11/03/2017,11/03/2017,IN PERSON,NO,NO,,NO,B,0002,001,007,178,WAYC,00107,113011,00337,371,
PIERCE,04604246,PLATT,ANNETHER,J,,102,SUNNY MEADOWS DR,UNIT 65,BLACKSHEAR,GA,31516-1600,102,SUNNY MEADOWS DR,UNIT 65,BLACKSHEAR,GA,31516-1600,A,A,,10/25/2017,10/25/2017,10/25/2017,IN PERSON,NO,NO,,NO,B,0001,001,007,178,WAYC,00103,113011,00204,227,
PIERCE,01619420,FIELDS,TERRY,M,,838,JANE ST, ,BLACKSHEAR,GA,31516-2710,838,JANE ST,,BLACKSHEAR,GA,31516-2710,A,A,,10/16/2017,10/16/2017,10/16/2017,IN PERSON,NO,NO,,NO,B,0002,001,007,178,WAYC,00107,113011,00032,32,
PIERCE,08694760,COURSON,RONALD,STEPHENSON,,141,TATUM LN, ,BLACKSHEAR,GA,31516,141,TATUM LN,,BLACKSHEAR,GA,31516,A,A,,10/17/2017,10/17/2017,10/17/2017,IN PERSON,NO,NO,,NO,B,3A,001,007,178,WAYC,00111,113011,00048,66,
PIERCE,01618268,DIXON,JERRY,W,,420,ACOSTA ST, ,BLACKSHEAR,GA,31516-2202,,PO BOX 4,,BLACKSHEAR,GA,31516-0040,A,A,,10/17/2017,10/17/2017,10/17/2017,IN PERSON,NO,NO,,NO,B,0002,001,007,178,WAYC,00106,113011,00034,52,
PIERCE,01619531,MARTIN,JAN,L,,903,LAKEVIEW DR, ,BLACKSHEAR,GA,31516,903,LAKEVIEW DR,,BLACKSHEAR,GA,31516,A,A,,11/01/2017,11/01/2017,11/01/2017,IN PERSON,NO,NO,,NO,B,3A,001,007,178,WAYC,00111,113011,00299,326,
PIERCE,10736340,MITCHELL,CLARA,,,504,NW CENTRAL AVE, ,BLACKSHEAR,GA,31516,504,NW CENTRAL AVE,,BLACKSHEAR,GA,31516,A,A,,11/03/2017,11/03/2017,11/03/2017,IN PERSON,NO,NO,,NO,B,0002,001,007,178,WAYC,00106,113011,00348,382,
PIERCE,01621187,RAULERSON,DARLENE,DIXON,,215,MARION ST, ,BLACKSHEAR,GA,31516-1221,215,MARION ST,,BLACKSHEAR,GA,31516-1221,A,A,,10/31/2017,10/31/2017,10/31/2017,IN PERSON,NO,NO,DISABLED,NO,B,0002,001,007,178,WAYC,00108,113011,00268,295,
PIERCE,01618226,DAVIS,THOMAS,W,,147,LONGLEAF DR, ,BLACKSHEAR,GA,31516,147,LONGLEAF DR,,BLACKSHEAR,GA,31516,A,A,,10/27/2017,10/27/2017,10/27/2017,IN PERSON,NO,NO,,NO,B,0002,001,007,178,WAYC,00109,113011,00234,259,
PIERCE,01619537,MCINTOSH,DAN,,,919,EDGEWOOD CIR, ,BLACKSHEAR,GA,31516-2621,919,EDGEWOOD CIR,,BLACKSHEAR,GA,31516-2621,A,A,,10/23/2017,10/23/2017,10/23/2017,IN PERSON,NO,NO,,NO,B,3A,001,007,178,WAYC,00111,113011,00163,186,
PIERCE,01619430,GODWIN,GLORIA,KAY,,835,STRICKLAND AVE, ,BLACKSHEAR,GA,31516-1703,835,STRICKLAND AVE,,BLACKSHEAR,GA,31516-1703,A,A,,10/16/2017,10/16/2017,10/16/2017,IN PERSON,NO,NO,,NO,B,0001,001,007,178,WAYC,00103,113011,00013,13,
PIERCE,01618114,CARTER,KIMBERLY,M,,421,SW CENTRAL AVE,UNIT 1,BLACKSHEAR,GA,31516-2265,421,S CENTRAL AVE,A,BLACKSHEAR,GA,31516,A,A,,10/23/2017,10/23/2017,10/23/2017,IN PERSON,NO,NO,,NO,B,0002,001,007,178,WAYC,00106,113011,00173,196,
PIERCE,03869881,SMITH,JOSEHINE,VIRGINIA,,810,SYCAMORE ST, ,BLACKSHEAR,GA,31516-2033,810,SYCAMORE ST,,BLACKSHEAR,GA,31516-2033,A,A,,10/31/2017,10/31/2017,10/31/2017,IN PERSON,NO,NO,,NO,B,0001,001,007,178,WAYC,00103,113011,00273,300,
PIERCE,01621008,GOBLE,TABATHA,WALKER,,135,GLENWOOD DR, ,BLACKSHEAR,GA,31516-2627,135,GLENWOOD DR,,BLACKSHEAR,GA,31516-2627,A,A,,10/27/2017,10/27/2017,10/27/2017,IN PERSON,NO,NO,,NO,B,3A,001,007,178,WAYC,00111,113011,00225,250,
PIERCE,04446390,BOYETT,JAMES,THOMAS,SR,203,RANKIN PL, ,BLACKSHEAR,GA,31516-2832,203,RANKIN PL,,BLACKSHEAR,GA,31516-2832,A,A,,10/18/2017,10/18/2017,10/18/2017,IN PERSON,NO,NO,,NO,B,3A,001,007,178,WAYC,00111,113011,00075,93,
PIERCE,01619684,STRICKLAND,JEFFREY,C,,1101,LAKEVIEW DR, ,BLACKSHEAR,GA,31516,1101,LAKEVIEW DR,,BLACKSHEAR,GA,31516,A,A,,11/01/2017,11/01/2017,11/01/2017,IN PERSON,NO,NO,,NO,B,3A,001,007,178,WAYC,00111,113011,00302,329,
PIERCE,03932313,DOWLING,DAVID,MORRIS,,214,BURNEY BRANCH CIR, ,BLACKSHEAR,GA,31516-2808,214,BURNEY BRANCH CIR,,BLACKSHEAR,GA,31516-2808,A,A,,11/01/2017,11/01/2017,11/01/2017,IN PERSON,NO,NO,,NO,B,3A,001,007,178,WAYC,00111,113011,00310,337,
PIERCE,07422055,HAWKINS,KURT,A,,931,GORDON ST, ,BLACKSHEAR,GA,31516-1213,931,GORDON ST,,BLACKSHEAR,GA,31516-1213,A,A,,11/03/2017,11/03/2017,11/03/2017,IN PERSON,NO,NO,,NO,B,0002,001,007,178,WAYC,00108,113011,00343,377,
PIERCE,00795394,BOATRIGHT,STEVEN,RAY,,819,DOGWOOD DR, ,BLACKSHEAR,GA,31516,819,DOGWOOD DR,,BLACKSHEAR,GA,31516,A,A,,10/19/2017,10/20/2017,10/20/2017,IN PERSON,NO,NO,,NO,B,3A,001,007,178,WAYC,00123,113011,00117,136,
PIERCE,06855304,EDGERTON,LINDA,ANN,,238,TAYLOR CIR, ,BLACKSHEAR,GA,31516-2524,238,TAYLOR CIR,,BLACKSHEAR,GA,31516-2524,A,A,,09/06/2017,10/16/2017,10/26/2017,MAILED,NO,NO,,NO,B,0002,001,007,178,WAYC,00107,,00002,46,
PIERCE,11031325,MCDUFFIE,SANDRA,HOWELL,,140,BOBCAT DR, ,BLACKSHEAR,GA,31516,140,BOBCAT DR,,BLACKSHEAR,GA,31516,A,A,,10/30/2017,10/30/2017,10/30/2017,IN PERSON,NO,NO,,NO,B,0002,001,007,178,WAYC,00106,113011,00254,281,
PIERCE,01617151,HARRIS,DONALD,HUGH,,604,HENDRY ST, ,BLACKSHEAR,GA,31516-1018,604,HENDRY ST,,BLACKSHEAR,GA,31516-1018,A,A,,10/17/2017,10/17/2017,10/17/2017,IN PERSON,NO,NO,,NO,B,4C,001,007,178,WAYC,00117,113011,00051,69,
PIERCE,00473308,WILLIAMS-BROADY,SHAYVON,,,245,POMEROY ST, ,BLACKSHEAR,GA,31516-1740,245,POMEROY ST,,BLACKSHEAR,GA,31516-1740,A,A,,10/20/2017,10/20/2017,10/20/2017,IN PERSON,NO,NO,,NO,B,0001,001,007,178,WAYC,00103,113011,00119,142,
PIERCE,07673983,MAXWELL,JANIE,L,,235,EVA ST, ,BLACKSHEAR,GA,31516,235,EVA ST,,BLACKSHEAR,GA,31516,A,A,,10/19/2017,10/20/2017,10/20/2017,IN PERSON,NO,NO,,NO,B,0001,001,007,178,WAYC,00103,113011,00095,114,
PIERCE,04625521,CHANCEY,SHALANE,MONIQUE,,306,PURDOM DR, ,BLACKSHEAR,GA,31516,,PO BOX 833,,BLACKSHEAR,GA,31516-0833,A,A,,10/24/2017,10/24/2017,10/24/2017,IN PERSON,NO,NO,,NO,B,0002,001,007,178,WAYC,00105,113011,00189,212,
PIERCE,03495833,ALTMAN,BRANDY,LEE,,233,GLENWOOD DR, ,BLACKSHEAR,GA,31516-2629,233,GLENWOOD DR,,BLACKSHEAR,GA,31516-2629,A,A,,10/30/2017,10/30/2017,10/30/2017,IN PERSON,NO,NO,,NO,B,3A,001,007,178,WAYC,00111,113011,00244,271,
PIERCE,01620514,MARR-HAWKINS,CHRISTINE,LEE,,931,GORDON ST, ,BLACKSHEAR,GA,31516-1213,,PO BOX 1128,,BLACKSHEAR,GA,31516-0362,A,A,,10/27/2017,10/27/2017,10/27/2017,IN PERSON,NO,NO,,NO,B,0002,001,007,178,WAYC,00108,113011,00238,263,
PIERCE,01622305,BRYANT,DEBORAH,A,,448,ACOSTA ST, ,BLACKSHEAR,GA,31516-2288,448,ACOSTA ST,,BLACKSHEAR,GA,31516-2288,A,A,,10/23/2017,10/23/2017,10/23/2017,IN PERSON,NO,NO,,NO,B,0002,001,007,178,WAYC,00106,113011,00167,190,
PIERCE,01619497,JAMES,WILLIAM,TRACY,JR,332,MCGREGOR ST, ,BLACKSHEAR,GA,31516,332,MCGREGOR ST,,BLACKSHEAR,GA,31516,A,A,,10/17/2017,10/17/2017,10/17/2017,IN PERSON,NO,NO,,NO,B,4C,001,007,178,WAYC,00117,113011,00052,70,
PIERCE,01622463,DEAN,BEVERLY,CAROL,,520,CHURCH ST, ,BLACKSHEAR,GA,31516-2218,520,CHURCH ST,,BLACKSHEAR,GA,31516-2218,A,A,,11/01/2017,11/01/2017,11/01/2017,IN PERSON,NO,NO,,NO,B,0002,001,007,178,WAYC,00106,113011,00296,323,
PIERCE,01618159,CORBETT,NORMA,J,,241,STRICKLAND AVE, ,BLACKSHEAR,GA,31516-1237,241,STRICKLAND AVE,,BLACKSHEAR,GA,31516-1237,A,A,,11/02/2017,11/02/2017,11/02/2017,IN PERSON,NO,NO,,NO,B,0001,001,007,178,WAYC,00102,113011,00311,338,
PIERCE,01619713,TISON,KATHRYN,P,,328,EDGEWOOD DR, ,BLACKSHEAR,GA,31516-2613,328,EDGEWOOD DR,,BLACKSHEAR,GA,31516-2613,A,A,,10/27/2017,10/27/2017,10/27/2017,IN PERSON,NO,NO,,NO,B,3A,001,007,178,WAYC,00111,113011,00231,256,
PIERCE,01618379,GRINER,MARY,R,,1222,COLLEGE AVE, ,BLACKSHEAR,GA,31516-2815,1222,COLLEGE AVE,,BLACKSHEAR,GA,31516-2815,A,A,,10/19/2017,10/20/2017,10/20/2017,IN PERSON,NO,NO,,NO,B,0002,001,007,178,WAYC,00109,113011,00110,129,
PIERCE,03267302,RICKS,THOMASINE,YVETTE,,618,ALLEN AVE, ,BLACKSHEAR,GA,31516,618,ALLEN AVE,,BLACKSHEAR,GA,31516,A,A,,10/23/2017,10/23/2017,10/23/2017,IN PERSON,NO,NO,,NO,B,0001,001,007,178,WAYC,00103,113011,00175,198,
PIERCE,01617271,JAMES,J HARVEY,,,319,WALKER ST, ,BLACKSHEAR,GA,31516-1707,319,WALKER ST,,BLACKSHEAR,GA,31516-1707,A,A,,10/17/2017,10/17/2017,10/17/2017,IN PERSON,NO,NO,,NO,B,0001,001,007,178,WAYC,00103,113011,00043,61,
PIERCE,00010895,KNOX,CHARLES,R,,319,CARTER AVE, ,BLACKSHEAR,GA,31516-2630,319,CARTER AVE,,BLACKSHEAR,GA,31516-2630,A,A,,10/27/2017,10/27/2017,10/27/2017,IN PERSON,NO,NO,,NO,B,0002,001,007,178,WAYC,00108,113011,00226,251,
PIERCE,01619562,O'BRIEN,BUD,,,927,JANE ST, ,BLACKSHEAR,GA,31516-2748,927,JANE ST,,BLACKSHEAR,GA,31516-2748,A,A,,10/19/2017,10/20/2017,10/20/2017,IN PERSON,NO,NO,,NO,B,0002,001,007,178,WAYC,00109,113011,00108,127,
PIERCE,01619267,BOATRIGHT,SANDRA,D,,142,LAKESIDE DR, ,BLACKSHEAR,GA,31516-2819,142,LAKESIDE DR,,BLACKSHEAR,GA,31516-2819,A,A,,10/19/2017,10/20/2017,10/20/2017,IN PERSON,NO,NO,,NO,B,3A,001,007,178,WAYC,00111,113011,00109,128,
PIERCE,04485326,MATTOX,CASEY,CARTER,,305,PURDOM DR, ,BLACKSHEAR,GA,31516,305,PURDOM DR,,BLACKSHEAR,GA,31516,A,A,,10/19/2017,10/20/2017,10/20/2017,IN PERSON,NO,NO,,NO,B,0002,001,007,178,WAYC,00105,113011,00115,134,
PIERCE,00796152,BOATRIGHT,DONNA,J,,819,DOGWOOD DR, ,BLACKSHEAR,GA,31516,819,DOGWOOD DR,,BLACKSHEAR,GA,31516,A,A,,10/17/2017,10/17/2017,10/17/2017,IN PERSON,NO,NO,,NO,B,3A,001,007,178,WAYC,00123,113011,00033,51,
PIERCE,01053291,HERRIN,LINDA,B,,218,PITTMAN ST, ,BLACKSHEAR,GA,31516-2516,218,PITTMAN ST,,BLACKSHEAR,GA,31516-2516,A,A,,11/01/2017,11/01/2017,11/01/2017,IN PERSON,NO,NO,,NO,B,0002,001,007,178,WAYC,00107,113011,00290,317,
PIERCE,01618930,SMITH,RITA,C,,210,DARLING ST, ,BLACKSHEAR,GA,31516-1804,210,DARLING ST,,BLACKSHEAR,GA,31516-1804,A,A,,10/23/2017,10/23/2017,10/23/2017,IN PERSON,NO,NO,,NO,B,0002,001,007,178,WAYC,00107,113011,00158,181,
PIERCE,01618358,GODWIN,EDNA,C,,920,JENKINS ST, ,BLACKSHEAR,GA,31516-2712,920,JENKINS ST,,BLACKSHEAR,GA,31516-2712,A,A,,11/03/2017,11/03/2017,11/03/2017,IN PERSON,NO,NO,,NO,B,0002,001,007,178,WAYC,00106,113011,00336,370,
PIERCE,01619551,MORRIS,JEAN,C,,151,HERITAGE CIR, ,BLACKSHEAR,GA,31516-2625,151,HERITAGE CIR,,BLACKSHEAR,GA,31516-2625,A,A,,11/03/2017,11/03/2017,11/03/2017,IN PERSON,NO,NO,,NO,B,3A,001,007,178,WAYC,00111,113011,00342,376,
PIERCE,01618550,JURY,CHARLES,H,JR,613,CHILDREN'S CIR, ,BLACKSHEAR,GA,31516,613,CHILDREN'S CIR,,BLACKSHEAR,GA,31516,A,A,,11/03/2017,11/03/2017,11/03/2017,IN PERSON,NO,NO,,NO,B,0002,001,007,178,WAYC,00106,113011,00346,380,
PIERCE,01617739,TURNER,MAMIE,B,,526,WATSON ST, ,BLACKSHEAR,GA,31516-2015,526,WATSON ST,,BLACKSHEAR,GA,31516-2015,A,A,,10/20/2017,10/20/2017,10/20/2017,IN PERSON,NO,NO,,NO,B,0001,001,007,178,WAYC,00103,113011,00146,169,
PIERCE,01619502,JOHNSON,MICHAEL,ALLEN,,305,MARY ST, ,BLACKSHEAR,GA,31516,305,MARY ST,,BLACKSHEAR,GA,31516,A,A,,10/20/2017,10/20/2017,10/20/2017,IN PERSON,NO,NO,,NO,B,0002,001,007,178,WAYC,00105,113011,00125,148,
PIERCE,01147602,MURPHY,JOYCE,YVONNE,,129,BLACKBEAR DR, ,BLACKSHEAR,GA,31516,129,BLACKBEAR DR,,BLACKSHEAR,GA,31516,A,A,,10/25/2017,10/25/2017,10/25/2017,IN PERSON,NO,NO,,NO,B,0002,001,007,178,WAYC,00106,113011,00206,229,
PIERCE,00176735,AKIN,DAVID,EUGENE,,417,CHURCH ST, ,BLACKSHEAR,GA,31516,417,CHURCH ST,,BLACKSHEAR,GA,31516,A,A,,10/23/2017,10/23/2017,10/23/2017,IN PERSON,NO,NO,,NO,B,0002,001,007,178,WAYC,00107,113011,00160,183,
PIERCE,03869759,NEWSOME,MARTHA,K,,529,CHURCH ST, ,BLACKSHEAR,GA,31516-2217,529,CHURCH ST,,BLACKSHEAR,GA,31516-2217,A,A,,11/02/2017,11/02/2017,11/02/2017,IN PERSON,NO,NO,,NO,B,0002,001,007,178,WAYC,00106,113011,00321,348,
PIERCE,01619260,BOATRIGHT,BERNICE,,JR,930,LAKEVIEW DR, ,BLACKSHEAR,GA,31516-2615,930,LAKEVIEW DR,,BLACKSHEAR,GA,31516-2615,A,A,,10/18/2017,10/18/2017,10/18/2017,IN PERSON,NO,NO,,NO,B,3A,001,007,178,WAYC,00111,113011,00058,76,
PIERCE,10192365,BOATRIGHT,ELIZABETH,DAVIS,,142,LAKESIDE DR, ,BLACKSHEAR,GA,31516,142,LAKESIDE DR,,BLACKSHEAR,GA,31516,A,A,,10/30/2017,10/30/2017,11/03/2017,MAILED,NO,NO,,NO,B,3A,001,007,178,WAYC,00111,,00010,361,
PIERCE,07212590,KING,ELLEN,LORRAINE,,213,STRICKLAND AVE, ,BLACKSHEAR,GA,31516-1237,213,STRICKLAND AVE,,BLACKSHEAR,GA,31516-1237,A,A,,10/18/2017,10/18/2017,10/18/2017,IN PERSON,NO,NO,,NO,B,0001,001,007,178,WAYC,00102,113011,00080,98,
PIERCE,08023040,WALKER,WHITNEY,HOLLY,,225,PITTMAN ST, ,BLACKSHEAR,GA,31516,225,PITTMAN ST,,BLACKSHEAR,GA,31516,A,A,,10/19/2017,10/20/2017,10/20/2017,IN PERSON,NO,NO,,NO,B,0002,001,007,178,WAYC,00109,113011,00106,125,
PIERCE,01618746,OQUINN,WILLIAM,RUSSELL,,817,CHAPMAN ST, ,BLACKSHEAR,GA,31516,817,CHAPMAN ST,,BLACKSHEAR,GA,31516,A,A,,10/26/2017,10/26/2017,10/26/2017,IN PERSON,NO,NO,,NO,B,0002,001,007,178,WAYC,00107,113011,00213,238,
PIERCE,01616963,CLOUGH,BARBARA,B,,201,YEOMANS ST, ,BLACKSHEAR,GA,31516-2036,201,YEOMANS ST,,BLACKSHEAR,GA,31516-2036,A,A,,10/20/2017,10/20/2017,10/20/2017,IN PERSON,NO,NO,,NO,B,0001,001,007,178,WAYC,00103,113011,00140,163,
PIERCE,01618593,LANDGRAF,AMEL,E,,211,PINEHURST DR, ,BLACKSHEAR,GA,31516-2723,,PO BOX 307,,BLACKSHEAR,GA,31516-0030,A,A,,10/20/2017,10/20/2017,10/20/2017,IN PERSON,NO,NO,,NO,B,0002,001,007,178,WAYC,00109,113011,00147,170,
PIERCE,01617184,HENRY,ELLENE,M,,822,PORTER ST, ,BLACKSHEAR,GA,31516-1765,822,PORTER ST,,BLACKSHEAR,GA,31516-1765,A,A,,11/01/2017,11/01/2017,11/01/2017,IN PERSON,NO,NO,,NO,B,0001,001,007,178,WAYC,00103,113011,00293,320,
PIERCE,01621702,MOCK,ROBERT,CHRISTOPHER,,6680,HIGHWAY 84, ,PATTERSON,GA,31557,,"PO BOX 404,OX 404",P.O,PATTERSON,GA,31557,A,A,,11/03/2017,11/03/2017,11/03/2017,IN PERSON,NO,NO,,NO,P,4A,001,007,178,WAYC,00114,113011,00329,363,
PIERCE,01617376,DUNAWAY,HELEN,,,109,BENT CT, ,BLACKSHEAR,GA,31516-1619,109,BENT CT,,BLACKSHEAR,GA,31516-1619,A,A,,10/16/2017,10/16/2017,10/16/2017,IN PERSON,NO,NO,,NO,B,0001,001,007,178,WAYC,00103,113011,00004,4,
PIERCE,01618845,RICKETSON,LEE,OVIN,,343,MARION ST, ,BLACKSHEAR,GA,31516-1107,343,MARION ST,,BLACKSHEAR,GA,31516-1107,A,A,,11/02/2017,11/02/2017,11/02/2017,IN PERSON,NO,NO,,NO,B,4C,001,007,178,WAYC,00117,113011,00328,355,
PIERCE,01618349,GILLEON,DEBRA,A,,615,NIMMER ST, ,BLACKSHEAR,GA,31516-1438,615,NIMMER ST,,BLACKSHEAR,GA,31516-1438,A,A,,10/25/2017,10/25/2017,10/25/2017,IN PERSON,NO,NO,,NO,B,4C,001,007,178,WAYC,00117,113011,00197,220,
PIERCE,10191706,HOWELL,ALLIE,,,940,WARE ST, ,BLACKSHEAR,GA,31516,940,WARE ST,APT 48,BLACKSHEAR,GA,31516,A,,,09/29/2017,10/16/2017,,MAILED,NO,NO,,NO,B,0001,001,007,178,WAYC,00103,,00004,36,
PIERCE,10247206,SHEARN,JUDY,CAROL,,412,GRADY ST, ,BLACKSHEAR,GA,31516,412,GRADY ST,,BLACKSHEAR,GA,31516-1424,A,A,,11/01/2017,11/01/2017,11/01/2017,IN PERSON,NO,NO,,NO,B,0002,001,007,178,WAYC,00108,113011,00309,336,
PIERCE,01617068,KELLEY,WILLIE,B,,703,CHERRY ST, ,BLACKSHEAR,GA,31516-2024,703,CHERRY ST,,BLACKSHEAR,GA,31516-2024,A,A,,09/29/2017,10/16/2017,10/25/2017,MAILED,NO,NO,,NO,B,0001,001,007,178,WAYC,00103,,00006,38,
PIERCE,01620739,HOWARD,DAVIS,NEAL,,725,MAIN ST, ,BLACKSHEAR,GA,31516-2305,725,MAIN ST,,BLACKSHEAR,GA,31516-2305,A,A,,10/18/2017,10/18/2017,10/18/2017,IN PERSON,NO,NO,,NO,B,0002,001,007,178,WAYC,00107,113011,00063,81,
PIERCE,03494987,STRICKLAND,AUDREY,L,,1101,LAKEVIEW DR, ,BLACKSHEAR,GA,31516,1101,LAKEVIEW DR,,BLACKSHEAR,GA,31516,A,A,,10/19/2017,10/20/2017,10/20/2017,IN PERSON,NO,NO,,NO,B,3A,001,007,178,WAYC,00111,113011,00090,109,
PIERCE,07827268,CASTEEL,JOYCE,SMITH,,913,EDGEWOOD CIR, ,BLACKSHEAR,GA,31516-2621,913,EDGEWOOD CIR,,BLACKSHEAR,GA,31516-2621,A,A,,11/01/2017,11/01/2017,11/01/2017,IN PERSON,NO,NO,,NO,B,3A,001,007,178,WAYC,00111,113011,00289,316,
PIERCE,01619083,TURNER,SYLVIA,S,,821,JENKINS ST, ,BLACKSHEAR,GA,31516,821,JENKINS ST,,BLACKSHEAR,GA,31516,A,A,,10/26/2017,10/26/2017,10/26/2017,IN PERSON,NO,NO,,NO,B,0002,001,007,178,WAYC,00107,113011,00219,244,
PIERCE,01352787,DAVIS,SANDRA,DEAN,,214,RANKIN PL, ,BLACKSHEAR,GA,31516,214,RANKIN PL,,BLACKSHEAR,GA,31516,A,A,,10/30/2017,10/30/2017,10/30/2017,IN PERSON,NO,NO,,NO,B,3A,001,007,178,WAYC,00111,113011,00263,290,
PIERCE,01619772,YOUMANS,RENATE,M,,215,LAKESIDE DR, ,BLACKSHEAR,GA,31516-2820,215,LAKESIDE DR,,BLACKSHEAR,GA,31516-2820,A,A,,10/27/2017,10/27/2017,10/27/2017,IN PERSON,NO,NO,,NO,B,3A,001,007,178,WAYC,00111,113011,00237,262,
PIERCE,01622475,JONES,LAMERNA,FAYE,,310,WOODLAWN TER, ,BLACKSHEAR,GA,31516-2740,310,WOODLAWN TER,,BLACKSHEAR,GA,31516-2740,A,A,,10/26/2017,10/26/2017,10/30/2017,MAILED,NO,NO,,NO,B,0002,001,007,178,WAYC,00109,,00007,233,
PIERCE,01617656,STRICKLAND,ANTHONY,L,,838,STRICKLAND AVE, ,BLACKSHEAR,GA,31516-1704,,PO BOX 242,,BLACKSHEAR,GA,31516-0024,A,A,,10/18/2017,10/18/2017,10/18/2017,IN PERSON,NO,NO,,NO,B,0001,001,007,178,WAYC,00118,113011,00062,80,
PIERCE,01619155,WHEELER,LAJOLA,ANN,,433,GREENLEAF ST, ,BLACKSHEAR,GA,31516,433,GREENLEAF ST,,BLACKSHEAR,GA,31516,A,A,,10/18/2017,10/18/2017,10/18/2017,IN PERSON,NO,NO,,NO,B,0002,001,007,178,WAYC,00106,113011,00082,100,
PIERCE,01619350,DAY,CHARLES,W,,117,GLENWOOD DR, ,BLACKSHEAR,GA,31516-2627,117,GLENWOOD DR,,BLACKSHEAR,GA,31516-2627,A,A,,11/03/2017,11/03/2017,11/03/2017,IN PERSON,NO,NO,,NO,B,3A,001,007,178,WAYC,00111,113011,00354,388,
PIERCE,07818083,SIMPSON,PAUL,,,940,WARE ST,UNIT 43,BLACKSHEAR,GA,31516-1635,940,WARE ST,UNIT 43,BLACKSHEAR,GA,31516-1635,A,,,10/10/2017,10/16/2017,,MAILED,NO,NO,,NO,B,0001,001,007,178,WAYC,00103,,00011,43,
PIERCE,01619233,ALTMAN,MICHAEL,AMOS,,3619,FOX TRL, ,BLACKSHEAR,GA,31516,6676,CLARK RD,,BLACKSHEAR,GA,31516,A,A,,10/18/2017,10/18/2017,10/18/2017,IN PERSON,NO,NO,,NO,B,3A,001,007,178,WAYC,00111,113011,00078,96,
PIERCE,11481969,BESS,WILLIAM,CHARLES,,402,LEO MARSHALL DR, ,BLACKSHEAR,GA,31516,402,LEO MARSHALL DR,,BLACKSHEAR,GA,31516,A,R,Ballot Not Returned By Election Day,10/12/2017,10/16/2017,11/08/2017,MAILED,NO,NO,,YES,B,0001,001,007,178,WAYC,00103,,00002,34,
PIERCE,11316546,HIGGINBOTHAM,LAUREN,FREDERICK,JR,316,PINEHURST DR, ,BLACKSHEAR,GA,31516,316,PINEHURST DR,,BLACKSHEAR,GA,31516,A,A,,10/23/2017,10/23/2017,10/23/2017,IN PERSON,NO,NO,,NO,B,0002,001,007,178,WAYC,00109,113011,00169,192,
PIERCE,01622543,MATTOX,JENNIFER,OSBAN,,313,PURDOM DR, ,BLACKSHEAR,GA,31516,313,PURDOM DR,,BLACKSHEAR,GA,31516,A,A,,11/01/2017,11/01/2017,11/01/2017,IN PERSON,NO,NO,,NO,B,0002,001,007,178,WAYC,00105,113011,00283,310,
PIERCE,01617742,TURNER,TOMMY,E,,526,WATSON ST, ,BLACKSHEAR,GA,31516-2015,526,WATSON ST,,BLACKSHEAR,GA,31516-2015,A,A,,10/20/2017,10/20/2017,10/30/2017,MAILED,YES,NO,,NO,B,0001,001,007,178,WAYC,00103,,00015,140,
PIERCE,02077070,RAINGE,MARIE,S,,121,HENDRY ST, ,BLACKSHEAR,GA,31516,121,HENDRY ST,,BLACKSHEAR,GA,31516,A,A,,10/27/2017,10/27/2017,10/27/2017,IN PERSON,NO,NO,,NO,B,0001,001,007,178,WAYC,00103,113011,00239,264,
PIERCE,01619266,BOATRIGHT,MERRY,GAYLE,,142,LAKESIDE DR, ,BLACKSHEAR,GA,31516,142,LAKESIDE DR,,BLACKSHEAR,GA,31516,A,A,,10/30/2017,10/30/2017,11/03/2017,MAILED,NO,NO,,NO,B,3A,001,007,178,WAYC,00111,,00012,362,
PIERCE,01621856,MINCEY,EDITH,,,940,WARE ST,UNIT 50,BLACKSHEAR,GA,31516-1633,940,WARE ST,UNIT 50,BLACKSHEAR,GA,31516-1633,A,,,09/29/2017,10/16/2017,,MAILED,NO,NO,,NO,B,0001,001,007,178,WAYC,00103,,00008,40,
PIERCE,01619367,DIXON,JEAN,B,,1120,LAKEVIEW DR, ,BLACKSHEAR,GA,31516-2827,1120,LAKEVIEW DR,,BLACKSHEAR,GA,31516-2827,A,A,,10/20/2017,10/20/2017,10/20/2017,IN PERSON,NO,NO,,NO,B,3A,001,007,178,WAYC,00111,113011,00124,147,
PIERCE,01618150,COLBERT,BRENDA,THOMAS,,126,LAKESIDE DR, ,BLACKSHEAR,GA,31516-2819,126,LAKESIDE DR,,BLACKSHEAR,GA,31516-2819,A,A,,11/01/2017,11/01/2017,11/01/2017,IN PERSON,NO,NO,,NO,B,3A,001,007,178,WAYC,00111,113011,00305,332,
PIERCE,05302099,SHOEMAKER,VALERA,SUE,,1120,COLLEGE AVE, ,BLACKSHEAR,GA,31516-2813,,PO BOX 902,,BLACKSHEAR,GA,31516-0090,A,A,,10/19/2017,10/20/2017,10/20/2017,IN PERSON,NO,NO,,NO,B,0002,001,007,178,WAYC,00109,113011,00093,112,
PIERCE,10247211,SHEARN,RALPH,LEE,,412,GRADY ST, ,BLACKSHEAR,GA,31516,412,GRADY ST,,BLACKSHEAR,GA,31516-1424,A,A,,11/01/2017,11/01/2017,11/01/2017,IN PERSON,NO,NO,,NO,B,0002,001,007,178,WAYC,00108,113011,00307,334,
PIERCE,01619223,YOUNG,ALOHA,D,,819,CHAPMAN ST, ,BLACKSHEAR,GA,31516-2501,819,CHAPMAN ST,,BLACKSHEAR,GA,31516-2501,A,A,,10/20/2017,10/20/2017,10/20/2017,IN PERSON,NO,NO,,NO,B,0002,001,007,178,WAYC,00107,113011,00132,155,
PIERCE,10533027,CROUCH,THOMAS,MICHAEL,,1110,COLLEGE AVE, ,BLACKSHEAR,GA,31516,1110,COLLEGE AVE,,BLACKSHEAR,GA,31516,A,A,,10/26/2017,10/26/2017,10/26/2017,IN PERSON,NO,NO,,NO,B,0002,001,007,178,WAYC,00109,113011,00211,236,
PIERCE,00952091,MARTIN,JEFFREY,FAULKNER,,708,MAIN ST, ,BLACKSHEAR,GA,31516-2306,708,MAIN ST,,BLACKSHEAR,GA,31516-2306,A,A,,10/30/2017,10/30/2017,10/30/2017,IN PERSON,NO,NO,,NO,B,0002,001,007,178,WAYC,00107,113011,00251,278,
PIERCE,01622096,ALDRIDGE,BARRY,O,,728,MAIN ST, ,BLACKSHEAR,GA,31516-2306,728,MAIN ST,,BLACKSHEAR,GA,31516-2306,A,A,,10/17/2017,10/17/2017,10/17/2017,IN PERSON,NO,NO,,NO,B,0002,001,007,178,WAYC,00107,113011,00039,57,
PIERCE,07740615,ROWE,DANNY,EDWIN,,830,PORTER ST, ,BLACKSHEAR,GA,31516-1765,830,PORTER ST,,BLACKSHEAR,GA,31516-1765,A,A,,10/24/2017,10/24/2017,10/24/2017,IN PERSON,NO,NO,,NO,B,0001,001,007,178,WAYC,00103,113011,00178,201,
PIERCE,01623310,HARRIS,ERIS,M,,604,HENDRY ST, ,BLACKSHEAR,GA,31516-1018,604,HENDRY ST,,BLACKSHEAR,GA,31516-1018,A,A,,10/17/2017,10/17/2017,10/17/2017,IN PERSON,NO,NO,,NO,B,4C,001,007,178,WAYC,00117,113011,00050,68,
PIERCE,07153780,GILL,DELILAH,ANN,,528,NAPIER ST, ,BLACKSHEAR,GA,31516,528,NAPIER ST,,BLACKSHEAR,GA,31516,A,A,,10/31/2017,10/31/2017,10/31/2017,IN PERSON,NO,NO,,NO,B,0001,001,007,178,WAYC,00103,113011,00269,296,
PIERCE,05962745,NESMITH,REXINE,T,,215,MARION ST,UNIT 3-B,BLACKSHEAR,GA,31516-1255,215,MARION ST,UNIT 3-B,BLACKSHEAR,GA,31516-1255,A,A,,10/20/2017,10/20/2017,10/20/2017,IN PERSON,NO,NO,,NO,B,0002,001,007,178,WAYC,00108,113011,00138,161,
PIERCE,01617377,MERCER,SHERION,S,,737,DAVIS ST, ,BLACKSHEAR,GA,31516,737,DAVIS ST,,BLACKSHEAR,GA,31516,A,A,,10/23/2017,10/23/2017,10/23/2017,IN PERSON,NO,NO,,NO,B,4C,001,007,178,WAYC,00117,113011,00156,179,
PIERCE,01622177,GREENE,R,H,,848,LEE ST, ,BLACKSHEAR,GA,31516-2044,848,LEE ST,,BLACKSHEAR,GA,31516-2044,A,A,,10/27/2017,10/27/2017,10/27/2017,IN PERSON,NO,NO,,NO,B,0001,001,007,178,WAYC,00103,113011,00230,255,
PIERCE,01360149,SKINNER,EMORY,K,,1217,COLLEGE AVE, ,BLACKSHEAR,GA,31516-2814,1217,COLLEGE AVE,,BLACKSHEAR,GA,31516-2814,A,A,,10/24/2017,10/24/2017,10/24/2017,IN PERSON,NO,NO,,NO,B,3A,001,007,178,WAYC,00111,113011,00186,209,
PIERCE,01619115,WALKER,MARY LOTT,,,150,PITTMAN ST, ,BLACKSHEAR,GA,31516-2514,,PO BOX 7,,BLACKSHEAR,GA,31516,A,A,,10/16/2017,10/16/2017,10/16/2017,IN PERSON,NO,NO,,NO,B,0002,001,007,178,WAYC,00107,113011,00008,8,
PIERCE,03790853,RHEM,GENERAL,BERNARD,JR,118,BENT CT, ,BLACKSHEAR,GA,31516-1620,118,BENT CT,,BLACKSHEAR,GA,31516-1620,A,A,,10/16/2017,10/16/2017,10/16/2017,IN PERSON,NO,NO,,NO,B,0001,001,007,178,WAYC,00103,113011,00026,26,
PIERCE,07667762,SANDERS,STEDRICK,KING,,864,CHERRY ST,UNIT 19,BLACKSHEAR,GA,31516-2027,864,CHERRY ST,UNIT 19,BLACKSHEAR,GA,31516-2027,A,R,Signature Match,10/10/2017,10/16/2017,11/02/2017,MAILED,NO,NO,,NO,B,0001,001,007,178,WAYC,00103,,00010,42,
PIERCE,01619653,SMILEY,SHERRY,A,,3655,LITTLE RIVER TRL, ,BLACKSHEAR,GA,31516-2902,3655,LITTLE RIVER TRL,,BLACKSHEAR,GA,31516-2902,A,A,,11/03/2017,11/03/2017,11/03/2017,IN PERSON,NO,NO,,NO,B,3A,001,007,178,WAYC,00111,113011,00331,365,
PIERCE,07812743,CURRY,FELICIA,JEDAWN,,728,SYCAMORE ST, ,BLACKSHEAR,GA,31516-2031,728,SYCAMORE ST,,BLACKSHEAR,GA,31516-2031,A,A,,11/03/2017,11/03/2017,11/03/2017,IN PERSON,NO,NO,,NO,B,0001,001,007,178,WAYC,00103,113011,00358,392,
PIERCE,10209787,WELCH,ELIZABETH,F,,518,LEISURE LN, ,BLACKSHEAR,GA,31516,518,LEISURE LN,,BLACKSHEAR,GA,31516,A,A,,10/19/2017,10/20/2017,10/20/2017,IN PERSON,NO,NO,,NO,B,0002,001,007,178,WAYC,00106,113011,00091,110,
PIERCE,01619917,DAVIS,WANELLE,MORGAN,,6435,HIGHWAY 84, ,PATTERSON,GA,31557,6435,HWY 84,,PATTERSON,GA,31557-5168,A,A,,10/30/2017,10/30/2017,10/30/2017,IN PERSON,NO,NO,,NO,P,3B,001,007,178,WAYC,00112,113011,00257,284,
PIERCE,04349992,ROLLISON,MARY,SMITH,,209,WOODLAWN TER, ,BLACKSHEAR,GA,31516,209,WOODLAWN TER,,BLACKSHEAR,GA,31516,A,A,,09/01/2017,10/16/2017,10/23/2017,MAILED,NO,NO,,NO,B,0002,001,007,178,WAYC,00109,,00002,50,
PIERCE,00160033,SANDERS,MICHAEL,,,342,BURNEY BRANCH CIR, ,BLACKSHEAR,GA,31516,342,BURNEY BRANCH,,BLACKSHEAR,GA,31516,A,A,,10/30/2017,10/30/2017,10/30/2017,IN PERSON,NO,NO,,NO,B,3A,001,007,178,WAYC,00111,113011,00267,294,
PIERCE,01619124,WALL,WILLIAM,S,,413,HILLCREST BLVD, ,BLACKSHEAR,GA,31516-1407,3503,W US HIGHWAY 84,,BLACKSHEAR,GA,31516-0229,A,A,,10/24/2017,10/24/2017,10/24/2017,IN PERSON,NO,NO,,NO,B,4C,001,007,178,WAYC,00117,113011,00184,207,
PIERCE,01618628,LOTT,GLORIOUS,REID,,134,HENDRY ST, ,BLACKSHEAR,GA,31516,134,HENDRY ST,,BLACKSHEAR,GA,31516,A,A,,10/30/2017,10/30/2017,10/30/2017,IN PERSON,NO,NO,,NO,B,0001,001,007,178,WAYC,00103,113011,00258,285,
PIERCE,06429781,KUTCH,WESLEY,E,II,922,JANE ST, ,BLACKSHEAR,GA,31516-2747,922,JANE ST,,BLACKSHEAR,GA,31516-2747,A,A,,10/17/2017,10/17/2017,10/17/2017,IN PERSON,NO,NO,,NO,B,0002,001,007,178,WAYC,00109,113011,00049,67,
PIERCE,01617327,LANE,CHRISTINE,M,,518,ORANGE ST, ,BLACKSHEAR,GA,31516,518,ORANGE ST,,BLACKSHEAR,GA,31516,A,A,,10/25/2017,10/25/2017,10/25/2017,IN PERSON,NO,NO,,NO,B,0001,001,007,178,WAYC,00103,113011,00207,230,
PIERCE,01619755,WEST,LEMUEL,C,,135,EDGEWOOD DR, ,BLACKSHEAR,GA,31516-2608,,PO BOX 606,,BLACKSHEAR,GA,31516-0060,A,A,,10/20/2017,10/20/2017,10/30/2017,MAILED,NO,NO,,NO,B,3A,001,007,178,WAYC,00111,,00004,266,
PIERCE,08241330,DIXON,TIMOTHY,BLAKE,,232,GLENWOOD DR, ,BLACKSHEAR,GA,31516,232,GLENWOOD DR,,BLACKSHEAR,GA,31516,A,A,,10/30/2017,10/30/2017,11/03/2017,MAILED,NO,NO,,NO,B,3A,001,007,178,WAYC,00111,,00015,358,
PIERCE,01617342,LOTT,VANESSA,,,826,WARE ST, ,BLACKSHEAR,GA,31516-1726,826,WARE ST,,BLACKSHEAR,GA,31516-1726,A,A,,10/30/2017,10/30/2017,10/30/2017,IN PERSON,NO,NO,,NO,B,0001,001,007,178,WAYC,00103,113011,00260,287,
PIERCE,01617354,MACKEY,THEODORE,R,,210,LEO MARSHALL DR, ,BLACKSHEAR,GA,31516,210,LEO MARSHALL DR,,BLACKSHEAR,GA,31516,A,A,,11/02/2017,11/02/2017,11/02/2017,IN PERSON,NO,NO,,NO,B,0001,001,007,178,WAYC,00103,113011,00322,349,
PIERCE,03944768,RAINGE,CARLTON,,,121,HENDRY ST, ,BLACKSHEAR,GA,31516,121,HENDRY ST,,BLACKSHEAR,GA,31516,A,A,,10/20/2017,10/20/2017,10/20/2017,IN PERSON,NO,NO,,NO,B,0001,001,007,178,WAYC,00103,113011,00155,178,
PIERCE,01618649,MARTIN,JERRY,A,SR,424,GREENLEAF ST, ,BLACKSHEAR,GA,31516-2232,424,GREENLEAF ST,,BLACKSHEAR,GA,31516-2232,A,A,,10/16/2017,10/16/2017,10/16/2017,IN PERSON,NO,NO,,NO,B,0002,001,007,178,WAYC,00106,113011,00011,11,
PIERCE,01617392,TUGGLE,PATRICIA,MILLER,,634,CHERRY ST, ,BLACKSHEAR,GA,31516-2104,634,CHERRY ST,,BLACKSHEAR,GA,31516-2104,A,A,,10/19/2017,10/20/2017,10/20/2017,IN PERSON,NO,NO,,NO,B,0001,001,007,178,WAYC,00103,113011,00085,104,
PIERCE,01617280,JINKS,PEARL,,,814,WARE ST, ,BLACKSHEAR,GA,31516,814,WARE ST,,BLACKSHEAR,GA,31516,A,,,10/20/2017,10/20/2017,,MAILED,NO,NO,,NO,B,0001,001,007,178,WAYC,00103,,00014,139,
PIERCE,04734851,CHANCEY,JANET,LEE,,827,MIMOSA ST, ,BLACKSHEAR,GA,31516-2315,827,MIMOSA ST,,BLACKSHEAR,GA,31516-2315,A,A,,10/27/2017,10/27/2017,10/27/2017,IN PERSON,NO,NO,,NO,B,3A,001,007,178,WAYC,00123,113011,00232,257,
PIERCE,07662417,TUTEN,JOSEPHINE,O'STEEN,,315,STRICKLAND AVE, ,BLACKSHEAR,GA,31516,315,STRICKLAND AVE,,BLACKSHEAR,GA,31516,A,A,,10/31/2017,10/31/2017,10/31/2017,IN PERSON,NO,NO,,NO,B,0001,001,007,178,WAYC,00102,113011,00276,303,
PIERCE,07974084,DAVIS,ALPHA,HARRIS,,416,HILLCREST BLVD, ,BLACKSHEAR,GA,31516-1408,416,HILLCREST BLVD,,BLACKSHEAR,GA,31516-1408,A,A,,10/20/2017,10/20/2017,10/20/2017,IN PERSON,NO,NO,,NO,B,4C,001,007,178,WAYC,00117,113011,00127,150,
PIERCE,01617315,KIGHT,JOHN,F,,134,ALEX ST, ,BLACKSHEAR,GA,31516,134,ALEX ST,,BLACKSHEAR,GA,31516,A,A,,11/01/2017,11/01/2017,11/01/2017,IN PERSON,NO,NO,,NO,B,0001,001,007,178,WAYC,00103,113011,00308,335,
PIERCE,01617826,WILLIAMS,HUBERT,,,919,ALLEN AVE, ,BLACKSHEAR,GA,31516-2022,919,ALLEN AVE,,BLACKSHEAR,GA,31516-2022,A,A,,10/20/2017,10/20/2017,10/26/2017,MAILED,YES,NO,,NO,B,0001,001,007,178,WAYC,00103,,00013,137,
PIERCE,03493933,STRICKLAND,JENNY,CAUTHEN,,814,JENKINS ST, ,BLACKSHEAR,GA,31516-2508,814,JENKINS ST,,BLACKSHEAR,GA,31516-2508,A,A,,10/30/2017,10/30/2017,10/30/2017,IN PERSON,NO,NO,,NO,B,0002,001,007,178,WAYC,00106,113011,00250,277,
PIERCE,01619392,DOWLING,CYNTHIA,S,,133,LAKEVIEW DR, ,BLACKSHEAR,GA,31516-2822,133,LAKEVIEW DR,,BLACKSHEAR,GA,31516-2822,A,A,,10/16/2017,10/16/2017,10/16/2017,IN PERSON,NO,NO,,NO,B,3A,001,007,178,WAYC,00111,113011,00007,7,
PIERCE,01619052,THORNTON,ZOIE,L,,205,PURDOM DR, ,BLACKSHEAR,GA,31516,205,PURDOM DR,,BLACKSHEAR,GA,31516,A,A,,10/23/2017,10/23/2017,10/23/2017,IN PERSON,NO,NO,,NO,B,0002,001,007,178,WAYC,00105,113011,00170,193,
PIERCE,06941667,CARTER,WANDA,FAE,,207,ODEN ST, ,BLACKSHEAR,GA,31516,207,ODEN ST,,BLACKSHEAR,GA,31516,A,A,,10/20/2017,10/20/2017,10/20/2017,IN PERSON,NO,NO,,NO,B,0001,001,007,178,WAYC,00103,113011,00136,159,
PIERCE,01622619,WILLIAMS,IZELLA,,,919,ALLEN AVE, ,BLACKSHEAR,GA,31516,919,ALLEN AVE,,BLACKSHEAR,GA,31516,A,A,,10/19/2017,10/20/2017,10/20/2017,IN PERSON,NO,NO,,NO,B,0001,001,007,178,WAYC,00103,113011,00092,111,
PIERCE,08148273,DIXON,LAURA,KATE,,232,GLENWOOD DR, ,BLACKSHEAR,GA,31516,232,GLENWOOD DR,,BLACKSHEAR,GA,31516,A,A,,10/30/2017,10/30/2017,11/03/2017,MAILED,NO,NO,,NO,B,3A,001,007,178,WAYC,00111,,00014,357,
PIERCE,04288935,FOREMAN,REGINA,K,,521,CHURCH ST, ,BLACKSHEAR,GA,31516-2217,521,CHURCH ST,,BLACKSHEAR,GA,31516-2217,A,A,,10/17/2017,10/17/2017,10/17/2017,IN PERSON,NO,NO,,NO,B,0002,001,007,178,WAYC,00106,113011,00041,59,
PIERCE,01623295,SPELL,PAMELA,ELAINE,,324,EDGEWOOD DR, ,BLACKSHEAR,GA,31516,324,EDGEWOOD DR,,BLACKSHEAR,GA,31516,A,A,,11/03/2017,11/03/2017,11/03/2017,IN PERSON,NO,NO,,NO,B,3A,001,007,178,WAYC,00111,113011,00361,395,
PIERCE,00653904,ARRINGTON,DOC,JUNIOR,,940,WARE ST,UNIT 55,BLACKSHEAR,GA,31516-1632,309,THOMAS ST,,BLACKSHEAR,GA,31516-1632,A,A,,10/12/2017,10/16/2017,11/02/2017,MAILED,YES,NO,,NO,B,0001,001,007,178,WAYC,00103,,00001,33,
PIERCE,06941016,CANADAY,ANNIE,D,,306,WALKER ST, ,BLACKSHEAR,GA,31516-1708,306,WALKER ST,,BLACKSHEAR,GA,31516-1708,A,A,,10/26/2017,10/26/2017,10/26/2017,IN PERSON,NO,NO,,NO,B,0001,001,007,178,WAYC,00103,113011,00218,243,
PIERCE,10906896,LENTZ,ROBERT,EDWARD,,115,YEOMANS ST, ,BLACKSHEAR,GA,31516,115,YEOMANS ST,,BLACKSHEAR,GA,31516,A,A,,10/20/2017,10/20/2017,10/20/2017,IN PERSON,NO,NO,,NO,B,0001,001,007,178,WAYC,00103,113011,00139,162,
PIERCE,11367431,RHEM,EVA,MAE,,118,BENT CT, ,BLACKSHEAR,GA,31516,118,BENT CT,,BLACKSHEAR,GA,31516,A,A,,10/16/2017,10/16/2017,10/16/2017,IN PERSON,NO,NO,,NO,B,0001,001,007,178,WAYC,00103,113011,00025,25,
PIERCE,08058865,HARDEN,LOUIS,EMORY,,724,GRADY ST, ,BLACKSHEAR,GA,31516-1116,724,GRADY ST,,BLACKSHEAR,GA,31516-1116,A,A,,10/24/2017,10/24/2017,10/24/2017,IN PERSON,NO,NO,,NO,B,0002,001,007,178,WAYC,00108,113011,00183,206,
PIERCE,06932004,FREEMAN,VIOLA,MOSES,,740,CHAPMAN ST, ,BLACKSHEAR,GA,31516,740,CHAPMAN ST,,BLACKSHEAR,GA,31516,A,A,,10/25/2017,10/25/2017,10/25/2017,IN PERSON,NO,NO,,NO,B,0002,001,007,178,WAYC,00107,113011,00199,222,
PIERCE,04198057,LESSEIG,COREY,TODD,,115,CHURCH ST, ,BLACKSHEAR,GA,31516-1921,115,CHURCH ST,,BLACKSHEAR,GA,31516-1921,A,A,,10/26/2017,10/26/2017,10/26/2017,IN PERSON,NO,NO,,NO,B,0002,001,007,178,WAYC,00107,113011,00220,245,
PIERCE,01617942,BARBER,HERBERT,,,818,CHAPMAN ST, ,BLACKSHEAR,GA,31516-2502,818,CHAPMAN ST,,BLACKSHEAR,GA,31516-2502,A,A,,10/19/2017,10/20/2017,10/20/2017,IN PERSON,NO,NO,,NO,B,0002,001,007,178,WAYC,00107,113011,00104,123,
PIERCE,07806459,WRIGHT,STEVEN,LEE,,1154,TANNER CIR, ,BLACKSHEAR,GA,31516,1154,TANNER CIR,,BLACKSHEAR,GA,31516,A,A,,10/16/2017,10/16/2017,10/16/2017,IN PERSON,NO,NO,,NO,B,0002,001,007,178,WAYC,00107,113011,00006,6,
PIERCE,01334061,HANCHEY,JERRY,LADON,,431,KELLER ST, ,BLACKSHEAR,GA,31516-2421,431,KELLER ST,,BLACKSHEAR,GA,31516-2421,A,A,,11/03/2017,11/03/2017,11/03/2017,IN PERSON,NO,NO,,NO,B,0002,001,007,178,WAYC,00106,113011,00355,389,
PIERCE,04625516,YOUNG,WILLIAM,,JR,408,PINEHURST DR, ,BLACKSHEAR,GA,31516-2728,408,PINEHURST DR,,BLACKSHEAR,GA,31516-2728,A,A,,11/01/2017,11/01/2017,11/01/2017,IN PERSON,NO,NO,,NO,B,0002,001,007,178,WAYC,00109,113011,00292,319,
PIERCE,01619469,HOLLIS,JERRY,W,II,131,HERITAGE CIR, ,BLACKSHEAR,GA,31516-2625,131,HERITAGE CIR,,BLACKSHEAR,GA,31516-2625,A,A,,10/18/2017,10/18/2017,10/18/2017,IN PERSON,NO,NO,,NO,B,3A,001,007,178,WAYC,00111,113011,00077,95,
PIERCE,06932050,PAYNE,GLYNN,ELBERT,,416,W CARTER AVE, ,BLACKSHEAR,GA,31516-1420,416,W CARTER AVE,,BLACKSHEAR,GA,31516-1420,A,A,,10/30/2017,10/30/2017,10/30/2017,IN PERSON,NO,NO,,NO,B,4C,001,007,178,WAYC,00117,113011,00262,289,
PIERCE,01617686,TAYLOR,LAURINE,W,,913,CHERRY ST, ,BLACKSHEAR,GA,31516-2028,8610,SENTINAE CHASE DR,,ROSWELL,GA,30076,A,A,,10/16/2017,10/16/2017,11/03/2017,MAILED,NO,NO,,NO,B,0001,001,007,178,WAYC,00103,,00012,44,
PIERCE,06105810,STRICKLAND,ROSEMARIE,,,730,JANE ST, ,BLACKSHEAR,GA,31516-2540,730,JANE ST,,BLACKSHEAR,GA,31516-2540,A,A,,11/02/2017,11/02/2017,11/02/2017,IN PERSON,NO,NO,,NO,B,0002,001,007,178,WAYC,00107,113011,00327,354,
PIERCE,03053971,FERGUSON,JACK,RUSSELL,,1114,LAUREL ST, ,BLACKSHEAR,GA,31516-2835,1114,LAUREL ST,,BLACKSHEAR,GA,31516-2835,A,A,,11/01/2017,11/01/2017,11/01/2017,IN PERSON,NO,NO,,NO,B,3A,001,007,178,WAYC,00111,113011,00288,315,
PIERCE,08429460,SWEAT,ALLEN,CHARLES,,395,WOODLAWN TER, ,BLACKSHEAR,GA,31516,395,WOODLAWN TER,,BLACKSHEAR,GA,31516,A,A,,10/20/2017,10/20/2017,10/20/2017,IN PERSON,NO,NO,,NO,B,0002,001,007,178,WAYC,00109,113011,00141,164,
PIERCE,10644088,DENISON,GEORGE,CLATON,III,122,GROVE HILL AVE, ,BLACKSHEAR,GA,31516,122,GROVE HILL AVE,,BLACKSHEAR,GA,31516,A,A,,10/27/2017,10/27/2017,10/27/2017,IN PERSON,NO,NO,,NO,B,0002,001,007,178,WAYC,00108,113011,00223,248,
PIERCE,01619505,BROOKS,PAMELA,PENN,,110,LAKESIDE DR, ,BLACKSHEAR,GA,31516,110,LAKESIDE DR,,BLACKSHEAR,GA,31516,A,A,,10/20/2017,10/20/2017,10/20/2017,IN PERSON,NO,NO,,NO,B,3A,001,007,178,WAYC,00111,113011,00144,167,
PIERCE,01618326,FOREMAN,CHARLES,C,,521,CHURCH ST, ,BLACKSHEAR,GA,31516-2217,521,CHURCH ST,,BLACKSHEAR,GA,31516-2217,A,A,,10/17/2017,10/17/2017,10/17/2017,IN PERSON,NO,NO,,NO,B,0002,001,007,178,WAYC,00106,113011,00042,60,
PIERCE,06861894,GAY,HAROLD,LEVANCE,II,1102,LAKEVIEW DR, ,BLACKSHEAR,GA,31516-2827,1102,LAKEVIEW DR,,BLACKSHEAR,GA,31516-2827,A,A,,11/03/2017,11/03/2017,11/03/2017,IN PERSON,NO,NO,,NO,B,3A,001,007,178,WAYC,00111,113011,00338,372,
PIERCE,07202336,KING,JOHN,KENNETH,,213,STRICKLAND AVE, ,BLACKSHEAR,GA,31516-1237,213,STRICKLAND AVE,,BLACKSHEAR,GA,31516-1237,A,A,,10/18/2017,10/18/2017,10/18/2017,IN PERSON,NO,NO,,NO,B,0001,001,007,178,WAYC,00102,113011,00072,90,
PIERCE,07355264,CARUSO,BETTY,ANN,,215,MARION ST,UNIT 3-D,BLACKSHEAR,GA,31516,215,MARION ST,UNIT 3-D,BLACKSHEAR,GA,31516,A,A,,10/25/2017,10/25/2017,10/25/2017,IN PERSON,NO,NO,,NO,B,0002,001,007,178,WAYC,00108,113011,00205,228,
PIERCE,01617120,GRIFFIN,JERRY,EDWARD,,3275,CRESTVIEW DR, ,BLACKSHEAR,GA,31516-1059,3275,CRESTVIEW DR,,BLACKSHEAR,GA,31516-1059,A,A,,10/23/2017,10/23/2017,10/23/2017,IN PERSON,NO,NO,,NO,B,0001,001,007,178,WAYC,00118,113011,00162,185,
PIERCE,04019908,JONES,ETHEL,K,,106,PINEHURST DR, ,BLACKSHEAR,GA,31516-2722,106,PINEHURST DR,,BLACKSHEAR,GA,31516-2722,A,A,,10/19/2017,10/20/2017,10/20/2017,IN PERSON,NO,NO,,NO,B,0002,001,007,178,WAYC,00109,113011,00114,133,
PIERCE,01617116,GREENE,CARENE,,,848,LEE ST, ,BLACKSHEAR,GA,31516-2044,848,LEE ST,,BLACKSHEAR,GA,31516-2044,A,A,,10/19/2017,10/20/2017,10/20/2017,IN PERSON,NO,NO,,NO,B,0001,001,007,178,WAYC,00103,113011,00086,105,
PIERCE,01619168,WILLIAMS,CHERYL,S,,1201,ELIZABETH ST, ,BLACKSHEAR,GA,31516,1201,ELIZABETH ST,,BLACKSHEAR,GA,31516,A,A,,10/19/2017,10/20/2017,10/20/2017,IN PERSON,NO,NO,,NO,B,0002,001,007,178,WAYC,00109,113011,00097,116,
PIERCE,07267247,EATON,ERIC,JON,,831,GORDON ST, ,BLACKSHEAR,GA,31516-1211,831,GORDON ST,,BLACKSHEAR,GA,31516-1211,A,A,,11/03/2017,11/03/2017,11/03/2017,IN PERSON,NO,NO,,NO,B,0002,001,007,178,WAYC,00108,113011,00341,375,
PIERCE,01619463,HENDRY,MARGIE,P,,139,HERITAGE CIR, ,BLACKSHEAR,GA,31516-2625,139,HERITAGE CIR,,BLACKSHEAR,GA,31516-2625,A,A,,10/18/2017,10/18/2017,10/18/2017,IN PERSON,NO,NO,,NO,B,3A,001,007,178,WAYC,00111,113011,00070,88,
PIERCE,01335786,NEWSOME,HIRAM,S,,529,CHURCH ST, ,BLACKSHEAR,GA,31516-2217,529,CHURCH ST,,BLACKSHEAR,GA,31516-2217,A,A,,11/02/2017,11/02/2017,11/02/2017,IN PERSON,NO,NO,,NO,B,0002,001,007,178,WAYC,00106,113011,00320,347,
PIERCE,01623020,MATTOX,GENTRY,B,,313,PURDOM DR, ,BLACKSHEAR,GA,31516,313,PURDOM DR,,BLACKSHEAR,GA,31516,A,A,,11/01/2017,11/01/2017,11/01/2017,IN PERSON,NO,NO,,NO,B,0002,001,007,178,WAYC,00105,113011,00284,311,
PIERCE,10841979,PRESCOTT,MARY,BLANCHE,,711,CHAPMAN ST, ,BLACKSHEAR,GA,31516,711,CHAPMAN ST,,BLACKSHEAR,GA,31516,A,A,,10/23/2017,10/23/2017,10/23/2017,IN PERSON,NO,NO,,NO,B,0002,001,007,178,WAYC,00107,113011,00164,187,
PIERCE,01616916,CAMPBELL,LATRELLE,,,912,STRICKLAND AVE, ,BLACKSHEAR,GA,31516-1614,912,STRICKLAND AVE,,BLACKSHEAR,GA,31516-1614,A,A,,10/24/2017,10/24/2017,10/24/2017,IN PERSON,NO,NO,,NO,B,0001,001,007,178,WAYC,00118,113011,00181,204,
PIERCE,01619190,RIGGINS,VICKI,PARKER,,132,GLENWOOD DR, ,BLACKSHEAR,GA,31516-2626,132,GLENWOOD DR,,BLACKSHEAR,GA,31516-2626,A,A,,10/17/2017,10/17/2017,10/17/2017,IN PERSON,NO,NO,,NO,B,3A,001,007,178,WAYC,00111,113011,00040,58,
PIERCE,07615696,HERNDON,SHELLY,DIANE,,101,FAWN LN, ,BLACKSHEAR,GA,31516-2452,101,FAWN LN,,BLACKSHEAR,GA,31516-2452,A,A,,10/26/2017,10/26/2017,10/26/2017,IN PERSON,NO,NO,,NO,B,0002,001,007,178,WAYC,00106,113011,00215,240,
PIERCE,03495071,HART,CHRISTINE,MURRAY,,919,BUD ST, ,BLACKSHEAR,GA,31516-1305,919,BUD ST,,BLACKSHEAR,GA,31516-1305,A,A,,10/23/2017,10/23/2017,10/23/2017,IN PERSON,NO,NO,,NO,B,0002,001,007,178,WAYC,00108,113011,00172,195,
PIERCE,11371793,BOATRIGHT,ANNA,LISA,,142,LAKESIDE DR, ,BLACKSHEAR,GA,31516,142,LAKESIDE DR,,BLACKSHEAR,GA,31516-2819,A,A,,10/30/2017,10/30/2017,11/03/2017,MAILED,NO,NO,,NO,B,3A,001,007,178,WAYC,00111,,00009,359,
PIERCE,11179372,HIGGINBOTHAM,JOYCE,C,,316,PINEHURST DR, ,BLACKSHEAR,GA,31516,316,PINEHURST DR,,BLACKSHEAR,GA,31516,A,A,,10/23/2017,10/23/2017,10/23/2017,IN PERSON,NO,NO,,NO,B,0002,001,007,178,WAYC,00109,113011,00168,191,
PIERCE,01617286,JOHNSON,BOBBIE,W,,412,S YEOMANS ST, ,BLACKSHEAR,GA,31516-2048,412,S YEOMANS ST,,BLACKSHEAR,GA,31516-2048,A,A,,10/19/2017,10/20/2017,10/20/2017,IN PERSON,NO,NO,,NO,B,0001,001,007,178,WAYC,00103,113011,00087,106,
PIERCE,06751841,CARTER,STEPHANIE,LEEANN,,402,MCGREGOR ST, ,BLACKSHEAR,GA,31516-1430,402,MCGREGOR ST,,BLACKSHEAR,GA,31516-1430,A,A,,10/18/2017,10/18/2017,10/18/2017,IN PERSON,NO,NO,,NO,B,4C,001,007,178,WAYC,00117,113011,00059,77,
PIERCE,01618420,HENDRY,JOYCE,H,,1305,LOBLOLY LN, ,BLACKSHEAR,GA,31516-2713,1305,LOBLOLY LN,,BLACKSHEAR,GA,31516-2713,A,A,,11/02/2017,11/02/2017,11/02/2017,IN PERSON,NO,NO,,NO,B,0002,001,007,178,WAYC,00109,113011,00324,351,
PIERCE,01617329,LANE,WALTER,G,,518,ORANGE ST, ,BLACKSHEAR,GA,31516,518,ORANGE ST,,BLACKSHEAR,GA,31516,A,A,,10/25/2017,10/25/2017,10/25/2017,IN PERSON,NO,NO,,NO,B,0001,001,007,178,WAYC,00103,113011,00208,231,
PIERCE,00650598,HANCHEY,CHARLOTTE,H,,431,KELLER ST, ,BLACKSHEAR,GA,31516-2421,431,KELLER ST,,BLACKSHEAR,GA,31516-2421,A,A,,11/03/2017,11/03/2017,11/03/2017,IN PERSON,NO,NO,,NO,B,0002,001,007,178,WAYC,00106,113011,00352,386,
PIERCE,10634893,DOBBS,KALI,BROOKE,,526,LEISURE LN, ,BLACKSHEAR,GA,31516,526,LEISURE LN,,BLACKSHEAR,GA,31516,A,A,,10/18/2017,10/18/2017,10/18/2017,IN PERSON,NO,NO,,NO,B,0002,001,007,178,WAYC,00106,113011,00067,85,
PIERCE,08726805,JOHNSON,MELVIN TYLER,,,804,YEOMANS ST, ,BLACKSHEAR,GA,31516-2052,14000,HWY 82 W,#6487,ITTA-BENA,MS,38941,A,A,,10/04/2017,10/16/2017,10/26/2017,MAILED,NO,NO,,NO,B,0001,001,007,178,WAYC,00103,,00005,37,
PIERCE,04198051,LESSEIG,LISA,H,,115,CHURCH ST, ,BLACKSHEAR,GA,31516-1921,115,CHURCH ST,,BLACKSHEAR,GA,31516-1921,A,A,,10/18/2017,10/18/2017,10/18/2017,IN PERSON,NO,NO,,NO,B,0002,001,007,178,WAYC,00107,113011,00079,97,
PIERCE,01619915,DAVIS,JOE,IVEY,,6435,HIGHWAY 84, ,PATTERSON,GA,31557,,PO BOX 284,,PATTERSON,GA,31557,A,A,,10/30/2017,10/30/2017,10/30/2017,IN PERSON,NO,NO,,NO,P,3B,001,007,178,WAYC,00112,113011,00255,282,
PIERCE,05594002,NOBLE,COLLEEN,BROWN,,712,SYCAMORE ST, ,BLACKSHEAR,GA,31516-2031,712,SYCAMORE ST,,BLACKSHEAR,GA,31516-2031,A,A,,10/20/2017,10/20/2017,10/20/2017,IN PERSON,NO,NO,,NO,B,0001,001,007,178,WAYC,00103,113011,00143,166,
PIERCE,04070637,BROWN,PAULINE,I,,926,JACKSON ST, ,BLACKSHEAR,GA,31516-1336,926,JACKSON ST,,BLACKSHEAR,GA,31516-1336,A,A,,10/30/2017,10/30/2017,10/30/2017,IN PERSON,NO,NO,,NO,B,0002,001,007,178,WAYC,00108,113011,00259,286,
PIERCE,01619445,HAMPTON,DEBORAH,,,935,BURNEY BRANCH CIR, ,BLACKSHEAR,GA,31516-2603,935,BURNEY BRANCH CIR,,BLACKSHEAR,GA,31516-2603,A,A,,10/31/2017,10/31/2017,10/31/2017,IN PERSON,NO,NO,,NO,B,3A,001,007,178,WAYC,00111,113011,00280,307,
PIERCE,04446384,BOYETT,JANE,ORSER,,203,RANKIN PL, ,BLACKSHEAR,GA,31516-2832,203,RANKIN PL,,BLACKSHEAR,GA,31516-2832,A,A,,10/18/2017,10/18/2017,10/18/2017,IN PERSON,NO,NO,,NO,B,3A,001,007,178,WAYC,00111,113011,00074,92,
PIERCE,08713207,DAVIS,EDWARD,HUGH,,627,SW CENTRAL AVE, ,BLACKSHEAR,GA,31516,627,SW CENTRAL AVE,,BLACKSHEAR,GA,31516,A,A,,11/03/2017,11/03/2017,11/03/2017,IN PERSON,NO,NO,,NO,B,0002,001,007,178,WAYC,00106,113011,00356,390,
PIERCE,03893452,CAMPBELL,BETTIE,D,,518,GILMORE ST, ,BLACKSHEAR,GA,31516-2538,518,GILMORE ST,,BLACKSHEAR,GA,31516-2538,A,A,,10/20/2017,10/20/2017,10/20/2017,IN PERSON,NO,NO,,NO,B,0002,001,007,178,WAYC,00106,113011,00133,156,
PIERCE,01618488,HUGHES,MICHAEL,GLENN,,717,JACKSON ST, ,BLACKSHEAR,GA,31516-1331,,PO BOX 402,,BLACKSHEAR,GA,31516-0040,A,A,,10/17/2017,10/17/2017,10/17/2017,IN PERSON,NO,NO,,NO,B,0002,001,007,178,WAYC,00108,113011,00037,55,
PIERCE,01250837,GRAHAM,BRENDA,D,,322,WOODLAWN TER, ,BLACKSHEAR,GA,31516-2740,322,WOODLAWN TER,,BLACKSHEAR,GA,31516-2740,A,A,,10/24/2017,10/24/2017,10/24/2017,IN PERSON,NO,NO,,NO,B,0002,001,007,178,WAYC,00109,113011,00187,210,
PIERCE,01618322,FAIRLEY,JAMES,H,,835,CHAPMAN ST, ,BLACKSHEA,GA,31516,835,CHAPMAN ST,,BLACKSHEAR,GA,31516,A,A,,10/27/2017,10/27/2017,10/27/2017,IN PERSON,NO,NO,,NO,B,0002,001,007,178,WAYC,00107,113011,00235,260,
PIERCE,07929294,DAVIS,HUBERT,TERRELL,,416,HILLCREST BLVD, ,BLACKSHEAR,GA,31516-1408,416,HILLCREST BLVD,,BLACKSHEAR,GA,31516-1408,A,A,,10/20/2017,10/20/2017,10/20/2017,IN PERSON,NO,NO,,NO,B,4C,001,007,178,WAYC,00117,113011,00126,149,
PIERCE,01619271,BOWEN,JAMES,A,,160,HERITAGE CIR, ,BLACKSHEAR,GA,31516-2624,160,HERITAGE CIR,,BLACKSHEAR,GA,31516-2624,A,A,,10/17/2017,10/17/2017,10/17/2017,IN PERSON,NO,NO,,NO,B,3A,001,007,178,WAYC,00111,113011,00053,71,
PIERCE,01622320,STONE,SANDRA,LYNN,,114,BOBCAT DR, ,BLACKSHEAR,GA,31516-2445,,PO BOX 786,,BLACKSHEAR,GA,31516,A,A,,10/20/2017,10/20/2017,10/20/2017,IN PERSON,NO,NO,,NO,B,0002,001,007,178,WAYC,00106,113011,00137,160,
PIERCE,01623108,CLARK,MARY,B,,1261,LAKEVIEW DR, ,BLACKSHEAR,GA,31516,1261,LAKEVIEW,,BLACKSHEAR,GA,31516,A,A,,10/18/2017,10/18/2017,10/18/2017,IN PERSON,NO,NO,,NO,B,3A,001,007,178,WAYC,00111,113011,00057,75,
PIERCE,04577743,SAPP,ANGELA,MARIE,,307,STRICKLAND AVE, ,BLACKSHEAR,GA,31516-1431,307,STRICKLAND AVE,,BLACKSHEAR,GA,31516-1431,A,A,,10/23/2017,10/23/2017,10/23/2017,IN PERSON,NO,NO,,NO,B,0001,001,007,178,WAYC,00102,113011,00166,189,
PIERCE,01360269,BURDEN,ELIZABETH,T,,940,WARE ST,UNIT 56,BLACKSHEAR,GA,31516-1632,940,WARE ST,UNIT 56,BLACKSHEAR,GA,31516-1632,A,,,09/29/2017,10/16/2017,,MAILED,NO,NO,,NO,B,0001,001,007,178,WAYC,00103,,00003,35,
PIERCE,01618503,JAMES,MARIAN,C,,118,LAKESIDE DR, ,BLACKSHEAR,GA,31516-2819,118,LAKESIDE DR,,BLACKSHEAR,GA,31516-2819,A,A,,10/19/2017,10/20/2017,10/20/2017,IN PERSON,NO,NO,,NO,B,3A,001,007,178,WAYC,00111,113011,00094,113,
PIERCE,01619262,BOATRIGHT,JANICE,CARTER,,1235,LAKEVIEW DR, ,BLACKSHEAR,GA,31516-2828,1235,LAKEVIEW DR,,BLACKSHEAR,GA,31516-2828,A,A,,11/01/2017,11/01/2017,11/01/2017,IN PERSON,NO,NO,,NO,B,3A,001,007,178,WAYC,00111,113011,00286,313,
PIERCE,10253558,RAULERSON,MARY,KIM,,200,HERITAGE CIR, ,BLACKSHEAR,GA,31516,200,HERITAGE CIR,,BLACKSHEAR,GA,31516-2623,A,A,,10/18/2017,10/18/2017,10/18/2017,IN PERSON,NO,NO,,NO,B,3A,001,007,178,WAYC,00111,113011,00066,84,
PIERCE,01618944,STANFIELD,J,T,,206,TAYLOR CIR, ,BLACKSHEAR,GA,31516-2524,206,TAYLOR CIR,,BLACKSHEAR,GA,31516-2524,A,A,,10/16/2017,10/16/2017,10/19/2017,MAILED,NO,NO,ELDERLY,NO,B,0002,001,007,178,WAYC,00107,,00003,47,
PIERCE,01619304,CARTER,CAROLYN,W,,501,GOLF COURSE RD, ,BLACKSHEAR,GA,31516,501,GOLF COURSE RD,,BLACKSHEAR,GA,31516,A,A,,10/20/2017,10/20/2017,10/20/2017,IN PERSON,NO,NO,,NO,B,3A,001,007,178,WAYC,00111,113011,00128,151,
PIERCE,01619337,COLBATH,FRANCIS,Y,,954,MAIN ST, ,BLACKSHEAR,GA,31516-2318,954,MAIN ST,,BLACKSHEAR,GA,31516-2318,A,A,,10/23/2017,10/23/2017,10/23/2017,IN PERSON,NO,NO,,NO,B,3A,001,007,178,WAYC,00111,113011,00177,200,
PIERCE,01619165,WHITTED,BRENDA,C,,1427,COLLEGE AVE, ,BLACKSHEAR,GA,31516-2801,1427,COLLEGE AVE,,BLACKSHEAR,GA,31516-2801,A,A,,10/31/2017,10/31/2017,10/31/2017,IN PERSON,NO,NO,,NO,B,3A,001,007,178,WAYC,00111,113011,00270,297,
PIERCE,04483038,CRAWFORD,KEVIN,ERNEST,,305,WALKER ST, ,BLACKSHEAR,GA,31516-1707,305,WALKER ST,,BLACKSHEAR,GA,31516-1707,A,A,,11/02/2017,11/02/2017,11/02/2017,IN PERSON,NO,NO,,NO,B,0001,001,007,178,WAYC,00103,113011,00314,341,
PIERCE,01619518,KNOX,JOHN,G,,233,WOODLAWN TER, ,BLACKSHEAR,GA,31516,233,WOODLAWN TER,,BLACKSHEAR,GA,31516,A,A,,10/26/2017,10/26/2017,10/26/2017,IN PERSON,NO,NO,,NO,B,0002,001,007,178,WAYC,00109,113011,00210,235,
PIERCE,11476516,WATERS,CAROLYN,D,,310,WILLIAMS ST, ,BLACKSHEAR,GA,31516,310,WILLIAMS ST,,BLACKSHEAR,GA,31516,A,A,,10/23/2017,10/23/2017,10/23/2017,IN PERSON,NO,NO,,NO,B,0002,001,007,178,WAYC,00109,113011,00157,180,
PIERCE,01618350,GILLEON,ROY,L,JR,615,NIMMER ST, ,BLACKSHEAR,GA,31516-1438,615,NIMMER ST,,BLACKSHEAR,GA,31516-1438,A,A,,10/25/2017,10/25/2017,10/25/2017,IN PERSON,NO,NO,,NO,B,4C,001,007,178,WAYC,00117,113011,00196,219,
PIERCE,01618757,PARK,PAT,N,,151,PINEHURST DR, ,BLACKSHEAR,GA,31516-2721,,PO BOX 435,,BLACKSHEAR,GA,31516,A,A,,10/17/2017,10/17/2017,10/17/2017,IN PERSON,NO,NO,,NO,B,0002,001,007,178,WAYC,00109,113011,00056,74,
PIERCE,08884302,SIMPSON,DANIEL,E,,518,LEISURE LN, ,BLACKSHEAR,GA,31516-2512,518,LEISURE LN,,BLACKSHEAR,GA,31516-2512,A,A,,10/19/2017,10/20/2017,10/20/2017,IN PERSON,NO,NO,,NO,B,0002,001,007,178,WAYC,00106,113011,00089,108,
PIERCE,01618101,CARTER,ROXANNE,H,,421,SW CENTRAL AVE,UNIT 1,BLACKSHEAR,GA,31516-2265,421,S CENTRAL AVE,A,BLACKSHEAR,GA,31516-0226,A,A,,10/30/2017,10/30/2017,10/30/2017,IN PERSON,NO,NO,,NO,B,0002,001,007,178,WAYC,00106,113011,00266,293,
PIERCE,01622181,BROADY,LUCY,M,,615,ALLEN AVE, ,BLACKSHEAR,GA,31516,615,ALLEN AVE,,BLACKSHEAR,GA,31516,A,A,,10/24/2017,10/24/2017,10/24/2017,IN PERSON,NO,NO,,NO,B,0001,001,007,178,WAYC,00103,113011,00179,202,
PIERCE,01622365,BRYANT,CHARLES,J,JR,448,ACOSTA ST, ,BLACKSHEAR,GA,31516-2288,448,ACOSTA ST,,BLACKSHEAR,GA,31516-2288,A,A,,10/23/2017,10/23/2017,10/30/2017,MAILED,NO,NO,,NO,B,0002,001,007,178,WAYC,00106,,00005,265,
PIERCE,02206032,WILKES,RONALD,LLOYD,,940,WARE ST,UNIT 31,BLACKSHEAR,GA,31516,940,WARE ST,UNIT 31,BLACKSHEAR,GA,31516,A,A,,10/16/2017,10/16/2017,10/16/2017,IN PERSON,NO,NO,,NO,B,0001,001,007,178,WAYC,00103,113011,00021,21,
PIERCE,06107356,HART,GERALD,,,919,BUD ST, ,BLACKSHEAR,GA,31516-1305,919,BUD ST,,BLACKSHEAR,GA,31516-1305,A,A,,10/23/2017,10/23/2017,10/23/2017,IN PERSON,NO,NO,,NO,B,0002,001,007,178,WAYC,00108,113011,00174,197,
PIERCE,01055931,DOWLING,CAROLE,B,,409,CARTER AVE, ,BLACKSHEAR,GA,31516,409,CARTER AVE,,BLACKSHEAR,GA,31516,A,A,,10/25/2017,10/25/2017,10/25/2017,IN PERSON,NO,NO,,NO,B,0002,001,007,178,WAYC,00108,113011,00202,225,
PIERCE,01619387,DIXON,SUE,,,110,EDGEWOOD DR, ,BLACKSHEAR,GA,31516-2609,110,EDGEWOOD DR,,BLACKSHEAR,GA,31516-2609,A,A,,11/01/2017,11/01/2017,11/01/2017,IN PERSON,NO,NO,,NO,B,3A,001,007,178,WAYC,00111,113011,00300,327,
PIERCE,01053955,HERRIN,WINTON,,,218,PITTMAN ST, ,BLACKSHEAR,GA,31516-2516,218,PITTMAN ST,,BLACKSHEAR,GA,31516-2516,A,A,,11/01/2017,11/01/2017,11/01/2017,IN PERSON,NO,NO,,NO,B,0002,001,007,178,WAYC,00107,113011,00291,318,
PIERCE,01619226,AGUIRRE,EMILY,C,,308,GLENWOOD DR, ,BLACKSHEAR,GA,31516-2630,,PO BOX 714,,BLACKSHEAR,GA,31516-0071,A,A,,10/16/2017,10/16/2017,10/16/2017,IN PERSON,NO,NO,,NO,B,3A,001,007,178,WAYC,00111,113011,00022,22,
PIERCE,01617838,WILLIAMS,VELMA,SUE,,704,STRICKLAND AVE, ,BLACKSHEAR,GA,31516-1749,704,STRICKLAND AVE,,BLACKSHEAR,GA,31516-1749,A,A,,10/27/2017,10/27/2017,10/27/2017,IN PERSON,NO,NO,,NO,B,0001,001,007,178,WAYC,00118,113011,00224,249,
PIERCE,01619122,WALL,PEGGY,T,,324,W CARTER AVE, ,BLACKSHEAR,GA,31516-1411,324,CARTER AVE,,BLACKSHEAR,GA,31516,A,A,,10/30/2017,10/30/2017,10/30/2017,IN PERSON,NO,NO,,NO,B,4C,001,007,178,WAYC,00117,113011,00253,280,
PIERCE,01619311,CARTER,ROYCE,E,,501,GOLF COURSE RD, ,BLACKSHEAR,GA,31516,,PO BOX 634,,BLACKSHEAR,GA,31516,A,A,,10/16/2017,10/16/2017,10/16/2017,IN PERSON,NO,NO,,NO,B,3A,001,007,178,WAYC,00111,113011,00003,3,
PIERCE,05954447,GODWIN,SHAWN,MICHAEL,,513,LEISURE LN, ,BLACKSHEAR,GA,31516,513,LEISURE LN,,BLACKSHEAR,GA,31516-2511,A,A,,10/16/2017,10/16/2017,10/16/2017,IN PERSON,NO,NO,,NO,B,0002,001,007,178,WAYC,00106,113011,00019,19,
PIERCE,01617273,JAMES,JOYCE,P,,319,WALKER ST, ,BLACKSHEAR,GA,31516-1707,319,WALKER ST,,BLACKSHEAR,GA,31516-1707,A,A,,10/17/2017,10/17/2017,10/17/2017,IN PERSON,NO,NO,,NO,B,0001,001,007,178,WAYC,00103,113011,00044,62,
PIERCE,01617878,ADAMS,ELLEN,RATLIFF,,211,CHURCH ST, ,BLACKSHEAR,GA,31516-2211,110,CLAPPER RAIL LANE,,ST SIMONS ISLAND,GA,31522,A,A,,10/03/2017,10/16/2017,10/23/2017,MAILED,NO,NO,ELDERLY,NO,B,0002,001,007,178,WAYC,00107,,00001,45,
PIERCE,06320072,MILES,BERTHA,E,,221,CARTER AVE, ,BLACKSHEAR,GA,31516,221,CARTER AVE,,BLACKSHEAR,GA,31516,A,A,,10/11/2017,10/16/2017,10/25/2017,MAILED,NO,NO,,NO,B,0002,001,007,178,WAYC,00108,,00001,49,
PIERCE,03701038,BALDWIN,DOROTHY,ANNETIE,,105,ODEN ST, ,BLACKSHEAR,GA,31516,,PO BOX 244,,BLACKSHEAR,GA,31516-0024,A,A,,10/20/2017,10/20/2017,10/20/2017,IN PERSON,NO,NO,,NO,B,0001,001,007,178,WAYC,00103,113011,00123,146,
PIERCE,11462789,DUNAWAY,HOWARD,,,109,BENT CT, ,BLACKSHEAR,GA,31516,109,BENT CT,,BLACKSHEAR,GA,31516,A,A,,10/16/2017,10/16/2017,10/16/2017,IN PERSON,NO,NO,,NO,B,0001,001,007,178,WAYC,00103,113011,00005,5,
PIERCE,07227093,PRESLEY,BETTY,J,,608,WARE ST, ,BLACKSHEAR,GA,31516-1722,608,WARE ST,,BLACKSHEAR,GA,31516-1722,A,A,,10/30/2017,10/30/2017,10/30/2017,IN PERSON,NO,NO,,NO,B,0001,001,007,178,WAYC,00103,113011,00240,267,
PIERCE,03267316,WILLIAMSON,LOWELL,A,,916,JANE ST, ,BLACKSHEAR,GA,31516-2747,916,JANE ST,,BLACKSHEAR,GA,31516-2747,A,A,,11/01/2017,11/01/2017,11/01/2017,IN PERSON,NO,NO,,NO,B,0002,001,007,178,WAYC,00109,113011,00306,333,
PIERCE,01617001,CREWS,TYRONE,M,,1004,HOLLY ST, ,BLACKSHEAR,GA,31516-1330,1004,HOLLY ST,,BLACKSHEAR,GA,31516-1330,A,A,,10/23/2017,10/23/2017,10/23/2017,IN PERSON,NO,NO,,NO,B,0002,001,007,178,WAYC,00108,113011,00161,184,
PIERCE,01621385,WINN,JOYCE,A,,308,MOODY ST, ,BLACKSHEAR,GA,31516-2720,308,MOODY ST,,BLACKSHEAR,GA,31516-2720,A,A,,10/18/2017,10/18/2017,10/18/2017,IN PERSON,NO,NO,,NO,B,0002,001,007,178,WAYC,00109,113011,00060,78,
PIERCE,01617035,DENNISON,LINDA,W,,830,STRICKLAND AVE, ,BLACKSHEAR,GA,31516-1704,830,STRICKLAND AVE,,BLACKSHEAR,GA,31516-1704,A,A,,10/31/2017,10/31/2017,10/31/2017,IN PERSON,NO,NO,,NO,B,0001,001,007,178,WAYC,00118,113011,00277,304,
PIERCE,01354379,YOUMANS,COLLEEN,,,130,LAKEVIEW DR, ,BLACKSHEAR,GA,31516-2823,130,LAKEVIEW DR,,BLACKSHEAR,GA,31516-2823,A,A,,10/30/2017,10/30/2017,10/30/2017,IN PERSON,NO,NO,,NO,B,3A,001,007,178,WAYC,00111,113011,00249,276,
PIERCE,01617216,HOLMES,BETTYE,L,,847,ALLEN AVE, ,BLACKSHEAR,GA,31516,847,ALLEN AVE,,BLACKSHEAR,GA,31516,A,A,,10/19/2017,10/20/2017,10/20/2017,IN PERSON,NO,NO,,NO,B,0001,001,007,178,WAYC,00103,113011,00088,107,
PIERCE,01618551,JURY,CLAUDIA,S,,613,CHILDREN'S CIR, ,BLACKSHEAR,GA,31516,613,CHILDREN'S CIR,,BLACKSHEAR,GA,31516,A,A,,11/03/2017,11/03/2017,11/03/2017,IN PERSON,NO,NO,,NO,B,0002,001,007,178,WAYC,00106,113011,00345,379,
PIERCE,11478534,BOATRIGHT,NATALEE,ANN,,140,LAKESIDE DR, ,BLACKSHEAR,GA,31516,140,LAKESIDE DR,,BLACKSHEAR,GA,31516,A,A,,10/30/2017,10/30/2017,11/03/2017,MAILED,NO,NO,,NO,B,3A,001,007,178,WAYC,00111,,00013,356,
PIERCE,01353596,LAWSON,DORA,W,,1025,ELIZABETH ST, ,BLACKSHEAR,GA,31516,1025,ELIZABETH ST,,BLACKSHEAR,GA,31516,A,A,,10/27/2017,10/27/2017,10/27/2017,IN PERSON,NO,NO,,NO,B,0002,001,007,178,WAYC,00109,113011,00227,252,
PIERCE,02305156,WHITTED,CHARLES,E,,1427,COLLEGE AVE, ,BLACKSHEAR,GA,31516-2801,1427,COLLEGE AVE,,BLACKSHEAR,GA,31516-2801,A,A,,10/31/2017,10/31/2017,10/31/2017,IN PERSON,NO,NO,,NO,B,3A,001,007,178,WAYC,00111,113011,00271,298,
PIERCE,01618706,MORRIS,ROBERT,R,,607,MAIN ST, ,BLACKSHEAR,GA,31516,607,MAIN ST,,BLACKSHEAR,GA,31516,A,A,,10/19/2017,10/20/2017,10/20/2017,IN PERSON,NO,NO,,NO,B,0002,001,007,178,WAYC,00107,113011,00099,118,
PIERCE,01618568,KIMBRELL,MARY,LINN,,118,PINEHURST DR, ,BLACKSHEAR,GA,31516,118,PINEHURST DR,,BLACKSHEAR,GA,31516,A,A,,10/17/2017,10/17/2017,10/17/2017,IN PERSON,NO,NO,,NO,B,0002,001,007,178,WAYC,00109,113011,00038,56,
PIERCE,02301082,MCCULLARS,DEBRA,SUE,,940,WARE ST, ,BLACKSHEAR,GA,31516,940,WARE ST,,BLACKSHEAR,GA,31516,A,A,,11/01/2017,11/01/2017,11/01/2017,IN PERSON,NO,NO,,NO,B,0001,001,007,178,WAYC,00103,113011,00297,324,
PIERCE,05049571,HICKOX,DAVID,WILLIAM,,342,MARION ST, ,BLACKSHEAR,GA,31516-1108,342,MARION ST,,BLACKSHEAR,GA,31516-1108,A,A,,11/03/2017,11/03/2017,11/03/2017,IN PERSON,NO,NO,,NO,B,4C,001,007,178,WAYC,00117,113011,00340,374,
PIERCE,10585777,HOWARD,SARAH,KATELYN,,725,MAIN ST, ,BLACKSHEAR,GA,31516,725,MAIN ST,,BLACKSHEAR,GA,31516-2305,A,A,,11/03/2017,11/03/2017,11/03/2017,IN PERSON,NO,NO,,NO,B,0002,001,007,178,WAYC,00107,113011,00357,391,
PIERCE,01618594,LANDGRAF,DORIS,D,,211,PINEHURST DR, ,BLACKSHEAR,GA,31516-2723,,PO BOX 307,,BLACKSHEAR,GA,31516-0030,A,A,,10/20/2017,10/20/2017,10/20/2017,IN PERSON,NO,NO,,NO,B,0002,001,007,178,WAYC,00109,113011,00148,171,
PIERCE,01619263,BOATRIGHT,LINTON,DUNBAR,,142,LAKESIDE DR, ,BLACKSHEAR,GA,31516,142,LAKESIDE DR,,BLACKSHEAR,GA,31516,A,A,,10/30/2017,10/30/2017,11/03/2017,MAILED,NO,NO,,NO,B,3A,001,007,178,WAYC,00111,,00011,360,
PIERCE,01619120,WALL,ANN,C,,413,HILLCREST BLVD, ,BLACKSHEAR,GA,31516-1407,3503,W US HIGHWAY 84,,BLACKSHEAR,GA,31516-0229,A,A,,10/24/2017,10/24/2017,10/24/2017,IN PERSON,NO,NO,,NO,B,4C,001,007,178,WAYC,00117,113011,00185,208,
PIERCE,01617962,BATTEN,TONY,MARVIN,,424,HILLCREST BLVD, ,BLACKSHEAR,GA,31516-1408,424,HILLCREST BLVD,,BLACKSHEAR,GA,31516-1408,A,A,,10/20/2017,10/20/2017,10/20/2017,IN PERSON,NO,NO,,NO,B,4C,001,007,178,WAYC,00117,113011,00118,141,
PIERCE,10533181,GOBLE,HAMPTON,,,135,GLENWOOD DR, ,BLACKSHEAR,GA,31516,135,GLENWOOD DR,,BLACKSHEAR,GA,31516,A,A,,10/18/2017,10/18/2017,10/18/2017,IN PERSON,NO,NO,,NO,B,3A,001,007,178,WAYC,00111,113011,00068,86,
PIERCE,03494621,CRUMP,KENNETH,LESTER,JR,346,KELLER ST, ,BLACKSHEAR,GA,31516,346,KELLER ST,,BLACKSHEAR,GA,31516,A,A,,10/16/2017,10/16/2017,10/16/2017,IN PERSON,NO,NO,,NO,B,0002,001,007,178,WAYC,00106,113011,00016,16,
PIERCE,01618276,DAVIS,REGINA,LYNN,,627,SW CENTRAL AVE, ,BLACKSHEAR,GA,31516,,P.O. BOX 936,,BLACKSHEAR,GA,31516,A,A,,10/31/2017,10/31/2017,10/31/2017,IN PERSON,NO,NO,,NO,B,0002,001,007,178,WAYC,00106,113011,00282,309,
PIERCE,00010897,KNOX,LILA,L,,319,CARTER AVE, ,BLACKSHEAR,GA,31516-2630,319,CARTER AVE,,BLACKSHEAR,GA,31516-2630,A,A,,10/27/2017,10/27/2017,10/27/2017,IN PERSON,NO,NO,,NO,B,0002,001,007,178,WAYC,00108,113011,00229,254,
PIERCE,01619705,THORNTON,JANICE,L,,305,CARTER AVE, ,BLACKSHEAR,GA,31516-1543,305,CARTER AVE,,BLACKSHEAR,GA,31516-1543,A,A,,11/03/2017,11/03/2017,11/03/2017,IN PERSON,NO,NO,,NO,B,0002,001,007,178,WAYC,00108,113011,00353,387,
PIERCE,01618559,ROLLISON,SARA,E,,421,ACOSTA ST, ,BLACKSHEAR,GA,31516-2201,421,ACOSTA ST,,BLACKSHEAR,GA,31516-2201,A,A,,10/17/2017,10/17/2017,10/17/2017,IN PERSON,NO,NO,,NO,B,0002,001,007,178,WAYC,00106,113011,00035,53,
PIERCE,01621316,SAULS,JAUNETTE,D,,307,MCGREGOR ST, ,BLACKSHEAR,GA,31516-1427,307,MCGREGOR ST,,BLACKSHEAR,GA,31516-1427,A,A,,10/19/2017,10/20/2017,10/20/2017,IN PERSON,NO,NO,,NO,B,0001,001,007,178,WAYC,00102,113011,00098,117,
PIERCE,01617353,MACKEY,PEARLINE,,,210,LEO MARSHALL DR, ,BLACKSHEAR,GA,31516,210,TUCK ST,,BLACKSHEAR,GA,31516-0212,A,A,,11/02/2017,11/02/2017,11/02/2017,IN PERSON,NO,NO,,NO,B,0001,001,007,178,WAYC,00103,113011,00323,350,
PIERCE,01623005,TARR,TERRY,D,,321,MCGREGOR ST, ,BLACKSHEAR,GA,31516-1427,321,MCGREGOR ST,,BLACKSHEAR,GA,31516-1427,A,A,,11/03/2017,11/03/2017,11/03/2017,IN PERSON,NO,NO,,NO,B,0001,001,007,178,WAYC,00102,113011,00332,366,
PIERCE,07826448,ATKINSON,PATRICIA,ANN,,844,CHERRY ST, ,BLACKSHEAR,GA,31516-2027,844,CHERRY ST,,BLACKSHEAR,GA,31516-2027,A,A,,11/03/2017,11/03/2017,11/03/2017,IN PERSON,NO,NO,,NO,B,0001,001,007,178,WAYC,00103,113011,00347,381,
PIERCE,01619651,SMILEY,CLARICE,TAYLOR,,3643,LITTLE RIVER TRL, ,BLACKSHEAR,GA,31516-2911,3643,LITTLE RIVER TRL,,BLACKSHEAR,GA,31516-2911,A,A,,11/03/2017,11/03/2017,11/03/2017,IN PERSON,NO,NO,,NO,B,3A,001,007,178,WAYC,00111,113011,00349,383,
PIERCE,01052161,DEAL,DANA,MARK,,515,GRADY ST, ,BLACKSHEAR,GA,31516,515,GRADY ST,,BLACKSHEAR,GA,31516,A,A,,11/03/2017,11/03/2017,11/03/2017,IN PERSON,NO,NO,,NO,B,0002,001,007,178,WAYC,00108,113011,00339,373,
PIERCE,01619461,HENDRY,DAVID,,,139,HERITAGE CIR, ,BLACKSHEAR,GA,31516-2625,139,HERITAGE CIR,,BLACKSHEAR,GA,31516-2625,A,A,,10/18/2017,10/18/2017,10/18/2017,IN PERSON,NO,NO,,NO,B,3A,001,007,178,WAYC,00111,113011,00069,87,
PIERCE,01618224,DAVIS,SANDRA,K,,147,LONGLEAF DR, ,BLACKSHEAR,GA,31516,147,LONGLEAF DR,,BLACKSHEAR,GA,31516,A,A,,10/27/2017,10/27/2017,10/27/2017,IN PERSON,NO,NO,,NO,B,0002,001,007,178,WAYC,00109,113011,00233,258,
PIERCE,01622988,COLBERT,BRYAN,T,,126,LAKESIDE DR, ,BLACKSHEAR,GA,31516-2819,126,LAKESIDE DR,,BLACKSHEAR,GA,31516-2819,A,A,,10/30/2017,10/30/2017,10/30/2017,IN PERSON,NO,NO,,NO,B,3A,001,007,178,WAYC,00111,113011,00242,269,
PIERCE,01619192,WINN,CLEO,C,,308,MOODY ST, ,BLACKSHEAR,GA,31516-2720,308,MOODY ST,,BLACKSHEAR,GA,31516-2720,A,A,,10/18/2017,10/18/2017,10/18/2017,IN PERSON,NO,NO,,NO,B,0002,001,007,178,WAYC,00109,113011,00061,79,
PIERCE,01618245,DELOACH,MIKE,,,409,MCGREGOR ST,B,BLACKSHEAR,GA,31516-1429,409,MCGREGOR ST,B,BLACKSHEAR,GA,31516-1429,A,A,,10/20/2017,10/20/2017,10/20/2017,IN PERSON,NO,NO,,NO,B,0001,001,007,178,WAYC,00102,113011,00121,144,
PIERCE,01619561,O'BRIEN,ADA,L,,927,JANE ST, ,BLACKSHEAR,GA,31516-2748,927,JANE ST,,BLACKSHEAR,GA,31516-2748,A,A,,10/19/2017,10/20/2017,10/20/2017,IN PERSON,NO,NO,,NO,B,0002,001,007,178,WAYC,00109,113011,00107,126,
PIERCE,01617518,O'STEEN,DOROTHY,,,335,WALKER ST, ,BLACKSHEAR,GA,31516-1707,335,WALKER ST,,BLACKSHEAR,GA,31516-1707,A,A,,10/20/2017,10/20/2017,10/20/2017,IN PERSON,NO,NO,,NO,B,0001,001,007,178,WAYC,00103,113011,00149,172,
PIERCE,08387248,GRISSOM,KEVIN,LEE,,407,W CARTER AVE, ,BLACKSHEAR,GA,31516-1419,407,W CARTER AVE,,BLACKSHEAR,GA,31516-1419,A,A,,10/17/2017,10/17/2017,10/17/2017,IN PERSON,NO,NO,,NO,B,4C,001,007,178,WAYC,00117,113011,00046,64,
PIERCE,01619446,HAMPTON,ANN,B,,935,BURNEY BRANCH CIR, ,BLACKSHEAR,GA,31516-2603,935,BURNEY BRANCH CIR,,BLACKSHEAR,GA,31516-2603,A,A,,10/31/2017,10/31/2017,10/31/2017,IN PERSON,NO,NO,,NO,B,3A,001,007,178,WAYC,00111,113011,00279,306,
PIERCE,01621884,ALDRIDGE,DEBORAH,H,,728,MAIN ST, ,BLACKSHEAR,GA,31516,728,MAIN ST,,BLACKSHEAR,GA,31516,A,A,,10/19/2017,10/20/2017,10/20/2017,IN PERSON,NO,NO,,NO,B,0002,001,007,178,WAYC,00107,113011,00101,120,
PIERCE,01619520,LAWSON,EARL,ALSTON,,1025,ELIZABETH ST, ,BLACKSHEAR,GA,31516,1025,ELIZABETH ST,,BLACKSHEAR,GA,31516,A,A,,10/27/2017,10/27/2017,10/27/2017,IN PERSON,NO,NO,,NO,B,0002,001,007,178,WAYC,00109,113011,00228,253,
PIERCE,01352381,DAVIS,CARLTON,ADOLPH,,214,RANKIN PL, ,BLACKSHEAR,GA,31516,214,RANKIN PL,,BLACKSHEAR,GA,31516,A,A,,10/30/2017,10/30/2017,10/30/2017,IN PERSON,NO,NO,,NO,B,3A,001,007,178,WAYC,00111,113011,00264,291,
PIERCE,01619004,TANNER,H,F,,420,PINEHURST DR, ,BLACKSHEAR,GA,31516-2728,420,PINEHURST DR,,BLACKSHEAR,GA,31516-2728,A,A,,11/02/2017,11/02/2017,11/02/2017,IN PERSON,NO,NO,,NO,B,0002,001,007,178,WAYC,00109,113011,00319,346,
PIERCE,01623468,GOBLE,CLAUD,P,III,135,GLENWOOD DR, ,BLACKSHEAR,GA,31516-2627,135,GLENWOOD DR,,BLACKSHEAR,GA,31516-2627,A,A,,10/19/2017,10/20/2017,10/20/2017,IN PERSON,NO,NO,,NO,B,3A,001,007,178,WAYC,00111,113011,00103,122,
PIERCE,11481977,OLIPHANT,NORSISS,C,,940,WARE ST,UNIT 42,BLACKSHEAR,GA,31516,940,WARE ST,UNIT 42,BLACKSHEAR,GA,31516,A,,,10/12/2017,10/16/2017,,MAILED,NO,NO,,NO,B,0001,001,007,178,WAYC,00103,,00009,41,
PIERCE,01621951,STONE,JAMES,STANLEY,,114,BOBCAT DR, ,BLACKSHEAR,GA,31516-2445,,PO BOX 786,,BLACKSHEAR,GA,31516,A,A,,10/30/2017,10/30/2017,10/30/2017,IN PERSON,NO,NO,,NO,B,0002,001,007,178,WAYC,00106,113011,00256,283,
PIERCE,01617808,WESTBERRY,ROBERT,L,,855,STRICKLAND AVE, ,BLACKSHEAR,GA,31516-1703,855,STRICKLAND AVE,,BLACKSHEAR,GA,31516-1703,A,A,,10/31/2017,10/31/2017,10/31/2017,IN PERSON,NO,NO,,NO,B,0001,001,007,178,WAYC,00103,113011,00275,302,
PIERCE,01622636,CARTER,EMMA,J,,796,AZALEA ST, ,BLACKSHEAR,GA,31516-2332,796,AZALEA ST,,BLACKSHEAR,GA,31516-2332,A,A,,10/18/2017,10/18/2017,10/18/2017,IN PERSON,NO,NO,,NO,B,3A,001,007,178,WAYC,00123,113011,00076,94,
PIERCE,10247043,FAIR,WILLIAM,RICHARD,JR,845,CHAPMAN ST, ,BLACKSHEAR,GA,31516,845,CHAPMAN ST,,BLACKSHEAR,GA,31516-2501,A,A,,11/01/2017,11/01/2017,11/01/2017,IN PERSON,NO,NO,,NO,B,0002,001,007,178,WAYC,00107,113011,00303,330,
PIERCE,01616850,BLAKELEY,JACKALIAN,COLLINS,,215,MARION ST,APT 2,BLACKSHEAR,GA,31516,215,MARION ST,APT 2,BLACKSHEAR,GA,31516,A,A,,10/31/2017,10/31/2017,10/31/2017,IN PERSON,NO,NO,,NO,B,0002,001,007,178,WAYC,00108,113011,00272,299,
PIERCE,01617690,TAYLOR,REGINALD,R,JR,913,CHERRY ST, ,BLACKSHEAR,GA,31516-2028,913,CHERRY ST,,BLACKSHEAR,GA,31516-2028,A,A,,10/16/2017,10/16/2017,10/16/2017,IN PERSON,NO,NO,,NO,B,0001,001,007,178,WAYC,00103,113011,00030,30,
PIERCE,01618166,COURSON,LEON,R,,739,MAIN ST, ,BLACKSHEAR,GA,31516-2305,739,MAIN ST,,BLACKSHEAR,GA,31516-2305,A,A,,10/18/2017,10/18/2017,10/18/2017,IN PERSON,NO,NO,,NO,B,0002,001,007,178,WAYC,00107,113011,00071,89,
PIERCE,08618951,DAVIS,VERNON,LEON,,130,TRAPPER TRL, ,BLACKSHEAR,GA,31516-2434,130,TRAPPER TRL,,BLACKSHEAR,GA,31516-2434,A,A,,11/03/2017,11/03/2017,11/03/2017,IN PERSON,NO,NO,,NO,B,0002,001,007,178,WAYC,00106,113011,00344,378,
PIERCE,01619767,WOOD,FRAN,,,1135,LAKEVIEW DR, ,BLACKSHEAR,GA,31516-2826,1135,LAKEVIEW DR,,BLACKSHEAR,GA,31516-2826,A,A,,11/03/2017,11/03/2017,11/03/2017,IN PERSON,NO,NO,,NO,B,3A,001,007,178,WAYC,00111,113011,00351,385,
PIERCE,01622007,LOTT,TERENCE,M,SR,826,WARE ST, ,BLACKSHEAR,GA,31516-1726,826,WARE ST,,BLACKSHEAR,GA,31516-1726,A,A,,10/30/2017,10/30/2017,10/30/2017,IN PERSON,NO,NO,,NO,B,0001,001,007,178,WAYC,00103,113011,00265,292,
PIERCE,01618290,DOWLING,DANIEL,ELLIS,JR,1012,BUD ST, ,BLACKSHEAR,GA,31516,1012,BUD ST,,BLACKSHEAR,GA,31516,A,A,,10/20/2017,10/20/2017,10/20/2017,IN PERSON,NO,NO,,NO,B,0002,001,007,178,WAYC,00108,113011,00129,152,
PIERCE,01364096,ANDERSON,NATHANIEL,J,JR,408,HILLCREST BLVD, ,BLACKSHEAR,GA,31516,408,HILLCREST BLVD,,BLACKSHEAR,GA,31516,A,A,,11/02/2017,11/02/2017,11/02/2017,IN PERSON,NO,NO,,NO,B,4C,001,007,178,WAYC,00117,113011,00317,344,
PIERCE,01617977,BENNETT,DANIEL,L,SR,405,HILLCREST BLVD, ,BLACKSHEAR,GA,31516-1407,405,HILLCREST BLVD,,BLACKSHEAR,GA,31516-1407,A,A,,10/16/2017,10/16/2017,10/16/2017,IN PERSON,NO,NO,,NO,B,4C,001,007,178,WAYC,00117,113011,00024,24,
PIERCE,01619166,BRANTLEY,HELEN,C,,1021,ELIZABETH ST, ,BLACKSHEAR,GA,31516-2703,1021,ELIZABETH ST,,BLACKSHEAR,GA,31516-2703,A,A,,10/16/2017,10/16/2017,10/16/2017,IN PERSON,NO,NO,,NO,B,0002,001,007,178,WAYC,00109,113011,00012,12,
PIERCE,01619539,MCINTOSH,PATTY,S,,919,EDGEWOOD CIR, ,BLACKSHEAR,GA,31516-2621,919,EDGEWOOD CIR,,BLACKSHEAR,GA,31516-2621,A,A,,10/19/2017,10/20/2017,10/20/2017,IN PERSON,NO,NO,,NO,B,3A,001,007,178,WAYC,00111,113011,00096,115,
PIERCE,01619272,BOWEN,MARILYN,D,,160,HERITAGE CIR, ,BLACKSHEAR,GA,31516-2624,160,HERITAGE CIR,,BLACKSHEAR,GA,31516-2624,A,A,,10/17/2017,10/17/2017,10/17/2017,IN PERSON,NO,NO,,NO,B,3A,001,007,178,WAYC,00111,113011,00054,72,
PIERCE,01618054,BRADFORD,SUE,W,,217,PURDOM DR, ,BLACKSHEAR,GA,31516,217,PURDOM DR,,BLACKSHEAR,GA,31516,A,A,,11/02/2017,11/02/2017,11/02/2017,IN PERSON,NO,NO,,NO,B,0002,001,007,178,WAYC,00105,113011,00316,343,
PIERCE,04526731,CRUMP,SONJA,LAFREIDA,,330,KELLER ST, ,BLACKSHEAR,GA,31516,330,KELLER ST,,BLACKSHEAR,GA,31516,A,A,,10/16/2017,10/16/2017,10/16/2017,IN PERSON,NO,NO,,NO,B,0002,001,007,178,WAYC,00106,113011,00014,14,
PIERCE,02225581,SOWELL,RUTH,BATTEN,,330,KELLER ST, ,BLACKSHEAR,GA,31516-2420,330,KELLER ST,,BLACKSHEAR,GA,31516-2420,A,A,,10/16/2017,10/16/2017,10/16/2017,IN PERSON,NO,NO,,NO,B,0002,001,007,178,WAYC,00106,113011,00015,15,
PIERCE,01618696,MOODY,STANLEY,W,,1011,BUD ST, ,BLACKSHEAR,GA,31516,1011,BUD ST,,BLACKSHEAR,GA,31516,A,A,,10/23/2017,10/23/2017,10/23/2017,IN PERSON,NO,NO,,NO,B,0002,001,007,178,WAYC,00108,113011,00171,194,
PIERCE,01618756,PARK,CLIFFORD,T,,151,PINEHURST DR, ,BLACKSHEAR,GA,31516-2721,,PO BOX 435,,BLACKSHEAR,GA,31516-0272,A,A,,10/17/2017,10/17/2017,10/17/2017,IN PERSON,NO,NO,,NO,B,0002,001,007,178,WAYC,00109,113011,00055,73,
PIERCE,01617981,BENNETT,GENIE,A,,805,MAIN ST, ,BLACKSHEAR,GA,31516-2307,805,MAIN ST,,BLACKSHEAR,GA,31516-2307,A,A,,10/30/2017,10/30/2017,10/30/2017,IN PERSON,NO,NO,,NO,B,0002,001,007,178,WAYC,00107,113011,00247,274,
PIERCE,06568677,LYNN,JOYCE,LEE,,137,LAKEVIEW DR, ,BLACKSHEAR,GA,31516-2822,137,LAKEVIEW DR,,BLACKSHEAR,GA,31516-2822,A,A,,10/16/2017,10/16/2017,10/16/2017,IN PERSON,NO,NO,,NO,B,3A,001,007,178,WAYC,00111,113011,00018,18,
PIERCE,01618665,MCALPIN,CONSTANCE,J,,130,PINEHURST DR, ,BLACKSHEAR,GA,31516,130,PINEHURST DR,,BLACKSHEAR,GA,31516,A,A,,10/23/2017,10/23/2017,10/23/2017,IN PERSON,NO,NO,,NO,B,0002,001,007,178,WAYC,00109,113011,00176,199,
PIERCE,10994997,LEE,ROBERT,EUGENE,,811,TAYLOR CIR, ,BLACKSHEAR,GA,31516,811,TAYLOR CIR,,BLACKSHEAR,GA,31516,A,A,,10/25/2017,10/25/2017,10/25/2017,IN PERSON,NO,NO,,NO,B,0002,001,007,178,WAYC,00107,113011,00198,221,
PIERCE,01621967,DAVIS,JACQUELINE,S,,117,POMEROY ST, ,BLACKSHEAR,GA,31516-1715,117,POMEROY ST,,BLACKSHEAR,GA,31516-1715,A,A,,11/02/2017,11/02/2017,11/02/2017,IN PERSON,NO,NO,,NO,B,0001,001,007,178,WAYC,00103,113011,00326,353,
PIERCE,01618900,SLOAN,HUBERT,,JR,215,MARION ST,6D,BLACKSHEAR,GA,31516,215,MARION ST,6D,BLACKSHEAR,GA,31516,A,A,,10/19/2017,10/20/2017,10/20/2017,IN PERSON,NO,NO,,NO,B,0002,001,007,178,WAYC,00108,113011,00116,135,
PIERCE,01616994,CRAWFORD,SALLIE SONIA,W,,818,DOGWOOD DR, ,BLACKSHEAR,GA,31516-2301,818,DOGWOOD DR,,BLACKSHEAR,GA,31516-2301,A,A,,10/24/2017,10/24/2017,10/24/2017,IN PERSON,NO,NO,,NO,B,3A,001,007,178,WAYC,00123,113011,00191,214,
PIERCE,07402364,SAPP,JESSE,DUSTIN,,307,STRICKLAND AVE, ,BLACKSHEAR,GA,31516-1431,307,STRICKLAND AVE,,BLACKSHEAR,GA,31516-1431,A,A,,10/26/2017,10/26/2017,10/26/2017,IN PERSON,NO,NO,,NO,B,0001,001,007,178,WAYC,00102,113011,00216,241,
PIERCE,01617328,LANE,SHELTON,TILANTHA,,940,WARE ST, ,BLACKSHEAR,GA,31516,940,WARE ST,APT 15,BLACKSHEAR,GA,31516,A,A,,10/12/2017,10/16/2017,10/26/2017,MAILED,NO,NO,,NO,B,0001,001,007,178,WAYC,00103,,00007,39,
PIERCE,01618116,CARTER,LOU ANN,W,,309,MOODY ST, ,BLACKSHEAR,GA,31516,309,MOODY ST,,BLACKSHEAR,GA,31516,A,A,,10/19/2017,10/20/2017,10/20/2017,IN PERSON,NO,NO,,NO,B,0002,001,007,178,WAYC,00109,113011,00112,131,
PIERCE,01619338,COLBATH,GERALDINE,,,954,MAIN ST, ,BLACKSHEAR,GA,31516-2318,954,MAIN ST,,BLACKSHEAR,GA,31516-2318,A,A,,10/19/2017,10/20/2017,10/20/2017,IN PERSON,NO,NO,,NO,B,3A,001,007,178,WAYC,00111,113011,00084,103,
PIERCE,01618115,CARTER,LARRY,H,,309,MOODY ST, ,BLACKSHEAR,GA,31516,309,MOODY ST,,BLACKSHEAR,GA,31516,A,A,,10/19/2017,10/20/2017,10/20/2017,IN PERSON,NO,NO,,NO,B,0002,001,007,178,WAYC,00109,113011,00113,132,
PIERCE,01362410,DOWLING,BRENDA,SUE,,1012,BUD ST, ,BLACKSHEAR,GA,31516,1012,BUD ST,,BLACKSHEAR,GA,31516,A,A,,10/20/2017,10/20/2017,10/20/2017,IN PERSON,NO,NO,,NO,B,0002,001,007,178,WAYC,00108,113011,00131,154,
PIERCE,01618945,STANFIELD,MARY,L,,206,TAYLOR CIR, ,BLACKSHEAR,GA,31516-2524,206,TAYLOR CIR,,BLACKSHEAR,GA,31516-2524,A,A,,10/12/2017,10/16/2017,10/19/2017,MAILED,NO,NO,ELDERLY,NO,B,0002,001,007,178,WAYC,00107,,00004,48,
PIERCE,01619125,WALL,WILLIAM,STEPHEN,JR,324,W CARTER AVE, ,BLACKSHEAR,GA,31516-1411,324,W CARTER AVE,,BLACKSHEAR,GA,31516-1411,A,A,,10/16/2017,10/16/2017,10/16/2017,IN PERSON,NO,NO,,NO,B,4C,001,007,178,WAYC,00117,113011,00010,10,
PIERCE,01618227,DAVIS,WAYNE,H,,1016,OLD SHILOH RD, ,BLACKSHEAR,GA,31516-1346,1016,OLD SHILOH RD,,BLACKSHEAR,GA,31516-1346,A,A,,10/30/2017,10/30/2017,10/30/2017,IN PERSON,NO,NO,,NO,B,0002,001,007,178,WAYC,00108,113011,00248,275,
PIERCE,01617757,TWYNE,ELNORA,M,,524,WATSON ST, ,BLACKSHEAR,GA,31516,524,WATSON ST,,BLACKSHEAR,GA,31516,A,A,,10/20/2017,10/20/2017,10/30/2017,MAILED,YES,NO,,NO,B,0001,001,007,178,WAYC,00103,,00016,138,
PIERCE,01618102,CARTER,BENJAMIN,H,JR,421,SW CENTRAL AVE,UNIT 1,BLACKSHEAR,GA,31516-2265,421,SW CENTRAL AVE,UNIT 1,BLACKSHEAR,GA,31516-2265,A,A,,10/16/2017,10/16/2017,10/16/2017,IN PERSON,NO,NO,,NO,B,0002,001,007,178,WAYC,00106,113011,00027,27,
PIERCE,05451301,BROADY,CHARLES,L,SR,615,ALLEN AVE, ,BLACKSHEAR,GA,31516,615,ALLEN AVE,,BLACKSHEAR,GA,31516,A,A,,10/24/2017,10/24/2017,10/24/2017,IN PERSON,NO,NO,,NO,B,0001,001,007,178,WAYC,00103,113011,00180,203,
PIERCE,01052807,DOWLING,MICHAEL,S,,409,CARTER AVE, ,BLACKSHEAR,GA,31516-9766,409,CARTER AVE,,BLACKSHEAR,GA,31516-9766,A,A,,10/25/2017,10/25/2017,10/25/2017,IN PERSON,NO,NO,,NO,B,0002,001,007,178,WAYC,00108,113011,00203,226,
PIERCE,01622474,JONES,ARCHIE,NORRIS,,310,WOODLAWN TER, ,BLACKSHEAR,GA,31516-2740,310,WOODLAWN TER,,BLACKSHEAR,GA,31516-2740,A,A,,10/26/2017,10/26/2017,10/30/2017,MAILED,NO,NO,ELDERLY,NO,B,0002,001,007,178,WAYC,00109,,00006,232,
PIERCE,06660439,WRIGHT,CHRISTOPHER,,,921,BURNEY BRANCH CIR, ,BLACKSHEAR,GA,31516,921,BURNEY BRANCH CIR,,BLACKSHEAR,GA,31516,A,A,,10/30/2017,10/30/2017,10/30/2017,IN PERSON,NO,NO,,NO,B,3A,001,007,178,WAYC,00111,113011,00252,279,
PIERCE,01584643,DASHER,LARRY,K,JR,415,WOODLAWN TER, ,BLACKSHEAR,GA,31516,415,WOODLAWN TER,,BLACKSHEAR,GA,31516,A,A,,10/24/2017,10/24/2017,10/24/2017,IN PERSON,NO,NO,,NO,B,0002,001,007,178,WAYC,00109,113011,00188,211,
PIERCE,11217938,SHELL,GARY,HARMON,,322,MCGREGOR ST, ,BLACKSHEAR,GA,31516,322,MCGREGOR ST,,BLACKSHEAR,GA,31516-1428,A,A,,10/18/2017,10/18/2017,10/18/2017,IN PERSON,NO,NO,,NO,B,4C,001,007,178,WAYC,00117,113011,00073,91,
PIERCE,05214262,MATTOX,JULIE,GRINER,,305,PURDOM DR, ,BLACKSHEAR,GA,31516,305,PURDOM DR,,BLACKSHEAR,GA,31516,A,A,,11/03/2017,11/03/2017,11/03/2017,IN PERSON,NO,NO,,NO,B,0002,001,007,178,WAYC,00105,113011,00359,393,
PIERCE,04824457,RATLIFF,JOHN,ALVIN,,225,WOODLAWN TER, ,BLACKSHEAR,GA,31516,225,WOODLAWN TER,,BLACKSHEAR,GA,31516,A,A,,10/26/2017,10/26/2017,10/26/2017,IN PERSON,NO,NO,,NO,B,0002,001,007,178,WAYC,00109,113011,00209,234,
PIERCE,06931140,GODWIN,KIMBERLY,ANN,,513,LEISURE LN, ,BLACKSHEAR,GA,31516,513,LEISURE LN,,BLACKSHEAR,GA,31516,A,A,,10/16/2017,10/16/2017,10/16/2017,IN PERSON,NO,NO,,NO,B,0002,001,007,178,WAYC,00106,113011,00020,20,
PIERCE,01617281,JINKS,RONALD,VINCENT,,814,WARE ST, ,BLACKSHEAR,GA,31516,814,WARE ST,,BLACKSHEAR,GA,31516,A,A,,10/20/2017,10/20/2017,10/20/2017,IN PERSON,NO,NO,,NO,B,0001,001,007,178,WAYC,00103,113011,00150,173,
PIERCE,01622674,BENNETT,JACKIE,STEVE,,607,HENDRY ST, ,BLACKSHEAR,GA,31516,607,HENDRY ST,,BLACKSHEAR,GA,31516,A,A,,10/18/2017,10/18/2017,10/18/2017,IN PERSON,NO,NO,,NO,B,4C,001,007,178,WAYC,00117,113011,00081,99,
PIERCE,01364170,AUTRY,JOHN,STEPHEN,,901,COLLEGE AVE, ,BLACKSHEAR,GA,31516-2605,,PO BOX 148,,BLACKSHEAR,GA,31516,A,A,,11/03/2017,11/03/2017,11/03/2017,IN PERSON,NO,NO,,NO,B,3A,001,007,178,WAYC,00111,113011,00334,368,
PIERCE,04892992,BECKHAM,DONALD,EUGENE,,505,GORDON ST, ,BLACKSHEAR,GA,31516,505,GORDON ST,,BLACKSHEAR,GA,31516,A,A,,10/30/2017,10/30/2017,10/30/2017,IN PERSON,NO,NO,,NO,B,0002,001,007,178,WAYC,00108,113011,00241,268,
PIERCE,04096323,SINKFIELD,LULA,MAE,,108,SUNNY MEADOWS DR, ,BLACKSHEAR,GA,31516-1600,108,SUNNY MEADOWS DR,,BLACKSHEAR,GA,31516-1600,A,A,,10/20/2017,10/20/2017,10/20/2017,IN PERSON,NO,NO,,NO,B,0001,001,007,178,WAYC,00103,113011,00153,176,
PIERCE,02218893,SMILEY,GEORGE,LLOYD,,3655,LITTLE RIVER TRL, ,BLACKSHEAR,GA,31516-2902,3655,LITTLE RIVER TRL,,BLACKSHEAR,GA,31516-2902,A,A,,11/03/2017,11/03/2017,11/03/2017,IN PERSON,NO,NO,,NO,B,3A,001,007,178,WAYC,00111,113011,00330,364,
PIERCE,03565574,SAPP,TIMOTHY,WAYNE,,307,STRICKLAND AVE, ,BLACKSHEAR,GA,31516-1431,307,STRICKLAND AVE,,BLACKSHEAR,GA,31516-1431,A,A,,10/23/2017,10/23/2017,10/23/2017,IN PERSON,NO,NO,,NO,B,0001,001,007,178,WAYC,00102,113011,00165,188,
PIERCE,01617943,BARBER,LYNN,G,,818,CHAPMAN ST, ,BLACKSHEAR,GA,31516-2502,818,CHAPMAN ST,,BLACKSHEAR,GA,31516-2502,A,A,,10/19/2017,10/20/2017,10/20/2017,IN PERSON,NO,NO,,NO,B,0002,001,007,178,WAYC,00107,113011,00105,124,
PIERCE,10430878,CROUCH,SYNTYCHE,LYLES,,1110,COLLEGE AVE, ,BLACKSHEAR,GA,31516,1110,COLLEGE AVE,,BLACKSHEAR,GA,31516-2813,A,A,,10/26/2017,10/26/2017,10/26/2017,IN PERSON,NO,NO,,NO,B,0002,001,007,178,WAYC,00109,113011,00212,237,
PIERCE,01618758,PARKER,JOAN,,,622,GILMORE ST, ,BLACKSHEAR,GA,31516-2287,622,GILMORE ST,,BLACKSHEAR,GA,31516-2287,A,A,,10/17/2017,10/17/2017,10/17/2017,IN PERSON,NO,NO,,NO,B,0002,001,007,178,WAYC,00106,113011,00036,54,
PIERCE,05888689,MEMORY,BARBARA,CLOSUIT,,752,MAIN ST, ,BLACKSHEAR,GA,31516-2306,752,MAIN ST,,BLACKSHEAR,GA,31516-2306,A,A,,11/01/2017,11/01/2017,11/01/2017,IN PERSON,NO,NO,,NO,B,0002,001,007,178,WAYC,00107,113011,00301,328,
PIERCE,00471633,PEACOCK,BARBARA JEAN,COLLEY,,510,HENDRY ST, ,BLACKSHEAR,GA,31516-1029,510,HENDRY ST,,BLACKSHEAR,GA,31516-1029,A,A,,10/30/2017,10/30/2017,10/30/2017,IN PERSON,NO,NO,,NO,B,4C,001,007,178,WAYC,00117,113011,00246,273,
PIERCE,01619895,PAYNE,SHERLYN,W,,416,W CARTER AVE, ,BLACKSHEAR,GA,31516-1420,416,W CARTER AVE,,BLACKSHEAR,GA,31516-1420,A,A,,10/30/2017,10/30/2017,10/30/2017,IN PERSON,NO,NO,,NO,B,4C,001,007,178,WAYC,00117,113011,00261,288,
PIERCE,01618745,O'QUINN,BOBBIE,ANN,,817,CHAPMAN ST, ,BLACKSHEAR,GA,31516,817,CHAPMAN ST,,BLACKSHEAR,GA,31516,A,A,,10/26/2017,10/26/2017,10/26/2017,IN PERSON,NO,NO,,NO,B,0002,001,007,178,WAYC,00107,113011,00214,239,
PIERCE,01618602,LARSON,RICHARD,E,,136,LONGLEAF DR, ,BLACKSHEAR,GA,31516-2716,136,LONGLEAF DR,,BLACKSHEAR,GA,31516-2716,A,A,,10/16/2017,10/16/2017,10/16/2017,IN PERSON,NO,NO,,NO,B,0002,001,007,178,WAYC,00109,113011,00031,31,
PIERCE,01120980,MANDERS,ANGELA,BLANCHE,,411,ACOSTA ST, ,BLACKSHEAR,GA,31516,411,ACOSTA ST,,BLACKSHEAR,GA,31516,A,A,,11/03/2017,11/03/2017,11/03/2017,IN PERSON,NO,NO,,NO,B,0002,001,007,178,WAYC,00106,113011,00333,367,
PIERCE,01618618,LITTELL,ROBERT,S,,1221,LAKEVIEW DR, ,BLACKSHEAR,GA,31516-2828,106,MAIN ST,,BLACKSHEAR,GA,31516-0182,A,A,,10/26/2017,10/26/2017,10/26/2017,IN PERSON,NO,NO,,NO,B,3A,001,007,178,WAYC,00111,113011,00221,246,
PIERCE,01618058,BRAY,BILLY,J,,299,MOODY ST, ,BLACKSHEAR,GA,31516-2717,299,MOODY ST,,BLACKSHEAR,GA,31516-2717,A,A,,11/03/2017,11/03/2017,11/03/2017,IN PERSON,NO,NO,,NO,B,0002,001,007,178,WAYC,00109,113011,00335,369,
PIERCE,04529696,DIXON,VONCILLE,CROSBY,,136,BURNEY BRANCH CIR, ,BLACKSHEAR,GA,31516-2806,136,BURNEY BRANCH CIR,,BLACKSHEAR,GA,31516-2806,A,A,,10/24/2017,10/24/2017,10/24/2017,IN PERSON,NO,NO,,NO,B,3A,001,007,178,WAYC,00111,113011,00195,218,
PIERCE,07938492,BLAIR,ANNETTE,,,3181,ALLEN AVE, ,BLACKSHEAR,GA,31516-2073,3181,ALLEN AVE,,BLACKSHEAR,GA,31516-2073,A,A,,10/24/2017,10/24/2017,10/24/2017,IN PERSON,NO,NO,,NO,B,0001,001,007,178,WAYC,00103,113011,00193,216,
PIERCE,02299457,BLOCKER,JOYCE,MARIE,,904,OLD SHILOH RD, ,BLACKSHEAR,GA,31516-1344,,PO BOX 2006,,BLACKSHEAR,GA,31516-0200,A,A,,10/19/2017,10/20/2017,10/20/2017,IN PERSON,NO,NO,,NO,B,0002,001,007,178,WAYC,00108,113011,00111,130,
PIERCE,01618128,CAUTHEN,SHIRLEY,,,1115,ELIZABETH ST, ,BLACKSHEAR,GA,31516-2705,1115,ELIZABETH ST,,BLACKSHEAR,GA,31516-2705,A,A,,10/16/2017,10/16/2017,10/16/2017,IN PERSON,NO,NO,,NO,B,0002,001,007,178,WAYC,00109,113011,00009,9,
PIERCE,01618236,DEAN,RONALD,JOHNNY,,520,CHURCH ST, ,BLACKSHEAR,GA,31516-2218,520,CHURCH ST,,BLACKSHEAR,GA,31516-2218,A,A,,11/01/2017,11/01/2017,11/01/2017,IN PERSON,NO,NO,,NO,B,0002,001,007,178,WAYC,00106,113011,00294,321,
PIERCE,04741037,DAVIS,BOBBIE,YVONNE,,114,CEDAR LN, ,BLACKSHEAR,GA,31516-2338,114,CEDAR LN,,BLACKSHEAR,GA,31516-2338,A,A,,11/01/2017,11/01/2017,11/01/2017,IN PERSON,NO,NO,,NO,B,0002,001,007,178,WAYC,00107,113011,00295,322,
PIERCE,01622055,SWEAT,LINDA,L,,395,WOODLAWN TER, ,BLACKSHEAR,GA,31516,395,WOODLAWN TER,,BLACKSHEAR,GA,31516,A,A,,10/20/2017,10/20/2017,10/20/2017,IN PERSON,NO,NO,,NO,B,0002,001,007,178,WAYC,00109,113011,00142,165,
PIERCE,01619714,TISON,J,PERRY,JR,328,EDGEWOOD DR, ,BLACKSHEAR,GA,31516-2613,328,EDGEWOOD DR,,BLACKSHEAR,GA,31516-2613,A,A,,10/16/2017,10/16/2017,10/16/2017,IN PERSON,NO,NO,,NO,B,3A,001,007,178,WAYC,00111,113011,00002,2,
PIERCE,05524418,WADE,MARY,LEE TAYLOR,,627,LEE ST, ,BLACKSHEAR,GA,31516-2142,627,LEE ST,,BLACKSHEAR,GA,31516-2142,A,A,,10/20/2017,10/20/2017,10/20/2017,IN PERSON,NO,NO,,NO,B,0001,001,007,178,WAYC,00103,113011,00135,158,
PIERCE,01617123,GRIFFIN,PATSY,W,,3275,CRESTVIEW DR, ,BLACKSHEAR,GA,31516-1059,3275,CRESTVIEW DR,,BLACKSHEAR,GA,31516-1059,A,A,,10/23/2017,10/23/2017,10/23/2017,IN PERSON,NO,NO,,NO,B,0001,001,007,178,WAYC,00118,113011,00159,182,
PIERCE,01619768,WOOD,JAMES,N,III,1135,LAKEVIEW DR, ,BLACKSHEAR,GA,31516-2826,1135,LAKEVIEW DR,,BLACKSHEAR,GA,31516-2826,A,A,,11/03/2017,11/03/2017,11/03/2017,IN PERSON,NO,NO,,NO,B,3A,001,007,178,WAYC,00111,113011,00350,384,
PIERCE,01618323,FAIRLEY,MARY,MARGARET,,835,CHAPMAN ST, ,BLACKSHEAR,GA,31516-2501,835,CHAPMAN ST,,BLACKSHEAR,GA,31516-2501,A,A,,10/27/2017,10/27/2017,10/27/2017,IN PERSON,NO,NO,,NO,B,0002,001,007,178,WAYC,00107,113011,00236,261,
PIERCE,06751846,FREEMAN,RICHARD,GORDON,,740,CHAPMAN ST, ,BLACKSHEAR,GA,31516-2526,740,CHAPMAN ST,,BLACKSHEAR,GA,31516-2526,A,A,,10/25/2017,10/25/2017,10/25/2017,IN PERSON,NO,NO,,NO,B,0002,001,007,178,WAYC,00107,113011,00200,223,
PIERCE,00471634,PEACOCK,CAROL,G,,510,HENDRY ST, ,BLACKSHEAR,GA,31516-1029,510,HENDRY ST,,BLACKSHEAR,GA,31516-1029,A,A,,10/30/2017,10/30/2017,10/30/2017,IN PERSON,NO,NO,,NO,B,4C,001,007,178,WAYC,00117,113011,00245,272,
PIERCE,08341091,PRITCHARD,TOMMY,EUGENE,,220,WOODLAWN TER, ,BLACKSHEAR,GA,31516-2738,220,WOODLAWN TER,,BLACKSHEAR,GA,31516-2738,A,A,,11/02/2017,11/02/2017,11/02/2017,IN PERSON,NO,NO,,NO,B,0002,001,007,178,WAYC,00109,113011,00312,339,
PIERCE,01619244,BARNARD,LEA,,,1103,LAKEVIEW DR, ,BLACKSHEAR,GA,31516-2826,1103,LAKEVIEW DR,,BLACKSHEAR,GA,31516-2826,A,A,,10/16/2017,10/16/2017,10/16/2017,IN PERSON,NO,NO,,NO,B,3A,001,007,178,WAYC,00111,113011,00028,28,
PIERCE,01619005,TANNER,DONNA,O,,420,PINEHURST DR, ,BLACKSHEAR,GA,31516-2728,,PO BOX 680,,BLACKSHEAR,GA,31516-0068,A,A,,11/02/2017,11/02/2017,11/02/2017,IN PERSON,NO,NO,,NO,B,0002,001,007,178,WAYC,00109,113011,00318,345,
PIERCE,04777957,STRINGFELLOW,DOROTHY,E,,704,FULTON ST, ,BLACKSHEAR,GA,31516-2004,,PO BOX 371,,BLACKSHEAR,GA,31516,A,A,,10/24/2017,10/24/2017,10/24/2017,IN PERSON,NO,NO,,NO,B,0001,001,007,178,WAYC,00103,113011,00192,215,
PIERCE,01619182,WILLIAMS,ROBERT,M,JR,1201,ELIZABETH ST, ,BLACKSHEAR,GA,31516,1201,ELIZABETH ST,,BLACKSHEAR,GA,31516,A,A,,10/20/2017,10/20/2017,10/20/2017,IN PERSON,NO,NO,,NO,B,0002,001,007,178,WAYC,00109,113011,00130,153,
PIERCE,01619415,FARR,LANNY,E,,419,CHURCH ST, ,BLACKSHEAR,GA,31516-2215,419,CHURCH ST,,BLACKSHEAR,GA,31516-2215,A,A,,10/18/2017,10/18/2017,10/18/2017,IN PERSON,NO,NO,,NO,B,0002,001,007,178,WAYC,00107,113011,00065,83,
PIERCE,03899515,MOBLEY,CHRISTOPHER,ALLEN,,916,AZALEA ST, ,BLACKSHEAR,GA,31516-2336,916,AZALEA ST,,BLACKSHEAR,GA,31516-2336,A,A,,10/20/2017,10/20/2017,10/20/2017,IN PERSON,NO,NO,,NO,B,3A,001,007,178,WAYC,00123,113011,00134,157,
PIERCE,01622260,BOATRIGHT,CHARLES,M,,1235,LAKEVIEW DR, ,BLACKSHEAR,GA,31516-2828,1235,LAKEVIEW DR,,BLACKSHEAR,GA,31516-2828,A,A,,11/01/2017,11/01/2017,11/01/2017,IN PERSON,NO,NO,,NO,B,3A,001,007,178,WAYC,00111,113011,00285,312,
PIERCE,03566669,BIRDWELL,SANDRA,C,,1020,CHURCH ST, ,BLACKSHEAR,GA,31516,1020,CHURCH ST,,BLACKSHEAR,GA,31516,A,A,,10/31/2017,10/31/2017,10/31/2017,IN PERSON,NO,NO,,NO,B,0002,001,007,178,WAYC,00109,113011,00281,308,
PIERCE,01621217,HAMILTON,ERIC,LENWOOD,,1224,LAKEVIEW DR, ,BLACKSHEAR,GA,31516-2829,1224,LAKEVIEW DR,,BLACKSHEAR,GA,31516-2829,A,A,,10/19/2017,10/20/2017,10/20/2017,IN PERSON,NO,NO,,NO,B,3A,001,007,178,WAYC,00111,113011,00100,119,
PIERCE,06326514,WILLIAMS,HAMPTON,NEAL IRBY,,202,CHURCH ST, ,BLACKSHEAR,GA,31516,202,CHURCH ST,,BLACKSHEAR,GA,31516,A,A,,10/27/2017,10/27/2017,10/27/2017,IN PERSON,NO,NO,,NO,B,0002,001,007,178,WAYC,00106,113011,00222,247,
PIERCE,08111613,DEAL,CLARA,LLEWE,,417,POMEROY ST, ,BLACKSHEAR,GA,31516-1002,417,POMEROY ST,,BLACKSHEAR,GA,31516-1002,A,A,,10/26/2017,10/26/2017,11/06/2017,MAILED,NO,NO,DISABLED,NO,B,0001,001,007,178,WAYC,00118,,00008,397,
PIERCE,07311934,STRICKLAND,JUSTIN,C,,814,JENKINS ST, ,BLACKSHEAR,GA,31516,814,JENKINS ST,,BLACKSHEAR,GA,31516,A,A,,10/31/2017,10/31/2017,11/06/2017,MAILED,NO,NO,,NO,B,0002,001,007,178,WAYC,00106,,00016,396,
PIERCE,06147522,WEST,MARGARET,ANNE,,205,PITTMAN ST, ,BLACKSHEAR,GA,31516-2515,205,PITTMAN ST,,BLACKSHEAR,GA,31516-2515,A,A,,10/16/2017,10/16/2017,10/16/2017,IN PERSON,NO,NO,,NO,B,0002,001,007,178,WAYC,00109,113011,00001,1,
PIERCE,06616683,LYNN,JAMES,WILLIAM,,137,LAKEVIEW DR, ,BLACKSHEAR,GA,31516-2822,137,LAKEVIEW DR,,BLACKSHEAR,GA,31516-2822,A,A,,10/16/2017,10/16/2017,10/16/2017,IN PERSON,NO,NO,,NO,B,3A,001,007,178,WAYC,00111,113011,00017,17,
PIERCE,01622029,BRYANT,ROSA,,,620,WARE ST, ,BLACKSHEAR,GA,31516,620,WARE ST,,BLACKSHEAR,GA,31516,A,A,,10/20/2017,10/20/2017,10/20/2017,IN PERSON,NO,NO,,NO,B,0001,001,007,178,WAYC,00103,113011,00154,177,
PIERCE,01623743,MATTOX,MITCHELL,CLARK,,319,PURDOM DR, ,BLACKSHEAR,GA,31516,319,PURDOM DR,,BLACKSHEAR,GA,31516,A,A,,10/20/2017,10/20/2017,10/20/2017,IN PERSON,NO,NO,,NO,B,0002,001,007,178,WAYC,00105,113011,00152,175,
PIERCE,01619416,FARR,NELL,G,,419,CHURCH ST, ,BLACKSHEAR,GA,31516-2215,419,CHURCH ST,,BLACKSHEAR,GA,31516-2215,A,A,,10/18/2017,10/18/2017,10/18/2017,IN PERSON,NO,NO,,NO,B,0002,001,007,178,WAYC,00107,113011,00064,82,
PIERCE,01616989,CRAWFORD,BARNEY,M,,305,WALKER ST, ,BLACKSHEAR,GA,31516-1707,305,WALKER ST,,BLACKSHEAR,GA,31516-1707,A,A,,11/02/2017,11/02/2017,11/02/2017,IN PERSON,NO,NO,,NO,B,0001,001,007,178,WAYC,00103,113011,00313,340,
