County,Voter Registration #,Last Name,First Name,Middle Name,Suffix,Street #,Street Name,Apt/Unit,City,State,Zip Code,Mailing Street #,Mailing Street Name,Mailing Apt/Unit,Mailing City,Mailing State,Mailing Zip Code,Application Status,Ballot Status,Status Reason,Application Date,Ballot Issued Date,Ballot Return Date,Ballot Style,Ballot Assisted,Challenged/Provisional,Designation/Reason Issue,ID Required,Municipal Precinct,County Precinct,CNG,SEN,HOUSE	,JUD,Combo #,Vote Center ID,Ballot ID,Post #,Party
PUTNAM,02237874,WALSH,CHARLES,BROWN,,172,RIVERVIEW RD, ,EATONTON,GA,31024,172,RIVERVIEW RD,,EATONTON,GA,31024,A,A,,10/24/2017,10/24/2017,10/24/2017,IN PERSON,NO,NO,,NO,,107,010,025,145,OCMU,00023,117023,00087,100,
PUTNAM,01345522,REID,JANIE,B,,103,BEECH AVE, ,EATONTON,GA,31024-8003,103,BEECH AVE,,EATONTON,GA,31024-8003,A,A,,10/30/2017,10/30/2017,10/30/2017,IN PERSON,NO,NO,,NO,E,104,010,025,145,OCMU,00016,117023,00164,179,
PUTNAM,03539158,THOMAS,RUSSELL,SPIVEY,,105,WESTMINSTER DR, ,EATONTON,GA,31024-6317,,PO BOX 3951,,EATONTON,GA,31024-0395,A,A,,10/27/2017,10/27/2017,10/27/2017,IN PERSON,NO,NO,,NO,E,101,010,025,120,OCMU,00009,117023,00141,156,
PUTNAM,01347372,HARGROVE,SONJA,B,,502,NEW ST, ,EATONTON,GA,31024,502,NEW ST,,EATONTON,GA,31024,A,A,,10/30/2017,10/30/2017,10/30/2017,IN PERSON,NO,NO,,NO,E,104,010,025,145,OCMU,00015,117023,00171,188,
PUTNAM,01345984,BLACKWELL,RODDIE,ANNE,,110,N JENKINS DR, ,EATONTON,GA,31024-1314,110,N JENKINS DR,,EATONTON,GA,31024-1314,A,A,,10/25/2017,10/25/2017,10/25/2017,IN PERSON,NO,NO,,NO,E,104,010,025,120,OCMU,00017,117023,00099,112,
PUTNAM,03943362,GORLEY,SALATHIEL,ANN,,117,GEORGE LAWRENCE WAY, ,EATONTON,GA,31024-8403,117,GEORGE LAWRENCE ,,EATONTON,GA,31024-8403,A,A,,10/17/2017,10/17/2017,10/17/2017,IN PERSON,NO,NO,,NO,E,104,010,025,145,OCMU,00015,117023,00021,25,
PUTNAM,01349303,FORD,FRANCIS,N,,425,HARMONY RD, ,EATONTON,GA,31024-5814,425,HARMONY RD,,EATONTON,GA,31024-5814,A,A,,10/26/2017,10/26/2017,10/26/2017,IN PERSON,NO,NO,,NO,,101,010,025,120,OCMU,00010,117023,00124,139,
PUTNAM,00786439,WEBSTER,MARGARET,M,,116,N LITTLE RIVER CT, ,EATONTON,GA,31024-7277,116,N LITTLE RIVER CT,,EATONTON,GA,31024-7277,A,A,,10/26/2017,10/26/2017,10/26/2017,IN PERSON,NO,NO,,NO,,107,010,025,145,OCMU,00023,117023,00119,133,
PUTNAM,01347792,HARPER,JOHN,B,JR,121,WINDSOR DR, ,EATONTON,GA,31024-6319,121,WINDSOR DR,,EATONTON,GA,31024-6319,A,A,,10/25/2017,10/25/2017,10/25/2017,IN PERSON,NO,NO,,NO,E,101,010,025,120,OCMU,00009,117023,00107,120,
PUTNAM,02130623,WAGGONER,MARGARET,KAY,,130,IRON HORSE DR, ,EATONTON,GA,31024,130,IRON HORSE DR,,EATONTON,GA,31024,A,A,,11/03/2017,11/03/2017,11/03/2017,IN PERSON,NO,NO,,NO,,105,010,025,120,OCMU,00021,117023,00286,305,
PUTNAM,01346000,BRAKE,NANCY,HALLMAN,,106,DOGWOOD LN, ,EATONTON,GA,31024-1310,106,DOGWOOD LN,,EATONTON,GA,31024-1310,A,A,,10/30/2017,11/01/2017,11/03/2017,MAILED,NO,NO,ELDERLY,NO,E,101,010,025,120,OCMU,00009,,00004,235,
PUTNAM,04507159,WALL,LARRY,RAY,,271,POSSUM POINT DR, ,EATONTON,GA,31024-7513,271,POSSUM POINT DR,,EATONTON,GA,31024-7513,A,A,,10/20/2017,10/20/2017,10/20/2017,IN PERSON,NO,NO,,NO,,107,010,025,145,OCMU,00024,117023,00053,66,
PUTNAM,08740888,PRATER,CHRISTINA,RENEE,,748,S STEEL BRIDGE RD, ,EATONTON,GA,31024,748,S STEEL BRIDGE RD,,EATONTON,GA,31024,A,A,,10/16/2017,10/16/2017,10/16/2017,IN PERSON,NO,NO,,NO,,106,010,025,120,OCMU,00022,117023,00003,3,
PUTNAM,01347266,THOMAS,ARTHUR,CLEVELAND,,125,CULP ST, ,EATONTON,GA,31024-1509,,PO BOX 3533,,EATONTON,GA,31024-0353,A,A,,11/03/2017,11/03/2017,11/03/2017,IN PERSON,NO,NO,,NO,E,104,010,025,145,OCMU,00015,117023,00265,284,
PUTNAM,03346814,VAN HOUTEN,THOMAS,J,,528,S STEEL BRIDGE RD, ,EATONTON,GA,31024-8178,528,S STEEL BRIDGE RD,,EATONTON,GA,31024-8178,A,A,,11/01/2017,11/01/2017,11/01/2017,IN PERSON,NO,NO,,NO,,106,010,025,120,OCMU,00022,117023,00222,241,
PUTNAM,01351511,JEFFERSON,PAULA,J,,101,DOGWOOD PT, ,EATONTON,GA,31024-7441,101,DOGWOOD PT,,EATONTON,GA,31024-7441,A,A,,10/16/2017,10/18/2017,10/23/2017,MAILED,NO,NO,ELDERLY,NO,,107,010,025,145,OCMU,00023,,00001,29,
PUTNAM,08709302,TUBBS,STEVE,ALAN,,132,WINDSOR DR, ,EATONTON,GA,31024-6318,132,WINDSOR DR,,EATONTON,GA,31024-6318,A,A,,10/26/2017,10/26/2017,10/26/2017,IN PERSON,NO,NO,,NO,E,101,010,025,120,OCMU,00009,117023,00120,134,
PUTNAM,04434813,DEARMAN,BETTYE,E,,301,GROVE ST, ,EATONTON,GA,31024-1729,301,GROVE ST,,EATONTON,GA,31024-1729,A,A,,10/26/2017,10/26/2017,10/26/2017,IN PERSON,NO,NO,,NO,E,104,010,025,120,OCMU,00017,117023,00135,150,
PUTNAM,03627668,BUTTS,DIANE,H,,475,GREENSBORO RD, ,EATONTON,GA,31024-5910,475,GREENSBORO RD,,EATONTON,GA,31024-5910,A,A,,11/03/2017,11/03/2017,11/03/2017,IN PERSON,NO,NO,,NO,,104,010,025,120,OCMU,00019,117023,00288,307,
PUTNAM,01347948,PERRY,SHEILA,H,,107,HUNTS CHAPEL RD, ,EATONTON,GA,31024-6138,107,HUNTS CHAPEL RD,,EATONTON,GA,31024-6138,A,A,,11/02/2017,11/02/2017,11/02/2017,IN PERSON,NO,NO,,NO,E,101,010,025,120,OCMU,00002,117023,00247,266,
PUTNAM,01346347,GIDDENS,BARBARA,A,,109,WINDSOR DR, ,EATONTON,GA,31024-6319,412,W MARION ST,,EATONTON,GA,31024-0125,A,A,,11/03/2017,11/03/2017,11/03/2017,IN PERSON,NO,NO,,NO,E,101,010,025,120,OCMU,00009,117023,00273,292,
PUTNAM,01345365,LOWE,JACQUELINE,L,,100,MADELYN AVE, ,EATONTON,GA,31024-8404,100,MADELYN AVE,,EATONTON,GA,31024-8404,A,A,,11/03/2017,11/03/2017,11/03/2017,IN PERSON,NO,NO,,NO,E,104,010,025,145,OCMU,00015,117023,00300,319,
PUTNAM,01349526,MCCLAIN,DOROTHY,A,,412,N MADISON AVE, ,EATONTON,GA,31024-1320,412,N MADISON AVE,,EATONTON,GA,31024-1320,A,A,,11/03/2017,11/03/2017,11/03/2017,IN PERSON,NO,NO,,NO,E,101,010,025,120,OCMU,00009,117023,00269,288,
PUTNAM,00134440,PINHOLSTER,BETTY,A,,134,SINCLAIR CIR,C,EATONTON,GA,31024-7629,134,SINCLAIR CIR,C,EATONTON,GA,31024-7629,A,A,,10/18/2017,10/18/2017,10/18/2017,IN PERSON,NO,NO,,NO,,107,010,025,145,OCMU,00024,117023,00034,45,
PUTNAM,01346189,BLACK,MARY,ELLEN,,116,THRU WAY RD, ,EATONTON,GA,31024-6016,116,THRU WAY RD,,EATONTON,GA,31024-6016,A,A,,10/26/2017,10/26/2017,10/26/2017,IN PERSON,NO,NO,,NO,E,104,010,025,120,OCMU,00014,117023,00111,124,
PUTNAM,01347237,MULLENS,EVA,MAE,,112,MACK LN,A,EATONTON,GA,31024-2079,112,MACK LN,A,EATONTON,GA,31024-2079,A,A,,10/30/2017,10/30/2017,10/30/2017,IN PERSON,NO,NO,,NO,E,104,010,025,145,OCMU,00015,117023,00172,189,
PUTNAM,01346444,LANKFORD,ENNIS,HOWARD,,246,RIVER OAK DR, ,EATONTON,GA,31024-7201,246,RIVER OAK DR,,EATONTON,GA,31024-7201,A,A,,11/01/2017,11/01/2017,11/01/2017,IN PERSON,NO,NO,,NO,,107,010,025,145,OCMU,00023,117023,00214,232,
PUTNAM,06934634,FIKE,KATHLEEN,A,,103,BLUE HERON DR, ,EATONTON,GA,31024-5652,103,BLUE HERON DR,,EATONTON,GA,31024-5652,A,A,,10/15/2017,10/17/2017,10/31/2017,MAILED,NO,NO,ELDERLY,NO,,105,010,025,120,OCMU,00021,,00002,21,
PUTNAM,01346348,GIDDENS,HUEY,DAVID,JR,109,WINDSOR DR, ,EATONTON,GA,31024-6319,412,W MARION ST,,EATONTON,GA,31024-0125,A,A,,11/03/2017,11/03/2017,11/03/2017,IN PERSON,NO,NO,,NO,E,101,010,025,120,OCMU,00009,117023,00274,293,
PUTNAM,06088659,FELDMAN,LUCILLE,M,,206,N MAPLE AVE, ,EATONTON,GA,31024-1028,206,N MAPLE AVE,,EATONTON,GA,31024-1028,A,A,,10/30/2017,10/30/2017,10/30/2017,IN PERSON,NO,NO,,NO,E,104,010,025,120,OCMU,00014,117023,00180,197,
PUTNAM,00320340,HOLLOWAY,NANCY,A,,149,S SUGAR CREEK RD, ,EATONTON,GA,31024-5831,149,S SUGAR CREEK RD,,EATONTON,GA,31024-5831,A,A,,10/24/2017,10/24/2017,10/24/2017,IN PERSON,NO,NO,,NO,,105,010,025,120,OCMU,00021,117023,00083,96,
PUTNAM,01350456,HOLDER,JUANITA,D,,164,GREENSBORO RD, ,EATONTON,GA,31024-8503,164,GREENSBORO RD,,EATONTON,GA,31024-8503,A,A,,10/27/2017,10/27/2017,10/27/2017,IN PERSON,NO,NO,,NO,E,104,010,025,120,OCMU,00014,117023,00152,167,
PUTNAM,01346587,BOWEN,KATHY,JO,,413,LONG SHOALS RD, ,EATONTON,GA,31024-5254,413,LONG SHOALS RD,,EATONTON,GA,31024-5254,A,A,,10/31/2017,10/31/2017,10/31/2017,IN PERSON,NO,NO,,NO,,105,010,025,120,OCMU,00021,117023,00190,207,
PUTNAM,01345749,HURT,REGINALD,L,,211,SUNNYLAND DR, ,EATONTON,GA,31024-8011,211,SUNNYLAND DR,,EATONTON,GA,31024-8011,A,A,,11/03/2017,11/03/2017,11/03/2017,IN PERSON,NO,NO,,NO,E,104,010,025,145,OCMU,00016,117023,00266,285,
PUTNAM,06693560,HONEYCUTT,PAMELA,CORLEY,,117,TABOR DR, ,EATONTON,GA,31024-7613,117,TABOR DR,,EATONTON,GA,31024-7613,A,A,,10/18/2017,10/18/2017,10/18/2017,IN PERSON,NO,NO,,NO,,107,010,025,145,OCMU,00024,117023,00033,39,
PUTNAM,01347121,WEEMS,GEORGE,H,JR,1105,OCONEE SPRINGS RD, ,EATONTON,GA,31024-8360,1105,OCONEE SPRINGS RD,,EATONTON,GA,31024-8360,A,A,,11/02/2017,11/02/2017,11/02/2017,IN PERSON,NO,NO,,NO,,104,010,025,120,OCMU,00019,117023,00249,268,
PUTNAM,02735057,HENDERSON,PATRICIA,ANN,,141,S ROCK ISLAND DR, ,EATONTON,GA,31024-5208,141,S ROCK ISLAND DR,,EATONTON,GA,31024-5208,A,A,,10/19/2017,10/19/2017,10/19/2017,IN PERSON,NO,NO,,NO,,105,010,025,120,OCMU,00021,117023,00038,50,
PUTNAM,01345548,FORD,NINA,,,206,WINCHESTER DR, ,EATONTON,GA,31024-6311,206,WINCHESTER DR,,EATONTON,GA,31024-6311,A,A,,10/30/2017,10/30/2017,10/30/2017,IN PERSON,NO,NO,,NO,E,104,010,025,120,OCMU,00017,117023,00169,186,
PUTNAM,10025321,DE PETRILLO,MICHAEL,,,128,NORRIS LN, ,EATONTON,GA,31024,128,NORRIS LN,,EATONTON,GA,31024-5724,A,A,,10/26/2017,10/26/2017,10/26/2017,IN PERSON,NO,NO,,NO,,105,010,025,120,OCMU,00021,117023,00116,129,
PUTNAM,01347831,HOBBS,JERRY,WILLIS,,303,S WASHINGTON AVE, ,EATONTON,GA,31024-1125,,PO BOX 3502,,EATONTON,GA,31024-0350,A,A,,10/18/2017,10/18/2017,10/18/2017,IN PERSON,NO,NO,,NO,E,101,010,025,120,OCMU,00009,117023,00031,37,
PUTNAM,01347321,CLARK,SARAH,W,,108,SAMMONS RD, ,EATONTON,GA,31024,108,SAMMONS RD,,EATONTON,GA,31024,A,A,,10/16/2017,10/16/2017,10/16/2017,IN PERSON,NO,NO,,NO,E,101,010,025,120,OCMU,00002,117023,00011,13,
PUTNAM,01347194,GILBERT,ROBERTA,NELSON,,505,W WALNUT ST, ,EATONTON,GA,31024-1247,,PO BOX 4211,,EATONTON,GA,31024-0421,A,A,,10/30/2017,10/30/2017,10/30/2017,IN PERSON,NO,NO,,NO,E,101,010,025,120,OCMU,00003,117023,00176,193,
PUTNAM,01350003,WILKES,KENNETH,B,,254,SHELTON DR, ,EATONTON,GA,31024,254,SHELTON DR SW,,EATONTON,GA,31024,A,A,,10/27/2017,10/27/2017,10/27/2017,IN PERSON,NO,NO,,NO,,107,010,025,145,OCMU,00023,117023,00140,155,
PUTNAM,02222375,WATKINS,CHARLIE,,SR,114,SAMS WAY, ,EATONTON,GA,31024-6580,114,SAMS WAY,,EATONTON,GA,31024-6580,A,A,,10/26/2017,10/26/2017,10/26/2017,IN PERSON,NO,NO,,NO,E,101,010,025,120,OCMU,00003,117023,00133,148,
PUTNAM,01348506,LEE,PAMELA,ROCKER,,115,CHANDLER DR, ,EATONTON,GA,31024-6139,115,CHANDLER DR,,EATONTON,GA,31024-6139,A,A,,11/02/2017,11/02/2017,11/02/2017,IN PERSON,NO,NO,,NO,E,101,010,025,120,OCMU,00002,117023,00250,269,
PUTNAM,01348302,VEAL,DIANNE,ALLISTON,,311,GROVE ST, ,EATONTON,GA,31024,311,GROVE ST,,EATONTON,GA,31024,A,A,,10/17/2017,10/17/2017,10/17/2017,IN PERSON,NO,NO,,NO,E,104,010,025,120,OCMU,00017,117023,00017,19,
PUTNAM,01351964,GRIFFIN,CALVIN,D,,419,E MARION ST, ,EATONTON,GA,31024-1432,419,E MARION ST,,EATONTON,GA,31024-1432,A,A,,10/27/2017,10/27/2017,10/27/2017,IN PERSON,NO,NO,,NO,E,104,010,025,120,OCMU,00014,117023,00156,171,
PUTNAM,06836492,WINDNAGLE,DEBRA,DETTMAN,,386,COLD BRANCH RD, ,EATONTON,GA,31024-7608,386,COLD BRANCH RD,,EATONTON,GA,31024-7608,A,A,,10/16/2017,10/16/2017,10/16/2017,IN PERSON,NO,NO,,NO,,107,010,025,145,OCMU,00024,117023,00001,1,
PUTNAM,02011795,KELHOFFER,DANIEL,JAY,,119,HUMBER FERRY DR, ,EATONTON,GA,31024,119,HUMBER FERRY DR,,EATONTON,GA,31024,A,A,,10/20/2017,10/20/2017,10/20/2017,IN PERSON,NO,NO,,NO,,107,010,025,145,OCMU,00023,117023,00051,63,
PUTNAM,03716310,LAW,SUSAN,MILLER,,130,S LITTLE RIVER RUN, ,EATONTON,GA,31024-7234,130,S LITTLE RIVER RUN,,EATONTON,GA,31024-7234,A,A,,10/31/2017,10/31/2017,10/31/2017,IN PERSON,NO,NO,,NO,,107,010,025,145,OCMU,00023,117023,00189,206,
PUTNAM,01345261,BRUNDAGE,SUSIE,MARIE,,145,DICKEY DR, ,EATONTON,GA,31024,145,DICKEY DR,,EATONTON,GA,31024,A,A,,10/24/2017,10/24/2017,10/24/2017,IN PERSON,NO,NO,,NO,E,104,010,025,145,OCMU,00015,117023,00091,104,
PUTNAM,02306274,WALSH,CATHY,M,,172,RIVERVIEW RD, ,EATONTON,GA,31024-6836,172,RIVERVIEW RD,,EATONTON,GA,31024-6836,A,A,,10/24/2017,10/24/2017,10/24/2017,IN PERSON,NO,NO,,NO,,107,010,025,145,OCMU,00023,117023,00086,99,
PUTNAM,04822998,PHILLIPS,ROBERT,LEE,,297,E RIVER BEND DR, ,EATONTON,GA,31024,297,E RIVER BEND DR,,EATONTON,GA,31024,A,A,,11/02/2017,11/02/2017,11/02/2017,IN PERSON,NO,NO,,NO,,105,010,025,120,OCMU,00021,117023,00241,260,
PUTNAM,01349437,GAILEY,LAURA,RICE,,153,GREENSBORO RD, ,EATONTON,GA,31024-6042,,PO BOX 3130,,EATONTON,GA,31024-0313,A,A,,10/31/2017,10/31/2017,10/31/2017,IN PERSON,NO,NO,,NO,E,104,010,025,120,OCMU,00020,117023,00208,225,
PUTNAM,01345744,HUDSON,JAMES,,JR,202,NEW ST, ,EATONTON,GA,31024,202,NEW ST,,EATONTON,GA,31024,A,A,,10/31/2017,10/31/2017,10/31/2017,IN PERSON,NO,NO,,NO,E,104,010,025,145,OCMU,00015,117023,00203,220,
PUTNAM,01728789,GILBERT,PAMELA,D,,113,HICKORY HOLW, ,EATONTON,GA,31024-7405,113,HICKORY HOLW,,EATONTON,GA,31024-7405,A,A,,10/31/2017,10/31/2017,10/31/2017,IN PERSON,NO,NO,,NO,,107,010,025,145,OCMU,00023,117023,00191,208,
PUTNAM,01347168,WINTERS,KATHERINE,J,,732,GLADES RD, ,EATONTON,GA,31024-6332,732,GLADES RD,,EATONTON,GA,31024-6332,A,A,,10/26/2017,10/26/2017,10/26/2017,IN PERSON,NO,NO,,NO,,101,010,025,120,OCMU,00001,117023,00131,146,
PUTNAM,01348007,MARSHALL,JAMES,PENICK,JR,104,CHURCH ST, ,EATONTON,GA,31024-1306,104,CHURCH ST,,EATONTON,GA,31024-1306,A,A,,11/03/2017,11/03/2017,11/03/2017,IN PERSON,NO,NO,,NO,E,104,010,025,120,OCMU,00017,117023,00280,299,
PUTNAM,01569123,LYLE,HELEN,T,,385,E RIVER BEND DR, ,EATONTON,GA,31024-5338,385,E RIVER BEND DR,,EATONTON,GA,31024-5338,A,A,,11/01/2017,11/01/2017,11/01/2017,IN PERSON,NO,NO,,NO,,105,010,025,120,OCMU,00021,117023,00218,237,
PUTNAM,08441762,LUDEWIG,DAVID,CLARK,,460,ROCKVILLE SPRINGS DR, ,EATONTON,GA,31024-8282,460,ROCKVILLE SPRINGS DR,,EATONTON,GA,31024-8282,A,A,,10/20/2017,10/20/2017,10/20/2017,IN PERSON,NO,NO,,NO,,106,010,025,120,OCMU,00022,117023,00056,69,
PUTNAM,01347287,WILLIAMS,LEILA,J,,118,REDBUD DR, ,EATONTON,GA,31024,118,REDBUD DR,,EATONTON,GA,31024,A,A,,10/17/2017,10/17/2017,10/17/2017,IN PERSON,NO,NO,,NO,E,104,010,025,145,OCMU,00015,117023,00020,24,
PUTNAM,01347760,YATES,LISA,KATHRYN,,192,GRAY RD, ,EATONTON,GA,31024-7394,192,GRAY RD,,EATONTON,GA,31024-7394,A,A,,11/02/2017,11/02/2017,11/02/2017,IN PERSON,NO,NO,,NO,,101,010,025,120,OCMU,00001,117023,00239,258,
PUTNAM,01345823,OLIVER,QUEEN,E,,112,BUMGARDNER DR, ,EATONTON,GA,31024-8410,112,BUMGARDNER DR,,EATONTON,GA,31024-8410,A,A,,10/27/2017,10/27/2017,10/27/2017,IN PERSON,NO,NO,,NO,E,104,010,025,145,OCMU,00015,117023,00154,169,
PUTNAM,04975223,ANDREWS,LORI,ANN,,702,CHURCH ST,UNIT 17,EATONTON,GA,31024-6476,702,CHURCH ST,UNIT 17,EATONTON,GA,31024-6476,A,A,,11/01/2017,11/01/2017,11/01/2017,IN PERSON,NO,NO,,NO,E,101,010,025,120,OCMU,00009,117023,00233,252,
PUTNAM,01346600,OWEN,KAREN,P,,741,GRAY RD, ,EATONTON,GA,31024-7033,741,GRAY RD,,EATONTON,GA,31024-7033,A,A,,10/16/2017,10/16/2017,10/16/2017,IN PERSON,NO,NO,,NO,,107,010,025,145,OCMU,00023,117023,00005,7,
PUTNAM,01578604,KELLY,MICHAEL,GARCIN,,164,SEBASTIAN DR, ,EATONTON,GA,31024-5736,164,SEBASTIAN DR,,EATONTON,GA,31024-5736,A,A,,10/24/2017,10/24/2017,10/24/2017,IN PERSON,NO,NO,,NO,,105,010,025,120,OCMU,00021,117023,00090,103,
PUTNAM,01953111,FARLEY,WOODY,,,104,DAVIS ST, ,EATONTON,GA,31024-1413,104,DAVIS ST,,EATONTON,GA,31024-1413,A,A,,10/25/2017,10/25/2017,10/25/2017,IN PERSON,NO,NO,,NO,E,104,010,025,120,OCMU,00014,117023,00098,111,
PUTNAM,01349252,ELLISON,LISA,M,,207,OAK WAY, ,EATONTON,GA,31024-1655,,PO BOX 3113,,EATONTON,GA,31024-0311,A,A,,11/03/2017,11/03/2017,11/03/2017,IN PERSON,NO,NO,,NO,E,101,010,025,120,OCMU,00004,117023,00299,318,
PUTNAM,01345814,MCDADE,PATRICIA,P,,312,E MAGNOLIA ST, ,EATONTON,GA,31024-1427,312,E MAGNOLIA ST,,EATONTON,GA,31024-1427,A,A,,11/01/2017,11/01/2017,11/01/2017,IN PERSON,NO,NO,,NO,E,104,010,025,120,OCMU,00014,117023,00212,230,
PUTNAM,01349049,MCCLAIN,DENNIS,RAY,,412,N MADISON AVE, ,EATONTON,GA,31024-1320,412,N MADISON AVE,,EATONTON,GA,31024-1320,A,A,,11/03/2017,11/03/2017,11/03/2017,IN PERSON,NO,NO,,NO,E,101,010,025,120,OCMU,00009,117023,00263,282,
PUTNAM,01351842,HARPER,DOLLIE,B,,121,WINDSOR DR, ,EATONTON,GA,31024-6319,121,WINDSOR DR,,EATONTON,GA,31024-6319,A,A,,10/25/2017,10/25/2017,10/25/2017,IN PERSON,NO,NO,,NO,E,101,010,025,120,OCMU,00009,117023,00106,119,
PUTNAM,01347120,WEEMS,BETTY,BAUGH,,1105,OCONEE SPRINGS RD, ,EATONTON,GA,31024-8360,1105,OCONEE SPRINGS RD,,EATONTON,GA,31024-8360,A,A,,11/02/2017,11/02/2017,11/02/2017,IN PERSON,NO,NO,,NO,,104,010,025,120,OCMU,00019,117023,00248,267,
PUTNAM,00798553,BILLS,ROBIN,MCDONALD,,165,MAYS RD SE, ,MILLEDGEVILLE,GA,31061,165,MAYS RD SE,,MILLEDGEVILLE,GA,31061,A,A,,11/03/2017,11/03/2017,11/03/2017,IN PERSON,NO,NO,,NO,,107,010,025,145,OCMU,00023,117023,00283,302,
PUTNAM,08824002,PENNINGTON,TYLER,AUSTIN,,1107,OCONEE SPRINGS RD, ,EATONTON,GA,31024-8360,1107,OCONEE SPRINGS RD SE,,EATONTON,GA,31024-0836,A,A,,10/31/2017,10/31/2017,10/31/2017,IN PERSON,NO,NO,,NO,,104,010,025,120,OCMU,00019,117023,00206,223,
PUTNAM,01348017,MASON,TINA,D,,160,ROSE CREEK RD, ,EATONTON,GA,31024-7239,160,ROSE CREEK RD,,EATONTON,GA,31024-7239,A,A,,10/24/2017,10/24/2017,10/24/2017,IN PERSON,NO,NO,,NO,,107,010,025,145,OCMU,00023,117023,00084,97,
PUTNAM,01352131,COBB,VELMA,NELSON,,231,MARTIN LUTHER KING JR DR,A,EATONTON,GA,31024,231,MARTIN LUTHER KING ,A,EATONTON,GA,31024,A,,,10/18/2016,10/18/2017,,MAILED,NO,NO,DISABLED,NO,E,104,010,025,145,OCMU,00015,,00001,40,
PUTNAM,03687266,KNIGHT,WILLIAM,O,III,707,GLENWOOD SPRINGS RD, ,EATONTON,GA,31024-6601,707,GLENWOOD SPRINGS RD,,EATONTON,GA,31024-6601,A,A,,10/31/2017,10/31/2017,10/31/2017,IN PERSON,NO,NO,,NO,,101,010,025,120,OCMU,00001,117023,00210,227,
PUTNAM,01351996,HILL,COLEMAN,,SR,299,MARTIN LUTHER KING JR DR, ,EATONTON,GA,31024-8096,299,MARTIN LUTHER KING ,,EATONTON,GA,31024-8096,A,A,,11/03/2017,11/03/2017,11/03/2017,IN PERSON,NO,NO,,NO,E,104,010,025,145,OCMU,00015,117023,00284,303,
PUTNAM,01347356,FORD,LULA,BELLE,,108,PUTNAM AVE, ,EATONTON,GA,31024-1474,108,PUTNAM AVE,,EATONTON,GA,31024-1474,A,A,,11/01/2017,11/01/2017,11/01/2017,IN PERSON,NO,NO,,NO,E,104,010,025,120,OCMU,00014,117023,00217,236,
PUTNAM,00153109,GRINSTEAD,ANDRA,CONNER,,154,POSSUM POINT DR, ,EATONTON,GA,31024,154,POSSUM POINT DR,,EATONTON,GA,31024,A,A,,10/17/2017,10/17/2017,10/17/2017,IN PERSON,NO,NO,,NO,,107,010,025,145,OCMU,00023,117023,00016,18,
PUTNAM,01351773,SHEPHERD,SARA,G,,108,SINCLAIR DR, ,EATONTON,GA,31024-7619,108,SINCLAIR DR,,EATONTON,GA,31024-7619,A,A,,10/18/2017,10/18/2017,10/18/2017,IN PERSON,NO,NO,,NO,,107,010,025,145,OCMU,00024,117023,00035,46,
PUTNAM,01347858,HUDSON,JOE,,,204,CARRIAGE WAY, ,EATONTON,GA,31024-1302,204,CARRIAGE WAY,,EATONTON,GA,31024-1302,A,A,,10/27/2017,10/27/2017,10/27/2017,IN PERSON,NO,NO,,NO,E,104,010,025,120,OCMU,00017,117023,00145,160,
PUTNAM,05267530,LOEFFLER,MARTIN,,JR,191,ARROWHEAD TRL, ,EATONTON,GA,31024-5859,191,ARROWHEAD TRL,,EATONTON,GA,31024-5859,A,A,,10/30/2017,10/30/2017,10/30/2017,IN PERSON,NO,NO,,NO,,105,010,025,120,OCMU,00021,117023,00167,184,
PUTNAM,00291213,PERRY,STEVE,GRADY,,107,HUNTS CHAPEL RD, ,EATONTON,GA,31024-6138,107,HUNTS CHAPEL RD,,EATONTON,GA,31024-6138,A,A,,11/01/2017,11/01/2017,11/01/2017,IN PERSON,NO,NO,,NO,E,101,010,025,120,OCMU,00002,117023,00215,233,
PUTNAM,01345605,LANKFORD,GAYE,K,,483,LOWER HARMONY RD, ,EATONTON,GA,31024-6080,483,LOWER HARMONY RD,,EATONTON,GA,31024-6080,A,A,,10/24/2017,10/24/2017,10/24/2017,IN PERSON,NO,NO,,NO,,104,010,025,120,OCMU,00019,117023,00079,92,
PUTNAM,05561022,SALMON,FRANK,DEVANT,,314,N MAPLE AVE, ,EATONTON,GA,31024-1357,314,1/2 MAPLE ST,,EATONTON,GA,31024,A,A,,10/24/2017,10/24/2017,10/24/2017,IN PERSON,NO,NO,,NO,E,104,010,025,120,OCMU,00014,117023,00077,90,
PUTNAM,00494044,JOHNSON,THOMAS,EUGENE,JR,165,E RIVER BEND DR, ,EATONTON,GA,31024-5351,165,E RIVER BEND DR,,EATONTON,GA,31024-5351,A,A,,11/01/2017,11/01/2017,11/01/2017,IN PERSON,NO,NO,,NO,,105,010,025,120,OCMU,00021,117023,00225,244,
PUTNAM,03071601,WILLIAMS,THOMAS,GRADY,JR,116,WINDSOR DR, ,EATONTON,GA,31024-6318,116,WINDSOR DR,,EATONTON,GA,31024-6318,A,A,,10/31/2017,10/31/2017,10/31/2017,IN PERSON,NO,NO,,NO,E,101,010,025,120,OCMU,00009,117023,00196,213,
PUTNAM,02813995,MOORE,CLYDE,BENJAMIN,,100,WILLOW CV, ,EATONTON,GA,31024-7408,100,WILLOW CV,,EATONTON,GA,31024-7408,A,A,,10/16/2017,10/16/2017,10/16/2017,IN PERSON,NO,NO,,NO,,107,010,025,145,OCMU,00023,117023,00004,4,
PUTNAM,00328785,PRATER,SCARLETT,COWAN,,754,S STEEL BRIDGE RD, ,EATONTON,GA,31024-8133,754,S STEEL BRIDGE RD,,EATONTON,GA,31024-8133,A,A,,10/16/2017,10/16/2017,10/16/2017,IN PERSON,NO,NO,,NO,,106,010,025,120,OCMU,00022,117023,00009,11,
PUTNAM,07406902,ADDISON,TREVOR,JACKSON,,131,CYPRESS LN, ,EATONTON,GA,31024-7567,131,CYPRESS LN,,EATONTON,GA,31024-7567,A,A,,10/20/2017,10/20/2017,10/20/2017,IN PERSON,NO,NO,,NO,,107,010,025,145,OCMU,00024,117023,00048,60,
PUTNAM,01349836,COLLINS,SANDRA,H,,608,N JEFFERSON AVE, ,EATONTON,GA,31024,608,N JEFFERSON AVE,,EATONTON,GA,31024,A,A,,10/27/2017,10/27/2017,10/27/2017,IN PERSON,NO,NO,,NO,E,104,010,025,120,OCMU,00014,117023,00148,163,
PUTNAM,08179911,DEX,CAROLYN,BATCHELOR,,199,HIGHLAND DR, ,EATONTON,GA,31024-1422,199,HIGHLAND DR,,EATONTON,GA,31024-1422,A,A,,10/25/2017,10/25/2017,10/25/2017,IN PERSON,NO,NO,,NO,E,104,010,025,120,OCMU,00014,117023,00096,109,
PUTNAM,02130612,WAGGONER,CHARLES,EDWARD,,130,IRON HORSE DR, ,EATONTON,GA,31024,130,IRON HORSE DR,,EATONTON,GA,31024,A,A,,10/27/2017,10/27/2017,10/27/2017,IN PERSON,NO,NO,,NO,,105,010,025,120,OCMU,00021,117023,00150,165,
PUTNAM,01347759,YATES,JOHN,WARREN,,105,SUNNYDALE DR, ,EATONTON,GA,31024-6401,105,SUNNYDALE DR,,EATONTON,GA,31024-6401,A,A,,10/16/2017,10/16/2017,10/16/2017,IN PERSON,NO,NO,,NO,E,101,010,025,120,OCMU,00009,117023,00008,10,
PUTNAM,01350071,COTTRELL,DONALD,D,,144,ROCK SPRINGS RD, ,EATONTON,GA,31024-5211,144,ROCK SPRINGS RD,,EATONTON,GA,31024-5211,A,A,,10/27/2017,10/27/2017,10/27/2017,IN PERSON,NO,NO,,NO,,105,010,025,120,OCMU,00021,117023,00144,159,
PUTNAM,01346819,STUART,REBECCA,,,105,BUCKHORN CIR, ,EATONTON,GA,31024-7519,105,BUCKHORN CIR,,EATONTON,GA,31024-7519,A,A,,11/03/2017,11/03/2017,11/03/2017,IN PERSON,NO,NO,,NO,,107,010,025,145,OCMU,00024,117023,00261,280,
PUTNAM,03361262,JOHNSON,STEVIE,EUGENE,,253,E RIVER BEND DR, ,EATONTON,GA,31024-5349,253,E RIVER BEND DR,,EATONTON,GA,31024-5349,A,A,,11/03/2017,11/03/2017,11/03/2017,IN PERSON,NO,NO,,NO,,105,010,025,120,OCMU,00021,117023,00258,277,
PUTNAM,01345824,OLIVER,WILLIE,,JR,112,BUMGARDNER DR, ,EATONTON,GA,31024-8410,112,BUMGARDNER DR,,EATONTON,GA,31024-8410,A,A,,11/02/2017,11/02/2017,11/02/2017,IN PERSON,NO,NO,,NO,E,104,010,025,145,OCMU,00015,117023,00253,272,
PUTNAM,04993929,DAVIDSON,LYDIA,M,,435,CROOKED CREEK RD, ,EATONTON,GA,31024-7896,435,CROOKED CREEK RD,,EATONTON,GA,31024-7896,A,A,,10/25/2017,10/25/2017,10/25/2017,IN PERSON,NO,NO,,NO,,104,010,025,120,OCMU,00019,117023,00108,121,
PUTNAM,05054803,LOVELL,RANDALL,LEE,,260,QUESENBERRY DR, ,EATONTON,GA,31024,260,QUESENBERRY DR,,EATONTON,GA,31024,A,A,,10/26/2017,10/26/2017,10/26/2017,IN PERSON,NO,NO,,NO,,106,010,025,120,OCMU,00022,117023,00117,131,
PUTNAM,02775965,BROCK,TERESA,MCCONNELL,,945,MADISON RD, ,EATONTON,GA,31024,945,MADISON RD,,EATONTON,GA,31024,A,A,,11/03/2017,11/03/2017,11/03/2017,IN PERSON,NO,NO,,NO,,101,010,025,120,OCMU,00001,117023,00268,287,
PUTNAM,01345798,HOLDER,VICKIE,LYNN,,182,DENHAM RD, ,EATONTON,GA,31024-5939,182,DENHAM RD,,EATONTON,GA,31024-5939,A,A,,10/26/2017,10/26/2017,10/26/2017,IN PERSON,NO,NO,,NO,,104,010,025,120,OCMU,00019,117023,00128,143,
PUTNAM,01345543,SANDERS,LAVONIAH,,,115,SUMMIT LN, ,EATONTON,GA,31024-6511,115,SUMMIT LN,,EATONTON,GA,31024-6511,A,A,,11/02/2017,11/02/2017,11/02/2017,IN PERSON,NO,NO,,NO,E,101,010,025,120,OCMU,00003,117023,00245,264,
PUTNAM,03539163,STYLES,DARLENE,FARLEY,,310,MARTIN LUTHER KING JR DR, ,EATONTON,GA,31024,310,MARTIN LUTHER KING ,,EATONTON,GA,31024,A,A,,10/23/2017,10/23/2017,10/23/2017,IN PERSON,NO,NO,,NO,E,104,010,025,145,OCMU,00016,117023,00065,78,
PUTNAM,06088647,FELDMAN,MICHAEL,J,,206,N MAPLE AVE, ,EATONTON,GA,31024-1028,206,N MAPLE AVE,,EATONTON,GA,31024-1028,A,A,,10/30/2017,10/30/2017,10/30/2017,IN PERSON,NO,NO,,NO,E,104,010,025,120,OCMU,00014,117023,00181,198,
PUTNAM,01346001,COLLIS,SHELBY,JEAN,,637,LOWER HARMONY RD, ,EATONTON,GA,31024-5927,,PO BOX 3143,,EATONTON,GA,31024-0314,A,A,,10/23/2017,10/23/2017,10/23/2017,IN PERSON,NO,NO,,NO,,104,010,025,120,OCMU,00019,117023,00070,83,
PUTNAM,06282091,LUDEWIG,ISABELLE,,,460,ROCKVILLE SPRINGS DR, ,EATONTON,GA,31024-8282,460,ROCKVILLE SPRINGS DR,,EATONTON,GA,31024-8282,A,A,,10/20/2017,10/20/2017,10/20/2017,IN PERSON,NO,NO,,NO,,106,010,025,120,OCMU,00022,117023,00055,68,
PUTNAM,02629748,HARRIS,ROOSEVELT,,,108,S WASHINGTON AVE, ,EATONTON,GA,31024-1122,108,S WASHINGTON AVE,,EATONTON,GA,31024-1122,A,A,,11/02/2017,11/02/2017,11/02/2017,IN PERSON,NO,NO,,NO,E,101,010,025,120,OCMU,00003,117023,00252,271,
PUTNAM,01409740,MANGUM,WILLIAM,C,JR,416,N JEFFERSON AVE, ,EATONTON,GA,31024-1336,,PO BOX 3486,,EATONTON,GA,31024-0348,A,A,,10/26/2017,10/26/2017,10/26/2017,IN PERSON,NO,NO,,NO,E,101,010,025,120,OCMU,00005,117023,00137,152,
PUTNAM,01096348,THOMPSON,BARBARA,ELIZABET,,194,DEERFIELD LN, ,EATONTON,GA,31024,194,DEERFIELD LN,,EATONTON,GA,31024,A,A,,11/01/2017,11/01/2017,11/01/2017,IN PERSON,NO,NO,,NO,,107,010,025,145,OCMU,00023,117023,00223,242,
PUTNAM,01348780,COVINGTON,GEORGE,GREGORY,,405,W MARION ST, ,EATONTON,GA,31024-1217,405,W MARION ST,,EATONTON,GA,31024-1217,A,A,,10/18/2017,10/18/2017,10/18/2017,IN PERSON,NO,NO,,NO,E,101,010,025,120,OCMU,00003,117023,00029,35,
PUTNAM,01349039,EVANS,DORIS M,HARRISON,,153,IMPERIAL MILL RD, ,EATONTON,GA,31024-6321,153,IMPERIAL MILL RD,,EATONTON,GA,31024-6321,A,A,,10/30/2017,10/30/2017,10/30/2017,IN PERSON,NO,NO,,NO,E,101,010,025,120,OCMU,00009,117023,00178,195,
PUTNAM,03182737,WADE,RICHARD,CONANT,,133,WORMSLOE WAY, ,EATONTON,GA,31024,133,WORMSLOE WAY,,EATONTON,GA,31024,A,A,,10/27/2017,10/27/2017,10/27/2017,IN PERSON,NO,NO,,NO,,105,010,025,120,OCMU,00021,117023,00161,176,
PUTNAM,01393211,IRVIN,KELVIN,WAYNE,,601,GLENWOOD SPRINGS RD, ,EATONTON,GA,31024,601,GLENWOOD SPRINGS RD,,EATONTON,GA,31024,A,A,,10/31/2017,10/31/2017,10/31/2017,IN PERSON,NO,NO,,NO,,101,010,025,120,OCMU,00001,117023,00204,221,
PUTNAM,01347030,UNDERKOFLER,PATRICE,SUSAN,,103,RIDGECREEK RD, ,EATONTON,GA,31024-7345,103,RIDGECREEK RD,,EATONTON,GA,31024-7345,A,A,,11/01/2017,11/01/2017,11/01/2017,IN PERSON,NO,NO,,NO,,107,010,025,145,OCMU,00023,117023,00229,248,
PUTNAM,01347667,THOMAS,DONNA,LYNN,,101,GLENWOOD CIR, ,EATONTON,GA,31024-6128,101,GLENWOOD CIR,,EATONTON,GA,31024-6128,A,A,,10/20/2017,10/20/2017,10/20/2017,IN PERSON,NO,NO,,NO,E,101,010,025,120,OCMU,00002,117023,00054,67,
PUTNAM,01345587,WILLIAMS,JANIE,MAE,,122,REDBUD DR, ,EATONTON,GA,31024-1552,122,REDBUD DR,,EATONTON,GA,31024-1552,A,A,,11/03/2017,11/03/2017,11/03/2017,IN PERSON,NO,NO,,NO,E,104,010,025,145,OCMU,00015,117023,00290,309,
PUTNAM,01348214,REAVES,ELIZABETH,KNOWLES,,177,GLENWOOD SPRINGS RD, ,EATONTON,GA,31024-6518,,PO BOX 4311,,EATONTON,GA,31024-0431,A,A,,11/02/2017,11/02/2017,11/02/2017,IN PERSON,NO,NO,,NO,E,101,010,025,120,OCMU,00003,117023,00244,263,
PUTNAM,04964971,TERRELL,JESSICA,ELIZABETH,,404,N MADISON AVE, ,EATONTON,GA,31024,404,N MADISON AVE,,EATONTON,GA,31024,A,A,,11/03/2017,11/03/2017,11/03/2017,IN PERSON,NO,NO,,NO,E,101,010,025,120,OCMU,00009,117023,00275,294,
PUTNAM,01351145,BOYETTE,KAREN,ELIZABETH,,102,WESTMINSTER DR, ,EATONTON,GA,31024-6316,102,WESTMINSTER DR,,EATONTON,GA,31024-6316,A,A,,11/03/2017,11/03/2017,11/03/2017,IN PERSON,NO,NO,,NO,E,101,010,025,120,OCMU,00009,117023,00272,291,
PUTNAM,06703528,PRESLEY,RANDY,KEITH,,945,MADISON RD, ,EATONTON,GA,31024,945,MADISON RD,,EATONTON,GA,31024,A,A,,11/03/2017,11/03/2017,11/03/2017,IN PERSON,NO,NO,,NO,,101,010,025,120,OCMU,00001,117023,00267,286,
PUTNAM,06833528,FAIN,ALFRED,RICHARD,JR,536,RIVER LAKE DR, ,EATONTON,GA,31024-5311,536,RIVER LAKE DR,,EATONTON,GA,31024-5311,A,A,,10/19/2017,10/19/2017,10/19/2017,IN PERSON,NO,NO,,NO,,105,010,025,120,OCMU,00021,117023,00044,56,
PUTNAM,06908488,ASHLEY,CHARLES,R,,156,FOREST HILL DR, ,EATONTON,GA,31024-7647,156,FOREST HILL DR,,EATONTON,GA,31024-7647,A,A,,10/27/2017,10/27/2017,10/27/2017,IN PERSON,NO,NO,,NO,,107,010,025,145,OCMU,00024,117023,00157,172,
PUTNAM,05469283,ORBAN,CARILLON,,,134,NINA DR, ,EATONTON,GA,31024-8156,134,NINA DR,,EATONTON,GA,31024-8156,A,A,,10/23/2017,10/23/2017,10/23/2017,IN PERSON,NO,NO,,NO,,106,010,025,120,OCMU,00022,117023,00061,74,
PUTNAM,10119836,GORLEY,MARY,ELIZABETH,,606,S JEFFERSON AVE, ,EATONTON,GA,31024,606,S JEFFERSON AVE,,EATONTON,GA,31024,A,A,,10/16/2017,10/30/2017,11/06/2017,MAILED,NO,NO,DISABLED,NO,E,104,010,025,145,OCMU,00016,,00005,182,
PUTNAM,00086247,CARSON,JOHN,ROBERT,,119,RIVER LAKE CT, ,EATONTON,GA,31024-5306,119,RIVER LAKE CT,,EATONTON,GA,31024-5306,A,A,,10/23/2017,10/23/2017,10/23/2017,IN PERSON,NO,NO,,NO,,105,010,025,120,OCMU,00021,117023,00067,80,
PUTNAM,01347724,WELCH,GLENDA,B,,136,CHANDLER DR, ,EATONTON,GA,31024-6140,136,CHANDLER DR,,EATONTON,GA,31024-6140,A,A,,10/26/2017,10/26/2017,10/26/2017,IN PERSON,NO,NO,,NO,E,101,010,025,120,OCMU,00002,117023,00113,126,
PUTNAM,01346307,CORLEY,FRED,S,,208,SINCLAIR RD, ,EATONTON,GA,31024-7625,208,SINCLAIR RD,,EATONTON,GA,31024-7625,A,C,Rejected Ballot that has been re-issued,10/18/2017,10/18/2017,10/24/2017,MAILED,NO,NO,DISABLED,NO,,107,010,025,145,OCMU,00024,,00004,44,
PUTNAM,01351512,JEFFERSON,TOMMY,P,,101,DOGWOOD PT, ,EATONTON,GA,31024,101,DOGWOOD PT,,EATONTON,GA,31024,A,A,,10/16/2017,10/18/2017,10/23/2017,MAILED,NO,NO,ELDERLY,NO,,107,010,025,145,OCMU,00023,,00002,30,
PUTNAM,02081970,RICHARDS,WILLIAM,ALBERT,,108,DOUG LN, ,EATONTON,GA,31024-5508,108,DOUG LN,,EATONTON,GA,31024-5508,A,A,,10/31/2017,10/31/2017,10/31/2017,IN PERSON,NO,NO,,NO,,105,010,025,120,OCMU,00021,117023,00197,214,
PUTNAM,01350070,COLLINS,JAMES,F,JR,608,N JEFFERSON AVE, ,EATONTON,GA,31024,608,N JEFFERSON AVE,,EATONTON,GA,31024,A,A,,10/27/2017,10/27/2017,10/27/2017,IN PERSON,NO,NO,,NO,E,104,010,025,120,OCMU,00014,117023,00149,164,
PUTNAM,03444144,MANGUM,MYLDRED,H,,416,N JEFFERSON AVE, ,EATONTON,GA,31024,416,N JEFFERSON AVE,,EATONTON,GA,31024,A,A,,10/26/2017,10/26/2017,10/26/2017,IN PERSON,NO,NO,,NO,E,101,010,025,120,OCMU,00005,117023,00136,151,
PUTNAM,08705302,GUYTON,RICHARD,BARRY,,324,COLD BRANCH RD,B,EATONTON,GA,31024,324B,COLD BRANCH RD,,EATONTON,GA,31024-7686,A,A,,10/26/2017,10/26/2017,10/26/2017,IN PERSON,NO,NO,,NO,,107,010,025,145,OCMU,00024,117023,00127,142,
PUTNAM,06150647,NELSON,CIERA,J,,705,NEW ST, ,EATONTON,GA,31024,705,NEW ST,,EATONTON,GA,31024,A,A,,10/19/2017,10/19/2017,10/19/2017,IN PERSON,NO,NO,,NO,E,104,010,025,145,OCMU,00015,117023,00042,54,
PUTNAM,02902264,ROSSETER,THOMAS,ARTHUR,,205,N MADISON AVE, ,EATONTON,GA,31024-1005,205,N MADISON AVE,,EATONTON,GA,31024-1005,A,A,,11/02/2017,11/02/2017,11/02/2017,IN PERSON,NO,NO,,NO,E,101,010,025,120,OCMU,00009,117023,00255,274,
PUTNAM,03844531,BURSTON,MINNIE,MAE,,213,SAMS WAY, ,EATONTON,GA,31024,,PO BOX 3021,,EATONTON,GA,31024-0302,A,A,,11/02/2017,11/02/2017,11/02/2017,IN PERSON,NO,NO,,NO,E,101,010,025,120,OCMU,00003,117023,00254,273,
PUTNAM,10430054,YOUNG,RONALD,GENE,,105,OCONEE ESTATES DR, ,EATONTON,GA,31024,105,OCONEE ESTATES DR,,EATONTON,GA,31024,A,A,,11/02/2017,11/02/2017,11/02/2017,IN PERSON,NO,NO,,NO,,104,010,025,120,OCMU,00018,117023,00243,262,
PUTNAM,04822993,PHILLIPS,CAROLYN,JUSTICE,,297,E RIVER BEND DR, ,EATONTON,GA,31024-5318,297,E RIVER BEND DR,,EATONTON,GA,31024-5318,A,A,,11/02/2017,11/02/2017,11/02/2017,IN PERSON,NO,NO,,NO,,105,010,025,120,OCMU,00021,117023,00240,259,
PUTNAM,02741236,KITCHENS,VIRGINIA,ANN,,164,TWISTING HILL RD, ,EATONTON,GA,31024-7637,164,TWISTING HILL RD,,EATONTON,GA,31024-7637,A,A,,10/27/2017,10/27/2017,10/27/2017,IN PERSON,NO,NO,,NO,,107,010,025,145,OCMU,00024,117023,00159,174,
PUTNAM,03701723,BUCKNER,CARL,J,SR,286,LOBLOLLY DR, ,EATONTON,GA,31024-6658,,PO BOX 3216,,EATONTON,GA,31024-0321,A,A,,10/19/2017,10/19/2017,10/19/2017,IN PERSON,NO,NO,,NO,E,101,010,025,120,OCMU,00003,117023,00046,58,
PUTNAM,01982228,HARROLD,STEVEN,A,,109,ASHLAND PL, ,EATONTON,GA,31024-5468,109,ASHLAND PL,,EATONTON,GA,31024-5468,A,A,,11/01/2017,11/01/2017,11/01/2017,IN PERSON,NO,NO,,NO,,105,010,025,120,OCMU,00021,117023,00216,234,
PUTNAM,03505556,VAN HOUTEN,ANN,SULLIVAN,,528,S STEEL BRIDGE RD, ,EATONTON,GA,31024-8178,528,S STEEL BRIDGE RD,,EATONTON,GA,31024-8178,A,A,,11/01/2017,11/01/2017,11/01/2017,IN PERSON,NO,NO,,NO,,106,010,025,120,OCMU,00022,117023,00221,240,
PUTNAM,01347947,LAWRENCE,WILLIAM,KENT,,119,GLENWOOD CIR, ,EATONTON,GA,31024-6128,119,GLENWOOD CIR,,EATONTON,GA,31024-6128,A,A,,10/18/2017,10/18/2017,10/18/2017,IN PERSON,NO,NO,,NO,,101,010,025,120,OCMU,00001,117023,00025,31,
PUTNAM,00320335,HOLLOWAY,EDWARD,A,,149,S SUGAR CREEK RD, ,EATONTON,GA,31024-5831,149,S SUGAR CREEK RD,,EATONTON,GA,31024-5831,A,A,,10/24/2017,10/24/2017,10/24/2017,IN PERSON,NO,NO,,NO,,105,010,025,120,OCMU,00021,117023,00082,95,
PUTNAM,01345808,MOSS,ROSA,LEE,,305,MARTIN LUTHER KING JR DR, ,EATONTON,GA,31024-7843,305,MARTIN LUTHER KING ,,EATONTON,GA,31024-7843,A,A,,10/20/2017,10/20/2017,10/27/2017,MAILED,NO,NO,DISABLED,NO,E,104,010,025,145,OCMU,00015,,00004,64,
PUTNAM,01345497,PARHAM,BARBARA,ANN,,304,MARTIN LUTHER KING JR DR, ,EATONTON,GA,31024-7882,304,MARTIN LUTHER KING ,,EATONTON,GA,31024-7882,A,A,,10/31/2017,10/31/2017,10/31/2017,IN PERSON,NO,NO,,NO,E,104,010,025,145,OCMU,00016,117023,00184,201,
PUTNAM,01011020,BENTON,LARRY,STEPHEN,,124,MISTY LN, ,EATONTON,GA,31024,124,MISTY LN,,EATONTON,GA,31024,A,A,,10/27/2017,10/27/2017,10/27/2017,IN PERSON,NO,NO,,NO,,105,010,025,120,OCMU,00021,117023,00147,162,
PUTNAM,01347011,HICKS,RALEIGH,W,,1004,OCONEE SPRINGS RD, ,EATONTON,GA,31024-8358,1004,OCONEE SPRINGS RD,,EATONTON,GA,31024-8358,A,A,,10/31/2017,10/31/2017,10/31/2017,IN PERSON,NO,NO,,NO,,104,010,025,120,OCMU,00019,117023,00199,216,
PUTNAM,01347605,PRESLEY,SUE,H,,966,MADISON RD, ,EATONTON,GA,31024-6116,966,MADISON RD,,EATONTON,GA,31024-6116,A,A,,11/01/2017,11/01/2017,11/01/2017,IN PERSON,NO,NO,,NO,,104,010,025,120,OCMU,00019,117023,00234,253,
PUTNAM,01351343,BROADNAX,BEADIE,,,100,STRIBLING ST, ,EATONTON,GA,31024,100,STRIBLING ST,,EATONTON,GA,31024,A,A,,09/24/2017,10/16/2017,10/31/2017,MAILED,NO,NO,ELDERLY,NO,E,101,010,025,120,OCMU,00003,,00001,5,
PUTNAM,07946916,NICKLAS,ROBERT,LEWIS,,179,GARRETT DR, ,EATONTON,GA,31024-8416,179,GARRETT DR,,EATONTON,GA,31024-8416,A,A,,10/26/2017,10/26/2017,10/26/2017,IN PERSON,NO,NO,,NO,,104,010,025,120,OCMU,00019,117023,00126,141,
PUTNAM,01367056,CARMAN,WILLIAM,A,JR,169,MARTIN OAKS BLVD, ,EATONTON,GA,31024-5517,169,MARTIN OAKS BLVD,,EATONTON,GA,31024-5517,A,A,,11/03/2017,11/03/2017,11/03/2017,IN PERSON,NO,NO,,NO,,105,010,025,120,OCMU,00021,117023,00279,298,
PUTNAM,01348081,RALSTON,HOBERT,,,111,OAK WAY, ,EATONTON,GA,31024-1653,111,OAK WAY,,EATONTON,GA,31024-1653,A,A,,10/24/2017,10/26/2017,10/27/2017,MAILED,NO,NO,DISABLED,NO,E,101,010,025,120,OCMU,00004,,00003,130,
PUTNAM,00711835,RAY,MARTHA,TAYLOR,,225,KILPATRICK RD, ,EATONTON,GA,31024-5930,225,KILPATRICK RD,,EATONTON,GA,31024-5930,A,A,,11/03/2017,11/03/2017,11/03/2017,IN PERSON,NO,NO,,NO,,104,010,025,120,OCMU,00019,117023,00271,290,
PUTNAM,01351925,ETHRIDGE,CAROLYN,V,,304,OAK WAY, ,EATONTON,GA,31024-1658,304,OAK WAY,,EATONTON,GA,31024-1658,A,A,,10/23/2017,10/23/2017,10/23/2017,IN PERSON,NO,NO,,NO,E,101,010,025,120,OCMU,00009,117023,00064,77,
PUTNAM,01347167,WINTERS,CRAIG,,,732,GLADES RD, ,EATONTON,GA,31024-6332,732,GLADES RD,,EATONTON,GA,31024-6332,A,A,,10/24/2017,10/24/2017,10/24/2017,IN PERSON,NO,NO,,NO,,101,010,025,120,OCMU,00001,117023,00075,88,
PUTNAM,01345537,RICHARDSON,MARY,LOUISE,,446,MARTIN LUTHER KING JR DR, ,EATONTON,GA,31024-7859,446,MARTIN LUTHER KING ,,EATONTON,GA,31024-7859,A,A,,10/30/2017,10/30/2017,10/30/2017,IN PERSON,NO,NO,,NO,E,104,010,025,145,OCMU,00016,117023,00174,191,
PUTNAM,01352249,WHITE,MARY,L,,312,MARTIN LUTHER KING JR DR, ,EATONTON,GA,31024-7882,312,MARTIN LUTHER KING ,,EATONTON,GA,31024-7882,A,A,,11/03/2017,11/03/2017,11/03/2017,IN PERSON,NO,NO,,NO,E,104,010,025,145,OCMU,00016,117023,00277,296,
PUTNAM,01346371,GREGORY,STEVEN,R,,405,N MADISON AVE, ,EATONTON,GA,31024,405,N MADISON AVE,,EATONTON,GA,31024,A,A,,10/30/2017,10/30/2017,10/30/2017,IN PERSON,NO,NO,,NO,E,104,010,025,120,OCMU,00017,117023,00165,180,
PUTNAM,01345886,STYLES,MAY,LOIS,,112,DAVIS DR, ,EATONTON,GA,31024-7921,112,DAVIS DR,,EATONTON,GA,31024-7921,A,A,,10/27/2017,10/27/2017,10/27/2017,IN PERSON,NO,NO,,NO,E,104,010,025,145,OCMU,00015,117023,00155,170,
PUTNAM,04647431,MICKLER,WILLIAM,GRADY,,130,LAKE DR, ,EATONTON,GA,31024,130,LAKE DR,,EATONTON,GA,31024,A,A,,10/18/2017,10/18/2017,10/18/2017,IN PERSON,NO,NO,,NO,,105,010,025,120,OCMU,00021,117023,00027,33,
PUTNAM,01346306,CORLEY,BETTY,H,,208,SINCLAIR RD, ,EATONTON,GA,31024-7625,208,SINCLAIR RD,,EATONTON,GA,31024-7625,A,A,,10/18/2017,10/18/2017,10/24/2017,MAILED,NO,NO,DISABLED,NO,,107,010,025,145,OCMU,00024,,00003,43,
PUTNAM,01346038,CARNES,HELEN,J,,406,CHURCH ST, ,EATONTON,GA,31024-1666,406,CHURCH ST,,EATONTON,GA,31024-1666,A,A,,10/31/2017,10/31/2017,10/31/2017,IN PERSON,NO,NO,,NO,E,101,010,025,120,OCMU,00009,117023,00187,204,
PUTNAM,05399744,JONES,WILLIE,CLARENCE,JR,180,HOGAN INDUSTRIAL , ,EATONTON,GA,31024,180,HOGAN INDUSTRIAL ,,EATONTON,GA,31024,A,A,,10/31/2017,10/31/2017,10/31/2017,IN PERSON,NO,NO,,NO,E,104,010,025,145,OCMU,00016,117023,00209,226,
PUTNAM,06836502,WINDNAGLE,DENNIS,DERRICK,,386,COLD BRANCH RD, ,EATONTON,GA,31024-7608,386,COLD BRANCH RD,,EATONTON,GA,31024-7608,A,A,,10/19/2017,10/19/2017,10/19/2017,IN PERSON,NO,NO,,NO,,107,010,025,145,OCMU,00024,117023,00037,48,
PUTNAM,00786438,WEBSTER,BILLY,F,,116,N LITTLE RIVER CT, ,EATONTON,GA,31024-7277,116,N LITTLE RIVER CT,,EATONTON,GA,31024-7277,A,A,,10/26/2017,10/26/2017,10/26/2017,IN PERSON,NO,NO,,NO,,107,010,025,145,OCMU,00023,117023,00118,132,
PUTNAM,07767658,JACKSON,DECK,TREVITT,,113,SEQUOIA CT, ,EATONTON,GA,31024,113,SEQUOIA CT,,EATONTON,GA,31024,A,A,,10/26/2017,10/26/2017,10/26/2017,IN PERSON,NO,NO,,NO,,105,010,025,120,OCMU,00021,117023,00129,144,
PUTNAM,01351039,WOMAC,DESSIE,LEE,,949,CROOKED CREEK RD, ,EATONTON,GA,31024-7852,949,CROOKED CREEK RD,,EATONTON,GA,31024-7852,A,A,,10/31/2017,10/31/2017,10/31/2017,IN PERSON,NO,NO,,NO,,106,010,025,120,OCMU,00022,117023,00202,219,
PUTNAM,00295077,GRAY,PATSY,,,131,STEEL BRIDGE PT, ,EATONTON,GA,31024-8180,131,STEEL BRIDGE PT,,EATONTON,GA,31024-8180,A,A,,10/16/2017,10/16/2017,10/16/2017,IN PERSON,NO,NO,,NO,,106,010,025,120,OCMU,00022,117023,00002,2,
PUTNAM,01346011,BROWN,DANIEL,W,,150,CARTER DEARMAN RD, ,EATONTON,GA,31024-8459,150,CARTER DEARMAN RD,,EATONTON,GA,31024-8459,A,A,,10/20/2017,10/20/2017,10/20/2017,IN PERSON,NO,NO,,NO,,104,010,025,145,OCMU,00012,117023,00049,61,
PUTNAM,03550410,DEARMAN,O,D,JR,301,GROVE ST, ,EATONTON,GA,31024-1729,301,GROVE ST,,EATONTON,GA,31024-1729,A,A,,10/25/2017,10/25/2017,10/25/2017,IN PERSON,NO,NO,,NO,E,104,010,025,120,OCMU,00017,117023,00097,110,
PUTNAM,05495666,PRANCE,REBECCA,AKRIDGE,,304,N LAFAYETTE ST, ,EATONTON,GA,31024,304,N LAFAYETTE ST,,EATONTON,GA,31024,A,A,,10/24/2017,10/24/2017,10/24/2017,IN PERSON,NO,NO,,NO,E,101,010,025,120,OCMU,00009,117023,00072,85,
PUTNAM,01345681,EPPS,ERNEST,MERRITT,,412,LOWER HARMONY RD, ,EATONTON,GA,31024-6032,412,LOWER HARMONY RD,,EATONTON,GA,31024-6032,A,A,,10/31/2017,10/31/2017,10/31/2017,IN PERSON,NO,NO,,NO,,104,010,025,120,OCMU,00019,117023,00205,222,
PUTNAM,01404638,HERLIHY,LAURA,LOUISE,,503,OLD PHOENIX RD,UNIT 105,EATONTON,GA,31024-5991,503,OLD PHOENIX RD,UNIT 105,EATONTON,GA,31024-5991,A,A,,10/18/2017,10/18/2017,10/18/2017,IN PERSON,NO,NO,,NO,,104,010,025,120,OCMU,00018,117023,00028,34,
PUTNAM,05400180,RITCHASON,ROBERT,LEE,,134,NINA DR, ,EATONTON,GA,31024-8156,134,NINA DR,,EATONTON,GA,31024-8156,A,A,,10/23/2017,10/23/2017,10/23/2017,IN PERSON,NO,NO,,NO,,106,010,025,120,OCMU,00022,117023,00063,76,
PUTNAM,01346443,LANKFORD,CAROLINE,H,,246,RIVER OAK DR, ,EATONTON,GA,31024-7201,246,RIVER OAK DR,,EATONTON,GA,31024-7201,A,A,,11/01/2017,11/01/2017,11/01/2017,IN PERSON,NO,NO,,NO,,107,010,025,145,OCMU,00023,117023,00213,231,
PUTNAM,04948910,WALTON,BETH,B,,238,LOWER HARMONY RD, ,EATONTON,GA,31024-6026,238,LOWER HARMONY RD,,EATONTON,GA,31024-6026,A,A,,11/01/2017,11/01/2017,11/01/2017,IN PERSON,NO,NO,,NO,E,104,010,025,120,OCMU,00020,117023,00220,239,
PUTNAM,01347218,KNOWLES,LILLIE,JANICE,,160,GLENWOOD SPRINGS RD, ,EATONTON,GA,31024-6519,,PO BOX 3598,,EATONTON,GA,31024-0359,A,A,,11/03/2017,11/03/2017,11/03/2017,IN PERSON,NO,NO,,NO,E,101,010,025,120,OCMU,00003,117023,00298,317,
PUTNAM,02816928,ADAIR,DAVID,A,,272,QUESENBERRY DR, ,EATONTON,GA,31024-8127,272,QUESENBERRY DR,,EATONTON,GA,31024-8127,A,A,,11/03/2017,11/03/2017,11/03/2017,IN PERSON,NO,NO,,NO,,106,010,025,120,OCMU,00022,117023,00294,313,
PUTNAM,01345992,BLACKWELL,JOHN,S,JR,110,N JENKINS DR, ,EATONTON,GA,31024-1314,110,N JENKINS DR,,EATONTON,GA,31024-1314,A,A,,10/27/2017,10/27/2017,10/27/2017,IN PERSON,NO,NO,,NO,E,104,010,025,120,OCMU,00017,117023,00153,168,
PUTNAM,00797202,SHERMAN,MICHAEL,J,,174,OAK LN, ,EATONTON,GA,31024-6810,174,OAK LN,,EATONTON,GA,31024-6810,A,A,,10/30/2017,10/30/2017,10/30/2017,IN PERSON,NO,NO,,NO,,107,010,025,145,OCMU,00023,117023,00173,190,
PUTNAM,01345538,RICKERSON,WILLIAM,,JR,454,MARTIN LUTHER KING JR DR, ,EATONTON,GA,31024-7847,454,MARTIN LUTHER KING ,,EATONTON,GA,31024-7847,A,A,,11/03/2017,11/03/2017,11/03/2017,IN PERSON,NO,NO,,NO,E,104,010,025,145,OCMU,00016,117023,00264,283,
PUTNAM,01350368,ATNIP,SANDRA,,,232,SCUFFLEBORO RD, ,EATONTON,GA,31024-7738,,PO BOX 3758,,EATONTON,GA,31024-0375,A,A,,10/31/2017,10/31/2017,10/31/2017,IN PERSON,NO,NO,,NO,,107,010,025,145,OCMU,00024,117023,00193,210,
PUTNAM,01347375,HARRISON,OTIS,DANIEL,,123,RIVER DR, ,EATONTON,GA,31024-6552,123,RIVER DR,,EATONTON,GA,31024-6552,A,A,,10/26/2017,10/26/2017,10/26/2017,IN PERSON,NO,NO,,NO,E,101,010,025,120,OCMU,00003,117023,00134,149,
PUTNAM,01347931,LANCASTER,PAMELA,JEAN,,284,NEW PHOENIX RD, ,EATONTON,GA,31024-5628,284,NEW PHOENIX RD,,EATONTON,GA,31024-5628,A,A,,10/25/2017,10/25/2017,10/25/2017,IN PERSON,NO,NO,,NO,,105,010,025,120,OCMU,00021,117023,00101,114,
PUTNAM,01367055,CARMAN,JUDY,D,,169,MARTIN OAKS BLVD, ,EATONTON,GA,31024-5517,169,MARTIN OAKS BLVD,,EATONTON,GA,31024-5517,A,A,,11/03/2017,11/03/2017,11/03/2017,IN PERSON,NO,NO,,NO,,105,010,025,120,OCMU,00021,117023,00278,297,
PUTNAM,01346065,COPELAN,JESSE,T,JR,174,COPELAN FARM RD, ,EATONTON,GA,31024-5600,,PO BOX 3099,,EATONTON,GA,31024-0309,A,A,,10/31/2017,10/31/2017,10/31/2017,IN PERSON,NO,NO,,NO,,104,010,025,120,OCMU,00018,117023,00183,200,
PUTNAM,01349337,SCHROEDER,JEAN,F,,102,SPRUCE PT, ,EATONTON,GA,31024-7411,102,SPRUCE PT,,EATONTON,GA,31024-7411,A,A,,10/25/2017,10/25/2017,10/25/2017,IN PERSON,NO,NO,,NO,,107,010,025,145,OCMU,00023,117023,00105,118,
PUTNAM,04643759,MICKLER,NANCY,J,,130,LAKE DR, ,EATONTON,GA,31024-5842,130,LAKE DR,,EATONTON,GA,31024-5842,A,A,,10/18/2017,10/18/2017,10/18/2017,IN PERSON,NO,NO,,NO,,105,010,025,120,OCMU,00021,117023,00026,32,
PUTNAM,01101438,BRAXLEY,RONALD,FRANK,,239,TWISTING HILL RD, ,EATONTON,GA,31024-7646,239,TWISTING HILL RD,,EATONTON,GA,31024-7646,A,A,,11/03/2017,11/03/2017,11/03/2017,IN PERSON,NO,NO,,NO,,107,010,025,145,OCMU,00024,117023,00289,308,
PUTNAM,06713580,VINCENT-HOUSTON,DINETTE,LYNDORA,,237,SPARTA HWY,A,EATONTON,GA,31024,237,SPARTA HWY,A,EATONTON,GA,31024-8460,A,A,,10/23/2017,10/23/2017,10/23/2017,IN PERSON,NO,NO,,NO,E,104,010,025,120,OCMU,00014,117023,00071,84,
PUTNAM,01411581,SKINNER,CHARLES,DAVID,,132,WOODHAVEN DR, ,EATONTON,GA,31024,132,WOODHAVEN DR,,EATONTON,GA,31024,A,A,,11/03/2017,11/03/2017,11/03/2017,IN PERSON,NO,NO,,NO,,106,010,025,120,OCMU,00022,117023,00281,300,
PUTNAM,01347269,THOMPKINS,GEORGE,,,107,PINECREST DR, ,EATONTON,GA,31024-8006,107,PINECREST DR,,EATONTON,GA,31024-8006,A,A,,10/25/2017,10/25/2017,10/25/2017,IN PERSON,NO,NO,,NO,E,104,010,025,145,OCMU,00016,117023,00110,123,
PUTNAM,02794436,BAUMANN,CURTIS,ALAN,,301,SINCLAIR RD, ,EATONTON,GA,31024,301,SINCLAIR RD,,EATONTON,GA,31024,A,A,,10/17/2017,10/17/2017,10/17/2017,IN PERSON,NO,NO,,NO,,107,010,025,145,OCMU,00024,117023,00019,23,
PUTNAM,00086252,CARSON,ROSALYN,A,,119,RIVER LAKE CT, ,EATONTON,GA,31024-5306,119,RIVER LAKE CT,,EATONTON,GA,31024-5306,A,A,,10/23/2017,10/23/2017,10/23/2017,IN PERSON,NO,NO,,NO,,105,010,025,120,OCMU,00021,117023,00068,81,
PUTNAM,01368101,PRESLEY,LINDA,G,,320,RIVER LAKE DR, ,EATONTON,GA,31024-5310,320,RIVER LAKE DR,,EATONTON,GA,31024-5310,A,A,,11/01/2017,11/01/2017,11/01/2017,IN PERSON,NO,NO,,NO,,105,010,025,120,OCMU,00021,117023,00230,249,
PUTNAM,03202090,LOEFFLER,GAIL,BARBARA,,191,ARROWHEAD TRL, ,EATONTON,GA,31024-5859,191,ARROWHEAD TRL,,EATONTON,GA,31024-5859,A,A,,10/30/2017,10/30/2017,10/30/2017,IN PERSON,NO,NO,,NO,,105,010,025,120,OCMU,00021,117023,00166,183,
PUTNAM,02555772,BENJAMIN,LOUIS,KUHN,,127,BLUE HERON DR, ,EATONTON,GA,31024-5652,127,BLUE HERON DR,,EATONTON,GA,31024-5652,A,A,,10/24/2017,10/24/2017,10/24/2017,IN PERSON,NO,NO,,NO,,105,010,025,120,OCMU,00021,117023,00074,87,
PUTNAM,01348157,HILL,MURIEL,C,,437,GREENSBORO RD, ,EATONTON,GA,31024-5910,,PO BOX 4324,,EATONTON,GA,31024-0432,A,A,,10/19/2017,10/19/2017,10/19/2017,IN PERSON,NO,NO,,NO,,104,010,025,120,OCMU,00019,117023,00039,51,
PUTNAM,02804595,LANGLEY,DONNA,J,,206,TANGLEWOOD DR SW, ,EATONTON,GA,31024-6900,206,TANGLEWOOD DR SW,,EATONTON,GA,31024-6900,A,A,,10/23/2017,10/23/2017,10/23/2017,IN PERSON,NO,NO,,NO,,107,010,025,145,OCMU,00023,117023,00058,71,
PUTNAM,01345551,SIMMONS,PATRICIA,ANN,,204,SUNNYLAND DR, ,EATONTON,GA,31024-8010,204,SUNNYLAND DR,,EATONTON,GA,31024-8010,A,A,,10/31/2017,10/31/2017,10/31/2017,IN PERSON,NO,NO,,NO,E,104,010,025,145,OCMU,00016,117023,00186,203,
PUTNAM,02268130,DAVIDSON,LYNN,SCOTT,,184,SINCLAIR CIR, ,EATONTON,GA,31024,184,SINCLAIR CIR,,EATONTON,GA,31024,A,A,,11/03/2017,11/03/2017,11/03/2017,IN PERSON,NO,NO,,NO,,107,010,025,145,OCMU,00024,117023,00292,311,
PUTNAM,01346497,MCMICHAEL,CHARLES,CLAYBORN,,113,SWAN DR, ,EATONTON,GA,31024-1375,113,SWAN DR,,EATONTON,GA,31024-1375,A,A,,10/30/2017,10/30/2017,10/30/2017,IN PERSON,NO,NO,,NO,E,104,010,025,120,OCMU,00014,117023,00170,187,
PUTNAM,01345734,HILL,CHEROKEE,H,,204,ALEXANDER DR, ,EATONTON,GA,31024,204,ALEXANDER DR,,EATONTON,GA,31024,A,A,,10/26/2017,10/26/2017,10/26/2017,IN PERSON,NO,NO,,NO,E,104,010,025,145,OCMU,00015,117023,00112,125,
PUTNAM,06783798,TOMSON-HOOPER,KEVIN,W,,161,LANATCHI LN, ,EATONTON,GA,31024,161,LANATCHI LN,,EATONTON,GA,31024,A,A,,10/27/2017,10/27/2017,10/27/2017,IN PERSON,NO,NO,,NO,,105,010,025,120,OCMU,00021,117023,00162,177,
PUTNAM,03161536,WADE,MARIANNE,B,,133,WORMSLOE WAY, ,EATONTON,GA,31024-5436,133,WORMSLOE WAY,,EATONTON,GA,31024-5436,A,A,,10/27/2017,10/27/2017,10/27/2017,IN PERSON,NO,NO,,NO,,105,010,025,120,OCMU,00021,117023,00160,175,
PUTNAM,01346654,RALSTON,WALKER,DAVID,,989,CROOKED CREEK RD, ,EATONTON,GA,31024-7852,824,OAK ST,,EATONTON,GA,31024-0650,A,A,,10/23/2017,10/23/2017,10/23/2017,IN PERSON,NO,NO,,NO,,106,010,025,120,OCMU,00022,117023,00059,72,
PUTNAM,02804077,ADAIR,EDITH,J,,272,QUESENBERRY DR, ,EATONTON,GA,31024-8127,272,QUESENBERRY DR,,EATONTON,GA,31024-8127,A,A,,11/03/2017,11/03/2017,11/03/2017,IN PERSON,NO,NO,,NO,,106,010,025,120,OCMU,00022,117023,00295,314,
PUTNAM,03805166,MOLLAND,JEFFREY,ALAN,,312,S STEEL BRIDGE RD, ,EATONTON,GA,31024-8157,312,S STEEL BRIDGE RD,,EATONTON,GA,31024-8157,A,A,,10/16/2017,10/16/2017,10/16/2017,IN PERSON,NO,NO,,NO,,106,010,025,120,OCMU,00022,117023,00012,14,
PUTNAM,01728790,GILBERT,STEPHEN,F,,113,HICKORY HOLW, ,EATONTON,GA,31024-7405,113,HICKORY HOLW,,EATONTON,GA,31024-7405,A,A,,10/31/2017,10/31/2017,10/31/2017,IN PERSON,NO,NO,,NO,,107,010,025,145,OCMU,00023,117023,00192,209,
PUTNAM,07448682,JASPER,ALBERT,IRVING,,106,CHEROKEE DR, ,EATONTON,GA,31024,,PO BOX 3273,,EATONTON,GA,31024-0327,A,A,,11/03/2017,11/03/2017,11/03/2017,IN PERSON,NO,NO,,NO,E,101,010,025,120,OCMU,00004,117023,00291,310,
PUTNAM,01346710,SALMON,LOUIS,,,220,WILSON RD, ,EATONTON,GA,31024-7801,220,WILSON RD,,EATONTON,GA,31024-7801,A,A,,11/03/2017,11/03/2017,11/03/2017,IN PERSON,NO,NO,,NO,,104,010,025,145,OCMU,00012,117023,00287,306,
PUTNAM,01345607,ABRAMS,SARAH,ELIZABETH,,117,SHERWOOD AVE, ,EATONTON,GA,31024-6143,117,SHERWOOD AVE,,EATONTON,GA,31024-6143,A,A,,10/31/2017,10/31/2017,10/31/2017,IN PERSON,NO,NO,,NO,E,101,010,025,120,OCMU,00002,117023,00201,218,
PUTNAM,00493898,JOHNSON,JANET,ELIZABETH,,165,E RIVER BEND DR, ,EATONTON,GA,31024-5351,165,E RIVER BEND DR,,EATONTON,GA,31024-5351,A,A,,11/01/2017,11/01/2017,11/01/2017,IN PERSON,NO,NO,,NO,,105,010,025,120,OCMU,00021,117023,00224,243,
PUTNAM,10025318,OWENS,DEBORAH,ANN,,304,ANCHOR POINTE DR, ,EATONTON,GA,31024,304,ANCHOR POINTE DR,,EATONTON,GA,31024-7919,A,A,,11/02/2017,11/02/2017,11/02/2017,IN PERSON,NO,NO,,NO,,107,010,025,145,OCMU,00023,117023,00236,255,
PUTNAM,01345204,ELLISON,RUTH,W,,110,JACKSON ST, ,EATONTON,GA,31024,110,JACKSON ST,,EATONTON,GA,31024,A,A,,10/18/2017,10/18/2017,10/18/2017,IN PERSON,NO,NO,,NO,E,101,010,025,120,OCMU,00003,117023,00024,28,
PUTNAM,00101170,MANDALL,SANDRA,RADER,,156,QUAIL KNLS, ,EATONTON,GA,31024-7755,156,QUAIL KNLS,,EATONTON,GA,31024-7755,A,A,,11/03/2017,11/03/2017,11/03/2017,IN PERSON,NO,NO,,NO,,106,010,025,120,OCMU,00022,117023,00301,320,
PUTNAM,02773259,GARY,LYNN,H,,241,BLUEGILL RD, ,EATONTON,GA,31024-7167,241,BLUEGILL RD,,EATONTON,GA,31024-7167,A,A,,11/02/2017,11/02/2017,11/02/2017,IN PERSON,NO,NO,,NO,,107,010,025,145,OCMU,00023,117023,00251,270,
PUTNAM,05953508,WEINER,STEVEN,ALLAN,,105,BROADLANDS DR, ,EATONTON,GA,31024-5680,105,BROADLANDS DR,,EATONTON,GA,31024-5680,A,A,,10/23/2017,10/23/2017,10/23/2017,IN PERSON,NO,NO,,NO,,105,010,025,120,OCMU,00021,117023,00069,82,
PUTNAM,01352030,INGRAM,MARY,ANN,,206,GRAND AVE, ,EATONTON,GA,31024,,PO BOX 3961,,EATONTON,GA,31024-0396,A,A,,10/16/2017,10/16/2017,10/16/2017,IN PERSON,NO,NO,,NO,E,104,010,025,145,OCMU,00015,117023,00010,12,
PUTNAM,01350512,REAVES,SCOTT,M,,177,GLENWOOD SPRINGS RD, ,EATONTON,GA,31024-6518,,PO BOX 4311,,EATONTON,GA,31024-0431,A,A,,11/02/2017,11/02/2017,11/02/2017,IN PERSON,NO,NO,,NO,E,101,010,025,120,OCMU,00003,117023,00235,254,
PUTNAM,04067929,PRESLEY,SANDRA,LOCKHART,,108,DICKEY DR,B,EATONTON,GA,31024-1702,108,DICKEY DR,B,EATONTON,GA,31024-1702,A,A,,11/02/2017,11/02/2017,11/02/2017,IN PERSON,NO,NO,,NO,E,104,010,025,145,OCMU,00015,117023,00257,276,
PUTNAM,01345743,HOWELL,CHARLES,MCKINLEY,,211,ALICE WALKER DR, ,EATONTON,GA,31024,,PO BOX 3191,,EATONTON,GA,31024,A,A,,11/03/2017,11/03/2017,11/03/2017,IN PERSON,NO,NO,,NO,E,104,010,025,145,OCMU,00015,117023,00276,295,
PUTNAM,01350072,COTTRELL,CAROL,S,,144,ROCK SPRINGS RD, ,EATONTON,GA,31024-5211,144,ROCK SPRINGS RD,,EATONTON,GA,31024-5211,A,A,,10/27/2017,10/27/2017,10/27/2017,IN PERSON,NO,NO,,NO,,105,010,025,120,OCMU,00021,117023,00143,158,
PUTNAM,01347451,SMITH,GEORGIA,,,403,WILLIE BAILEY DR, ,EATONTON,GA,31024-1418,403,WILLIE BAILEY DR,,EATONTON,GA,31024-1418,A,A,,10/24/2017,10/24/2017,10/24/2017,IN PERSON,NO,NO,,NO,E,104,010,025,120,OCMU,00014,117023,00088,101,
PUTNAM,01349284,COKER,LINDA,S,,122,KNIGHT CV SE, ,MILLEDGEVILLE,GA,31061-8843,122,KNIGHT CV SE,,MILLEDGEVILLE,GA,31061-8843,A,A,,11/03/2017,11/03/2017,11/03/2017,IN PERSON,NO,NO,,NO,,107,010,025,145,OCMU,00023,117023,00260,279,
PUTNAM,01346495,MCMICHAEL,A,CARLTON,,862,PEA RIDGE RD, ,EATONTON,GA,31024,862,PEA RIDGE RD,,EATONTON,GA,31024,A,A,,10/19/2017,10/19/2017,10/19/2017,IN PERSON,NO,NO,,NO,,104,010,025,120,OCMU,00019,117023,00041,53,
PUTNAM,01346502,MCMICHAEL,MARY,SUE,,862,PEA RIDGE RD, ,EATONTON,GA,31024-8300,862,PEA RIDGE RD,,EATONTON,GA,31024-8300,A,A,,10/19/2017,10/19/2017,10/19/2017,IN PERSON,NO,NO,,NO,,104,010,025,120,OCMU,00019,117023,00040,52,
PUTNAM,06878721,FIKE,DONALD,WARREN,,103,BLUE HERON DR, ,EATONTON,GA,31024-5652,103,BLUE HERON DR,,EATONTON,GA,31024-5652,A,A,,10/15/2017,10/17/2017,10/31/2017,MAILED,NO,NO,ELDERLY,NO,,105,010,025,120,OCMU,00021,,00001,20,
PUTNAM,01345523,REID,JOHN,H,,103,BEECH AVE, ,EATONTON,GA,31024-8003,103,BEECH AVE,,EATONTON,GA,31024-8003,A,A,,10/31/2017,10/31/2017,11/03/2017,MAILED,NO,NO,,NO,E,104,010,025,145,OCMU,00016,,00006,229,
PUTNAM,01345574,WALKER,MAMIE,M,,106,JACKSON ST, ,EATONTON,GA,31024-1252,106,JACKSON ST,,EATONTON,GA,31024-1252,A,A,,11/03/2017,11/03/2017,11/03/2017,IN PERSON,NO,NO,,NO,E,101,010,025,120,OCMU,00003,117023,00297,316,
PUTNAM,01351176,ADAMS,DOROTHY,J,,425,HARMONY RD, ,EATONTON,GA,31024-5814,425,HARMONY RD,,EATONTON,GA,31024-5814,A,A,,10/27/2017,10/27/2017,10/27/2017,IN PERSON,NO,NO,,NO,,101,010,025,120,OCMU,00010,117023,00151,166,
PUTNAM,10686418,FAGAN,SHELAGH,MARY,,300,N MADISON AVE, ,EATONTON,GA,31024,300,N MADISON AVE,,EATONTON,GA,31024,A,A,,10/16/2017,10/16/2017,10/16/2017,IN PERSON,NO,NO,,NO,E,101,010,025,120,OCMU,00009,117023,00007,9,
PUTNAM,02799317,BAUMANN,PAMELA,JEAN,,301,SINCLAIR RD, ,EATONTON,GA,31024,301,SINCLAIR RD,,EATONTON,GA,31024,A,A,,10/17/2017,10/17/2017,10/17/2017,IN PERSON,NO,NO,,NO,,107,010,025,145,OCMU,00024,117023,00018,22,
PUTNAM,01347437,REID,HOWARD,,,207,GRAND AVE, ,EATONTON,GA,31024,207,GRAND AVE,,EATONTON,GA,31024,A,A,,10/27/2017,10/27/2017,10/27/2017,IN PERSON,NO,NO,,NO,E,104,010,025,145,OCMU,00015,117023,00139,154,
PUTNAM,01347195,GILBERT,WILLIAM,,,505,W WALNUT ST, ,EATONTON,GA,31024-1247,,PO BOX 4211,,EATONTON,GA,31024-0421,A,A,,10/30/2017,10/30/2017,10/30/2017,IN PERSON,NO,NO,,NO,E,101,010,025,120,OCMU,00003,117023,00175,192,
PUTNAM,02221336,WATKINS,BETTY,W,,114,SAMS WAY, ,EATONTON,GA,31024-6580,114,SAMS WAY,,EATONTON,GA,31024-6580,A,A,,10/26/2017,10/26/2017,10/26/2017,IN PERSON,NO,NO,,NO,E,101,010,025,120,OCMU,00003,117023,00132,147,
PUTNAM,01348144,BONNER,LYNSOL,H,,104,PINECREST DR, ,EATONTON,GA,31024,104,PINECREST DR,,EATONTON,GA,31024,A,A,,10/20/2017,10/20/2017,10/20/2017,IN PERSON,NO,NO,,NO,E,104,010,025,145,OCMU,00016,117023,00052,65,
PUTNAM,01346188,BISHOP,SANDRA,T,,134,HUNTS CHAPEL RD, ,EATONTON,GA,31024-6137,134,HUNTS CHAPEL RD,,EATONTON,GA,31024-6137,A,A,,10/24/2017,10/24/2017,10/24/2017,IN PERSON,NO,NO,,NO,E,101,010,025,120,OCMU,00002,117023,00093,106,
PUTNAM,04989409,JAMES,CHRISTOPHER,O'NEAL,,307,ROCK LN, ,EATONTON,GA,31024-8024,307,ROCK LN,,EATONTON,GA,31024-8024,A,A,,10/17/2017,10/17/2017,10/17/2017,IN PERSON,NO,NO,,NO,E,104,010,025,145,OCMU,00016,117023,00022,26,
PUTNAM,01345619,BANKS,GAINELL,H,,107,ROCK LN,UNIT 623,EATONTON,GA,31024-1530,107,ROCK LN,UNIT 623,EATONTON,GA,31024-1530,A,A,,10/26/2017,10/26/2017,10/26/2017,IN PERSON,NO,NO,,NO,E,104,010,025,145,OCMU,00015,117023,00130,145,
PUTNAM,01345820,NELSON,TERRENCE,L,,400,CRESTVIEW DR, ,EATONTON,GA,31024-1411,400,CRESTVIEW DR,,EATONTON,GA,31024-1411,A,A,,10/18/2017,10/18/2017,10/18/2017,IN PERSON,NO,NO,,NO,E,104,010,025,120,OCMU,00014,117023,00030,36,
PUTNAM,01346349,CLAPP,LYNN,C,,123,BROOKWOOD DR, ,EATONTON,GA,31024,123,BROOKWOOD DR,,EATONTON,GA,31024,A,A,,11/01/2017,11/01/2017,11/01/2017,IN PERSON,NO,NO,,NO,E,104,010,025,120,OCMU,00017,117023,00231,250,
PUTNAM,03729142,RILEY,MARY,LISA,,633,W MARION ST, ,EATONTON,GA,31024,633,W MARION ST,,EATONTON,GA,31024,A,A,,10/27/2017,10/27/2017,10/27/2017,IN PERSON,NO,NO,,NO,E,101,010,025,120,OCMU,00003,117023,00142,157,
PUTNAM,00146230,WATERS,JOHN,ENNIS,JR,291,BURTOM RD, ,EATONTON,GA,31024-7050,291,BURTOM RD,,EATONTON,GA,31024-7050,A,A,,10/23/2017,10/23/2017,10/23/2017,IN PERSON,NO,NO,,NO,,107,010,025,145,OCMU,00023,117023,00066,79,
PUTNAM,01345490,NELSON,LEON,E,,296,MARTIN LUTHER KING JR DR, ,EATONTON,GA,31024-8031,,PO BOX 3264,,EATONTON,GA,31024-0326,A,A,,11/01/2017,11/01/2017,11/01/2017,IN PERSON,NO,NO,,NO,E,104,010,025,145,OCMU,00016,117023,00228,247,
PUTNAM,02802128,LANGLEY,JOHN,DENNIS,,206,TANGLEWOOD DR SW, ,EATONTON,GA,31024-6900,206,TANGLEWOOD DR SW,,EATONTON,GA,31024-6900,A,A,,10/23/2017,10/23/2017,10/23/2017,IN PERSON,NO,NO,,NO,,107,010,025,145,OCMU,00023,117023,00057,70,
PUTNAM,01346307,CORLEY,FRED,S,,208,SINCLAIR RD, ,EATONTON,GA,31024-7625,208,SINCLAIR RD,,EATONTON,GA,31024-7625,A,A,,10/18/2017,10/30/2017,11/02/2017,MAILED,NO,NO,DISABLED,NO,,107,010,025,145,OCMU,00024,,00006,181,
PUTNAM,00315314,DOSTER,TERESA,WOOTEN,,202,N WASHINGTON AVE, ,EATONTON,GA,31024-1143,202,N WASHINGTON ,,EATONTON,GA,31024-1143,A,A,,10/27/2017,10/27/2017,10/27/2017,IN PERSON,NO,NO,,NO,E,101,010,025,120,OCMU,00009,117023,00138,153,
PUTNAM,05040251,JOHNSON,ROBERT,LEE,,132,BOURBON PT, ,EATONTON,GA,31024-7517,132,BOURBON PT,,EATONTON,GA,31024-7517,A,A,,10/23/2017,10/23/2017,10/23/2017,IN PERSON,NO,NO,,NO,,107,010,025,145,OCMU,00023,117023,00060,73,
PUTNAM,08603365,HANSON,CLAUDIA,JAYNE,,242,BLUEGILL RD, ,EATONTON,GA,31024-7104,242,BLUEGILL RD,,EATONTON,GA,31024-7104,A,A,,10/30/2017,10/30/2017,10/30/2017,IN PERSON,NO,NO,,NO,,107,010,025,145,OCMU,00023,117023,00177,194,
PUTNAM,10795876,BABB,MIKE,FREDERICK,,380,POSSUM POINT DR, ,EATONTON,GA,31024,380,POSSUM POINT DR,,EATONTON,GA,31024,A,A,,11/02/2017,11/02/2017,11/02/2017,IN PERSON,NO,NO,,NO,,107,010,025,145,OCMU,00024,117023,00242,261,
PUTNAM,00310179,BENNETT,CHARLES,JOSEPH,,312,RIVER LAKE DR, ,EATONTON,GA,31024-5310,312,RIVER LAKE DR,,EATONTON,GA,31024-5310,A,A,,11/03/2017,11/03/2017,11/03/2017,IN PERSON,NO,NO,,NO,,105,010,025,120,OCMU,00021,117023,00262,281,
PUTNAM,03701884,JONES,ANTOINETTE,COATS,,180,HOGAN INDUSTRIAL , ,EATONTON,GA,31024,180,HOGAN INDUSTRIAL ,,EATONTON,GA,31024,A,A,,11/03/2017,11/03/2017,11/03/2017,IN PERSON,NO,NO,,NO,E,104,010,025,145,OCMU,00016,117023,00293,312,
PUTNAM,01345379,FEW,FANNIE,MAE,,601,W WALNUT ST, ,EATONTON,GA,31024-1249,601,W WALNUT ST,,EATONTON,GA,31024-1249,A,,,09/27/2017,10/16/2017,,MAILED,NO,NO,ELDERLY,NO,E,101,010,025,120,OCMU,00003,,00002,6,
PUTNAM,01349145,TUBBS,IRVIN,STEVE,,923,HARMONY RD, ,EATONTON,GA,31024,132,WINDSOR DR,,EATONTON,GA,31024,A,R,Insufficient Oath Information,10/26/2017,10/26/2017,11/02/2017,MAILED,NO,NO,ELDERLY,NO,,105,010,025,120,OCMU,00021,,00003,137,
PUTNAM,02118212,TAYLOR,MAGNOLIA,W,,103,BLUE BRANCH CT, ,EATONTON,GA,31024-6936,103,BLUE BRANCH CT,,EATONTON,GA,31024-6936,A,A,,10/24/2017,10/24/2017,10/24/2017,IN PERSON,NO,NO,,NO,,107,010,025,145,OCMU,00023,117023,00094,107,
PUTNAM,01345474,MONDAY,LARRY,FREEMAN,,104,STAGE RD, ,EATONTON,GA,31024,104,STAGE RD,,EATONTON,GA,31024,A,A,,10/24/2017,10/24/2017,10/24/2017,IN PERSON,NO,NO,,NO,E,101,010,025,120,OCMU,00003,117023,00076,89,
PUTNAM,01346491,MCLEROY,JUNE,,,533,PEA RIDGE RD, ,EATONTON,GA,31024-7887,533,PEA RIDGE RD,,EATONTON,GA,31024-7887,A,A,,10/26/2017,10/26/2017,10/26/2017,IN PERSON,NO,NO,,NO,,104,010,025,120,OCMU,00019,117023,00121,135,
PUTNAM,01347685,TYSON,ROBERT,M,JR,102,W MAGNOLIA ST, ,EATONTON,GA,31024,102,W MAGNOLIA ST,,EATONTON,GA,31024,A,A,,10/16/2017,10/16/2017,10/16/2017,IN PERSON,NO,NO,,NO,E,101,010,025,120,OCMU,00009,117023,00015,17,
PUTNAM,01346124,DOSTER,HARRY,EVANS,,484,SPARTA HWY, ,EATONTON,GA,31024-8483,484,SPARTA HWY,,EATONTON,GA,31024-8483,A,A,,11/03/2017,11/03/2017,11/03/2017,IN PERSON,NO,NO,,NO,,104,010,025,145,OCMU,00012,117023,00285,304,
PUTNAM,01346087,DABBS,WILLIAM,AUSTIN,,109,N JENKINS DR, ,EATONTON,GA,31024-1313,109,N JENKINS DR,,EATONTON,GA,31024-1313,A,A,,10/31/2017,10/31/2017,10/31/2017,IN PERSON,NO,NO,,NO,E,104,010,025,120,OCMU,00017,117023,00182,199,
PUTNAM,01345545,SANDERS,MELVIN,,,103,VALLEY RD,B,EATONTON,GA,31024-6515,103,VALLEY RD,B,EATONTON,GA,31024-6515,A,A,,10/18/2017,10/18/2017,10/18/2017,IN PERSON,NO,NO,,NO,E,101,010,025,120,OCMU,00003,117023,00036,47,
PUTNAM,01347350,EPPS,DOROTHY,LANKFORD,,412,LOWER HARMONY RD, ,EATONTON,GA,31024-6032,412,LOWER HARMONY RD,,EATONTON,GA,31024-6032,A,A,,10/31/2017,10/31/2017,10/31/2017,IN PERSON,NO,NO,,NO,,104,010,025,120,OCMU,00019,117023,00207,224,
PUTNAM,01350333,LEA,DEAN,A,,106,MADDOX RD, ,EATONTON,GA,31024-6009,106,MADDOX RD,,EATONTON,GA,31024-6009,A,A,,11/02/2017,11/02/2017,11/02/2017,IN PERSON,NO,NO,,NO,,104,010,025,120,OCMU,00019,117023,00237,256,
PUTNAM,01350530,CRAFT,JOAN,T,,375,THOMAS DR, ,EATONTON,GA,31024-6814,375,THOMAS DR,,EATONTON,GA,31024-6814,A,A,,10/24/2017,10/24/2017,10/24/2017,IN PERSON,NO,NO,,NO,,107,010,025,145,OCMU,00023,117023,00089,102,
PUTNAM,01345822,NELSON,WILLIE,KATE,,231,MARTIN LUTHER KING JR DR, ,EATONTON,GA,31024-8032,231,MARTIN LUTHER KING ,,EATONTON,GA,31024-8032,A,,,10/18/2017,10/18/2017,,MAILED,NO,NO,DISABLED,NO,E,104,010,025,145,OCMU,00015,,00003,42,
PUTNAM,01345262,BRUNDAGE,TOMMY,,,145,DICKEY DR, ,EATONTON,GA,31024-7929,145,DICKEY DR,,EATONTON,GA,31024-7929,A,A,,10/24/2017,10/24/2017,10/24/2017,IN PERSON,NO,NO,,NO,E,104,010,025,145,OCMU,00015,117023,00092,105,
PUTNAM,01345745,HUMPHRIES,RONALD,,,311,ALEXANDER DR, ,EATONTON,GA,31024-7992,,PO BOX 4466,,EATONTON,GA,31024-0446,A,A,,10/25/2017,10/25/2017,10/25/2017,IN PERSON,NO,NO,,NO,E,104,010,025,145,OCMU,00015,117023,00100,113,
PUTNAM,01347723,WELCH,GENE,SANDERS,,136,CHANDLER DR, ,EATONTON,GA,31024-6140,136,CHANDLER DR,,EATONTON,GA,31024-6140,A,A,,10/26/2017,10/26/2017,10/26/2017,IN PERSON,NO,NO,,NO,E,101,010,025,120,OCMU,00002,117023,00114,127,
PUTNAM,10029245,TRUSHEIM,PAMELA,C,,116,HOPETON LN, ,EATONTON,GA,31024,116,HOPETON LN,,EATONTON,GA,31024,A,A,,10/19/2017,10/19/2017,10/19/2017,IN PERSON,NO,NO,,NO,,105,010,025,120,OCMU,00021,117023,00043,55,
PUTNAM,10667489,RAIYANI,VIPUL,M,,404,N JEFFERSON AVE, ,EATONTON,GA,31024,404,N JEFFERSON AVE,,EATONTON,GA,31024,A,A,,11/03/2017,11/03/2017,11/03/2017,IN PERSON,NO,NO,,NO,E,101,010,025,120,OCMU,00005,117023,00270,289,
PUTNAM,01348026,MITCHELL,IRENE,MANVILLE,,101,FOX TAIL DR, ,EATONTON,GA,31024-5785,101,FOX TAIL DR,,EATONTON,GA,31024-5785,A,A,,11/02/2017,11/02/2017,11/02/2017,IN PERSON,NO,NO,,NO,,105,010,025,120,OCMU,00021,117023,00238,257,
PUTNAM,02740823,SHARP,BILLY,WAYNE,,103,BULLOCH HALL DR, ,EATONTON,GA,31024-5418,103,BULLOCH HALL DR,,EATONTON,GA,31024-5418,A,A,,10/31/2017,10/31/2017,10/31/2017,IN PERSON,NO,NO,,NO,,105,010,025,120,OCMU,00021,117023,00188,205,
PUTNAM,06431337,WALLER,MARY,J,,261,GLENWOOD SPRINGS RD, ,EATONTON,GA,31024-6509,261,GLENWOOD SPRINGS RD,,EATONTON,GA,31024-6509,A,A,,10/24/2017,10/24/2017,10/24/2017,IN PERSON,NO,NO,,NO,E,101,010,025,120,OCMU,00003,117023,00073,86,
PUTNAM,01931594,CRAWFORD,MARCIA,D,,124,BROOKWOOD DR, ,EATONTON,GA,31024-1727,124,BROOKWOOD DR,,EATONTON,GA,31024-1727,A,A,,10/31/2017,10/31/2017,10/31/2017,IN PERSON,NO,NO,,NO,E,104,010,025,120,OCMU,00017,117023,00195,212,
PUTNAM,01347259,DUNN,JULIA,SIMMONS,,103,STRIBLING ST, ,EATONTON,GA,31024,103,STRIBLING ST,,EATONTON,GA,31024,A,A,,10/26/2017,10/26/2017,10/26/2017,IN PERSON,NO,NO,DISABLED,NO,E,101,010,025,120,OCMU,00003,117023,00115,128,
PUTNAM,03929841,JAMIESON,BETTY ANN,DANIELS,,116,LISA WOODS LN, ,EATONTON,GA,31024,116,LISA WOODS LN,,EATONTON,GA,31024,A,A,,10/19/2017,10/19/2017,10/19/2017,IN PERSON,NO,NO,,NO,,107,010,025,145,OCMU,00024,117023,00047,59,
PUTNAM,04389133,JORDAN,TINIKI,LASHAWN,,107,MOHICAN DR, ,EATONTON,GA,31024-6424,107,MOHICAN DR,,EATONTON,GA,31024-6424,A,A,,10/27/2017,10/27/2017,10/27/2017,IN PERSON,NO,NO,,NO,E,101,010,025,120,OCMU,00004,117023,00146,161,
PUTNAM,10201578,THOMPSON,BARBARA,SUESS,,275,THOMAS DR, ,EATONTON,GA,31024,275,THOMAS DR,,EATONTON,GA,31024,A,A,,10/30/2017,10/30/2017,10/30/2017,IN PERSON,NO,NO,,NO,,107,010,025,145,OCMU,00023,117023,00163,178,
PUTNAM,02740919,KITCHENS,FRED,B,JR,164,TWISTING HILL RD, ,EATONTON,GA,31024-7637,164,TWISTING HILL RD,,EATONTON,GA,31024-7637,A,A,,10/27/2017,10/27/2017,10/27/2017,IN PERSON,NO,NO,,NO,,107,010,025,145,OCMU,00024,117023,00158,173,
PUTNAM,00553390,BIRT,RAYMOND,E,,154,STEEL BRIDGE PT, ,EATONTON,GA,31024-8179,154,STEEL BRIDGE PT,,EATONTON,GA,31024-8179,A,A,,10/25/2017,10/25/2017,10/25/2017,IN PERSON,NO,NO,,NO,,106,010,025,120,OCMU,00022,117023,00103,116,
PUTNAM,01346465,LOGAN,AMELIA,J,,202,S MADISON AVE, ,EATONTON,GA,31024-1108,202,S MADISON AVE,,EATONTON,GA,31024-1108,A,A,,10/24/2017,10/24/2017,10/24/2017,IN PERSON,NO,NO,,NO,E,101,010,025,120,OCMU,00009,117023,00085,98,
PUTNAM,03713366,WALTON,WILLIAM,CAREY,,238,LOWER HARMONY RD, ,EATONTON,GA,31024-6026,238,LOWER HARMONY RD,,EATONTON,GA,31024-6026,A,A,,11/01/2017,11/01/2017,11/01/2017,IN PERSON,NO,NO,,NO,E,104,010,025,120,OCMU,00020,117023,00219,238,
PUTNAM,01952405,EWING,NANCY,ANNA,,144,N SUGAR CREEK RD, ,BUCKHEAD,GA,30625,144,N SUGAR CREEK RD,,BUCKHEAD,GA,30625,A,A,,10/31/2017,10/31/2017,10/31/2017,IN PERSON,NO,NO,,NO,,101,010,025,120,OCMU,00010,117023,00211,228,
PUTNAM,02081891,RICHARDS,JANE,G,,108,DOUG LN, ,EATONTON,GA,31024-5508,108,DOUG LN,,EATONTON,GA,31024-5508,A,A,,10/31/2017,10/31/2017,10/31/2017,IN PERSON,NO,NO,,NO,,105,010,025,120,OCMU,00021,117023,00198,215,
PUTNAM,01346494,MCLEROY,MARSHALL,LYNN,JR,533,PEA RIDGE RD, ,EATONTON,GA,31024-7887,533,PEA RIDGE RD,,EATONTON,GA,31024-7887,A,A,,10/26/2017,10/26/2017,10/26/2017,IN PERSON,NO,NO,,NO,,104,010,025,120,OCMU,00019,117023,00122,136,
PUTNAM,00320399,HONEYCUTT,CHARLES,LINN,,117,TABOR DR, ,EATONTON,GA,31024-7613,117,TABOR DR,,EATONTON,GA,31024-7613,A,A,,10/18/2017,10/18/2017,10/18/2017,IN PERSON,NO,NO,,NO,,107,010,025,145,OCMU,00024,117023,00032,38,
PUTNAM,02474640,GAZAWAY,GRACIE,HEMBREE,,358,COLD BRANCH RD, ,EATONTON,GA,31024,358,COLD BRANCH RD,,EATONTON,GA,31024,A,A,,10/17/2017,10/19/2017,10/31/2017,MAILED,NO,NO,ELDERLY,NO,,107,010,025,145,OCMU,00024,,00005,49,
PUTNAM,02011797,KELHOFFER,JANET,E,,119,HUMBER FERRY RD, ,EATONTON,GA,31024-7126,119,HUMBER FERRY RD,,EATONTON,GA,31024-7126,A,A,,10/20/2017,10/20/2017,10/20/2017,IN PERSON,NO,NO,,NO,,107,010,025,145,OCMU,00023,117023,00050,62,
PUTNAM,01350582,ELLISON,LARRY,CORNELIUS,,258,MARTIN LUTHER KING JR DR, ,EATONTON,GA,31024-8036,258,MARTIN LUTHER KING ,,EATONTON,GA,31024-8036,A,A,,10/30/2017,10/30/2017,10/30/2017,IN PERSON,NO,NO,,NO,E,104,010,025,145,OCMU,00015,117023,00179,196,
PUTNAM,01347818,HERREN,RICHARD,STEVEN,SR,1006,MADISON RD, ,EATONTON,GA,31024-6114,1006,MADISON RD,A,EATONTON,GA,31024-0611,A,A,,10/25/2017,10/25/2017,10/25/2017,IN PERSON,NO,NO,,NO,,104,010,025,120,OCMU,00019,117023,00095,108,
PUTNAM,03750115,JOHNSON,ROWENA,SUE,,253,E RIVER BEND DR, ,EATONTON,GA,31024-5349,253,E RIVER BEND DR,,EATONTON,GA,31024-5349,A,A,,11/03/2017,11/03/2017,11/03/2017,IN PERSON,NO,NO,,NO,,105,010,025,120,OCMU,00021,117023,00259,278,
PUTNAM,08732072,CLEMONS,MARGARET,,,295,GLENWOOD SPRINGS RD, ,EATONTON,GA,31024,295,GLENWOOD SPRINGS RD,,EATONTON,GA,31024,A,A,,11/02/2017,11/02/2017,11/02/2017,IN PERSON,NO,NO,,NO,,101,010,025,120,OCMU,00001,117023,00246,265,
PUTNAM,03313127,BRENT,PEGGY,CAROLINE,,111,OAK WAY, ,EATONTON,GA,31024,111,OAK WAY,,EATONTON,GA,31024,A,A,,10/24/2017,10/24/2017,10/24/2017,IN PERSON,NO,NO,,NO,E,101,010,025,120,OCMU,00004,117023,00081,94,
PUTNAM,01345902,TURK,DIXIE,H,,597,LOWER HARMONY RD, ,EATONTON,GA,31024-6039,597,LOWER HARMONY RD,,EATONTON,GA,31024-6039,A,A,,11/01/2017,11/01/2017,11/01/2017,IN PERSON,NO,NO,,NO,,104,010,025,120,OCMU,00019,117023,00226,245,
PUTNAM,01350299,BUCKNER,JOHN,LEWIS,,224,ALICE WALKER DR, ,EATONTON,GA,31024-7925,,PO BOX 3216,,EATONTON,GA,31024-0321,A,A,,10/16/2017,10/16/2017,10/16/2017,IN PERSON,NO,NO,,NO,E,104,010,025,145,OCMU,00015,117023,00014,16,
PUTNAM,01345903,TURK,EARNEST,RICHARD,,597,LOWER HARMONY RD, ,EATONTON,GA,31024-6039,597,LOWER HARMONY RD,,EATONTON,GA,31024-6039,A,A,,11/01/2017,11/01/2017,11/01/2017,IN PERSON,NO,NO,,NO,,104,010,025,120,OCMU,00019,117023,00227,246,
PUTNAM,02759050,GILPIN,RONALD,MITCHELL,,109,ROCK LAKE DR, ,EATONTON,GA,31024-8276,109,ROCK LAKE DR,,EATONTON,GA,31024-8276,A,A,,10/31/2017,10/31/2017,10/31/2017,IN PERSON,NO,NO,,NO,,106,010,025,120,OCMU,00022,117023,00200,217,
PUTNAM,01345706,GORLEY,JAMES,A,,117,GEORGE LAWRENCE WAY, ,EATONTON,GA,31024-8403,117,GEORGE LAWRENCE ,,EATONTON,GA,31024-8403,A,A,,10/16/2017,10/16/2017,10/16/2017,IN PERSON,NO,NO,,NO,E,104,010,025,145,OCMU,00015,117023,00006,8,
PUTNAM,01349564,WEBB,CLOISE,LAVERNE,,176,N SUGAR CREEK RD, ,BUCKHEAD,GA,30625-2538,176,N SUGAR CREEK RD,,BUCKHEAD,GA,30625-2538,A,A,,10/26/2017,10/26/2017,10/26/2017,IN PERSON,NO,NO,,NO,,101,010,025,120,OCMU,00010,117023,00123,138,
PUTNAM,01345821,NELSON,WALTER,L,,231,MARTIN LUTHER KING JR DR, ,EATONTON,GA,31024-8032,231,MARTIN LUTHER KING ,,EATONTON,GA,31024-8032,A,,,10/18/2017,10/18/2017,,MAILED,NO,NO,DISABLED,NO,E,104,010,025,145,OCMU,00015,,00002,41,
PUTNAM,00555341,BIRT,DONNA,K,,154,STEEL BRIDGE PT, ,EATONTON,GA,31024-8179,154,STEEL BRIDGE PT,,EATONTON,GA,31024-8179,A,A,,10/25/2017,10/25/2017,10/25/2017,IN PERSON,NO,NO,,NO,,106,010,025,120,OCMU,00022,117023,00104,117,
PUTNAM,05639111,DALEY,VIRGINIA,M,,201,E MAGNOLIA ST, ,EATONTON,GA,31024,201,E MAGNOLIA ST,,EATONTON,GA,31024,A,A,,10/30/2017,10/30/2017,10/30/2017,IN PERSON,NO,NO,,NO,E,104,010,025,120,OCMU,00014,117023,00168,185,
PUTNAM,07699674,ELDER,DORIS,M,,702,CHURCH ST,UNIT 30,EATONTON,GA,31024-6489,702,CHURCH ST,UNIT 30,EATONTON,GA,31024-6489,A,A,,11/01/2017,11/01/2017,11/01/2017,IN PERSON,NO,NO,,NO,E,101,010,025,120,OCMU,00009,117023,00232,251,
PUTNAM,01347793,HARPER,JOHN,R,,749,MADISON RD, ,EATONTON,GA,31024-6130,749,MADISON RD,,EATONTON,GA,31024-6130,A,A,,10/17/2017,10/17/2017,10/17/2017,IN PERSON,NO,NO,,NO,E,101,010,025,120,OCMU,00002,117023,00023,27,
PUTNAM,01347930,LANCASTER,CLAYTON,R,JR,284,NEW PHOENIX RD, ,EATONTON,GA,31024-5628,284,NEW PHOENIX RD,,EATONTON,GA,31024-5628,A,A,,10/25/2017,10/25/2017,10/25/2017,IN PERSON,NO,NO,,NO,,105,010,025,120,OCMU,00021,117023,00102,115,
PUTNAM,07946869,NICKLAS,JOANNE,PATRICIA,,179,GARRETT DR, ,EATONTON,GA,31024-8416,179,GARRETT DR,,EATONTON,GA,31024-8416,A,A,,10/26/2017,10/26/2017,10/26/2017,IN PERSON,NO,NO,,NO,,104,010,025,120,OCMU,00019,117023,00125,140,
PUTNAM,02088050,ROSSETER,SANDRA,MCCALL,,205,N MADISON AVE, ,EATONTON,GA,31024-1005,205,N MADISON AVE,,EATONTON,GA,31024-1005,A,A,,11/02/2017,11/02/2017,11/02/2017,IN PERSON,NO,NO,,NO,E,101,010,025,120,OCMU,00009,117023,00256,275,
PUTNAM,04851454,SANDERS,GARY,MATTHEW,,102,KATHRYN CT, ,EATONTON,GA,31024-9617,,PO BOX 4024,,EATONTON,GA,31024-0402,A,A,,10/16/2017,10/16/2017,10/16/2017,IN PERSON,NO,NO,,NO,,105,010,025,120,OCMU,00021,117023,00013,15,
PUTNAM,08465579,DAVIS,TIMOTHY,EDWARD,,713,GODFREY RD,A,EATONTON,GA,31024-6359,713,GODFREY RD,A,EATONTON,GA,31024-0635,A,A,,11/03/2017,11/03/2017,11/03/2017,IN PERSON,NO,NO,,NO,E,101,010,025,120,OCMU,00009,117023,00282,301,
PUTNAM,01345784,HARGROVE,ROSA,L,,131,DICKEY DR,A,EATONTON,GA,31024,131,DICKEY DR,A,EATONTON,GA,31024,A,A,,10/19/2017,10/19/2017,10/19/2017,IN PERSON,NO,NO,,NO,E,104,010,025,145,OCMU,00015,117023,00045,57,
PUTNAM,01345356,DUNN,ELZORA,,,306,MARTIN LUTHER KING JR DR, ,EATONTON,GA,31024-7882,306,MARTIN LUTHER KING ,,EATONTON,GA,31024-7882,A,A,,10/31/2017,10/31/2017,10/31/2017,IN PERSON,NO,NO,,NO,E,104,010,025,145,OCMU,00016,117023,00185,202,
PUTNAM,04173976,JORDAN,PORTER,,,109,TOWN CREEK RD, ,EATONTON,GA,31024-6643,,PO BOX 3362,,EATONTON,GA,31024-0336,A,A,,10/23/2017,10/23/2017,10/23/2017,IN PERSON,NO,NO,,NO,E,101,010,025,120,OCMU,00003,117023,00062,75,
PUTNAM,01345502,PARK,SUSAN,P,,133,CHANDLER DR, ,EATONTON,GA,31024-6139,133,CHANDLER DR,,EATONTON,GA,31024-6139,A,A,,10/24/2017,10/24/2017,10/24/2017,IN PERSON,NO,NO,,NO,E,101,010,025,120,OCMU,00002,117023,00078,91,
PUTNAM,01350367,ATNIP,DARRELL,M,,232,SCUFFLEBORO RD, ,EATONTON,GA,31024-7738,,PO BOX 3758,,EATONTON,GA,31024-0375,A,A,,10/31/2017,10/31/2017,10/31/2017,IN PERSON,NO,NO,,NO,,107,010,025,145,OCMU,00024,117023,00194,211,
PUTNAM,03989505,BROOME,CHARLES,DOUGLAS,,600,RIVER LAKE DR, ,EATONTON,GA,31024-5357,600,RIVER LAKE DR,,EATONTON,GA,31024-5357,A,A,,10/24/2017,10/24/2017,10/24/2017,IN PERSON,NO,NO,,NO,,105,010,025,120,OCMU,00021,117023,00080,93,
PUTNAM,01345568,THOMPKINS,RACHEL,GANTT,,107,PINECREST DR, ,EATONTON,GA,31024,107,PINECREST DR,,EATONTON,GA,31024,A,A,,10/25/2017,10/25/2017,10/25/2017,IN PERSON,NO,NO,,NO,E,104,010,025,145,OCMU,00016,117023,00109,122,
PUTNAM,01351100,GREEN,CHARLOTTE,S,,175,ROSE CREEK RD, ,EATONTON,GA,31024-7240,175,ROSE CREEK RD,,EATONTON,GA,31024-7240,A,A,,11/03/2017,11/03/2017,11/03/2017,IN PERSON,NO,NO,,NO,,107,010,025,145,OCMU,00023,117023,00296,315,
