County,Voter Registration #,Last Name,First Name,Middle Name,Suffix,Street #,Street Name,Apt/Unit,City,State,Zip Code,Mailing Street #,Mailing Street Name,Mailing Apt/Unit,Mailing City,Mailing State,Mailing Zip Code,Application Status,Ballot Status,Status Reason,Application Date,Ballot Issued Date,Ballot Return Date,Ballot Style,Ballot Assisted,Challenged/Provisional,Designation/Reason Issue,ID Required,Municipal Precinct,County Precinct,CNG,SEN,HOUSE	,JUD,Combo #,Vote Center ID,Ballot ID,Post #,Party
RANDOLPH,00304331,HALL,KATRINA,BLAND,,154,ALLEN ST, ,CUTHBERT,GA,39840-5251,154,ALLEN ST,,CUTHBERT,GA,39840-5251,A,A,,10/23/2017,10/23/2017,10/23/2017,IN PERSON,NO,NO,,NO,718A,718A,002,012,151,PATA,00027,120025,00073,127,
RANDOLPH,00307329,KEARNEY,WILLIAM,H,,35,WILSON ST, ,CUTHBERT,GA,39840-5422,,PO BOX 504,,CUTHBERT,GA,39840-0050,A,A,,10/24/2017,10/24/2017,10/24/2017,IN PERSON,NO,NO,,NO,718A,718A,002,012,151,PATA,00028,120025,00084,138,
RANDOLPH,05109934,MORGAN,OTIS,B,,496,PRINCE RD, ,SHELLMAN,GA,39886-3242,,PO BOX 434,,SHELLMAN,GA,39886-0043,A,A,,09/23/2016,10/10/2017,10/20/2017,MAILED,NO,NO,DISABLED,NO,334,334,002,012,151,PATA,00029,,00034,41,
RANDOLPH,00306326,REMBERT,ROSIE,LEE,,16,PINE ST, ,SHELLMAN,GA,39886,,PO BOX 357,,SHELLMAN,GA,39886-0038,A,A,,10/09/2017,10/09/2017,10/26/2017,MAILED,NO,NO,DISABLED,NO,334,334,002,012,151,PATA,00029,,00018,23,
RANDOLPH,00306210,DAVIS,KENSLEY,,,2688,CALHOUN ST,UNIT 16,SHELLMAN,GA,39886-3052,,PO BOX 473,,SHELLMAN,GA,39886-0047,A,A,,10/09/2017,10/09/2017,10/20/2017,MAILED,NO,NO,DISABLED,NO,334,334,002,012,151,PATA,00025,,00003,17,
RANDOLPH,00304542,BUTLER,MARION,L,,73,SOUTH ST, ,CUTHBERT,GA,39840-5046,73,SOUTH ST,,CUTHBERT,GA,39840-5046,A,A,,10/24/2017,10/24/2017,10/24/2017,IN PERSON,NO,NO,,NO,718B,718B,002,012,151,PATA,00026,120025,00082,136,
RANDOLPH,00304437,GILBERT,MARY,CLAY,,48,5TH ST, ,CUTHBERT,GA,39840-5439,48,5TH ST,,CUTHBERT,GA,39840-5439,A,A,,11/02/2017,11/02/2017,11/02/2017,IN PERSON,NO,NO,,NO,718A,718A,002,012,151,PATA,00027,120025,00192,251,
RANDOLPH,00305575,TAYLOR,EVA,M,,355,VILLA NOVA ST, ,CUTHBERT,GA,39840-6227,355,VILLA NOVA ST,,CUTHBERT,GA,39840-6227,A,A,,11/01/2017,11/01/2017,11/01/2017,IN PERSON,NO,NO,,NO,718A,718A,002,012,151,PATA,00027,120025,00166,222,
RANDOLPH,00307558,POWELL,MILLIE,PAULINE,,2670,FOUNTAIN BRIDGE RD, ,SHELLMAN,GA,39886,2670,FOUNTAIN BRIDGE RD,,SHELLMAN,GA,39886,A,,,04/12/2016,10/09/2017,,MAILED,NO,NO,DISABLED,NO,334,334,002,012,151,PATA,00029,,00010,11,
RANDOLPH,04243543,HIGHTOWER,CLAUDE,,,2688,CALHOUN ST,UNIT 22,SHELLMAN,GA,39886-3052,2688,CALHOUN ST,UNIT 22,SHELLMAN,GA,39886-3052,A,A,,02/02/2016,10/09/2017,11/06/2017,MAILED,NO,NO,ELDERLY,NO,334,334,002,012,151,PATA,00025,,00007,274,
RANDOLPH,00305221,MURPHY,HORACE,,,398,ANDREW ST, ,CUTHBERT,GA,39840,,P. O. BOX 533,,CUTHBERT,GA,39840,A,A,,10/20/2017,10/20/2017,10/20/2017,IN PERSON,NO,NO,,NO,718B,718B,002,012,151,PATA,00026,120025,00050,103,
RANDOLPH,00304714,GARRETT,CASSIE,PEARL,,173,N WEBSTER ST, ,CUTHBERT,GA,39840-2564,173,N WEBSTER ST,,CUTHBERT,GA,39840-2564,A,A,,11/02/2017,11/02/2017,11/02/2017,IN PERSON,NO,NO,,NO,718A,718A,002,012,151,PATA,00026,120025,00179,238,
RANDOLPH,02581670,NICHOLS,MARY JANE,D,,66,COLLEGE ST, ,CUTHBERT,GA,39840-5541,66,COLLEGE ST,,CUTHBERT,GA,39840-5541,A,A,,10/25/2017,10/25/2017,10/25/2017,IN PERSON,NO,NO,,NO,718A,718A,002,012,151,PATA,00027,120025,00095,149,
RANDOLPH,00304606,DOWNIE,BOOKER,T,,43,CEMETARY ST, ,SHELLMAN,GA,39886,43,CEMETARY ST,,SHELLMAN,GA,39886,A,A,,10/24/2017,10/24/2017,10/24/2017,IN PERSON,NO,NO,,NO,334,334,002,012,151,PATA,00029,120025,00079,133,
RANDOLPH,00305633,TILLMAN,MELVIN,,,210,COURT ST, ,CUTHBERT,GA,39840-5927,210,COURT ST,,CUTHBERT,GA,39840-5927,A,A,,10/31/2017,10/31/2017,10/31/2017,IN PERSON,NO,NO,,NO,718A,718A,002,012,151,PATA,00031,120025,00157,213,
RANDOLPH,00305586,TAYLOR,NELSON,,,332,W LAKE DR, ,CUTHBERT,GA,39840-6027,332,W LAKE DR,,CUTHBERT,GA,39840-6027,A,A,,10/20/2017,10/20/2017,10/20/2017,IN PERSON,NO,NO,,NO,718A,718A,002,012,151,PATA,00031,120025,00047,100,
RANDOLPH,00306558,STARLING,MICHAEL,,,72,N HIGHLAND AVE, ,CUTHBERT,GA,39840-6118,72,N HIGHLAND AVE,,CUTHBERT,GA,39840-6118,A,A,,10/16/2017,10/16/2017,10/16/2017,IN PERSON,NO,NO,,NO,718A,718A,002,012,151,PATA,00031,120025,00011,63,
RANDOLPH,00305440,SCOTT,ROCHESTER,,,18,S GAY ST, ,CUTHBERT,GA,39840,18,S GAY ST,,CUTHBERT,GA,39840,A,A,,10/30/2017,10/30/2017,10/30/2017,IN PERSON,NO,NO,,NO,718B,718B,002,012,151,PATA,00026,120025,00143,199,
RANDOLPH,00305295,PERKINS,GERALDINE,,,83,LIBERTY ST, ,CUTHBERT,GA,39840-6322,83,LIBERTY ST,,CUTHBERT,GA,39840-6322,A,A,,10/16/2017,10/16/2017,10/16/2017,IN PERSON,NO,NO,ELDERLY,NO,718A,718A,002,012,151,PATA,00027,120025,00003,54,
RANDOLPH,00304983,JOINER,ANNA,O,,72,EAST ST, ,CUTHBERT,GA,39840-5725,72,EAST ST,,CUTHBERT,GA,39840-5725,A,A,,10/25/2017,10/25/2017,10/25/2017,IN PERSON,NO,NO,,NO,718A,718A,002,012,151,PATA,00028,120025,00102,156,
RANDOLPH,00304418,CARTER,WILLIE,,,172,2ND ST, ,CUTHBERT,GA,39840,172,2ND ST,,CUTHBERT,GA,39840,A,,,04/15/2016,10/19/2017,,MAILED,NO,NO,ELDERLY,NO,718B,718B,002,012,151,PATA,00026,,00001,88,
RANDOLPH,00308189,RICHARDSON,ROBERTA,,,155,HOOD ST,UNIT 208,CUTHBERT,GA,39840-5226,155,HOOD ST,UNIT 208,CUTHBERT,GA,39840-5226,A,A,,10/27/2017,10/27/2017,11/03/2017,MAILED,NO,NO,DISABLED,NO,718A,718A,002,012,151,PATA,00027,,00001,177,
RANDOLPH,00304619,MURPHY,BERNICE,B,,135,SMITH ST,J,CUTHBERT,GA,39840-6242,,PO BOX 1077,,CUTHBERT,GA,39840-0080,A,A,,11/02/2017,11/02/2017,11/02/2017,IN PERSON,NO,NO,DISABLED,NO,718A,718A,002,012,151,PATA,00027,120025,00181,240,
RANDOLPH,00307004,FAIRBANKS,JENNIFER,ZABRENA,,115,ATKINSON ST, ,CUTHBERT,GA,39840,115,ATKINSON ST,,CUTHBERT,GA,39840,A,A,,10/30/2017,10/30/2017,10/30/2017,IN PERSON,NO,NO,,NO,718B,718B,002,012,151,PATA,00026,120025,00138,193,
RANDOLPH,00307267,BURKS,BEVERLY,ETHERIDGE,,6,3RD ST, ,CUTHBERT,GA,39840-5501,,PO BOX 115,,CUTHBERT,GA,39840-0011,A,A,,11/03/2017,11/03/2017,11/03/2017,IN PERSON,NO,NO,,NO,718B,718B,002,012,151,PATA,00026,120025,00207,266,
RANDOLPH,00307750,EVANS,EVERENE,,,6,2ND ST, ,CUTHBERT,GA,39840-5505,6,2ND ST,,CUTHBERT,GA,39840-5505,A,A,,11/02/2017,11/02/2017,11/02/2017,IN PERSON,NO,NO,,NO,718B,718B,002,012,151,PATA,00026,120025,00190,249,
RANDOLPH,00304948,JOHNSON,EMMA,LOUISE,,423,HOOD ST, ,CUTHBERT,GA,39840-5231,423,HOOD ST,,CUTHBERT,GA,39840-5231,A,A,,11/03/2017,11/03/2017,11/03/2017,IN PERSON,NO,NO,,NO,718A,718A,002,012,151,PATA,00027,120025,00205,264,
RANDOLPH,00304574,JOHNSON,KAREN,LETITIA,,82,CEDAR ST, ,CUTHBERT,GA,39840-5305,82,CEDAR ST,,CUTHBERT,GA,39840-5305,A,A,,10/30/2017,10/30/2017,10/30/2017,IN PERSON,NO,NO,,NO,718A,718A,002,012,151,PATA,00027,120025,00147,203,
RANDOLPH,06674837,WILBURN,FREDRICK,BERNARD,,19,WALL ST, ,CUTHBERT,GA,39840,19,WALL ST,,CUTHBERT,GA,39840,A,A,,11/03/2017,11/03/2017,11/03/2017,IN PERSON,NO,NO,,NO,718A,718A,002,012,151,PATA,00028,120025,00212,271,
RANDOLPH,08273491,STEVENS,SHAMARA,LONTRESE,,77,PINE ST, ,SHELLMAN,GA,39886,77,PINE ST,,SHELLMAN,GA,39886,A,A,,11/03/2017,11/03/2017,11/03/2017,IN PERSON,NO,NO,,NO,334,334,002,012,151,PATA,00029,120025,00213,272,
RANDOLPH,00307540,TURNER,RENEE,JONES,,132,E HARRIS ST, ,CUTHBERT,GA,39840-1241,132,E HARRIS ST,,CUTHBERT,GA,39840-1241,A,A,,11/03/2017,11/03/2017,11/03/2017,IN PERSON,NO,NO,,NO,718A,718A,002,012,151,PATA,00031,120025,00194,253,
RANDOLPH,01336383,NUNNALLY,GEORGE,,,140,1ST ST, ,CUTHBERT,GA,39840-5510,140,1ST ST,,CUTHBERT,GA,39840-5510,A,A,,10/25/2017,10/25/2017,10/25/2017,IN PERSON,NO,NO,,NO,718B,718B,002,012,151,PATA,00026,120025,00098,152,
RANDOLPH,03319771,SHINGLES,CARNELL,,JR,38,E LAWRENCE ST, ,CUTHBERT,GA,39840,38,E LAWRENCE ST,,CUTHBERT,GA,39840,A,A,,10/18/2017,10/18/2017,10/18/2017,IN PERSON,NO,NO,,NO,718A,718A,002,012,151,PATA,00027,120025,00021,73,
RANDOLPH,00306587,WADE,WAYNE,D,,1393,W WARD ST, ,SHELLMAN,GA,39886-3137,,PO BOX 162,,SHELLMAN,GA,39886-0016,A,A,,10/10/2017,10/10/2017,11/06/2017,MAILED,NO,NO,,NO,334,334,002,012,151,PATA,00029,,00027,34,
RANDOLPH,00304887,GILBERT,JANIS,THERESA,,59,FOSTER ALY, ,CUTHBERT,GA,39840-5748,59,FOSTER ALY,,CUTHBERT,GA,39840-5748,A,A,,11/01/2017,11/01/2017,11/01/2017,IN PERSON,NO,NO,,NO,718A,718A,002,012,151,PATA,00031,120025,00176,235,
RANDOLPH,03542051,BAKER,CAROLYN,HARRIS,,64,CEDAR ST, ,CUTHBERT,GA,39840,64,CEDAR ST,,CUTHBERT,GA,39840,A,A,,11/03/2017,11/03/2017,11/03/2017,IN PERSON,NO,NO,,NO,718A,718A,002,012,151,PATA,00027,120025,00199,258,
RANDOLPH,03335599,WOLFE,CYNTHIA,ANN,,22,BRIGHT ST, ,CUTHBERT,GA,39840-5017,22,BRIGHT ST,,CUTHBERT,GA,39840-5017,A,A,,10/23/2017,10/23/2017,10/23/2017,IN PERSON,NO,NO,,NO,718A,718A,002,012,151,PATA,00028,120025,00068,122,
RANDOLPH,00305143,MATHEWS,GAY,,,53,KINGSTON ST, ,CUTHBERT,GA,39840-6036,53,KINGSTON ST,,CUTHBERT,GA,39840-6036,A,A,,10/25/2017,10/25/2017,10/25/2017,IN PERSON,NO,NO,,NO,718A,718A,002,012,151,PATA,00031,120025,00091,145,
RANDOLPH,08280422,SUMNER,MIRANDA,RUTKOWSKI,,52,W HARRIS ST, ,CUTHBERT,GA,39840,52,W HARRIS ST,,CUTHBERT,GA,39840,A,A,,10/27/2017,10/27/2017,10/27/2017,IN PERSON,NO,NO,,NO,718A,718A,002,012,151,PATA,00031,120025,00120,174,
RANDOLPH,00308242,RICHARDSON,CHARLIE,HENRY,,230,HAMILTON AVE, ,CUTHBERT,GA,39840-5404,230,HAMILTON AVE,,CUTHBERT,GA,39840-5404,A,A,,10/31/2017,10/31/2017,10/31/2017,IN PERSON,NO,NO,,NO,718A,718A,002,012,151,PATA,00026,120025,00148,204,
RANDOLPH,00305540,STARLING,DAMIOUS,,,74,GORDON ST, ,CUTHBERT,GA,39840-5645,74,GORDON ST,,CUTHBERT,GA,39840-5645,A,A,,10/23/2017,10/23/2017,10/23/2017,IN PERSON,NO,NO,,NO,718A,718A,002,012,151,PATA,00026,120025,00067,121,
RANDOLPH,00304630,EDWARDS,SAMUEL,B,,54,COURT ST, ,CUTHBERT,GA,39840-5923,,PO BOX 326,,CUTHBERT,GA,39840-0032,A,A,,11/02/2017,11/02/2017,11/02/2017,IN PERSON,NO,NO,,NO,718A,718A,002,012,151,PATA,00026,120025,00189,248,
RANDOLPH,00308442,CHILDRESS,BILLY,R,,75,COLLEGE ST, ,CUTHBERT,GA,39840-5540,,PO BOX 331,,CUTHBERT,GA,39840-0033,A,A,,10/30/2017,10/30/2017,10/30/2017,IN PERSON,NO,NO,,NO,718A,718A,002,012,151,PATA,00027,120025,00141,196,
RANDOLPH,00586572,MITCHNER,YVONNE,,,143,VILLA NOVA ST, ,CUTHBERT,GA,39840-6223,,PO BOX 382,,CUTHBERT,GA,39840-0038,A,A,,11/01/2017,11/01/2017,11/01/2017,IN PERSON,NO,NO,,NO,718A,718A,002,012,151,PATA,00027,120025,00172,230,
RANDOLPH,08162686,MAJOR,ADRIANA,DENISE,,37,STEWART ST, ,CUTHBERT,GA,39840-4540,37,STEWART ST,,CUTHBERT,GA,39840-4540,A,A,,11/02/2017,11/02/2017,11/02/2017,IN PERSON,NO,NO,,NO,718A,718A,002,012,151,PATA,00027,120025,00188,247,
RANDOLPH,00307870,PRICE,RAYE,J,,145,CHENEY AVE,UNIT 301,SHELLMAN,GA,39886-2709,,PO BOX 404,,SHELLMAN,GA,39886-0040,A,R,Insufficient Oath Information,10/13/2017,10/13/2017,11/07/2017,MAILED,NO,NO,,NO,334,334,002,012,151,PATA,00029,,00042,49,
RANDOLPH,00305277,PEARCE,ANNIE,RAE,,130,MAPLE ST, ,CUTHBERT,GA,39840-5812,130,MAPLE ST,,CUTHBERT,GA,39840-5812,A,A,,10/31/2017,10/31/2017,10/31/2017,IN PERSON,NO,NO,,NO,718A,718A,002,012,151,PATA,00026,120025,00150,206,
RANDOLPH,00306933,FAUDREE,ROBERT,E,,44,COLLEGE ST, ,CUTHBERT,GA,39840-5541,,PO BOX 486,,CUTHBERT,GA,39840-0048,A,A,,10/23/2017,10/23/2017,10/23/2017,IN PERSON,NO,NO,,NO,718A,718A,002,012,151,PATA,00027,120025,00070,124,
RANDOLPH,00306802,NICHOLS,MARTHA,ANN,,40,N HIGHLAND AVE, ,CUTHBERT,GA,39840-6118,40,N HIGHLAND AVE,,CUTHBERT,GA,39840-6118,A,A,,10/16/2017,10/16/2017,10/16/2017,IN PERSON,NO,NO,,NO,718A,718A,002,012,151,PATA,00031,120025,00013,65,
RANDOLPH,04259270,FIELDS,ALESHIA,BROWN,,339,NELSON COFFIN DR, ,CUTHBERT,GA,39840-5342,339,NELSON COFFIN DR,,CUTHBERT,GA,39840-5342,A,A,,10/20/2017,10/20/2017,10/20/2017,IN PERSON,NO,NO,,NO,718A,718A,002,012,151,PATA,00028,120025,00056,109,
RANDOLPH,01250010,COFFIN,MARTHA,MEADOWS,,389,LUMPKIN ST, ,CUTHBERT,GA,39840,389,LUMPKIN ST,,CUTHBERT,GA,39840,A,A,,10/30/2017,10/30/2017,10/30/2017,IN PERSON,NO,NO,,NO,718A,718A,002,012,151,PATA,00031,120025,00140,195,
RANDOLPH,01040013,SEYMORE,VIVIAN,J,,42,E HARRIS ST, ,CUTHBERT,GA,39840,,PO BOX 497,,CUTHBERT,GA,39840-0049,A,A,,10/24/2017,10/24/2017,10/24/2017,IN PERSON,NO,NO,,NO,718A,718A,002,012,151,PATA,00031,120025,00083,137,
RANDOLPH,00305010,KENNEDY,ROSALIA,M,,294,E DAWSON ST, ,CUTHBERT,GA,39840-5734,294,E DAWSON ST,,CUTHBERT,GA,39840-5734,A,A,,10/18/2017,10/18/2017,10/18/2017,IN PERSON,NO,NO,,NO,718A,718A,002,012,151,PATA,00031,120025,00025,77,
RANDOLPH,05354250,PRICE,JOANNA,,,2688,CALHOUN ST,UNIT 7,SHELLMAN,GA,39886-3051,2688,CALHOUN ST,UNIT 7,SHELLMAN,GA,39886-3051,A,A,,04/11/2016,10/09/2017,10/20/2017,MAILED,NO,NO,DISABLED,NO,334,334,002,012,151,PATA,00025,,00004,18,
RANDOLPH,00308122,STARLING,WALTER,C,,2688,CALHOUN ST,APT 27,SHELLMAN,GA,39886-3052,2688,CALHOUN ST,APT 27,SHELLMAN,GA,39886-3052,A,A,,10/12/2016,10/09/2017,10/20/2017,MAILED,NO,NO,DISABLED,NO,334,334,002,012,151,PATA,00025,,00002,16,
RANDOLPH,07292085,LOVE,THELMA,JOHNSON,,38,ATKINSON ST, ,CUTHBERT,GA,39840-5425,38,ATKINSON ST,,CUTHBERT,GA,39840-5425,A,A,,10/31/2017,10/31/2017,10/31/2017,IN PERSON,NO,NO,,NO,718B,718B,002,012,151,PATA,00026,120025,00155,211,
RANDOLPH,00304433,CLARK,FADY,,,102,S WEBSTER ST, ,CUTHBERT,GA,39840-2519,102,S WEBSTER ST,,CUTHBERT,GA,39840-2519,A,A,,10/24/2017,10/24/2017,10/24/2017,IN PERSON,NO,NO,,NO,718A,718A,002,012,151,PATA,00026,120025,00080,134,
RANDOLPH,02494098,SULLIVAN,JOYCE,M,,152,COLLEGE ST, ,CUTHBERT,GA,39840,152,COLLEGE ST,,CUTHBERT,GA,39840,A,A,,10/20/2017,10/20/2017,10/20/2017,IN PERSON,NO,NO,,NO,718A,718A,002,012,151,PATA,00027,120025,00051,104,
RANDOLPH,00305622,THOMPSON,SANDRA,M,,386,BLAKELY ST, ,CUTHBERT,GA,39840-5317,386,BLAKELY ST,,CUTHBERT,GA,39840-5317,A,A,,10/25/2017,10/25/2017,10/25/2017,IN PERSON,NO,NO,,NO,718A,718A,002,012,151,PATA,00028,120025,00105,159,
RANDOLPH,06183193,FLOWERS,DARIUS,MARSHANE,,133,BUFORD CIR, ,SHELLMAN,GA,39886,133,BUFORD CIR,,SHELLMAN,GA,39886,A,A,,10/10/2017,10/10/2017,10/27/2017,MAILED,NO,NO,,NO,334,334,002,012,151,PATA,00029,,00035,42,
RANDOLPH,00307328,THOMPSON,TONY,C,,3785,PEARL ST, ,SHELLMAN,GA,39886,,P. O. BOX 311,,SHELLMAN,GA,39886,A,A,,10/20/2017,10/20/2017,10/20/2017,IN PERSON,NO,NO,,NO,334,334,002,012,151,PATA,00030,120025,00046,99,
RANDOLPH,00304459,COWART,DONNA,,,445,NORTH ST, ,CUTHBERT,GA,39840-6033,445,NORTH ST,,CUTHBERT,GA,39840-6033,A,A,,10/31/2017,10/31/2017,10/31/2017,IN PERSON,NO,NO,,NO,718A,718A,002,012,151,PATA,00031,120025,00151,207,
RANDOLPH,00307533,SIMS,DENNIS,E,,294,NORTH ST, ,CUTHBERT,GA,39840-6104,294,NORTH ST,,CUTHBERT,GA,39840-6104,A,A,,10/18/2017,10/18/2017,10/18/2017,IN PERSON,NO,NO,,NO,718A,718A,002,012,151,PATA,00031,120025,00033,85,
RANDOLPH,00306344,KNIGHTON,MARY,P,,415,SINGER DR, ,SHELLMAN,GA,39886-2833,,PO BOX 181,,SHELLMAN,GA,39886-0018,A,A,,06/27/2016,10/09/2017,10/30/2017,MAILED,NO,NO,ELDERLY,NO,334,334,002,012,151,PATA,00029,,00012,13,
RANDOLPH,10670511,POWELL,ALTON,LEE,JR,2606,FOUNTAIN BRIDGE RD, ,SHELLMAN,GA,39886,2606,FOUNTAIN BRIDGE ROAD,,SHELLMAN,GA,39886,A,A,,10/11/2017,10/11/2017,10/25/2017,MAILED,NO,NO,,NO,334,334,002,012,151,PATA,00029,,00039,46,
RANDOLPH,00304665,FILLINGAME,SHIRLEY,ANN,,222,LUMPKIN ST,A,CUTHBERT,GA,39840,,P. O. BOX 287,,CUTHBERT,GA,39840,A,A,,10/17/2017,10/17/2017,10/17/2017,IN PERSON,NO,NO,,NO,718A,718A,002,012,151,PATA,00026,120025,00017,69,
RANDOLPH,00304302,BARR,STELLA,WEIL,,627,COLLEGE ST, ,CUTHBERT,GA,39840-5553,,PO BOX 395,,CUTHBERT,GA,39840-0039,A,A,,10/25/2017,10/25/2017,10/25/2017,IN PERSON,NO,NO,,NO,718A,718A,002,012,151,PATA,00026,120025,00096,150,
RANDOLPH,00304632,ELLINGTON,RUBY,LEE,,94,HOOD ST, ,CUTHBERT,GA,39840-5224,94,HOOD ST,,CUTHBERT,GA,39840-5224,A,A,,10/30/2017,10/30/2017,10/30/2017,IN PERSON,NO,NO,,NO,718A,718A,002,012,151,PATA,00027,120025,00146,202,
RANDOLPH,00306320,JOHNSON,EVA,B,,44,JOHN SMITH AVE, ,SHELLMAN,GA,39886,,PO BOX 452,,SHELLMAN,GA,39886-0035,A,,,04/08/2016,10/09/2017,,MAILED,NO,NO,ELDERLY,NO,334,334,002,012,151,PATA,00029,,00014,19,
RANDOLPH,00305042,LASHLEY,JOAN,K,,423,NORTH ST, ,CUTHBERT,GA,39840-6033,423,NORTH ST,,CUTHBERT,GA,39840-6033,A,A,,10/24/2017,10/24/2017,10/24/2017,IN PERSON,NO,NO,,NO,718A,718A,002,012,151,PATA,00031,120025,00075,129,
RANDOLPH,00306186,CURRINGTON,MINNIE,MAE,,71,CURRINGTON ST, ,SHELLMAN,GA,39886-2712,,PO BOX 207,,SHELLMAN,GA,39886-0020,A,A,,06/27/2016,10/11/2017,10/20/2017,MAILED,NO,NO,ELDERLY,NO,334,334,002,012,151,PATA,00029,,00038,45,
RANDOLPH,08162693,HENDERSON,CURTIS,C,,28,DEAN ST, ,SHELLMAN,GA,39886-2515,28,DEAN ST,,SHELLMAN,GA,39886-2515,A,A,,11/03/2017,11/03/2017,11/03/2017,IN PERSON,NO,NO,,NO,334,334,002,012,151,PATA,00029,120025,00206,265,
RANDOLPH,07211427,GADSON,VINCENT,BERNARD,,151,SMITH ST, ,CUTHBERT,GA,39840,151,SMITH ST,,CUTHBERT,GA,39840,A,A,,10/23/2017,10/23/2017,10/23/2017,IN PERSON,NO,NO,,NO,718A,718A,002,012,151,PATA,00027,120025,00065,119,
RANDOLPH,00307073,FAUDREE,CAROLYN,D,,44,COLLEGE ST, ,CUTHBERT,GA,39840-5541,,PO BOX 486,,CUTHBERT,GA,39840-0048,A,A,,10/23/2017,10/23/2017,10/23/2017,IN PERSON,NO,NO,,NO,718A,718A,002,012,151,PATA,00027,120025,00069,123,
RANDOLPH,00306863,PARKMAN,BETTY,JEAN,,86,NEWSOME ST, ,CUTHBERT,GA,39840-5434,86,NEWSOME ST,,CUTHBERT,GA,39840-5434,A,A,,10/20/2017,10/20/2017,10/20/2017,IN PERSON,NO,NO,,NO,718A,718A,002,012,151,PATA,00027,120025,00045,98,
RANDOLPH,00306211,TILLMAN,LILLIE,DAVIS,,2932,CALHOUN ST, ,SHELLMAN,GA,39886,2932,CALHOUN ST,,SHELLMAN,GA,39886,A,,,10/09/2017,10/09/2017,,MAILED,NO,NO,,NO,334,334,002,012,151,PATA,00025,,00006,26,
RANDOLPH,00307757,WATSON,JOHN,HENRY,JR,137,HOOD ST, ,CUTHBERT,GA,39840,137,HOOD ST,,CUTHBERT,GA,39840,A,A,,10/20/2017,10/20/2017,10/20/2017,IN PERSON,NO,NO,,NO,718A,718A,002,012,151,PATA,00027,120025,00054,107,
RANDOLPH,00304317,JONES,DIANA,BENNETT,,136,ALLEN ST, ,CUTHBERT,GA,39840-5251,136,ALLEN ST,,CUTHBERT,GA,39840-5251,A,A,,04/08/2016,10/18/2017,10/30/2017,MAILED,NO,NO,DISABLED,NO,718A,718A,002,012,151,PATA,00027,,00002,198,
RANDOLPH,00305613,THOMPSON,FRANCES,,,209,NORTH ST, ,CUTHBERT,GA,39840-6105,209,NORTH ST,,CUTHBERT,GA,39840-6105,A,A,,11/03/2017,11/03/2017,11/03/2017,IN PERSON,NO,NO,,NO,718A,718A,002,012,151,PATA,00031,120025,00208,267,
RANDOLPH,00308424,FLOWERS,LARRY,,,191,GORDON ST, ,CUTHBERT,GA,39840,191,GORDON ST,,CUTHBERT,GA,39840,A,A,,10/27/2017,10/27/2017,10/27/2017,IN PERSON,NO,NO,,NO,718A,718A,002,012,151,PATA,00026,120025,00126,181,
RANDOLPH,00305488,SIMMONS,MURRIE,,,42,DIXIE ALY, ,CUTHBERT,GA,39840-5729,42,DIXIE ALY,,CUTHBERT,GA,39840-5729,A,A,,10/26/2017,10/26/2017,10/26/2017,IN PERSON,NO,NO,,NO,718A,718A,002,012,151,PATA,00031,120025,00109,163,
RANDOLPH,00305051,LEE,RICHARD,ALVIN,,377,ANDREW ST, ,CUTHBERT,GA,39840-5035,377,ANDREW ST,,CUTHBERT,GA,39840-5035,A,A,,10/26/2017,10/26/2017,10/26/2017,IN PERSON,NO,NO,,NO,718B,718B,002,012,151,PATA,00026,120025,00110,164,
RANDOLPH,04147562,BIVINS,TARRIS,WELLINGTON,,24,RANDOLPH ST, ,CUTHBERT,GA,39840-6202,24,RANDOLPH ST,,CUTHBERT,GA,39840-6202,A,A,,10/16/2017,10/16/2017,10/16/2017,IN PERSON,NO,NO,,NO,718A,718A,002,012,151,PATA,00026,120025,00015,67,
RANDOLPH,00304667,FILLINGAME,VERONICA,C,,61,HOWELL MILL RD,E1,CUTHBERT,GA,39840-5056,,PO BOX 256,,CUTHBERT,GA,39840-0025,A,A,,10/30/2017,10/30/2017,10/30/2017,IN PERSON,NO,NO,,NO,718A,718A,002,012,151,PATA,00028,120025,00144,200,
RANDOLPH,00307914,LEMON,SHARON,DENISE,,77,PINE ST, ,SHELLMAN,GA,39886,,PO BOX 296,,SHELLMAN,GA,39886-0029,A,A,,10/30/2017,10/30/2017,10/30/2017,IN PERSON,NO,NO,,NO,334,334,002,012,151,PATA,00029,120025,00132,187,
RANDOLPH,00643744,CURRINGTON,SYLVIA,ANN,,71,CURRINGTON ST, ,SHELLMAN,GA,39886-2712,,PO BOX 207,,SHELLMAN,GA,39886-0020,A,A,,02/10/2016,10/11/2017,10/20/2017,MAILED,NO,NO,DISABLED,NO,334,334,002,012,151,PATA,00029,,00037,44,
RANDOLPH,04868406,GLOVER,ERNEST,JAMES,,270,COURT ST, ,CUTHBERT,GA,39840,,PO BOX 561,,CUTHBERT,GA,39840-0056,A,A,,10/16/2017,10/16/2017,10/16/2017,IN PERSON,NO,NO,,NO,718A,718A,002,012,151,PATA,00031,120025,00004,55,
RANDOLPH,00304313,BEARD,MELBA,HALL,,549,LUMPKIN ST, ,CUTHBERT,GA,39840-8015,549,LUMPKIN ST,,CUTHBERT,GA,39840-8015,A,A,,10/19/2017,10/19/2017,10/19/2017,IN PERSON,NO,NO,,NO,718A,718A,002,012,151,PATA,00031,120025,00039,92,
RANDOLPH,00307252,FILLINGAME,GLORIA,J,,224,HAMILTON AVE, ,CUTHBERT,GA,39840-5404,224,HAMILTON AVE,,CUTHBERT,GA,39840-5404,A,A,,10/24/2017,10/24/2017,10/24/2017,IN PERSON,NO,NO,,NO,718A,718A,002,012,151,PATA,00026,120025,00087,141,
RANDOLPH,00305261,PARHAM,SHIRLEY,ANN,,78,DAVIS ST, ,CUTHBERT,GA,39840-5527,78,DAVIS ST,,CUTHBERT,GA,39840-5527,A,A,,10/25/2017,10/25/2017,10/25/2017,IN PERSON,NO,NO,,NO,718A,718A,002,012,151,PATA,00027,120025,00101,155,
RANDOLPH,04404858,TERRY,GREGORY,LEVAR,,58,BUFORD ST, ,SHELLMAN,GA,39886-3201,58,BUFORD ST,,SHELLMAN,GA,39886-3201,A,A,,10/09/2017,10/09/2017,10/23/2017,MAILED,NO,NO,,NO,334,334,002,012,151,PATA,00029,,00022,29,
RANDOLPH,10579042,KNIGHTON,JOHNNIE,L,,58,HOOD ST, ,CUTHBERT,GA,39840,58,HOOD ST,,CUTHBERT,GA,39840,A,A,,10/16/2017,10/16/2017,10/16/2017,IN PERSON,NO,NO,,NO,718A,718A,002,012,151,PATA,00027,120025,00010,62,
RANDOLPH,05083563,PRICE,TAMEKA,,,7,HINES ST, ,CUTHBERT,GA,39840,7,HINES ST,,CUTHBERT,GA,39840,A,A,,10/26/2017,10/26/2017,10/26/2017,IN PERSON,NO,NO,,NO,718A,718A,002,012,151,PATA,00027,120025,00114,168,
RANDOLPH,02951328,JOHNSON,JENNIFER,MAYES,,15,COLLEGE ST, ,CUTHBERT,GA,39840,15,COLLEGE ST,,CUTHBERT,GA,39840,A,A,,10/30/2017,10/30/2017,10/30/2017,IN PERSON,NO,NO,,NO,718A,718A,002,012,151,PATA,00027,120025,00139,194,
RANDOLPH,00305446,SEALY,BARBARA,F,,288,VILLA NOVA ST, ,CUTHBERT,GA,39840-6224,,PO BOX 33,,CUTHBERT,GA,39840-0003,A,A,,10/20/2017,10/20/2017,10/20/2017,IN PERSON,NO,NO,,NO,718A,718A,002,012,151,PATA,00027,120025,00052,105,
RANDOLPH,00304637,PERSONS,BOBBIE,R,,13,SPRUCE LN, ,CUTHBERT,GA,39840-5634,13,SPRUCE LN,,CUTHBERT,GA,39840-5634,A,A,,10/18/2017,10/18/2017,10/18/2017,IN PERSON,NO,NO,,NO,718A,718A,002,012,151,PATA,00028,120025,00022,74,
RANDOLPH,00306413,MORGAN,FRANCE,,,496,PRINCE RD, ,SHELLMAN,GA,39886-3242,,PO BOX 434,,SHELLMAN,GA,39886-0043,A,A,,10/09/2017,10/09/2017,10/25/2017,MAILED,NO,NO,ELDERLY,NO,334,334,002,012,151,PATA,00029,,00003,3,
RANDOLPH,00305542,STARLING,EUNICE,REMBERT,,70,S WEBSTER ST, ,CUTHBERT,GA,39840-2517,70,S WEBSTER ST,,CUTHBERT,GA,39840-2517,A,A,,10/18/2017,10/18/2017,10/18/2017,IN PERSON,NO,NO,,NO,718A,718A,002,012,151,PATA,00026,120025,00024,76,
RANDOLPH,00304493,BROWN,ELIZABETH,,,42,BUSH ST, ,CUTHBERT,GA,39840,,PO BOX 275,,CUTHBERT,GA,39840-0027,A,A,,10/31/2017,10/31/2017,10/31/2017,IN PERSON,NO,NO,,NO,718B,718B,002,012,151,PATA,00027,120025,00153,209,
RANDOLPH,00304344,BOUYER,CHARLIE,C,,332,BLAKELY ST, ,CUTHBERT,GA,39840-5317,332,BLAKELY ST,,CUTHBERT,GA,39840-5317,A,A,,10/16/2017,10/16/2017,10/16/2017,IN PERSON,NO,NO,,NO,718A,718A,002,012,151,PATA,00028,120025,00005,56,
RANDOLPH,00306576,THOMPSON,ANN,S,,166,PECAN ST, ,SHELLMAN,GA,39886-2547,166,PECAN ST,,SHELLMAN,GA,39886-2547,A,A,,10/09/2017,10/09/2017,10/24/2017,MAILED,NO,NO,,NO,334,334,002,012,151,PATA,00029,,00026,33,
RANDOLPH,07738350,ROGERS,ANTHONY,BERNARD,,66,CAMP ST, ,CUTHBERT,GA,39840-5950,66,CAMP ST,,CUTHBERT,GA,39840-5950,A,A,,10/18/2017,10/18/2017,10/18/2017,IN PERSON,NO,NO,,NO,718A,718A,002,012,151,PATA,00031,120025,00031,83,
RANDOLPH,01632666,JENKINS,NAOMI,S,,264,LUMPKIN ST, ,CUTHBERT,GA,39840-8006,,PO BOX 481,,CUTHBERT,GA,39840-0048,A,A,,10/31/2017,10/31/2017,10/31/2017,IN PERSON,NO,NO,,NO,718A,718A,002,012,151,PATA,00026,120025,00163,219,
RANDOLPH,00305034,LAKES,MARJORIE,N,,61,HOWELL MILL RD,APT. 15,CUTHBERT,GA,39840,61,HOWELL MILL RD,APT. 15,CUTHBERT,GA,39840,A,A,,10/27/2017,10/27/2017,10/27/2017,IN PERSON,NO,NO,,NO,718A,718A,002,012,151,PATA,00028,120025,00124,179,
RANDOLPH,00306369,LEWIS,YVONNE,,,83,E PHELPS ST, ,SHELLMAN,GA,39886-2700,,PO BOX 444,,SHELLMAN,GA,39886-0044,A,A,,10/09/2017,10/09/2017,10/27/2017,MAILED,NO,NO,,NO,334,334,002,012,151,PATA,00029,,00005,5,
RANDOLPH,00306259,BURKS,GLORIA,JEAN,,2630,FOUNTAIN BRIDGE RD, ,SHELLMAN,GA,39886-3250,,PO BOX 403,,SHELLMAN,GA,39886-0040,A,A,,10/09/2017,10/09/2017,10/18/2017,MAILED,NO,NO,,NO,334,334,002,012,151,PATA,00029,,00019,24,
RANDOLPH,05807824,SEALY,WILLIE,JOE,,11,ANDREW ST,APT. 1305,CUTHBERT,GA,39840,11,ANDREW ST,APT. 1305,CUTHBERT,GA,39840,A,A,,10/18/2017,10/18/2017,10/18/2017,IN PERSON,NO,NO,,NO,718A,718A,002,012,151,PATA,00027,120025,00026,78,
RANDOLPH,01211515,JORDAN,VIVIAN,C,,32,POWELL ST, ,CUTHBERT,GA,39840,32,POWELL ST,,CUTHBERT,GA,39840,A,A,,11/02/2017,11/02/2017,11/02/2017,IN PERSON,NO,NO,,NO,718A,718A,002,012,151,PATA,00031,120025,00182,241,
RANDOLPH,05951825,SHORTER,SHEILA,GILBERT,,38,JIMMY CARTER DR, ,CUTHBERT,GA,39840-5344,,PO BOX 598,,CUTHBERT,GA,39840-0059,A,A,,10/19/2017,10/19/2017,10/19/2017,IN PERSON,NO,NO,,NO,718A,718A,002,012,151,PATA,00028,120025,00042,95,
RANDOLPH,00306205,DAVIS,DAZZIE,ELLA,,94,COLLEGE ST, ,SHELLMAN,GA,39886,94,COLLEGE ST,,SHELLMAN,GA,39886,A,A,,02/04/2016,10/09/2017,10/26/2017,MAILED,NO,NO,ELDERLY,NO,334,334,002,012,151,PATA,00029,,00013,14,
RANDOLPH,04776454,STREETER,COREY,BERNARD,,515,MARIANNA DR, ,SHELLMAN,GA,39886,,PO BOX 478,,SHELLMAN,GA,39886-0047,A,A,,02/16/2016,10/09/2017,11/07/2017,MAILED,NO,NO,DISABLED,NO,334,334,002,012,151,PATA,00030,,00001,8,
RANDOLPH,00304278,BAILEY,BARBARA,M,,111,E LAWRENCE ST, ,CUTHBERT,GA,39840-6207,111,E LAWRENCE ST,,CUTHBERT,GA,39840-6207,A,A,,10/30/2017,10/30/2017,10/30/2017,IN PERSON,NO,NO,,NO,718A,718A,002,012,151,PATA,00027,120025,00134,189,
RANDOLPH,00304280,BAILEY,LEEOMA,W,,170,ALLEN ST, ,CUTHBERT,GA,39840-5251,,PO BOX 321,,CUTHBERT,GA,39840-0032,A,A,,10/27/2017,10/27/2017,10/27/2017,IN PERSON,NO,NO,,NO,718A,718A,002,012,151,PATA,00027,120025,00116,170,
RANDOLPH,00307505,MOORE,JEANIE,MAJOR,,85,PIPKIN ST,UNIT 26,SHELLMAN,GA,39886,85,PIPKIN ST,UNIT 26,SHELLMAN,GA,39886,A,A,,10/10/2017,10/10/2017,10/23/2017,MAILED,NO,NO,DISABLED,NO,334,334,002,012,151,PATA,00029,,00028,35,
RANDOLPH,01609713,SALTER,MARY,JANE,,67,PARK ST, ,SHELLMAN,GA,39886-2622,,PO BOX 643,,SHELLMAN,GA,39886-0064,A,A,,11/01/2017,11/01/2017,11/01/2017,IN PERSON,NO,NO,,NO,334,334,002,012,151,PATA,00029,120025,00165,221,
RANDOLPH,06083855,WILSON,SAMUEL,,,302,3RD ST, ,CUTHBERT,GA,39840-5446,302,3RD ST,,CUTHBERT,GA,39840-5446,A,A,,06/24/2016,10/24/2017,11/01/2017,MAILED,NO,NO,DISABLED,NO,718B,718B,002,012,151,PATA,00026,,00003,226,
RANDOLPH,00304602,DOCKINS,MINNIE,M,,296,HOOD ST, ,CUTHBERT,GA,39840-5227,296,HOOD ST,,CUTHBERT,GA,39840-5227,A,A,,10/31/2017,10/31/2017,10/31/2017,IN PERSON,NO,NO,,NO,718A,718A,002,012,151,PATA,00027,120025,00158,214,
RANDOLPH,00307016,TAYLOR,CHELSA,MARIA,,301,CHENEY AVE, ,SHELLMAN,GA,39886-2745,,PO BOX 401,,SHELLMAN,GA,39886-0040,A,A,,10/20/2017,10/20/2017,10/20/2017,IN PERSON,NO,NO,,NO,334,334,002,012,151,PATA,00029,120025,00044,97,
RANDOLPH,04839723,MCDANIEL,DERRICK,BERNARD,,440,ANDREW ST, ,CUTHBERT,GA,39840-5036,440,ANDREW ST,,CUTHBERT,GA,39840-5036,A,A,,10/31/2017,10/31/2017,10/31/2017,IN PERSON,NO,NO,,NO,718B,718B,002,012,151,PATA,00026,120025,00152,208,
RANDOLPH,00304303,BARR,THOMAS,A,,627,COLLEGE ST, ,CUTHBERT,GA,39840-5553,,PO BOX 395,,CUTHBERT,GA,39840-0039,A,A,,10/25/2017,10/25/2017,10/25/2017,IN PERSON,NO,NO,,NO,718A,718A,002,012,151,PATA,00026,120025,00097,151,
RANDOLPH,00305225,MURPHY,RADIE,,,74,CEDAR ST, ,CUTHBERT,GA,39840-5305,74,CEDAR ST,,CUTHBERT,GA,39840-5305,A,A,,10/31/2017,10/31/2017,10/31/2017,IN PERSON,NO,NO,,NO,718A,718A,002,012,151,PATA,00027,120025,00162,218,
RANDOLPH,00304884,HOWARD,ANNIE,J,,211,HOOD ST, ,CUTHBERT,GA,39840-5228,,PO BOX 363,,CUTHBERT,GA,39840-0036,A,A,,10/25/2017,10/25/2017,10/25/2017,IN PERSON,NO,NO,,NO,718A,718A,002,012,151,PATA,00027,120025,00094,148,
RANDOLPH,00305573,TAYLOR,CAROLYN,D,,332,W LAKE DR, ,CUTHBERT,GA,39840-6027,332,W LAKE DR,,CUTHBERT,GA,39840-6027,A,A,,10/20/2017,10/20/2017,10/20/2017,IN PERSON,NO,NO,,NO,718A,718A,002,012,151,PATA,00031,120025,00048,101,
RANDOLPH,00306836,LANGFORD,BRYSON,H,JR,170,E RAILROAD ST, ,SHELLMAN,GA,39886-3002,,PO BOX 358,,SHELLMAN,GA,39886-0035,A,A,,11/01/2017,11/01/2017,11/01/2017,IN PERSON,NO,NO,,NO,334,334,002,012,151,PATA,00025,120025,00177,236,
RANDOLPH,00304878,WRIGHT,CREASIE,MAE,,132,SOUTH ST, ,CUTHBERT,GA,39840-1765,132,SOUTH ST,,CUTHBERT,GA,39840-1765,A,A,,10/18/2017,10/18/2017,10/18/2017,IN PERSON,NO,NO,,NO,718B,718B,002,012,151,PATA,00026,120025,00030,82,
RANDOLPH,00304779,GREEN,MINNIE,L,,67,HOOD ST,C-1,CUTHBERT,GA,39840-5223,67,HOOD ST,C-1,CUTHBERT,GA,39840-5223,A,A,,10/27/2017,10/27/2017,10/27/2017,IN PERSON,NO,NO,,NO,718A,718A,002,012,151,PATA,00027,120025,00128,183,
RANDOLPH,00305161,MERRITT,SANDRA,ENGRAM,,96,HIGHLAND AVE, ,CUTHBERT,GA,39840-6132,96,HIGHLAND AVE,,CUTHBERT,GA,39840-6132,A,A,,10/25/2017,10/25/2017,10/25/2017,IN PERSON,NO,NO,,NO,718A,718A,002,012,151,PATA,00027,120025,00092,146,
RANDOLPH,00304285,BALDWIN,ETHEL,RUTH,,279,NELSON COFFIN DR, ,CUTHBERT,GA,39840-5340,,PO BOX 244,,CUTHBERT,GA,39840-0024,A,A,,10/27/2017,10/27/2017,10/27/2017,IN PERSON,NO,NO,,NO,718A,718A,002,012,151,PATA,00028,120025,00129,184,
RANDOLPH,00307222,BRADLEY,JUANITA,DAVIS,,2717,FOUNTAIN BRIDGE RD, ,SHELLMAN,GA,39886-3253,2717,FOUNTAIN BRIDGE RD,,SHELLMAN,GA,39886-3253,A,A,,10/18/2017,10/18/2017,10/18/2017,IN PERSON,NO,NO,,NO,334,334,002,012,151,PATA,00029,120025,00019,71,
RANDOLPH,00306512,SCARBOROUGH,JOYCE,S,,3846,PEARL ST, ,SHELLMAN,GA,39886-2539,,PO BOX 65,,SHELLMAN,GA,39886-0006,A,A,,07/08/2016,10/10/2017,10/16/2017,MAILED,NO,NO,ELDERLY,NO,334,334,002,012,151,PATA,00030,,00002,57,
RANDOLPH,00305270,PATTERSON,LEON,C,JR,518,LUMPKIN ST, ,CUTHBERT,GA,39840-8014,,PO BOX 97,,CUTHBERT,GA,39840-0009,A,A,,11/03/2017,11/03/2017,11/03/2017,IN PERSON,NO,NO,,NO,718A,718A,002,012,151,PATA,00031,120025,00193,252,
RANDOLPH,00304498,BROWN,LOIS,V,,310,MARTIN LUTHER KING JR ST, ,CUTHBERT,GA,39840,310,MARTIN LUTHER KING ,,CUTHBERT,GA,39840,A,A,,10/31/2017,10/31/2017,10/31/2017,IN PERSON,NO,NO,,NO,718A,718A,002,012,151,PATA,00031,120025,00164,220,
RANDOLPH,00305876,COLEMAN,ETHEL,LYNN,,148,4TH ST, ,CUTHBERT,GA,39840-5442,,PO BOX 32,,CUTHBERT,GA,39840-0003,A,A,,11/02/2017,11/02/2017,11/02/2017,IN PERSON,NO,NO,,NO,718B,718B,002,012,151,PATA,00026,120025,00187,246,
RANDOLPH,00304774,GREEN,JACQUELIN,GILFORD,,42,HOOD ST, ,CUTHBERT,GA,39840-5224,42,HOOD ST,,CUTHBERT,GA,39840-5224,A,A,,10/23/2017,10/23/2017,10/23/2017,IN PERSON,NO,NO,,NO,718A,718A,002,012,151,PATA,00027,120025,00063,117,
RANDOLPH,00306284,HARVEY,MILDRED,,,66,BUFORD ST, ,SHELLMAN,GA,39886-3201,,PO BOX 4,,SHELLMAN,GA,39886,A,A,,03/07/2014,10/13/2017,10/25/2017,MAILED,NO,NO,ELDERLY,NO,334,334,002,012,151,PATA,00029,,00041,48,
RANDOLPH,06084141,BROWN,IDA,MAY,,126,SEABOARD ST, ,CUTHBERT,GA,39840-5239,,PO BOX 174,,CUTHBERT,GA,39840-0017,A,A,,10/18/2017,10/18/2017,10/18/2017,IN PERSON,NO,NO,,NO,718A,718A,002,012,151,PATA,00027,120025,00032,84,
RANDOLPH,00306383,MARCUS,DAVID,J,,2580,FOUNTAIN BRIDGE RD, ,SHELLMAN,GA,39886-3248,2580,FOUNTAIN BRIDGE RD,,SHELLMAN,GA,39886-3248,A,A,,10/13/2017,10/13/2017,10/25/2017,MAILED,NO,NO,DISABLED,NO,334,334,002,012,151,PATA,00029,,00044,51,
RANDOLPH,06798077,RAINEY,WILMON,,JR,23,PARKERSON ST, ,CUTHBERT,GA,39840,23,PARKERSON ST,,CUTHBERT,GA,39840,A,A,,10/30/2017,10/30/2017,10/30/2017,IN PERSON,NO,NO,,NO,718A,718A,002,012,151,PATA,00027,120025,00145,201,
RANDOLPH,01043153,MULKEY,VIVIAN,SABRINA,,796,LAND ALY, ,CUTHBERT,GA,39840-5718,796,LAND ALY,,CUTHBERT,GA,39840-5718,A,A,,10/26/2017,10/26/2017,10/26/2017,IN PERSON,NO,NO,,NO,718A,718A,002,012,151,PATA,00028,120025,00106,160,
RANDOLPH,00306181,CHRISTIAN,DEBORAH,A,,1393,W WARD ST, ,SHELLMAN,GA,39886-3137,,PO BOX 162,,SHELLMAN,GA,39886-0016,A,A,,10/09/2017,10/09/2017,11/07/2017,MAILED,NO,NO,,NO,334,334,002,012,151,PATA,00029,,00006,6,
RANDOLPH,00304711,GARLAND,GAIL,L,,384,RANDOLPH ST, ,CUTHBERT,GA,39840-6128,384,RANDOLPH ST,,CUTHBERT,GA,39840-6128,A,A,,10/27/2017,10/27/2017,10/27/2017,IN PERSON,NO,NO,,NO,718A,718A,002,012,151,PATA,00026,120025,00125,180,
RANDOLPH,05069450,GILBERT,HORACE,LEE,,48,5TH ST, ,CUTHBERT,GA,39840-5439,48,5TH ST,,CUTHBERT,GA,39840-5439,A,A,,11/02/2017,11/02/2017,11/02/2017,IN PERSON,NO,NO,,NO,718A,718A,002,012,151,PATA,00027,120025,00191,250,
RANDOLPH,00305515,SMITH,SANDRA,C,,8,E LAWRENCE ST,B,CUTHBERT,GA,39840-6205,8,E LAWRENCE ST,B,CUTHBERT,GA,39840-6205,A,A,,10/23/2017,10/23/2017,10/23/2017,IN PERSON,NO,NO,,NO,718A,718A,002,012,151,PATA,00027,120025,00064,118,
RANDOLPH,00305658,WALKER,MARTHA,LUCILLE,,151,MORGAN ST, ,CUTHBERT,GA,39840-5621,,PO BOX 325,,CUTHBERT,GA,39840-0032,A,A,,11/02/2017,11/02/2017,11/02/2017,IN PERSON,NO,NO,,NO,718A,718A,002,012,151,PATA,00028,120025,00184,243,
RANDOLPH,00306314,JAMES,WILLIE,FRED,,1343,W WARD ST, ,SHELLMAN,GA,39886-3137,,PO BOX 104,,SHELLMAN,GA,39886-0010,A,A,,07/16/2016,10/10/2017,10/27/2017,MAILED,NO,NO,DISABLED,NO,334,334,002,012,151,PATA,00029,,00029,36,
RANDOLPH,05483389,FLOWERS,WALTER,SISTOURIOUS,JR,102,BUFORD CIR, ,SHELLMAN,GA,39886-3232,,PO BOX 201,,SHELLMAN,GA,39886-0020,A,A,,10/10/2017,10/10/2017,10/27/2017,MAILED,NO,NO,,NO,334,334,002,012,151,PATA,00029,,00032,39,
RANDOLPH,06905827,STREETER,MITCHELL,,JR,137,E PHELPS ST, ,SHELLMAN,GA,39886,,PO BOX 41,,SHELLMAN,GA,39886-0004,A,A,,10/06/2017,10/06/2017,10/16/2017,MAILED,NO,NO,,NO,334,334,002,012,151,PATA,00029,,00001,1,
RANDOLPH,03678418,FOSTER,LIZZIE,M,,26,CAMP ST, ,CUTHBERT,GA,39840-5950,,PO BOX 3,,CUTHBERT,GA,39840,A,A,,10/25/2017,10/25/2017,10/25/2017,IN PERSON,NO,NO,,NO,718A,718A,002,012,151,PATA,00031,120025,00090,144,
RANDOLPH,00305701,WHATLEY,SARA,S,,639,LUMPKIN ST, ,CUTHBERT,GA,39840-8017,,PO BOX 505,,CUTHBERT,GA,39840-0050,A,A,,10/31/2017,10/31/2017,10/31/2017,IN PERSON,NO,NO,,NO,718A,718A,002,012,151,PATA,00031,120025,00154,210,
RANDOLPH,00307253,REYNOLDS,ANNIE,M,,287,1ST ST, ,CUTHBERT,GA,39840,287,1ST ST,,CUTHBERT,GA,39840,A,A,,10/24/2017,10/24/2017,10/24/2017,IN PERSON,NO,NO,,NO,718B,718B,002,012,151,PATA,00026,120025,00081,135,
RANDOLPH,04234087,WILSON,LARRY,DON,,43,HOOD ST, ,CUTHBERT,GA,39840,43,HOOD ST,,CUTHBERT,GA,39840,A,A,,10/20/2017,10/20/2017,10/20/2017,IN PERSON,NO,NO,,NO,718A,718A,002,012,151,PATA,00027,120025,00062,115,
RANDOLPH,00308443,CHILDRESS,PATRICIA,M,,75,COLLEGE ST, ,CUTHBERT,GA,39840-5540,75,COLLEGE ST,,CUTHBERT,GA,39840-5540,A,A,,10/30/2017,10/30/2017,10/30/2017,IN PERSON,NO,NO,,NO,718A,718A,002,012,151,PATA,00027,120025,00142,197,
RANDOLPH,04780894,PRICE,KRISTAL,MOSHAL,,161,CHENEY AVE, ,SHELLMAN,GA,39886-2709,,PO BOX 404,,SHELLMAN,GA,39886-0040,A,,,10/13/2017,10/13/2017,,MAILED,NO,NO,,NO,334,334,002,012,151,PATA,00029,,00043,50,
RANDOLPH,00306267,GRIFFIN,DIANE,MARSHALL,,155,BUFORD CIR, ,SHELLMAN,GA,39886-3233,,PO BOX 204,,SHELLMAN,GA,39886-0020,A,A,,10/19/2017,10/19/2017,10/19/2017,IN PERSON,NO,NO,,NO,334,334,002,012,151,PATA,00029,120025,00041,94,
RANDOLPH,00304832,HESTER,ROBERT,A,,477,LUMPKIN ST, ,CUTHBERT,GA,39840-8013,477,LUMPKIN ST,,CUTHBERT,GA,39840-8013,A,A,,10/24/2017,10/24/2017,10/24/2017,IN PERSON,NO,NO,,NO,718A,718A,002,012,151,PATA,00031,120025,00089,143,
RANDOLPH,00304751,GOODMAN,GERALD,BOWEN,,417,LUMPKIN ST, ,CUTHBERT,GA,39840-8011,,PO BOX 219,,CUTHBERT,GA,39840-0021,A,A,,10/20/2017,10/20/2017,10/20/2017,IN PERSON,NO,NO,,NO,718A,718A,002,012,151,PATA,00031,120025,00057,110,
RANDOLPH,04903245,RICHARDSON,KIM,LAVETTE,,28,MAIN ST, ,CUTHBERT,GA,39840-5529,,PO BOX 78,,CUTHBERT,GA,39840-0007,A,A,,10/25/2017,10/25/2017,10/25/2017,IN PERSON,NO,NO,,NO,718A,718A,002,012,151,PATA,00027,120025,00104,158,
RANDOLPH,00304345,BOUYER,MARJORIE,PINKINS,,332,BLAKELY ST, ,CUTHBERT,GA,39840-5317,332,BLAKELY ST,,CUTHBERT,GA,39840-5317,A,A,,10/16/2017,10/16/2017,10/16/2017,IN PERSON,NO,NO,,NO,718A,718A,002,012,151,PATA,00028,120025,00006,58,
RANDOLPH,05952003,ZACKERY,TRAVIS,BERNARD,,10,JIMMY CARTER DR, ,CUTHBERT,GA,39840,10,JIMMY CARTER DR,,CUTHBERT,GA,39840-5344,A,A,,11/03/2017,11/03/2017,11/03/2017,IN PERSON,NO,NO,,NO,718A,718A,002,012,151,PATA,00028,120025,00195,254,
RANDOLPH,00306115,BARNES,SARAH,J,,195,E PHELPS ST, ,SHELLMAN,GA,39886,,PO BOX 111,,SHELLMAN,GA,39886-0011,A,A,,04/07/2016,10/09/2017,10/25/2017,MAILED,NO,NO,ELDERLY,NO,334,334,002,012,151,PATA,00029,,00011,12,
RANDOLPH,00306258,GRADDY,ELLA,MAE,,1582,BURNEY RD, ,SHELLMAN,GA,39886-3332,1582,BURNEY RD,,SHELLMAN,GA,39886-3332,A,A,,04/08/2016,10/09/2017,10/18/2017,MAILED,NO,NO,ELDERLY,NO,334,334,002,012,151,PATA,00025,,00005,25,
RANDOLPH,08287396,GRIER,ROOSEVELT,,,137,HOOD ST, ,CUTHBERT,GA,39840-5226,137,HOOD ST,,CUTHBERT,GA,39840-5226,A,A,,10/17/2017,10/17/2017,10/17/2017,IN PERSON,NO,NO,,NO,718A,718A,002,012,151,PATA,00027,120025,00016,68,
RANDOLPH,00305443,BROWN,HATTIE,ODOM,,5,WALL ST, ,CUTHBERT,GA,39840-5612,5,WALL ST,,CUTHBERT,GA,39840-5612,A,A,,10/19/2017,10/19/2017,10/19/2017,IN PERSON,NO,NO,,NO,718A,718A,002,012,151,PATA,00028,120025,00037,90,
RANDOLPH,00306414,HOLDER,FRANCIES,MAE,,496,PRINCE RD, ,SHELLMAN,GA,39886,,PO BOX 434,,SHELLMAN,GA,39886-0043,A,A,,10/06/2017,10/06/2017,10/20/2017,MAILED,NO,NO,,NO,334,334,002,012,151,PATA,00029,,00002,2,
RANDOLPH,00305218,MURPHY,ALJOSIE,,,398,ANDREW ST, ,CUTHBERT,GA,39840-5034,,PO BOX 533,,CUTHBERT,GA,39840-0053,A,A,,10/18/2017,10/18/2017,10/18/2017,IN PERSON,NO,NO,,NO,718B,718B,002,012,151,PATA,00026,120025,00027,79,
RANDOLPH,00304811,HARDWICK,WILEY,,JR,598,COLLEGE ST, ,CUTHBERT,GA,39840-5551,,PO BOX 179,,CUTHBERT,GA,39840-0017,A,A,,10/26/2017,10/26/2017,10/26/2017,IN PERSON,NO,NO,,NO,718A,718A,002,012,151,PATA,00026,120025,00112,166,
RANDOLPH,03850824,FLOWERS,JEANETTE ANDREA,BROOKINS,,191,GORDON ST, ,CUTHBERT,GA,39840-5647,191,GORDON ST,,CUTHBERT,GA,39840-5647,A,A,,10/16/2017,10/16/2017,10/16/2017,IN PERSON,NO,NO,,NO,718A,718A,002,012,151,PATA,00026,120025,00001,52,
RANDOLPH,00307522,JACKSON,WILLIE,,JR,62,CENTER ST, ,CUTHBERT,GA,39840-5637,,PO BOX 112,,CUTHBERT,GA,39840-0011,A,A,,10/23/2017,10/23/2017,10/23/2017,IN PERSON,NO,NO,,NO,718A,718A,002,012,151,PATA,00026,120025,00071,125,
RANDOLPH,05695523,CHILDRESS,SENELLA,,,13,SINGER DR, ,SHELLMAN,GA,39886-2824,,PO BOX 45,,SHELLMAN,GA,39886-0004,A,A,,02/10/2016,10/09/2017,10/30/2017,MAILED,NO,NO,DISABLED,NO,334,334,002,012,151,PATA,00029,,00015,20,
RANDOLPH,01600946,BRYANT,SHARON,D,,773,LAND ALY, ,CUTHBERT,GA,39840,773,LAND ALY,,CUTHBERT,GA,39840,A,A,,10/30/2017,10/30/2017,10/30/2017,IN PERSON,NO,NO,,NO,718A,718A,002,012,151,PATA,00031,120025,00135,190,
RANDOLPH,00305762,WILLIAMS,WESLEY,L,,145,KEY ST, ,CUTHBERT,GA,39840-5415,145,KEY ST,,CUTHBERT,GA,39840-5415,A,A,,10/18/2017,10/18/2017,10/18/2017,IN PERSON,NO,NO,,NO,718B,718B,002,012,151,PATA,00026,120025,00035,87,
RANDOLPH,00306960,FLOWERS,WILLIE,E,,213,SEABOARD ST, ,CUTHBERT,GA,39840-1645,,PO BOX 377,,CUTHBERT,GA,39840-0037,A,A,,10/27/2017,10/27/2017,10/27/2017,IN PERSON,NO,NO,,NO,718A,718A,002,012,151,PATA,00027,120025,00121,175,
RANDOLPH,00307780,JARRELL,ENNIS,,,352,VILLA NOVA ST, ,CUTHBERT,GA,39840-6226,352,VILLA NOVA ST,,CUTHBERT,GA,39840-6226,A,A,,10/20/2017,10/20/2017,10/20/2017,IN PERSON,NO,NO,,NO,718A,718A,002,012,151,PATA,00027,120025,00060,113,
RANDOLPH,04378641,JACKSON,DEMETRIST,LASHAY,,36,BARFIELD ST, ,CUTHBERT,GA,39840,36,BARFIELD ST,,CUTHBERT,GA,39840,A,A,,10/23/2017,10/23/2017,10/23/2017,IN PERSON,NO,NO,,NO,718A,718A,002,012,151,PATA,00027,120025,00072,126,
RANDOLPH,00306478,PUCKETT,DAPHNE,ELIZABETH,,3256,PEARL ST, ,SHELLMAN,GA,39886-2526,,PO BOX 286,,SHELLMAN,GA,39886-0028,A,A,,10/11/2017,10/11/2017,10/18/2017,MAILED,NO,NO,,NO,334,334,002,012,151,PATA,00029,,00036,43,
RANDOLPH,00305773,WILSON,SUSIE,LEE,,302,3RD ST, ,CUTHBERT,GA,39840-5446,302,3RD ST,,CUTHBERT,GA,39840-5446,A,A,,06/24/2016,10/24/2017,11/01/2017,MAILED,NO,NO,ELDERLY,NO,718B,718B,002,012,151,PATA,00026,,00002,225,
RANDOLPH,00304512,BRYANT,JOYCE,T,,500,HAMILTON AVE, ,CUTHBERT,GA,39840-5410,500,HAMILTON AVE,,CUTHBERT,GA,39840-5410,A,A,,10/25/2017,10/25/2017,10/25/2017,IN PERSON,NO,NO,,NO,718A,718A,002,012,151,PATA,00026,120025,00099,153,
RANDOLPH,00305615,THOMPSON,JAMES,E,,386,BLAKELY ST, ,CUTHBERT,GA,39840-5317,386,BLAKELY ST,,CUTHBERT,GA,39840-5317,A,A,,10/30/2017,10/30/2017,10/30/2017,IN PERSON,NO,NO,,NO,718A,718A,002,012,151,PATA,00028,120025,00136,191,
RANDOLPH,00308124,TILLMAN,LORETTA,,,36,CHURCH AVE, ,SHELLMAN,GA,39886-3215,,PO BOX 395,,SHELLMAN,GA,39886-0039,A,,,10/10/2017,10/10/2017,,MAILED,NO,NO,,NO,334,334,002,012,151,PATA,00029,,00033,40,
RANDOLPH,03462164,BRUCE,CHARLES,FLOYD,,30,W PHELPS ST, ,SHELLMAN,GA,39886-2601,,PO BOX 174,,SHELLMAN,GA,39886-0017,A,A,,11/01/2017,11/01/2017,11/01/2017,IN PERSON,NO,NO,,NO,334,334,002,012,151,PATA,00029,120025,00169,227,
RANDOLPH,00304993,JONES,BETTY,J,,175,NORTH ST, ,CUTHBERT,GA,39840-6103,175,NORTH ST,,CUTHBERT,GA,39840-6103,A,A,,10/26/2017,10/26/2017,10/26/2017,IN PERSON,NO,NO,DISABLED,NO,718A,718A,002,012,151,PATA,00031,120025,00111,165,
RANDOLPH,01836927,DAVIS,GRAYLING,,,296,HOOD ST, ,CUTHBERT,GA,39840-5227,296,HOOD ST,,CUTHBERT,GA,39840-5227,A,A,,11/02/2017,11/02/2017,11/02/2017,IN PERSON,NO,NO,,NO,718A,718A,002,012,151,PATA,00027,120025,00185,244,
RANDOLPH,00305448,SEALY,JAMES,T,,288,VILLA NOVA ST, ,CUTHBERT,GA,39840-6224,,PO BOX 33,,CUTHBERT,GA,39840-0003,A,A,,10/20/2017,10/20/2017,10/20/2017,IN PERSON,NO,NO,,NO,718A,718A,002,012,151,PATA,00027,120025,00053,106,
RANDOLPH,00308161,CROCKER,ROSIE,MAE,,32,ANDERSON ST, ,CUTHBERT,GA,39840,32,ANDERSON ST,,CUTHBERT,GA,39840,A,A,,11/02/2017,11/02/2017,11/02/2017,IN PERSON,NO,NO,,NO,718A,718A,002,012,151,PATA,00027,120025,00180,239,
RANDOLPH,04835602,ENGRAM,SHONYA,D,,13,SPRUCE LN, ,CUTHBERT,GA,39840-5634,13,SPRUCE LN,,CUTHBERT,GA,39840-5634,A,A,,10/26/2017,10/26/2017,10/26/2017,IN PERSON,NO,NO,,NO,718A,718A,002,012,151,PATA,00028,120025,00108,162,
RANDOLPH,00304450,JOHNSON,CATHERINE,,,405,LAND ALY, ,CUTHBERT,GA,39840-1841,405,LAND ALY,,CUTHBERT,GA,39840-1841,A,A,,11/03/2017,11/03/2017,11/03/2017,IN PERSON,NO,NO,,NO,718A,718A,002,012,151,PATA,00031,120025,00197,256,
RANDOLPH,00305041,LASHLEY,CHARLES,D,,423,NORTH ST, ,CUTHBERT,GA,39840-6033,423,NORTH ST,,CUTHBERT,GA,39840-6033,A,A,,10/24/2017,10/24/2017,10/24/2017,IN PERSON,NO,NO,,NO,718A,718A,002,012,151,PATA,00031,120025,00074,128,
RANDOLPH,08000741,ROGERS,ROCHESTER,,,284,3RD ST, ,CUTHBERT,GA,39840,284,3RD ST,,CUTHBERT,GA,39840,A,A,,11/01/2017,11/01/2017,11/01/2017,IN PERSON,NO,NO,,NO,718B,718B,002,012,151,PATA,00026,120025,00173,231,
RANDOLPH,00304478,CROWLEY,CONSTANCE,S,,15,S GAY ST, ,CUTHBERT,GA,39840,15,S GAY ST,,CUTHBERT,GA,39840,A,A,,10/16/2017,10/16/2017,10/16/2017,IN PERSON,NO,NO,,NO,718B,718B,002,012,151,PATA,00026,120025,00012,64,
RANDOLPH,00305391,RICHARDSON,NORRIS,,,21,2ND ST, ,CUTHBERT,GA,39840-1630,21,2ND ST,,CUTHBERT,GA,39840-1630,A,A,,10/30/2017,10/30/2017,10/30/2017,IN PERSON,NO,NO,,NO,718B,718B,002,012,151,PATA,00026,120025,00137,192,
RANDOLPH,04914294,CURRINGTON,KELLI,NICOLE,,370,1ST ST, ,CUTHBERT,GA,39840,370,1ST ST,,CUTHBERT,GA,39840,A,A,,10/27/2017,10/27/2017,10/27/2017,IN PERSON,NO,NO,,NO,718B,718B,002,012,151,PATA,00026,120025,00119,173,
RANDOLPH,00307976,GRIER,JOHN,O,,137,HOOD ST, ,CUTHBERT,GA,39840-5226,137,HOOD ST,,CUTHBERT,GA,39840-5226,A,A,,10/26/2017,10/26/2017,10/26/2017,IN PERSON,NO,NO,,NO,718A,718A,002,012,151,PATA,00027,120025,00113,167,
RANDOLPH,00306287,WALKER,LORENE,Y,,37,CHENEY AVE, ,SHELLMAN,GA,39886-2706,,PO BOX 235,,SHELLMAN,GA,39886-0023,A,A,,06/24/2016,10/13/2017,10/18/2017,MAILED,NO,NO,ELDERLY,NO,334,334,002,012,151,PATA,00029,,00040,47,
RANDOLPH,00305765,WILLIS,SANDRA,JEAN,,268,E DAWSON ST, ,CUTHBERT,GA,39840-5734,268,E DAWSON ST,,CUTHBERT,GA,39840-5734,A,A,,11/03/2017,11/03/2017,11/03/2017,IN PERSON,NO,NO,,NO,718A,718A,002,012,151,PATA,00031,120025,00211,270,
RANDOLPH,00305755,WILLIAMS,FREDDIE,LEE,,51,5TH ST, ,CUTHBERT,GA,39840-5438,,PO BOX 218,,CUTHBERT,GA,39840-0021,A,A,,11/01/2017,11/01/2017,11/01/2017,IN PERSON,NO,NO,,NO,718B,718B,002,012,151,PATA,00026,120025,00168,224,
RANDOLPH,00304709,GARLAND,ALAN,MURRAY,,384,RANDOLPH ST, ,CUTHBERT,GA,39840-6128,384,RANDOLPH ST,,CUTHBERT,GA,39840-6128,A,A,,10/27/2017,10/27/2017,10/27/2017,IN PERSON,NO,NO,,NO,718A,718A,002,012,151,PATA,00026,120025,00117,171,
RANDOLPH,00306313,JAMES,ANN,A,,1343,W WARD ST, ,SHELLMAN,GA,39886-3137,,PO BOX 104,,SHELLMAN,GA,39886-0010,A,A,,10/10/2017,10/10/2017,10/27/2017,MAILED,NO,NO,,NO,334,334,002,012,151,PATA,00029,,00031,38,
RANDOLPH,00305410,ROGERS,LUSTER,A,,24,HILL ST, ,CUTHBERT,GA,39840-5419,24,HILL ST,,CUTHBERT,GA,39840-5419,A,A,,10/16/2017,10/16/2017,10/16/2017,IN PERSON,NO,NO,,NO,718B,718B,002,012,151,PATA,00026,120025,00008,60,
RANDOLPH,00307232,WEST,VERONICA,V,,41,KEY ST, ,CUTHBERT,GA,39840-5412,41,KEY ST,,CUTHBERT,GA,39840-5412,A,A,,10/24/2017,10/24/2017,10/24/2017,IN PERSON,NO,NO,,NO,718B,718B,002,012,151,PATA,00026,120025,00088,142,
RANDOLPH,00305761,WILLIAMS,PATRICIA,L,,51,5TH ST, ,CUTHBERT,GA,39840-5438,,PO BOX 218,,CUTHBERT,GA,39840-0021,A,A,,11/01/2017,11/01/2017,11/01/2017,IN PERSON,NO,NO,,NO,718B,718B,002,012,151,PATA,00026,120025,00167,223,
RANDOLPH,01632660,JENKINS,BOBBY,T,,264,LUMPKIN ST, ,CUTHBERT,GA,39840-8006,,PO BOX 481,,CUTHBERT,GA,39840-0048,A,A,,10/31/2017,10/31/2017,10/31/2017,IN PERSON,NO,NO,,NO,718A,718A,002,012,151,PATA,00026,120025,00159,215,
RANDOLPH,06885829,HANKS,CLIFFORD,,,57,BUSH ST, ,CUTHBERT,GA,39840,57,BUSH ST,,CUTHBERT,GA,39840,A,A,,10/25/2017,10/25/2017,10/25/2017,IN PERSON,NO,NO,,NO,718B,718B,002,012,151,PATA,00027,120025,00093,147,
RANDOLPH,04266052,MAJOR,LOUISE,B,,37,STEWART ST, ,CUTHBERT,GA,39840-4540,37,STEWART ST,,CUTHBERT,GA,39840-4540,A,A,,10/26/2017,10/26/2017,10/26/2017,IN PERSON,NO,NO,,NO,718A,718A,002,012,151,PATA,00027,120025,00115,169,
RANDOLPH,07504454,BUSSEY,RUTH,ELEANOR,,118,HOOD ST, ,CUTHBERT,GA,39840,118,HOOD ST,,CUTHBERT,GA,39840,A,A,,10/18/2017,10/18/2017,10/18/2017,IN PERSON,NO,NO,,NO,718A,718A,002,012,151,PATA,00027,120025,00028,80,
RANDOLPH,04063964,HOLMES,GREGORY,DWIGHT,,430,BLAKELY ST,C,CUTHBERT,GA,39840-5319,,PO BOX 356,,CUTHBERT,GA,39840-0035,A,A,,10/16/2017,10/16/2017,10/16/2017,IN PERSON,NO,NO,,NO,718A,718A,002,012,151,PATA,00028,120025,00002,53,
RANDOLPH,00306585,WADE,BETTY,SUE,,1393,W WARD ST, ,SHELLMAN,GA,39886-3137,,PO BOX 162,,SHELLMAN,GA,39886-0016,A,A,,10/09/2017,10/09/2017,11/07/2017,MAILED,NO,NO,,NO,334,334,002,012,151,PATA,00029,,00009,10,
RANDOLPH,07797046,GILBERT,COREY,TRAMAINE,,198,S WEBSTER ST, ,CUTHBERT,GA,39840-2519,198,S WEBSTER ST,,CUTHBERT,GA,39840-2519,A,A,,11/03/2017,11/03/2017,11/03/2017,IN PERSON,NO,NO,,NO,718A,718A,002,012,151,PATA,00031,120025,00200,259,
RANDOLPH,05140402,WILLIAMS,KELVIN,LAMAR,,159,NORTH ST, ,CUTHBERT,GA,39840,,P. O. BOX 362,,CUTHBERT,GA,39840,A,A,,11/03/2017,11/03/2017,11/03/2017,IN PERSON,NO,NO,,NO,718A,718A,002,012,151,PATA,00031,120025,00196,255,
RANDOLPH,04500240,LASSITER,MONA,LISA,,122,1ST ST, ,CUTHBERT,GA,39840-5510,122,1ST ST,,CUTHBERT,GA,39840-5510,A,A,,10/27/2017,10/27/2017,10/27/2017,IN PERSON,NO,NO,,NO,718B,718B,002,012,151,PATA,00026,120025,00118,172,
RANDOLPH,02456344,DOTSON,EUNICE,FOSTER,,105,HIGHLAND AVE, ,CUTHBERT,GA,39840-6134,105,HIGHLAND AVE,,CUTHBERT,GA,39840-6134,A,A,,11/03/2017,11/03/2017,11/03/2017,IN PERSON,NO,NO,,NO,718A,718A,002,012,151,PATA,00027,120025,00210,269,
RANDOLPH,00306164,CHILDRESS,CHARLES,,,13,SINGER DR, ,SHELLMAN,GA,39886,,PO BOX 45,,SHELLMAN,GA,39886-0004,A,A,,02/10/2016,10/09/2017,10/30/2017,MAILED,NO,NO,DISABLED,NO,334,334,002,012,151,PATA,00029,,00016,21,
RANDOLPH,00305502,SMITH,ANNIE,L,,125,ATKINSON ST, ,CUTHBERT,GA,39840-5426,125,ATKINSON ST,,CUTHBERT,GA,39840-5426,A,A,,11/02/2017,11/02/2017,11/02/2017,IN PERSON,NO,NO,,NO,718B,718B,002,012,151,PATA,00026,120025,00183,242,
RANDOLPH,00304939,JOHNSON,BARBARA,A,,129,HOOD ST, ,CUTHBERT,GA,39840-5226,129,HOOD ST,,CUTHBERT,GA,39840-5226,A,A,,11/03/2017,11/03/2017,11/03/2017,IN PERSON,NO,NO,,NO,718A,718A,002,012,151,PATA,00027,120025,00204,263,
RANDOLPH,03246103,LEMON,DAWAYNE,,,77,PINE ST, ,SHELLMAN,GA,39886,,PO BOX 571,,SHELLMAN,GA,39886-0057,A,A,,10/30/2017,10/30/2017,10/30/2017,IN PERSON,NO,NO,,NO,334,334,002,012,151,PATA,00029,120025,00133,188,
RANDOLPH,00305435,SCARBOROUGH,PENNY,CARLA,,432,NORTH ST, ,CUTHBERT,GA,39840-6032,,PO BOX 441,,CUTHBERT,GA,39840-0044,A,A,,10/19/2017,10/19/2017,10/19/2017,IN PERSON,NO,NO,,NO,718A,718A,002,012,151,PATA,00031,120025,00038,91,
RANDOLPH,01808126,LANGFORD,SUSAN,CHAPPELL,,170,E RAILROAD ST, ,SHELLMAN,GA,39886-3002,170,E RAILROAD ST,,SHELLMAN,GA,39886-3002,A,A,,11/01/2017,11/01/2017,11/01/2017,IN PERSON,NO,NO,,NO,334,334,002,012,151,PATA,00025,120025,00178,237,
RANDOLPH,00305706,WHATLEY,STEVE,SLATON,,465,NORTH ST, ,CUTHBERT,GA,39840,465,NORTH ST,,CUTHBERT,GA,39840,A,A,,10/27/2017,10/27/2017,10/27/2017,IN PERSON,NO,NO,,NO,718A,718A,002,012,151,PATA,00031,120025,00123,178,
RANDOLPH,00307058,MATHEWS,JENNIFER,PAUL,,432,LUMPKIN ST, ,CUTHBERT,GA,39840-8012,432,LUMPKIN ST,,CUTHBERT,GA,39840-8012,A,A,,11/03/2017,11/03/2017,11/03/2017,IN PERSON,NO,NO,,NO,718A,718A,002,012,151,PATA,00031,120025,00214,273,
RANDOLPH,05504048,WILSON,SOLOMON,,,302,3RD ST, ,CUTHBERT,GA,39840-5446,302,3RD ST,,CUTHBERT,GA,39840-5446,A,A,,10/24/2017,10/24/2017,10/24/2017,IN PERSON,NO,NO,,NO,718B,718B,002,012,151,PATA,00026,120025,00086,140,
RANDOLPH,08614071,JONES,ANDREA,DEANNA,,136,ALLEN ST, ,CUTHBERT,GA,39840-5251,136,ALLEN ST,,CUTHBERT,GA,39840-5251,A,A,,10/18/2017,10/18/2017,10/18/2017,IN PERSON,NO,NO,,NO,718A,718A,002,012,151,PATA,00027,120025,00029,81,
RANDOLPH,00305224,MURPHY,SHIRLEY,A,,74,CEDAR ST, ,CUTHBERT,GA,39840-5305,74,CEDAR ST,,CUTHBERT,GA,39840-5305,A,A,,10/31/2017,10/31/2017,10/31/2017,IN PERSON,NO,NO,,NO,718A,718A,002,012,151,PATA,00027,120025,00161,217,
RANDOLPH,00306382,MARCUS,ANNIE,DORIS,,2580,FOUNTAIN BRIDGE RD, ,SHELLMAN,GA,39886-3248,2580,FOUNTAIN BRIDGE RD,,SHELLMAN,GA,39886-3248,A,A,,04/07/2016,10/09/2017,10/16/2017,MAILED,NO,NO,ELDERLY,NO,334,334,002,012,151,PATA,00029,,00004,4,
RANDOLPH,00306574,THOMPSON,JAMES,MARVIN,,120,PECAN ST, ,SHELLMAN,GA,39886-2547,,PO BOX 239,,SHELLMAN,GA,39886-0023,A,A,,10/23/2017,10/23/2017,10/23/2017,IN PERSON,NO,NO,,NO,334,334,002,012,151,PATA,00029,120025,00066,120,
RANDOLPH,00307191,MATHEWS,RICHARD,,III,432,LUMPKIN ST, ,CUTHBERT,GA,39840-8012,432,LUMPKIN ST,,CUTHBERT,GA,39840-8012,A,A,,11/03/2017,11/03/2017,11/03/2017,IN PERSON,NO,NO,,NO,718A,718A,002,012,151,PATA,00031,120025,00202,261,
RANDOLPH,00304361,BRETT,PANSY,C,,17,S ELM ST, ,CUTHBERT,GA,39840,17,S ELM ST,,CUTHBERT,GA,39840-5804,A,A,,10/31/2017,10/31/2017,10/31/2017,IN PERSON,NO,NO,,NO,718A,718A,002,012,151,PATA,00026,120025,00149,205,
RANDOLPH,00305323,PITTS,SANDRA,D,,519,HOOD ST, ,CUTHBERT,GA,39840-5236,,PO BOX 473,,CUTHBERT,GA,39840-0047,A,A,,11/03/2017,11/03/2017,11/03/2017,IN PERSON,NO,NO,,NO,718A,718A,002,012,151,PATA,00027,120025,00198,257,
RANDOLPH,00304784,WATSON,RUBY,G,,137,HOOD ST, ,CUTHBERT,GA,39840-5226,137,HOOD ST,,CUTHBERT,GA,39840-5226,A,A,,10/20/2017,10/20/2017,10/20/2017,IN PERSON,NO,NO,,NO,718A,718A,002,012,151,PATA,00027,120025,00059,112,
RANDOLPH,00304987,JONES,DOROTHY,JEAN,,131,MORGAN ST, ,CUTHBERT,GA,39840-5621,131,MORGAN ST,,CUTHBERT,GA,39840-5621,A,A,,11/03/2017,11/03/2017,11/03/2017,IN PERSON,NO,NO,,NO,718A,718A,002,012,151,PATA,00028,120025,00201,260,
RANDOLPH,10738053,TERRY,DEMENTE,LAVAR,,58,BUFORD CIR, ,SHELLMAN,GA,39886,58,BUFORD ST,,SHELLMAN,GA,39886-3201,A,A,,10/09/2017,10/09/2017,10/20/2017,MAILED,NO,NO,,NO,334,334,002,012,151,PATA,00029,,00023,30,
RANDOLPH,00305348,RAGAN,JAMES,M,JR,54,COURT ST, ,CUTHBERT,GA,39840-5923,,PO BOX 37,,CUTHBERT,GA,39840-0003,A,A,,11/02/2017,11/02/2017,11/02/2017,IN PERSON,NO,NO,,NO,718A,718A,002,012,151,PATA,00026,120025,00186,245,
RANDOLPH,02952021,SEALY,TINA,R,,11,ANDREW ST,APT.1305,CUTHBERT,GA,39840,11,ANDREW ST,APT.1305,CUTHBERT,GA,39840,A,A,,10/16/2017,10/16/2017,10/16/2017,IN PERSON,NO,NO,,NO,718A,718A,002,012,151,PATA,00027,120025,00014,66,
RANDOLPH,07758646,GREENE,JERRY,Z,,155,ALLEN ST, ,CUTHBERT,GA,39840-5252,155,ALLEN ST,,CUTHBERT,GA,39840-5252,A,A,,10/26/2017,10/26/2017,10/26/2017,IN PERSON,NO,NO,,NO,718A,718A,002,012,151,PATA,00027,120025,00107,161,
RANDOLPH,00305677,WALTON,ERMA,JEAN,,81,ALLEN ST, ,CUTHBERT,GA,39840-5249,81,ALLEN ST,,CUTHBERT,GA,39840-5249,A,A,,10/24/2017,10/24/2017,10/24/2017,IN PERSON,NO,NO,,NO,718A,718A,002,012,151,PATA,00027,120025,00077,131,
RANDOLPH,00306581,TILLMAN,FREDDIE,LEE,,50,BETHEA DR, ,SHELLMAN,GA,39886-3217,,PO BOX 395,,SHELLMAN,GA,39886-0039,A,,,10/09/2017,10/09/2017,,MAILED,NO,NO,,NO,334,334,002,012,151,PATA,00029,,00008,9,
RANDOLPH,00306292,CAMPBELL,ANNIE,HOLDER,,1393,W WARD ST, ,SHELLMAN,GA,39886-3137,,PO BOX 162,,SHELLMAN,GA,39886-0016,A,,,10/09/2017,10/09/2017,,MAILED,NO,NO,,NO,334,334,002,012,151,PATA,00029,,00007,7,
RANDOLPH,00304462,COWART,MARVIN,D,,445,NORTH ST, ,CUTHBERT,GA,39840-6033,445,NORTH ST,,CUTHBERT,GA,39840-6033,A,A,,11/01/2017,11/01/2017,11/01/2017,IN PERSON,NO,NO,,NO,718A,718A,002,012,151,PATA,00031,120025,00175,234,
RANDOLPH,04986995,FOSTER,TOMECIA,LAJUAN,,5,CALHOUN ST, ,CUTHBERT,GA,39840,5,CALHOUN ST,,CUTHBERT,GA,39840-5640,A,A,,10/25/2017,10/25/2017,10/25/2017,IN PERSON,NO,NO,,NO,718A,718A,002,012,151,PATA,00026,120025,00103,157,
RANDOLPH,06799514,FILLINGAME,GABREALE,SHENYA,,61,HOWELL MILL RD,E-1,CUTHBERT,GA,39840-5056,61,HOWELL MILL RD,E-1,CUTHBERT,GA,39840-5056,A,A,,10/31/2017,10/31/2017,10/31/2017,IN PERSON,NO,NO,,NO,718A,718A,002,012,151,PATA,00028,120025,00160,216,
RANDOLPH,00304763,GRADDY,LINDBERGH,,,17,MAGNOLIA ST, ,CUTHBERT,GA,39840-5308,17,MAGNOLIA ST,,CUTHBERT,GA,39840-5308,A,A,,10/24/2017,10/24/2017,10/24/2017,IN PERSON,NO,NO,,NO,718A,718A,002,012,151,PATA,00027,120025,00078,132,
RANDOLPH,10416136,HUERTA,ROSE,CATALINA,,3091,CALHOUN ST, ,SHELLMAN,GA,39886,3091,CALHOUN ST,,SHELLMAN,GA,39886,A,A,,11/01/2017,11/01/2017,11/01/2017,IN PERSON,NO,NO,,NO,334,334,002,012,151,PATA,00029,120025,00174,233,
RANDOLPH,00304374,BROOKS,DEBBIE,KENNEDY,,310,N HIGHLAND AVE, ,CUTHBERT,GA,39840-1106,310,N HIGHLAND AVE,,CUTHBERT,GA,39840-1106,A,A,,11/01/2017,11/01/2017,11/01/2017,IN PERSON,NO,NO,,NO,718A,718A,002,012,151,PATA,00031,120025,00171,229,
RANDOLPH,00306980,DENNARD,PEARLIE,ALLEN,,131,HIGHLAND AVE, ,CUTHBERT,GA,39840,131,HIGHLAND AVE,,CUTHBERT,GA,39840,A,A,,10/18/2017,10/18/2017,10/18/2017,IN PERSON,NO,NO,,NO,718A,718A,002,012,151,PATA,00027,120025,00020,72,
RANDOLPH,02378526,GIBSON,BERNICE,HARRIS,,18,MAGNOLIA ST, ,CUTHBERT,GA,39840,18,MAGNOLIA ST,,CUTHBERT,GA,39840-5308,A,A,,10/27/2017,10/27/2017,10/27/2017,IN PERSON,NO,NO,,NO,718A,718A,002,012,151,PATA,00027,120025,00127,182,
RANDOLPH,00308026,FORRESTER,JAMES,W,,89,2ND ST, ,CUTHBERT,GA,39840-5504,,PO BOX 391,,CUTHBERT,GA,39840-0039,A,A,,10/20/2017,10/20/2017,10/20/2017,IN PERSON,NO,NO,,NO,718B,718B,002,012,151,PATA,00026,120025,00043,96,
RANDOLPH,00305553,STARLING,TIMOTHY,,,70,S WEBSTER ST, ,CUTHBERT,GA,39840-2517,70,S WEBSTER ST,,CUTHBERT,GA,39840-2517,A,A,,10/18/2017,10/18/2017,10/18/2017,IN PERSON,NO,NO,,NO,718A,718A,002,012,151,PATA,00026,120025,00023,75,
RANDOLPH,06078230,PARHAM,SHOVONNA,NICOLE,,78,DAVIS ST, ,CUTHBERT,GA,39840-5527,78,DAVIS ST,,CUTHBERT,GA,39840-5527,A,A,,10/25/2017,10/25/2017,10/25/2017,IN PERSON,NO,NO,,NO,718A,718A,002,012,151,PATA,00027,120025,00100,154,
RANDOLPH,04403734,JORDAN,KATHERINE,SHELLEY,,105,LIBERTY ST, ,CUTHBERT,GA,39840-6325,105,LIBERTY ST,,CUTHBERT,GA,39840-6325,A,A,,10/20/2017,10/20/2017,10/20/2017,IN PERSON,NO,NO,,NO,718A,718A,002,012,151,PATA,00027,120025,00061,114,
RANDOLPH,00307205,WATSON,JOHN,HENRY,,137,HOOD ST, ,CUTHBERT,GA,39840-5226,137,HOOD ST,,CUTHBERT,GA,39840-5226,A,A,,10/20/2017,10/20/2017,10/20/2017,IN PERSON,NO,NO,,NO,718A,718A,002,012,151,PATA,00027,120025,00058,111,
RANDOLPH,02098829,SHINGLES,LEWIS,,,95,BIRCH ST, ,CUTHBERT,GA,39840-5300,95,BIRCH ST,,CUTHBERT,GA,39840-5300,A,A,,10/30/2017,10/30/2017,10/30/2017,IN PERSON,NO,NO,,NO,718A,718A,002,012,151,PATA,00027,120025,00130,185,
RANDOLPH,04289405,REYNOLDS,ROBIN,,,524,DIVISION ST, ,SHELLMAN,GA,39886-2732,,PO BOX 628,,SHELLMAN,GA,39886-0062,A,,,10/09/2017,10/09/2017,,MAILED,NO,NO,DISABLED,NO,334,334,002,012,151,PATA,00029,,00021,28,
RANDOLPH,00306570,NEAL,ELLA,MAE,,58,BUFORD ST, ,SHELLMAN,GA,39886-3201,,PO BOX 430,,SHELLMAN,GA,39886-0043,A,A,,04/12/2016,10/09/2017,10/20/2017,MAILED,NO,NO,DISABLED,NO,334,334,002,012,151,PATA,00029,,00024,31,
RANDOLPH,04223368,BRUCE,LINDA,,,202,PECAN ST, ,SHELLMAN,GA,39886,202,PECAN ST,,SHELLMAN,GA,39886,A,A,,11/01/2017,11/01/2017,11/01/2017,IN PERSON,NO,NO,,NO,334,334,002,012,151,PATA,00029,120025,00170,228,
RANDOLPH,00305110,MCKINNEY,FRANCES,K,,472,NORTH ST, ,CUTHBERT,GA,39840-6032,,P. O. BOX 309,,CUTHBERT,GA,39840,A,A,,11/01/2017,11/01/2017,11/06/2017,MAILED,NO,NO,ELDERLY,NO,718A,718A,002,012,151,PATA,00031,,00001,232,
RANDOLPH,00308024,FORRESTER,MARY,ANN,,89,2ND ST, ,CUTHBERT,GA,39840-5504,,PO BOX 391,,CUTHBERT,GA,39840-0039,A,A,,10/20/2017,10/20/2017,10/20/2017,IN PERSON,NO,NO,,NO,718B,718B,002,012,151,PATA,00026,120025,00049,102,
RANDOLPH,04647751,PARKER WALKER,APRIL,SHARMANE,,62,BUSH ST, ,CUTHBERT,GA,39840-5045,62,BUSH ST,,CUTHBERT,GA,39840-5045,A,A,,10/16/2017,10/16/2017,10/16/2017,IN PERSON,NO,NO,,NO,718B,718B,002,012,151,PATA,00027,120025,00007,59,
RANDOLPH,00308123,JOHNSON,SAMMIE,LEE,,2574,FOUNTAIN BRIDGE RD, ,SHELLMAN,GA,39886,2574,FOUNTAIN BRIDGE RD,,SHELLMAN,GA,39886,A,A,,02/16/2016,10/09/2017,10/16/2017,MAILED,NO,NO,DISABLED,NO,334,334,002,012,151,PATA,00029,,00025,32,
RANDOLPH,00306470,REYNOLDS,MILDRED,,,524,DIVISION ST, ,SHELLMAN,GA,39886-2732,,PO BOX 559,,SHELLMAN,GA,39886-0055,A,A,,10/09/2017,10/09/2017,10/23/2017,MAILED,NO,NO,DISABLED,NO,334,334,002,012,151,PATA,00029,,00020,27,
RANDOLPH,00306469,PRICE,MATTIE,PEARL,,2688,CALHOUN ST,UNIT 24,SHELLMAN,GA,39886-3052,7672,PO BOX 1,UNIT 7,SHELLMAN,GA,39886-0974,A,A,,04/11/2016,10/09/2017,10/20/2017,MAILED,NO,NO,ELDERLY,NO,334,334,002,012,151,PATA,00025,,00001,15,
RANDOLPH,00305673,FULFORD,VIRGIE,WALL,,244,E RAILROAD ST, ,SHELLMAN,GA,39886-3004,244,E RAILROAD ST,,SHELLMAN,GA,39886-3004,A,A,,10/18/2017,10/18/2017,10/18/2017,IN PERSON,NO,NO,,NO,334,334,002,012,151,PATA,00025,120025,00018,70,
RANDOLPH,00308420,ALEXANDER,BERNICE,SPENCE,,132,KEY ST, ,CUTHBERT,GA,39840-5414,,PO BOX 375,,CUTHBERT,GA,39840-0037,A,A,,11/03/2017,11/03/2017,11/03/2017,IN PERSON,NO,NO,,NO,718B,718B,002,012,151,PATA,00026,120025,00209,268,
RANDOLPH,00308224,BYRD,BILLIE,M,,73,KING ST, ,CUTHBERT,GA,39840-5628,,PO BOX 484,,CUTHBERT,GA,39840-0048,A,A,,10/16/2017,10/16/2017,10/16/2017,IN PERSON,NO,NO,,NO,718A,718A,002,012,151,PATA,00026,120025,00009,61,
RANDOLPH,02591855,MCGRAW,MARY,A,,73,CEDAR ST, ,CUTHBERT,GA,39840,73,CEDAR ST,,CUTHBERT,GA,39840,A,A,,10/18/2017,10/18/2017,10/18/2017,IN PERSON,NO,NO,,NO,718A,718A,002,012,151,PATA,00027,120025,00034,86,
RANDOLPH,00305377,MARTIN,VELMA,FLOWERS,,155,HOOD ST, ,CUTHBERT,GA,39840-5226,,PO BOX 415,,CUTHBERT,GA,39840-0041,A,A,,10/27/2017,10/27/2017,10/27/2017,IN PERSON,NO,NO,,NO,718A,718A,002,012,151,PATA,00027,120025,00122,176,
RANDOLPH,00306165,CHILDRESS,DEBRA,A,,222,PATTERSON HTS, ,SHELLMAN,GA,39886,,PO BOX 505,,SHELLMAN,GA,39886-0050,A,A,,10/09/2017,10/09/2017,11/07/2017,MAILED,NO,NO,,NO,334,334,002,012,151,PATA,00029,,00017,22,
RANDOLPH,00306192,CURRY,SARA,,,3755,PEARL ST, ,SHELLMAN,GA,39886-2538,,"PO BOX 8,BOX 5",P.O,SHELLMAN,GA,39886,A,A,,10/10/2017,10/10/2017,10/23/2017,MAILED,NO,NO,,NO,334,334,002,012,151,PATA,00030,,00003,116,
RANDOLPH,04868316,JOHNSON,TONIE,DENISE,,333,COURT ST, ,CUTHBERT,GA,39840,333,COURT ST,,CUTHBERT,GA,39840,A,A,,11/03/2017,11/03/2017,11/03/2017,IN PERSON,NO,NO,,NO,718A,718A,002,012,151,PATA,00031,120025,00203,262,
RANDOLPH,06069694,DOWNIE,WILLIE,LUTHER,,481,ANDREW ST, ,CUTHBERT,GA,39840-5037,481,ANDREW ST,,CUTHBERT,GA,39840-5037,A,A,,10/24/2017,10/24/2017,10/24/2017,IN PERSON,NO,NO,,NO,718B,718B,002,012,151,PATA,00026,120025,00076,130,
RANDOLPH,00304737,GILBERT,JESSIE,JAMES,,118,S WEBSTER ST, ,CUTHBERT,GA,39840-2519,118,S WEBSTER ST,,CUTHBERT,GA,39840-2519,A,A,,10/30/2017,10/30/2017,10/30/2017,IN PERSON,NO,NO,,NO,718A,718A,002,012,151,PATA,00026,120025,00131,186,
RANDOLPH,00305340,DOWNIE,DOROTHY,LEE,,74,ORANGE ST, ,CUTHBERT,GA,39840-5701,,PO BOX 356,,CUTHBERT,GA,39840-0035,A,A,,10/19/2017,10/19/2017,10/19/2017,IN PERSON,NO,NO,,NO,718A,718A,002,012,151,PATA,00026,120025,00036,89,
RANDOLPH,00307330,KEARNEY,MARY,LUCIA,,35,WILSON ST, ,CUTHBERT,GA,39840-5422,,PO BOX 504,,CUTHBERT,GA,39840-0050,A,A,,10/24/2017,10/24/2017,10/24/2017,IN PERSON,NO,NO,ELDERLY,NO,718A,718A,002,012,151,PATA,00028,120025,00085,139,
RANDOLPH,00306126,BERRY,LILLIE,MAE,,141,COLLEGE ST, ,SHELLMAN,GA,39886,,P. O.   BOX 541,,SHELLMAN,GA,39886,A,A,,10/10/2017,10/10/2017,10/20/2017,MAILED,NO,NO,,NO,334,334,002,012,151,PATA,00029,,00030,37,
RANDOLPH,00304312,BEARD,CHARLIE,M,,549,LUMPKIN ST, ,CUTHBERT,GA,39840-8015,549,LUMPKIN ST,,CUTHBERT,GA,39840-8015,A,A,,10/19/2017,10/19/2017,10/19/2017,IN PERSON,NO,NO,,NO,718A,718A,002,012,151,PATA,00031,120025,00040,93,
RANDOLPH,05313759,RAINEY,KINDELL,,,472,ANDREW ST, ,CUTHBERT,GA,39840,472,ANDREW ST,,CUTHBERT,GA,39840,A,A,,10/31/2017,10/31/2017,10/31/2017,IN PERSON,NO,NO,,NO,718B,718B,002,012,151,PATA,00026,120025,00156,212,
RANDOLPH,01337959,THOMAS,TERRY,M,,60,S WEBSTER ST, ,CUTHBERT,GA,39840,60,S WEBSTER ST,,CUTHBERT,GA,39840-2517,A,A,,10/20/2017,10/20/2017,10/20/2017,IN PERSON,NO,NO,,NO,718A,718A,002,012,151,PATA,00026,120025,00055,108,
