County,Voter Registration #,Last Name,First Name,Middle Name,Suffix,Street #,Street Name,Apt/Unit,City,State,Zip Code,Mailing Street #,Mailing Street Name,Mailing Apt/Unit,Mailing City,Mailing State,Mailing Zip Code,Application Status,Ballot Status,Status Reason,Application Date,Ballot Issued Date,Ballot Return Date,Ballot Style,Ballot Assisted,Challenged/Provisional,Designation/Reason Issue,ID Required,Municipal Precinct,County Precinct,CNG,SEN,HOUSE	,JUD,Combo #,Vote Center ID,Ballot ID,Post #,Party
RICHMOND,02279359,HOLM,ROBERT,D,,4415,REYNOLDS ST, ,HEPHZIBAH,GA,30815,4415,REYNOLDS ST,,HEPHZIBAH,GA,30815,A,A,,10/23/2017,10/23/2017,10/27/2017,MAILED,NO,NO,,NO,804H,804H,012,023,126,AUGU,00224,,00054,57,
RICHMOND,01498603,HOWELL,JAMES,WILLIAM,JR,2394,GA HIGHWAY 88, ,HEPHZIBAH,GA,30815-4629,2394,GA HIGHWAY 88,,HEPHZIBAH,GA,30815-4629,A,A,,10/17/2017,10/17/2017,11/03/2017,MAILED,NO,NO,,NO,804H,804H,012,023,126,AUGU,00224,,00012,14,
RICHMOND,08876343,BURKE,PATRICE,DIANE,,1010,STORY MILL CT, ,HEPHZIBAH,GA,30815-4012,1010,STORY MILL CT,,HEPHZIBAH,GA,30815-4012,A,A,,10/31/2017,10/31/2017,11/06/2017,MAILED,NO,NO,,NO,804H,804H,012,023,126,AUGU,00224,,00095,100,
RICHMOND,01488634,JAMES,RUDOLPH,P,,2917,KEYSVILLE RD, ,HEPHZIBAH,GA,30815-5125,,PO BOX 67,,HEPHZIBAH,GA,30815-0006,A,A,,05/18/2016,10/18/2017,10/24/2017,MAILED,NO,NO,ELDERLY,NO,804H,804H,012,023,126,AUGU,00224,,00021,23,
RICHMOND,10438999,BRANTLEY,HUNTER,WILLIS,,1311,OAK RIDGE PLANTATION RD, ,HEPHZIBAH,GA,30815,1311,OAK RIDGE PLANTATION ,,HEPHZIBAH,GA,30815,A,A,,10/24/2017,10/24/2017,11/06/2017,MAILED,NO,NO,,NO,804H,804H,012,023,126,AUGU,00224,,00067,70,
RICHMOND,00274359,NELSON,SUE,ELLEN,,2929,KEYSVILLE RD, ,HEPHZIBAH,GA,30815,,P. O. BOX 97,,HEPHZIBAH,GA,30815,A,A,,05/19/2016,10/18/2017,10/24/2017,MAILED,NO,NO,ELDERLY,NO,804H,804H,012,023,126,AUGU,00224,,00023,25,
RICHMOND,01426250,BRIGHAM,JAMES,WILSON,JR,2423,GA HIGHWAY 88, ,HEPHZIBAH,GA,30815-4626,2423,GA HIGHWAY 88,,HEPHZIBAH,GA,30815-4626,A,,,10/19/2017,10/19/2017,,MAILED,NO,NO,,NO,804H,804H,012,023,126,AUGU,00224,,00029,32,
RICHMOND,01441522,SHIREY,J,B,,2922,KEYSVILLE RD, ,HEPHZIBAH,GA,30815-5124,2922,KEYSVILLE RD,,HEPHZIBAH,GA,30815-5124,A,,,05/19/2016,10/18/2017,,MAILED,NO,NO,DISABLED,NO,804H,804H,012,023,126,AUGU,00224,,00027,30,
RICHMOND,01422515,HOLM,TERESA,W,,4415,REYNOLDS ST, ,HEPHZIBAH,GA,30815-4930,4415,REYNOLDS ST,,HEPHZIBAH,GA,30815-4930,A,A,,10/23/2017,10/23/2017,10/27/2017,MAILED,NO,NO,,NO,804H,804H,012,023,126,AUGU,00224,,00065,68,
RICHMOND,01490030,WILLIAMS,LINDA,W,,4351,WILSON RD, ,HEPHZIBAH,GA,30815-4689,4351,WILSON RD,,HEPHZIBAH,GA,30815-0072,A,A,,10/17/2017,10/17/2017,10/31/2017,MAILED,NO,NO,,NO,804H,804H,012,023,126,AUGU,00224,,00011,11,
RICHMOND,05932442,BRANTLEY,ROBYN,A,,1311,OAK RIDGE PLANTATION RD, ,HEPHZIBAH,GA,30815-5571,1311,OAK RIDGE PLANTATION ,,HEPHZIBAH,GA,30815-5571,A,A,,10/26/2017,10/26/2017,11/03/2017,MAILED,NO,NO,,NO,804H,804H,012,023,126,AUGU,00224,,00078,81,
RICHMOND,00307950,LOCKWOOD,CHARLES,MAX,III,1312,OAK RIDGE PLANTATION RD, ,HEPHZIBAH,GA,30815,1312,OAK RIDGE PLANTATION ,,HEPHZIBAH,GA,30815,A,A,,10/26/2017,10/26/2017,11/02/2017,MAILED,NO,NO,,NO,804H,804H,012,023,126,AUGU,00224,,00082,85,
RICHMOND,01498515,SHERROD,MARTHA,B,,4905,STORY MILL RD, ,HEPHZIBAH,GA,30815,4905,STORY MILL RD,,HEPHZIBAH,GA,30815,A,A,,10/23/2017,10/23/2017,10/30/2017,MAILED,NO,NO,,NO,804H,804H,012,023,126,AUGU,00224,,00061,64,
RICHMOND,01490063,WOODS,FORREST,S,,4630,FULCHER RD, ,HEPHZIBAH,GA,30815,4630,FULCHER RD,,HEPHZIBAH,GA,30815,A,A,,10/19/2017,10/19/2017,10/24/2017,MAILED,NO,NO,ELDERLY,NO,804H,804H,012,023,126,AUGU,00224,,00042,45,
RICHMOND,01427168,PHILLIPS,JEFFREY,KIMBLE,,1556,PYES CT, ,HEPHZIBAH,GA,30815-5564,1556,PYES CT,,HEPHZIBAH,GA,30815-5564,A,A,,10/18/2017,10/18/2017,10/31/2017,MAILED,NO,NO,,NO,804H,804H,012,023,126,AUGU,00224,,00024,27,
RICHMOND,08947324,STEVERSON,VERONICA,E,,4416,CARSWELL AVE, ,HEPHZIBAH,GA,30815-4922,4416,CARSWELL AVE,,HEPHZIBAH,GA,30815-4922,A,A,,10/20/2017,10/20/2017,11/01/2017,MAILED,NO,NO,,NO,804H,804H,012,023,126,AUGU,00224,,00045,48,
RICHMOND,01488561,HUDSON,DONALD,L,,4411,REYNOLDS ST, ,HEPHZIBAH,GA,30815-4930,4411,REYNOLDS ST,,HEPHZIBAH,GA,30815-4930,A,A,,10/17/2017,10/17/2017,10/20/2017,MAILED,NO,NO,ELDERLY,NO,804H,804H,012,023,126,AUGU,00224,,00008,8,
RICHMOND,01488564,HUDSON,MARIE,N,,4411,REYNOLDS ST, ,HEPHZIBAH,GA,30815,4411,REYNOLDS ST,,HEPHZIBAH,GA,30815,A,A,,10/17/2017,10/17/2017,10/20/2017,MAILED,NO,NO,ELDERLY,NO,804H,804H,012,023,126,AUGU,00224,,00009,9,
RICHMOND,01419886,ROUNTREE,JO ANN,JAMES,,1566,PYES CT, ,HEPHZIBAH,GA,30815-5564,1566,PYES CT,,HEPHZIBAH,GA,30815-5564,A,A,,10/18/2017,10/18/2017,10/31/2017,MAILED,NO,NO,,NO,804H,804H,012,023,126,AUGU,00224,,00025,28,
RICHMOND,01441516,SHIREY,BETTY,JEAN,,2922,KEYSVILLE RD, ,HEPHZIBAH,GA,30815-5124,2922,KEYSVILLE RD,,HEPHZIBAH,GA,30815-5124,A,,,10/18/2017,10/18/2017,,MAILED,NO,NO,DISABLED,NO,804H,804H,012,023,126,AUGU,00224,,00026,29,
RICHMOND,01875867,JENNINGS,BOBBIE,JO,,4441,OLD MIMS RD, ,HEPHZIBAH,GA,30815-9608,4441,OLD MIMS RD,,HEPHZIBAH,GA,30815-9608,A,A,,10/19/2017,10/19/2017,10/26/2017,MAILED,NO,NO,,NO,804H,804H,012,023,126,AUGU,00224,,00033,36,
RICHMOND,01493725,HOWELL,MARY,P,,2394,GA HIGHWAY 88, ,HEPHZIBAH,GA,30815-4629,2394,GA HIGHWAY 88,,HEPHZIBAH,GA,30815-4629,A,A,,10/17/2017,10/17/2017,11/03/2017,MAILED,NO,NO,,NO,804H,804H,012,023,126,AUGU,00224,,00013,15,
RICHMOND,02282691,DILLASHAW,MELINDA,GAYE,,4635,FULCHER RD, ,HEPHZIBAH,GA,30815-4820,4635,FULCHER RD,,HEPHZIBAH,GA,30815-4820,A,,,10/24/2017,10/24/2017,,MAILED,NO,NO,,NO,804H,804H,012,023,126,AUGU,00224,,00068,71,
RICHMOND,06434820,HENDRIX,GLORIA,JUNE,,4394,CLEMENTS RD, ,HEPHZIBAH,GA,30815-4690,4394,CLEMENTS RD,,HEPHZIBAH,GA,30815-4690,A,A,,10/18/2017,10/18/2017,10/24/2017,MAILED,NO,NO,,NO,804H,804H,012,023,126,AUGU,00224,,00018,20,
RICHMOND,01427906,AVRET,JOYCE,ELIZABETH,,4441,OLD MIMS RD, ,HEPHZIBAH,GA,30815-4687,4441,OLD MIMS RD,,HEPHZIBAH,GA,30815-4687,A,A,,09/28/2016,10/19/2017,10/26/2017,MAILED,NO,NO,ELDERLY,NO,804H,804H,012,023,126,AUGU,00224,,00028,31,
RICHMOND,01490059,WOODS,ANNIE,ELLEN,,4630,FULCHER RD, ,HEPHZIBAH,GA,30815-4819,4630,FULCHER RD,,HEPHZIBAH,GA,30815-4819,A,A,,10/19/2017,10/19/2017,10/24/2017,MAILED,NO,NO,ELDERLY,NO,804H,804H,012,023,126,AUGU,00224,,00041,44,
RICHMOND,02284311,LARKIN,PATSY,RUTH,,4363,SAXON DR, ,HEPHZIBAH,GA,30815,,P O BOX 1826,,HEPHZIBAH,GA,30815,A,,,10/19/2017,10/19/2017,,MAILED,NO,NO,,NO,804H,804H,012,023,126,AUGU,00224,,00035,38,
RICHMOND,06664867,WOODS,SANDRA,L,,1310,OAK RIDGE PLANTATION RD, ,HEPHZIBAH,GA,30815-5573,1310,OAK RIDGE PLANTATION ,,HEPHZIBAH,GA,30815-5573,A,A,,10/26/2017,10/26/2017,10/31/2017,MAILED,NO,NO,,NO,804H,804H,012,023,126,AUGU,00224,,00087,90,
RICHMOND,01459958,LARISCY,LARRY,F,,2352,MIMS RD, ,HEPHZIBAH,GA,30815-4008,2352,MIMS RD,,HEPHZIBAH,GA,30815-4008,A,,,10/19/2017,10/19/2017,,MAILED,NO,NO,,NO,804H,804H,012,023,126,AUGU,00224,,00034,37,
RICHMOND,01485986,BURDEN,NANCY,D,,2561,GA HIGHWAY 88, ,HEPHZIBAH,GA,30815-4966,,PO BOX 301,,HEPHZIBAH,GA,30815-0030,A,A,,10/19/2017,10/19/2017,10/25/2017,MAILED,NO,NO,ELDERLY,NO,804H,804H,012,023,126,AUGU,00224,,00031,34,
RICHMOND,01463609,FULCHER,JACQUELINE,G,,4442,WILSON RD, ,HEPHZIBAH,GA,30815,4442,WILSON RD,,HEPHZIBAH,GA,30815,A,,,10/23/2017,10/23/2017,,MAILED,NO,NO,,NO,804H,804H,012,023,126,AUGU,00224,,00051,54,
RICHMOND,01488541,JAMES,RAYMOND,MILTON,,1525,PYES CT, ,HEPHZIBAH,GA,30815,1525,PYES CT,,HEPHZIBAH,GA,30815,A,A,,10/23/2017,10/23/2017,10/30/2017,MAILED,NO,NO,,NO,804H,804H,012,023,126,AUGU,00224,,00066,69,
RICHMOND,05929754,FARRIS,YVONNE,GRAY,,4410,BROTHERSVILLE RD, ,HEPHZIBAH,GA,30815-4853,4410,BROTHERSVILLE RD,,HEPHZIBAH,GA,30815-4853,A,A,,10/18/2017,10/18/2017,11/02/2017,MAILED,NO,NO,ELDERLY,NO,804H,804H,012,023,126,AUGU,00224,,00017,19,
RICHMOND,01456565,BRANTLEY,THOMAS,L,,1311,OAK RIDGE PLANTATION RD, ,HEPHZIBAH,GA,30815-5571,1311,OAK RIDGE PLANTATION ,,HEPHZIBAH,GA,30815-5571,A,A,,10/26/2017,10/26/2017,11/06/2017,MAILED,NO,NO,,NO,804H,804H,012,023,126,AUGU,00224,,00079,82,
RICHMOND,05140481,FULCHER,SUSAN,HAYES,,2565,GA HIGHWAY 88, ,HEPHZIBAH,GA,30815,2565,1/2 GA HIGHWAY 88,,HEPHZIBAH,GA,30815-4966,A,,,10/27/2017,10/27/2017,,MAILED,NO,NO,,NO,804H,804H,012,023,126,AUGU,00224,,00090,93,
RICHMOND,03423885,DANFORTH,VIVIAN,C,,4636,FULCHER RD, ,HEPHZIBAH,GA,30815-7958,4636,FULCHER RD,,HEPHZIBAH,GA,30815-7958,A,A,,10/28/2016,10/19/2017,10/24/2017,MAILED,NO,NO,ELDERLY,NO,804H,804H,012,023,126,AUGU,00224,,00032,35,
RICHMOND,01492978,ALLEN,R,JULIAN,,4967,STORY MILL RD, ,HEPHZIBAH,GA,30815-4812,4967,STORY MILL RD,,HEPHZIBAH,GA,30815-4812,A,A,,10/27/2017,10/27/2017,11/01/2017,MAILED,NO,NO,,NO,804H,804H,012,023,126,AUGU,00224,,00088,91,
RICHMOND,01430567,BENNETT,SHARON,W,,5248,STORY MILL RD, ,HEPHZIBAH,GA,30815-4832,5248,STOREY MILL RD,,HEPHZIBAH,GA,30815-0067,A,A,,10/17/2017,10/17/2017,10/31/2017,MAILED,NO,NO,,NO,804H,804H,012,023,126,AUGU,00224,,00004,4,
RICHMOND,07179514,RABUN,RICHARD,ARTHUR,,4413,OLD MIMS RD, ,HEPHZIBAH,GA,30815-4687,4413,OLD MIMS RD,,HEPHZIBAH,GA,30815-4687,A,A,,10/30/2017,10/30/2017,11/03/2017,MAILED,NO,NO,,NO,804H,804H,012,023,126,AUGU,00224,,00093,96,
RICHMOND,01490019,WILLIAMS,MARGARET,,,4429,REYNOLDS ST, ,HEPHZIBAH,GA,30815-4930,,PO BOX 307,,HEPHZIBAH,GA,30815-0030,A,A,,05/17/2016,10/19/2017,10/27/2017,MAILED,NO,NO,ELDERLY,NO,804H,804H,012,023,126,AUGU,00224,,00039,42,
RICHMOND,01490276,JOHNSON,JULIE,RIPLEY,,2513,GA HIGHWAY 88, ,HEPHZIBAH,GA,30815,2513,GA HIGHWAY 88,,HEPHZIBAH,GA,30815,A,R,Signature Match,10/17/2017,10/17/2017,10/20/2017,MAILED,NO,NO,,NO,804H,804H,012,023,126,AUGU,00224,,00015,17,
RICHMOND,02286067,RABUN,CANDACE,WILLIAMS,,4413,OLD MIMS RD, ,HEPHZIBAH,GA,30815-4687,4413,OLD MIMS RD,,HEPHZIBAH,GA,30815-4687,A,A,,10/30/2017,10/30/2017,11/06/2017,MAILED,NO,NO,,NO,804H,804H,012,023,126,AUGU,00224,,00092,95,
RICHMOND,05575156,THOMASON,NATHAN,ALLEN,,4753,FULCHER RD, ,HEPHZIBAH,GA,30815-4824,4753,FULCHER RD,,HEPHZIBAH,GA,30815-4824,A,A,,10/20/2017,10/20/2017,10/26/2017,MAILED,NO,NO,,NO,804H,804H,012,023,126,AUGU,00224,,00046,49,
RICHMOND,03351382,SHERROD,LAWRENCE,FLOYD,,4905,STORY MILL RD, ,HEPHZIBAH,GA,30815-4812,4905,STORY MILL RD,,HEPHZIBAH,GA,30815-4812,A,A,,10/23/2017,10/23/2017,10/30/2017,MAILED,NO,NO,,NO,804H,804H,012,023,126,AUGU,00224,,00060,63,
RICHMOND,01482775,MCPHERSON,JAMES,C,III,4424,REYNOLDS ST, ,HEPHZIBAH,GA,30815-4931,4424,REYNOLDS ST,,HEPHZIBAH,GA,30815-4931,A,A,,10/19/2017,10/19/2017,11/01/2017,MAILED,NO,NO,ELDERLY,NO,804H,804H,012,023,126,AUGU,00224,,00036,39,
RICHMOND,01464225,WOODS,DAVID,,,1310,OAK RIDGE PLANTATION RD, ,HEPHZIBAH,GA,30815-5573,1310,OAK RIDGE PLANTATION ,,HEPHZIBAH,GA,30815-5573,A,A,,10/24/2017,10/24/2017,10/31/2017,MAILED,NO,NO,,NO,804H,804H,012,023,126,AUGU,00224,,00071,74,
RICHMOND,04746959,GODBEE,JOSEPHINE,WIGGIN,,4385,CLEMENTS RD, ,HEPHZIBAH,GA,30815,4385,CLEMENTS RD,,HEPHZIBAH,GA,30815,A,A,,10/23/2017,10/23/2017,10/30/2017,MAILED,NO,NO,ELDERLY,NO,804H,804H,012,023,126,AUGU,00224,,00053,56,
RICHMOND,01488359,FULCHER,PEGGY,ONEAL,,4438,WILSON RD, ,HEPHZIBAH,GA,30815,4438,WILSON RD,,HEPHZIBAH,GA,30815,A,A,,10/23/2017,10/23/2017,10/31/2017,MAILED,NO,NO,,NO,804H,804H,012,023,126,AUGU,00224,,00052,55,
RICHMOND,04601567,HUGHES,MICKEY,LAWRENCE,,2402,BELL AVE, ,HEPHZIBAH,GA,30815,2402,BELL AVE,,HEPHZIBAH,GA,30815,A,,,10/23/2017,10/23/2017,,MAILED,NO,NO,,NO,804H,804H,012,023,126,AUGU,00224,,00055,58,
RICHMOND,06270041,USRY,LAUREN,MICHELLE,,4425,REYNOLDS ST, ,HEPHZIBAH,GA,30815-4930,4425,REYNOLDS ST,,HEPHZIBAH,GA,30815-4930,A,A,,10/24/2017,10/24/2017,10/30/2017,MAILED,NO,NO,,NO,804H,804H,012,023,126,AUGU,00224,,00075,78,
RICHMOND,03335514,MARCUM,FELECIA,S,,1545,PYES CT, ,HEPHZIBAH,GA,30815-5564,1545,PYES CT,,HEPHZIBAH,GA,30815-5564,A,,,10/18/2017,10/18/2017,,MAILED,NO,NO,,NO,804H,804H,012,023,126,AUGU,00224,,00022,24,
RICHMOND,01489912,WEIR,WILLIAM,G,,2403,CARPENTER AVE, ,HEPHZIBAH,GA,30815-4666,2403,CARPENTER AVE,,HEPHZIBAH,GA,30815-4666,A,A,,10/25/2017,10/25/2017,11/01/2017,MAILED,NO,NO,ELDERLY,NO,804H,804H,012,023,126,AUGU,00224,,00077,80,
RICHMOND,01493390,MCPHERSON,SHEILA,E,,4424,REYNOLDS ST, ,HEPHZIBAH,GA,30815-4931,4424,REYNOLDS ST,,HEPHZIBAH,GA,30815-4931,A,A,,10/19/2017,10/19/2017,11/01/2017,MAILED,NO,NO,,NO,804H,804H,012,023,126,AUGU,00224,,00037,40,
RICHMOND,01488425,GRAY,ROBERT,PAUL,,4403,MILLER ST, ,HEPHZIBAH,GA,30815,4403,MILLER ST,,HEPHZIBAH,GA,30815,A,A,,10/17/2017,10/17/2017,10/26/2017,MAILED,NO,NO,DISABLED,NO,804H,804H,012,023,126,AUGU,00224,,00007,7,
RICHMOND,01438085,DOBBS,KAY,B,,4430,REYNOLDS ST, ,HEPHZIBAH,GA,30815-4931,,PO BOX 325,,HEPHZIBAH,GA,30815-0032,A,A,,10/17/2017,10/17/2017,10/17/2017,IN PERSON,NO,NO,ELDERLY,NO,804H,804H,012,023,126,AUGU,00224,121166,00001,12,
RICHMOND,01476418,USRY,DEBRA,K,,4425,REYNOLDS ST, ,HEPHZIBAH,GA,30815,4425,REYNOLDS ST,,HEPHZIBAH,GA,30815,A,A,,10/23/2017,10/23/2017,10/30/2017,MAILED,NO,NO,,NO,804H,804H,012,023,126,AUGU,00224,,00062,65,
RICHMOND,01455480,OGLESBY,HENRY,E,,2509,CHURCH ST, ,HEPHZIBAH,GA,30815,2509,CHURCH ST,,HEPHZIBAH,GA,30815,A,A,,10/31/2017,10/31/2017,10/31/2017,IN PERSON,NO,NO,,NO,804H,804H,012,023,126,AUGU,00224,121166,00005,98,
RICHMOND,01488339,FULCHER,BOBBY,GENE,SR,4438,WILSON RD, ,HEPHZIBAH,GA,30815-4663,4438,WILSON RD,,HEPHZIBAH,GA,30815-0002,A,A,,10/23/2017,10/23/2017,10/31/2017,MAILED,NO,NO,,NO,804H,804H,012,023,126,AUGU,00224,,00050,53,
RICHMOND,01488897,GRAY,ELIZABETH,M,,4416,REYNOLDS ST, ,HEPHZIBAH,GA,30815-4967,4416,REYNOLDS ST,,HEPHZIBAH,GA,30815-0001,A,A,,09/30/2016,10/17/2017,10/23/2017,MAILED,NO,NO,ELDERLY,NO,804H,804H,012,023,126,AUGU,00224,,00006,6,
RICHMOND,01481706,THOMASON,STELLA,MAE,,4753,FULCHER RD, ,HEPHZIBAH,GA,30815-4824,4753,FULCHER RD,,HEPHZIBAH,GA,30815-4824,A,A,,10/20/2017,10/20/2017,10/26/2017,MAILED,NO,NO,ELDERLY,NO,804H,804H,012,023,126,AUGU,00224,,00047,50,
RICHMOND,02282787,RHODES,OSCAR,D,JR,4386,CLEMENTS RD, ,HEPHZIBAH,GA,30815-4639,4386,CLEMENTS RD,,HEPHZIBAH,GA,30815-4639,A,A,,11/03/2017,11/03/2017,11/07/2017,MAILED,NO,NO,,NO,804H,804H,012,023,126,AUGU,00224,,00098,103,
RICHMOND,04120088,WEIR,MIRIAM,W,,2403,CARPENTER AVE, ,HEPHZIBAH,GA,30815-4666,2403,CARPENTER AVE,,HEPHZIBAH,GA,30815-4666,A,A,,10/25/2017,10/25/2017,11/01/2017,MAILED,NO,NO,ELDERLY,NO,804H,804H,012,023,126,AUGU,00224,,00076,79,
RICHMOND,01456749,BENNETT,PAUL,M,,5248,STORY MILL RD, ,HEPHZIBAH,GA,30815,5248,STORY MILL RD,,HEPHZIBAH,GA,30815,A,,,10/17/2017,10/17/2017,,MAILED,NO,NO,,NO,804H,804H,012,023,126,AUGU,00224,,00003,3,
RICHMOND,05978108,BURKE,CORA,LEE,,1010,STORY MILL CT, ,HEPHZIBAH,GA,30815-4012,1010,STORY MILL CT,,HEPHZIBAH,GA,30815-4012,A,A,,10/31/2017,10/31/2017,11/06/2017,MAILED,NO,NO,,NO,804H,804H,012,023,126,AUGU,00224,,00094,99,
RICHMOND,01488417,GRAY,BRENDA,RABUN,,4403,MILLER ST, ,HEPHZIBAH,GA,30815,4403,MILLER ST,,HEPHZIBAH,GA,30815,A,A,,10/17/2017,10/17/2017,10/26/2017,MAILED,NO,NO,ELDERLY,NO,804H,804H,012,023,126,AUGU,00224,,00005,5,
RICHMOND,01464799,FARRIS,FRANK,X,,4410,BROTHERSVILLE RD, ,HEPHZIBAH,GA,30815-4853,4410,BROTHERSVILLE RD,,HEPHZIBAH,GA,30815-4853,A,A,,10/18/2017,10/18/2017,11/02/2017,MAILED,NO,NO,ELDERLY,NO,804H,804H,012,023,126,AUGU,00224,,00016,18,
RICHMOND,01331685,LOCKWOOD,LUCIANA,EDWARDS,,1312,OAK RIDGE PLANTATION RD, ,HEPHZIBAH,GA,30815,1312,OAK RIDGE PLANTATION ,,HEPHZIBAH,GA,30815,A,A,,10/26/2017,10/26/2017,11/02/2017,MAILED,NO,NO,,NO,804H,804H,012,023,126,AUGU,00224,,00083,86,
RICHMOND,01492982,TURNER,SARA,LYNN,,4406,CARSWELL AVE, ,HEPHZIBAH,GA,30815-4922,4406,CARSWELL AVE,,HEPHZIBAH,GA,30815-4922,A,,,10/26/2017,10/26/2017,,MAILED,NO,NO,,NO,804H,804H,012,023,126,AUGU,00224,,00086,89,
RICHMOND,01489826,IRBY,JERRY,,,4646,FULCHER RD, ,HEPHZIBAH,GA,30815-4819,4646,FULCHER RD,,HEPHZIBAH,GA,30815-4819,A,A,,10/23/2017,10/23/2017,10/27/2017,MAILED,NO,NO,,NO,804H,804H,012,023,126,AUGU,00224,,00058,61,
RICHMOND,01459711,FULCHER,MICHAEL,TODD,,2565,GA HIGHWAY 88, ,HEPHZIBAH,GA,30815,2565,1/2 GEORGIA HIGHWAY 88,,HEPHZIBAH,GA,30815,A,A,,10/27/2017,10/27/2017,11/06/2017,MAILED,NO,NO,,NO,804H,804H,012,023,126,AUGU,00224,,00089,92,
RICHMOND,01487505,AVERETTE,JOSEPH,W,JR,2591,GA HIGHWAY 88, ,HEPHZIBAH,GA,30815-4966,,P O BOX 116,,HEPHZIBAH,GA,30815-4966,A,A,,10/17/2017,10/17/2017,10/31/2017,MAILED,NO,NO,,NO,804H,804H,012,023,126,AUGU,00224,,00002,2,
RICHMOND,01488008,CICCIO,PETER,,JR,4429,MURPHY ST, ,HEPHZIBAH,GA,30815-9453,4429,MURPHY ST,,HEPHZIBAH,GA,30815-0025,A,,,10/23/2017,10/23/2017,,MAILED,NO,NO,,NO,804H,804H,012,023,126,AUGU,00224,,00049,52,
RICHMOND,01443365,JAMES,CHERYL,N,,2917,KEYSVILLE RD, ,HEPHZIBAH,GA,30815-5125,,PO BOX 67,,HEPHZIBAH,GA,30815-0006,A,A,,05/18/2016,10/18/2017,10/24/2017,MAILED,NO,NO,ELDERLY,NO,804H,804H,012,023,126,AUGU,00224,,00020,22,
RICHMOND,05461676,CICCIO,KIMBERLY,ANNE,,2519,PATTERSON BRIDGE RD, ,HEPHZIBAH,GA,30815-4943,2519,PATTERSON BRIDGE RD,,HEPHZIBAH,GA,30815-4943,A,R,Ballot Not Returned By Election Day,10/26/2017,10/26/2017,11/09/2017,MAILED,NO,NO,,NO,804H,804H,012,023,126,AUGU,00224,,00080,83,
RICHMOND,01464594,USRY,WILLIAM,DAVID,,4425,REYNOLDS ST, ,HEPHZIBAH,GA,30815-4930,4425,REYNOLDS ST,,HEPHZIBAH,GA,30815-4930,A,A,,10/23/2017,10/23/2017,10/30/2017,MAILED,NO,NO,,NO,804H,804H,012,023,126,AUGU,00224,,00064,67,
RICHMOND,01488907,MARKS,ROSA,H,,4704,FULCHER RD, ,HEPHZIBAH,GA,30815-7962,4704,FULCHER RD,,HEPHZIBAH,GA,30815-7962,A,A,,10/24/2017,10/24/2017,10/30/2017,MAILED,NO,NO,ELDERLY,NO,804H,804H,012,023,126,AUGU,00224,,00069,72,
RICHMOND,01490066,REESE,LULA,M,,4932,WINDSOR SPRING RD, ,HEPHZIBAH,GA,30815-4368,4932,WINDSOR SPRING RD,,HEPHZIBAH,GA,30815-4368,A,A,,10/17/2017,10/17/2017,11/01/2017,MAILED,NO,NO,,NO,804H,804H,012,023,126,AUGU,00224,,00010,10,
RICHMOND,05511076,LOESER,MICHAEL,JOSEPH,,2951,KEYSVILLE RD, ,HEPHZIBAH,GA,30815,2951,KEYSVILLE RD,,HEPHZIBAH,GA,30815-5125,A,A,,10/18/2017,10/18/2017,10/18/2017,IN PERSON,NO,NO,,NO,804H,804H,012,023,126,AUGU,00224,121166,00003,26,
RICHMOND,06322152,MUCKELSTON,RUTH,C,,3004,GREY FOX DR, ,HEPHZIBAH,GA,30815-4869,3004,GREY FOX DR,,HEPHZIBAH,GA,30815-4869,A,A,,10/23/2017,10/23/2017,11/03/2017,MAILED,NO,NO,ELDERLY,NO,804H,804H,012,023,126,AUGU,00224,,00059,62,
RICHMOND,01488549,HOOKS,CECILIA,DOROTHY,,4753,FULCHER RD, ,HEPHZIBAH,GA,30815-4824,4753,FULCHER RD,,HEPHZIBAH,GA,30815-4824,A,A,,10/20/2017,10/20/2017,10/26/2017,MAILED,NO,NO,ELDERLY,NO,804H,804H,012,023,126,AUGU,00224,,00044,47,
RICHMOND,04915276,IRBY,JASON,NATHANIEL,,4646,FULCHER RD, ,HEPHZIBAH,GA,30815-4819,4646,FULCHER RD,,HEPHZIBAH,GA,30815-4819,A,A,,10/23/2017,10/23/2017,11/06/2017,MAILED,NO,NO,,NO,804H,804H,012,023,126,AUGU,00224,,00057,60,
RICHMOND,01491289,MARKS,WILLIAM,W,,4704,FULCHER RD, ,HEPHZIBAH,GA,30815-4823,4704,FULCHER RD,,HEPHZIBAH,GA,30815-4823,A,,,10/24/2017,10/24/2017,,MAILED,NO,NO,ELDERLY,NO,804H,804H,012,023,126,AUGU,00224,,00070,73,
RICHMOND,01487965,CARTER,ALEATHA,FULCHER,,4676,FULCHER RD, ,HEPHZIBAH,GA,30815-4819,4676,FULCHER RD,,HEPHZIBAH,GA,30815-4819,A,A,,11/01/2017,11/01/2017,11/06/2017,MAILED,NO,NO,,NO,804H,804H,012,023,126,AUGU,00224,,00096,101,
RICHMOND,01488130,DOBBS,MELVIN,E,,4430,REYNOLDS ST, ,HEPHZIBAH,GA,30815-4931,,PO BOX 325,,HEPHZIBAH,GA,30815-0032,A,A,,10/17/2017,10/17/2017,10/17/2017,IN PERSON,NO,NO,,NO,804H,804H,012,023,126,AUGU,00224,121166,00002,13,
RICHMOND,01500500,BRIGHAM,SANDRA,C,,2423,GA HIGHWAY 88, ,HEPHZIBAH,GA,30815-4626,2423,GA HIGHWAY 88,,HEPHZIBAH,GA,30815-4626,A,,,10/19/2017,10/19/2017,,MAILED,NO,NO,,NO,804H,804H,012,023,126,AUGU,00224,,00030,33,
RICHMOND,05719718,CHAVOUS,WENDELL,PHILLIP,JR,2383,MIMS RD, ,HEPHZIBAH,GA,30815,2383,MIMS RD,,HEPHZIBAH,GA,30815,A,,,10/27/2017,10/27/2017,,MAILED,NO,NO,,NO,804H,804H,012,023,126,AUGU,00224,,00091,94,
RICHMOND,01493833,OGLESBY,BILLY,GENE,,2371,GA HIGHWAY 88, ,HEPHZIBAH,GA,30815-4630,2371,GA HIGHWAY 88,,HEPHZIBAH,GA,30815-4630,A,A,,10/31/2017,10/31/2017,10/31/2017,IN PERSON,NO,NO,,NO,804H,804H,012,023,126,AUGU,00224,121166,00004,97,
RICHMOND,10313452,GRAMMONT,CHARLES,CICIL,,1362,OAK RIDGE PLANTATION RD, ,HEPHZIBAH,GA,30815,1362,OAK RIDGE PLANTATION ,,HEPHZIBAH,GA,30815-5574,A,A,,10/26/2017,10/26/2017,11/02/2017,MAILED,NO,NO,,NO,804H,804H,012,023,126,AUGU,00224,,00081,84,
RICHMOND,06815407,BURKHALTER,JESSICA,ANNE,,4637,FULCHER RD, ,HEPHZIBAH,GA,30815,4637,FULCHER RD,,HEPHZIBAH,GA,30815,A,,,10/20/2017,10/20/2017,,MAILED,NO,NO,,NO,804H,804H,012,023,126,AUGU,00224,,00043,46,
RICHMOND,07762187,GOINS,LINDA,TURNER,,3030,GREY FOX DR, ,HEPHZIBAH,GA,30815-4869,3030,GREY FOX DR,,HEPHZIBAH,GA,30815-4869,A,A,,10/24/2017,10/24/2017,10/31/2017,MAILED,NO,NO,,NO,804H,804H,012,023,126,AUGU,00224,,00073,76,
RICHMOND,01487501,AVERETTE,DICYE,LUCAS,,2591,GA HIGHWAY 88, ,HEPHZIBAH,GA,30815-4966,,PO BOX 116,,HEPHZIBAH,GA,30815-0011,A,A,,10/17/2017,10/17/2017,10/31/2017,MAILED,NO,NO,,NO,804H,804H,012,023,126,AUGU,00224,,00001,1,
RICHMOND,01489965,WILLIAMS,A,FRANKLIN,,4429,REYNOLDS ST, ,HEPHZIBAH,GA,30815-4930,,PO BOX 307,,HEPHZIBAH,GA,30815-0030,A,A,,05/18/2016,10/19/2017,10/27/2017,MAILED,NO,NO,ELDERLY,NO,804H,804H,012,023,126,AUGU,00224,,00038,41,
RICHMOND,10348946,HOWELL,MATTHEW,JOSEPH,,2394,GA HIGHWAY 88, ,HEPHZIBAH,GA,30815,2394,HIGHWAY 88,,HEPHZIBAH,GA,30815-4629,A,,,10/17/2017,10/17/2017,,MAILED,NO,NO,,NO,804H,804H,012,023,126,AUGU,00224,,00014,16,
RICHMOND,11393423,TURNER,CHARLOTTE,ANN,,2090,GEORGE VANCE DR, ,HEPHZIBAH,GA,30815,2090,GEORGE VANCE DR,,HEPHZIBAH,GA,30815,A,A,,10/26/2017,10/26/2017,10/31/2017,MAILED,NO,NO,,NO,804H,804H,012,023,126,AUGU,00224,,00084,87,
RICHMOND,03344014,WILLIAMS,PAUL,BRETT,,4429,REYNOLDS ST, ,HEPHZIBAH,GA,30815,4429,REYNOLDS ST,,HEPHZIBAH,GA,30815,A,A,,10/19/2017,10/19/2017,10/30/2017,MAILED,NO,NO,,NO,804H,804H,012,023,126,AUGU,00224,,00040,43,
RICHMOND,01470073,IRBY,DEBORAH,PHILLIPS,,4646,FULCHER RD, ,HEPHZIBAH,GA,30815-7958,4646,FULCHER RD,,HEPHZIBAH,GA,30815-7958,A,A,,10/23/2017,10/23/2017,10/27/2017,MAILED,NO,NO,ELDERLY,NO,804H,804H,012,023,126,AUGU,00224,,00056,59,
RICHMOND,01474495,HENDRIX,JAMES,C,,4394,CLEMENTS RD, ,HEPHZIBAH,GA,30815-4690,4394,CLEMENTS RD,,HEPHZIBAH,GA,30815-4690,A,A,,10/18/2017,10/18/2017,10/24/2017,MAILED,NO,NO,,NO,804H,804H,012,023,126,AUGU,00224,,00019,21,
RICHMOND,01471244,TURNER,JOSEPH,A,SR,2090,GEORGE VANCE DR, ,HEPHZIBAH,GA,30815-4695,2090,GEORGE VANCE DR,,HEPHZIBAH,GA,30815-4695,A,A,,10/24/2017,10/24/2017,10/31/2017,MAILED,NO,NO,ELDERLY,NO,804H,804H,012,023,126,AUGU,00224,,00074,77,
RICHMOND,01438195,USRY,HELEN,CAMILLE,,2537,RAILROAD AVE, ,HEPHZIBAH,GA,30815-4985,2537,RAILROAD AVE,,HEPHZIBAH,GA,30815-4985,A,A,,10/23/2017,10/23/2017,10/27/2017,MAILED,NO,NO,ELDERLY,NO,804H,804H,012,023,126,AUGU,00224,,00063,66,
RICHMOND,01443657,BYRD,GLADYS,MARIE,,4524,FULCHER RD, ,HEPHZIBAH,GA,30815-7957,4524,FULCHER RD,,HEPHZIBAH,GA,30815-7957,A,A,,10/24/2017,10/24/2017,11/06/2017,MAILED,NO,NO,,NO,804H,804H,012,023,126,AUGU,00224,,00072,75,
RICHMOND,06074100,TURNER,JOSEPH,ANDREW,JR,2090,GEORGE VANCE DR, ,HEPHZIBAH,GA,30815,2090,GEORGE VANCE DR,,HEPHZIBAH,GA,30815,A,A,,10/26/2017,10/26/2017,10/31/2017,MAILED,NO,NO,,NO,804H,804H,012,023,126,AUGU,00224,,00085,88,
RICHMOND,02280134,RHODES,BETTY,A,,4386,CLEMENTS RD, ,HEPHZIBAH,GA,30815-4639,4386,CLEMENTS RD,,HEPHZIBAH,GA,30815-4639,A,A,,10/06/2016,11/03/2017,11/07/2017,MAILED,NO,NO,ELDERLY,NO,804H,804H,012,023,126,AUGU,00224,,00097,102,
RICHMOND,01500307,CICCIO,JOYCE,E,,4429,MURPHY ST, ,HEPHZIBAH,GA,30815,4429,MURPHY ST,,HEPHZIBAH,GA,30815,A,,,10/23/2017,10/23/2017,,MAILED,NO,NO,,NO,804H,804H,012,023,126,AUGU,00224,,00048,51,
