County,Voter Registration #,Last Name,First Name,Middle Name,Suffix,Street #,Street Name,Apt/Unit,City,State,Zip Code,Mailing Street #,Mailing Street Name,Mailing Apt/Unit,Mailing City,Mailing State,Mailing Zip Code,Application Status,Ballot Status,Status Reason,Application Date,Ballot Issued Date,Ballot Return Date,Ballot Style,Ballot Assisted,Challenged/Provisional,Designation/Reason Issue,ID Required,Municipal Precinct,County Precinct,CNG,SEN,HOUSE	,JUD,Combo #,Vote Center ID,Ballot ID,Post #,Party
ROCKDALE,00313078,CHRISTIAN,LAURA,JEAN,,1306,N HICKS CIR NW, ,CONYERS,GA,30012-4211,1306,N HICKS CIR NW,,CONYERS,GA,30012-4211,A,A,,10/24/2017,10/24/2017,10/24/2017,IN PERSON,NO,NO,,NO,CO,CO,004,043,092,ROCK,00409,122019,00150,166,
ROCKDALE,07437118,JOHNSON,ANTOINETTE,COLEMAN,,1954,WINDSOR CREEK DR SW, ,CONYERS,GA,30094-5806,1954,WINDSOR CREEK DR SW,,CONYERS,GA,30094-5806,A,A,,11/02/2017,11/02/2017,11/02/2017,IN PERSON,NO,NO,,NO,OT,OT,004,043,091,ROCK,00412,122019,00326,347,
ROCKDALE,00316647,FLANIGAN,ROBERT,,,954,BRYANT ST SW, ,CONYERS,GA,30012-5336,954,BRYANT ST SW,,CONYERS,GA,30012-5336,A,A,,10/25/2017,10/25/2017,10/25/2017,IN PERSON,NO,NO,,NO,CO,CO,004,043,092,ROCK,00411,122019,00156,174,
ROCKDALE,10003951,MIGGINS,JOHN,,,2038,APPALOOSA WAY, ,CONYERS,GA,30012,2038,APPALOOSA WAY,,CONYERS,GA,30012,A,A,,10/17/2017,10/17/2017,10/17/2017,IN PERSON,NO,NO,,NO,CO,CO,004,043,092,ROCK,00408,122019,00037,51,
ROCKDALE,00335967,WILLIAMS,LINDA,M,,1208,VALLEY DR NE, ,CONYERS,GA,30012-4632,1208,VALLEY DR NE,,CONYERS,GA,30012-4632,A,A,,10/31/2017,10/31/2017,10/31/2017,IN PERSON,NO,NO,,NO,OT,OT,004,043,092,ROCK,00409,122019,00270,291,
ROCKDALE,00332524,STANFORD,CORNELIA,M,,1201,VALLEY DR NE, ,CONYERS,GA,30012-4631,1201,VALLEY DR NE,,CONYERS,GA,30012-4631,A,A,,10/27/2017,10/27/2017,10/27/2017,IN PERSON,NO,NO,,NO,OT,OT,004,043,092,ROCK,00409,122019,00207,228,
ROCKDALE,00309483,BAKER,HOWARD,STEPHEN,,1073,MILSTEAD AVE NE, ,CONYERS,GA,30012,1073,MILSTEAD AVE NE,,CONYERS,GA,30012,A,A,,11/03/2017,11/03/2017,11/03/2017,IN PERSON,NO,NO,,NO,OT,OT,004,043,092,ROCK,00410,122019,00353,374,
ROCKDALE,03497566,SAMAD,CAROL,M,,1461,SAINT GEORGE PL, ,CONYERS,GA,30012-7128,1461,SAINT GEORGE PL,,CONYERS,GA,30012-7128,A,A,,10/17/2017,10/17/2017,10/17/2017,IN PERSON,NO,NO,,NO,OT,OT,004,043,092,ROCK,00410,122019,00029,43,
ROCKDALE,03906642,WAGES,DENNIS,WAYNE,,1289,LARK LN NE, ,CONYERS,GA,30012-4821,1289,LARK LN NE,,CONYERS,GA,30012-4821,A,A,,11/03/2017,11/03/2017,11/03/2017,IN PERSON,NO,NO,,NO,OT,OT,004,043,092,ROCK,00411,122019,00351,372,
ROCKDALE,02033968,BAKER,ANITA,MARTIN,,1676,LANCASTER CREEK CIR SW, ,CONYERS,GA,30094-5840,1676,LANCASTER CREEK CIR SW,,CONYERS,GA,30094-5840,A,A,,11/03/2017,11/03/2017,11/03/2017,IN PERSON,NO,NO,,NO,OT,OT,004,043,091,ROCK,00412,122019,00368,389,
ROCKDALE,00325684,MILLER,JANICE,CAMP,,1581,WESLEY WAY NW, ,CONYERS,GA,30012-4060,1581,WESLEY WAY NW,,CONYERS,GA,30012-4060,A,A,,11/01/2017,11/01/2017,11/01/2017,IN PERSON,NO,NO,,NO,CO,CO,004,043,092,ROCK,00409,122019,00288,309,
ROCKDALE,02095275,MULLEN,THERESA,SCROGGINS,,1938,CORNERSTONE PASS, ,CONYERS,GA,30012-3788,1938,CORNERSTONE PASS,,CONYERS,GA,30012-3788,A,A,,10/19/2017,10/19/2017,10/19/2017,IN PERSON,NO,NO,,NO,OT,OT,004,043,092,ROCK,00409,122019,00077,93,
ROCKDALE,00331480,SIMPSON,AILEENE,C,,1175,VALLEY DR NE, ,CONYERS,GA,30012-4629,1175,VALLEY DR NE,,CONYERS,GA,30012-4629,A,A,,10/26/2017,10/26/2017,10/26/2017,IN PERSON,NO,NO,,NO,OT,OT,004,043,092,ROCK,00409,122019,00188,208,
ROCKDALE,04350668,FEARS,VENUS,CALISSHA D'NARA,,702,RANDALL ST SW, ,CONYERS,GA,30012-5230,702,RANDALL ST SW,,CONYERS,GA,30012-5230,A,A,,10/30/2017,10/30/2017,10/30/2017,IN PERSON,NO,NO,,NO,CO,CO,004,043,092,ROCK,00408,122019,00249,270,
ROCKDALE,04815767,CARTER,CHRISTOPHER,EDWARD,,1045,MAIN ST NW, ,CONYERS,GA,30012-4453,1045,MAIN ST NW,,CONYERS,GA,30012-4453,A,A,,10/27/2017,10/27/2017,10/27/2017,IN PERSON,NO,NO,,NO,CO,CO,004,043,092,ROCK,00410,122019,00216,237,
ROCKDALE,00319111,HARNAGE,BRIAN,F,,1501,REVEL COVE DR SW, ,CONYERS,GA,30094-5828,1501,REVEL COVE DR SW,,CONYERS,GA,30094-5828,A,A,,10/19/2017,10/19/2017,10/19/2017,IN PERSON,NO,NO,,NO,OT,OT,004,043,091,ROCK,00412,122019,00079,95,
ROCKDALE,00330068,ROGERS,LINDA,GAIL,,893,ANDREWS DR NW, ,CONYERS,GA,30012,893,ANDREWS DR NW,,CONYERS,GA,30012,A,A,,10/31/2017,10/31/2017,10/31/2017,IN PERSON,NO,NO,,NO,CO,CO,004,043,092,ROCK,00410,122019,00274,295,
ROCKDALE,00316175,EVANS,GUY,VINCENT,JR,1240,SHADOWLAWN DR NE, ,CONYERS,GA,30012-4619,1240,SHADOWLAWN DR NE,,CONYERS,GA,30012-4619,A,A,,10/16/2017,10/16/2017,10/16/2017,IN PERSON,NO,NO,,NO,OT,OT,004,043,092,ROCK,00409,122019,00006,17,
ROCKDALE,00312607,CARTER,GEORGE,EDWARD,,1045,MAIN ST NW, ,CONYERS,GA,30012-4453,1045,MAIN ST NW,,CONYERS,GA,30012-4453,A,A,,10/27/2017,10/27/2017,10/27/2017,IN PERSON,NO,NO,,NO,CO,CO,004,043,092,ROCK,00410,122019,00199,220,
ROCKDALE,00327860,PASSMORE,NEIL,W,,1221,WELLBROOK PL NE, ,CONYERS,GA,30012-3897,1221,WELLBROOK PL NE,,CONYERS,GA,30012-3897,A,A,,10/24/2017,10/24/2017,10/24/2017,IN PERSON,NO,NO,,NO,OT,OT,004,043,092,ROCK,00409,122019,00139,155,
ROCKDALE,03666047,GARNER,VIRGINIA,JENANN,,900,LEGION RD NE, ,CONYERS,GA,30012-4828,900,LEGION RD NE,,CONYERS,GA,30012-4828,A,A,,11/02/2017,11/02/2017,11/02/2017,IN PERSON,NO,NO,,NO,OT,OT,004,043,092,ROCK,00411,122019,00327,348,
ROCKDALE,06159775,COLLINS,LESTER,PAUL,,1942,BRIDGESTONE CIR, ,CONYERS,GA,30012,1942,BRIDGESTONE CIR,,CONYERS,GA,30012,A,A,,11/03/2017,11/03/2017,11/03/2017,IN PERSON,NO,NO,,NO,OT,OT,004,043,092,ROCK,00409,122019,00370,391,
ROCKDALE,01974644,GUICE,KATHERINE,MARLO,,1236,TREE LEAF LN, ,CONYERS,GA,30012-3592,1236,TREE LEAF LN,,CONYERS,GA,30012-3592,A,A,,11/02/2017,11/02/2017,11/02/2017,IN PERSON,NO,NO,,NO,CO,CO,004,043,092,ROCK,00408,122019,00319,340,
ROCKDALE,00316860,FOSTER,GALEN,,,1104,PARK CIR NW, ,CONYERS,GA,30012-4458,1104,PARK CIR NW,,CONYERS,GA,30012-4458,A,A,,11/03/2017,11/03/2017,11/03/2017,IN PERSON,NO,NO,,NO,CO,CO,004,043,092,ROCK,00410,122019,00349,370,
ROCKDALE,00311556,BROWN,JAMES,D,,955,COLLEGE AVE NW, ,CONYERS,GA,30012-4421,955,COLLEGE AVE NW,,CONYERS,GA,30012-4421,A,A,,10/24/2017,10/24/2017,10/24/2017,IN PERSON,NO,NO,,NO,CO,CO,004,043,092,ROCK,00409,122019,00140,156,
ROCKDALE,00327856,PASSMORE,DIANNE,A,,1221,WELLBROOK PL NE, ,CONYERS,GA,30012-3897,1221,WELLBROOK PL NE,,CONYERS,GA,30012-3897,A,A,,10/24/2017,10/24/2017,10/24/2017,IN PERSON,NO,NO,,NO,OT,OT,004,043,092,ROCK,00409,122019,00138,154,
ROCKDALE,01131105,SMILEY,BETTY,YVONNE,,1444,PINE LOG RD NE,B,CONYERS,GA,30012-4738,1444,PINE LOG RD NE,B,CONYERS,GA,30012-4738,A,A,,10/30/2017,10/30/2017,10/30/2017,IN PERSON,NO,NO,,NO,OT,OT,004,043,092,ROCK,00410,122019,00254,275,
ROCKDALE,00335482,WHALEY,JOHN,W,,1286,NORTHSIDE DR NW, ,CONYERS,GA,30012-4156,1286,NORTHSIDE DR NW,,CONYERS,GA,30012-4156,A,A,,10/24/2017,10/24/2017,10/24/2017,IN PERSON,NO,NO,,NO,CO,CO,004,043,092,ROCK,00409,122019,00136,152,
ROCKDALE,00312841,CHANDLER,CAROLYN,JONES,,930,DOVE CT NE, ,CONYERS,GA,30012-4814,930,DOVE CT NE,,CONYERS,GA,30012-4814,A,A,,10/18/2017,10/18/2017,10/18/2017,IN PERSON,NO,NO,,NO,OT,OT,004,043,092,ROCK,00411,122019,00062,78,
ROCKDALE,00319729,HENDERSON,NANCY,F,,981,HIGHLAND CIR SE, ,CONYERS,GA,30012-5411,981,HIGHLAND CIR SE,,CONYERS,GA,30012-5411,A,A,,10/27/2017,10/27/2017,10/27/2017,IN PERSON,NO,NO,,NO,CO,CO,004,043,092,ROCK,00411,122019,00197,218,
ROCKDALE,00336726,YAUN,WILBUR,A,JR,918,JACKIE CT NE, ,CONYERS,GA,30012-4618,918,JACKIE CT NE,,CONYERS,GA,30012-4618,A,A,,10/27/2017,10/27/2017,10/27/2017,IN PERSON,NO,NO,,NO,OT,OT,004,043,092,ROCK,00410,122019,00202,223,
ROCKDALE,04917584,WATERS,JAMES,ANDREW,,1004,WOODBRIDGE CT NE, ,CONYERS,GA,30012-4634,1004,WOODBRIDGE CT NE,,CONYERS,GA,30012-4634,A,A,,10/23/2017,10/23/2017,10/23/2017,IN PERSON,NO,NO,,NO,OT,OT,004,043,092,ROCK,00410,122019,00121,137,
ROCKDALE,06253978,BRISCOE,CAYA,LASHEENA,,1536,EASTMONT DR NW, ,CONYERS,GA,30012,1536,EASTMONT DR NW,,CONYERS,GA,30012,A,A,,11/02/2017,11/02/2017,11/02/2017,IN PERSON,NO,NO,,NO,CO,CO,004,043,092,ROCK,00408,122019,00308,329,
ROCKDALE,01436679,COLLINS,BARBARA,CHATMAN,,1942,BRIDGESTONE CIR, ,CONYERS,GA,30012,1942,BRIDGESTONE CIR,,CONYERS,GA,30012,A,A,,11/03/2017,11/03/2017,11/03/2017,IN PERSON,NO,NO,,NO,OT,OT,004,043,092,ROCK,00409,122019,00359,380,
ROCKDALE,00324092,MAGNUSON,LYNN,A,,1798,RIVERRIDGE DR NW, ,CONYERS,GA,30012-4045,1798,RIVERRIDGE DR NW,,CONYERS,GA,30012-4045,A,A,,10/30/2017,10/30/2017,10/30/2017,IN PERSON,NO,NO,,NO,CO,CO,004,043,092,ROCK,00408,122019,00231,252,
ROCKDALE,00326349,MORRIS,HERBERT,B,,1558,TANGLEWOOD WAY NW, ,CONYERS,GA,30012-4057,1558,TANGLEWOOD WAY NW,,CONYERS,GA,30012-4057,A,A,,10/17/2017,10/17/2017,10/17/2017,IN PERSON,NO,NO,,NO,CO,CO,004,043,092,ROCK,00409,122019,00030,44,
ROCKDALE,10402283,NIXON,PRISCILLA,B,,1047,SCOTT ST SE, ,CONYERS,GA,30012,1047,SCOTT ST SE,,CONYERS,GA,30012,A,A,,10/25/2017,10/25/2017,10/25/2017,IN PERSON,NO,NO,,NO,CO,CO,004,043,092,ROCK,00411,122019,00158,178,
ROCKDALE,00310239,BENTON,ANNIE,LEE,,1231,MAIN ST NW, ,CONYERS,GA,30012-4364,1231,MAIN ST NW,,CONYERS,GA,30012-4364,A,A,,10/24/2017,10/24/2017,11/01/2017,MAILED,NO,NO,DISABLED,NO,CO,CO,004,043,092,ROCK,00408,,00009,169,
ROCKDALE,01639763,HALL,STEVEN,HOWARD,,1436,REAGAN CIR NW, ,CONYERS,GA,30012-4200,1436,REAGAN CIR NW,,CONYERS,GA,30012-4200,A,A,,10/30/2017,10/30/2017,10/30/2017,IN PERSON,NO,NO,,NO,CO,CO,004,043,092,ROCK,00409,122019,00233,254,
ROCKDALE,00041029,MATHIS,DEARICA,WENKELEYA,,1931,WINDSOR CREEK DR SW, ,CONYERS,GA,30094-5832,1931,WINDSOR CREEK DR SW,,CONYERS,GA,30094-5832,A,A,,10/30/2017,10/30/2017,10/30/2017,IN PERSON,NO,NO,,NO,OT,OT,004,043,091,ROCK,00412,122019,00222,243,
ROCKDALE,05840488,MILLER,KATHIE,JOETTE,,416,RENAISSANCE WAY, ,CONYERS,GA,30012-8010,416,RENAISSANCE WAY,,CONYERS,GA,30012-8010,A,A,,10/18/2017,10/18/2017,10/18/2017,IN PERSON,NO,NO,,NO,OT,OT,004,043,092,ROCK,00409,122019,00067,83,
ROCKDALE,00315275,DONOVAN-WATKINS,NANCY,C,,946,PARK PL NE, ,CONYERS,GA,30012-4765,946,PARK PL NE,,CONYERS,GA,30012-4765,A,A,,10/16/2017,10/16/2017,10/16/2017,IN PERSON,NO,NO,,NO,OT,OT,004,043,092,ROCK,00410,122019,00013,24,
ROCKDALE,00321794,JONES,MARTIN,B,,1098,PARK CIR NW, ,CONYERS,GA,30012,1098,PARK CIR NW,,CONYERS,GA,30012,A,A,,11/01/2017,11/01/2017,11/01/2017,IN PERSON,NO,NO,,NO,CO,CO,004,043,092,ROCK,00410,122019,00287,308,
ROCKDALE,05536490,CHAMBERLAIN,ORA,CHANDLER,,1926,CORNERSTONE PASS, ,CONYERS,GA,30012,1926,CORNERSTONE PASS,,CONYERS,GA,30012,A,A,,11/03/2017,11/03/2017,11/03/2017,IN PERSON,NO,NO,,NO,OT,OT,004,043,092,ROCK,00409,122019,00347,368,
ROCKDALE,02107156,SNOW,ANDREA,T,,2406,BLACK FOREST DR, ,CONYERS,GA,30012-5289,2406,BLACK FOREST DR,,CONYERS,GA,30012-5289,A,A,,10/20/2017,10/20/2017,10/20/2017,IN PERSON,NO,NO,,NO,CO,CO,004,043,092,ROCK,00408,122019,00108,124,
ROCKDALE,07215510,BROWN,SONIA,PAULETTA,,1248,TREE LEAF LN, ,CONYERS,GA,30012-3592,1248,TREE LEAF LN,,CONYERS,GA,30012-3592,A,A,,11/02/2017,11/02/2017,11/02/2017,IN PERSON,NO,NO,,NO,CO,CO,004,043,092,ROCK,00408,122019,00321,342,
ROCKDALE,04658415,RICE,ANTHONY,BERNARD,,1396,REVEL COVE DR SW, ,CONYERS,GA,30094,1396,REVEL COVE DR SW,,CONYERS,GA,30094,A,A,,10/31/2017,10/31/2017,10/31/2017,IN PERSON,NO,NO,,NO,OT,OT,004,043,091,ROCK,00412,122019,00278,299,
ROCKDALE,00309481,BAKER,GREGORY,CHARLES,,1676,LANCASTER CREEK CIR SW, ,CONYERS,GA,30094-5840,1676,LANCASTER CREEK CIR SW,,CONYERS,GA,30094-5840,A,A,,10/26/2017,10/26/2017,10/26/2017,IN PERSON,NO,NO,,NO,OT,OT,004,043,091,ROCK,00412,122019,00182,202,
ROCKDALE,00319586,HEARD,CLARA,COOK,,1305,LAKEVIEW DR NW, ,CONYERS,GA,30012-4485,1305,LAKEVIEW DR NW,,CONYERS,GA,30012-4485,A,A,,10/31/2017,10/31/2017,10/31/2017,IN PERSON,NO,NO,,NO,CO,CO,004,043,092,ROCK,00409,122019,00263,284,
ROCKDALE,05416550,ROY,ELSIE,R,,1035,CHESTNUT OAK CT NE,APT B,CONYERS,GA,30012,1035,CHESTNUT OAK CT NE,APT B,CONYERS,GA,30012,A,A,,10/16/2017,10/16/2017,10/16/2017,IN PERSON,NO,NO,,NO,OT,OT,004,043,092,ROCK,00410,122019,00002,2,
ROCKDALE,00331484,SIMPSON,JAMES,R,,1175,VALLEY DR NE, ,CONYERS,GA,30012-4629,1175,VALLEY DR NE,,CONYERS,GA,30012-4629,A,A,,10/26/2017,10/26/2017,10/26/2017,IN PERSON,NO,NO,,NO,OT,OT,004,043,092,ROCK,00409,122019,00187,207,
ROCKDALE,00317898,GODWIN,RONALD,LEON,,1077,TURNER ST NE, ,CONYERS,GA,30012-4533,1077,TURNER ST NE,,CONYERS,GA,30012-4533,A,A,,10/16/2017,10/16/2017,10/16/2017,IN PERSON,NO,NO,,NO,OT,OT,004,043,092,ROCK,00409,122019,00003,6,
ROCKDALE,01995720,HUDSON,RODGER,,JR,879,ROSSER ST NW, ,CONYERS,GA,30012,879,ROSSER ST NW,,CONYERS,GA,30012,A,A,,10/26/2017,10/26/2017,10/26/2017,IN PERSON,NO,NO,,NO,CO,CO,004,043,092,ROCK,00410,122019,00190,210,
ROCKDALE,00318994,HARBIN,CATHY,SCOTT,,1580,TANGLEWOOD WAY NW, ,CONYERS,GA,30012-4057,1580,TANGLEWOOD WAY NW,,CONYERS,GA,30012-4057,A,A,,11/03/2017,11/03/2017,11/03/2017,IN PERSON,NO,NO,,NO,CO,CO,004,043,092,ROCK,00409,122019,00344,365,
ROCKDALE,01368218,BENTLEY,MARY,ANN,,1644,VILLAGE PLACE CIR NE, ,CONYERS,GA,30012-7108,1644,VILLAGE PLACE CIR NE,,CONYERS,GA,30012-7108,A,A,,10/23/2017,10/23/2017,10/23/2017,IN PERSON,NO,NO,,NO,OT,OT,004,043,092,ROCK,00410,122019,00130,146,
ROCKDALE,00336897,YOUNGBLOOD,MILDRED,G,,1362,SPRINGWOOD DR NW, ,CONYERS,GA,30012-4237,1362,SPRINGWOOD DR NW,,CONYERS,GA,30012-4237,A,A,,10/18/2017,10/18/2017,10/18/2017,IN PERSON,NO,NO,,NO,CO,CO,004,043,092,ROCK,00409,122019,00065,81,
ROCKDALE,00309096,ARMSTEAD,GLORIA,STRONG,,1295,ROBIN RD NE, ,CONYERS,GA,30012-4833,1295,ROBIN RD NE,,CONYERS,GA,30012-4833,A,A,,10/27/2017,10/27/2017,10/27/2017,IN PERSON,NO,NO,,NO,OT,OT,004,043,092,ROCK,00411,122019,00214,235,
ROCKDALE,00317688,GIBSON,CASSANDRA,L,,995,HEWLETT ST SW, ,CONYERS,GA,30012-5343,995,HEWLETT ST SW,,CONYERS,GA,30012-5343,A,A,,11/03/2017,11/03/2017,11/03/2017,IN PERSON,NO,NO,,NO,CO,CO,004,043,092,ROCK,00411,122019,00338,359,
ROCKDALE,03650367,MARKS-TURNER,RENA,MAUDE,,1691,WINCHESTER WAY SE, ,CONYERS,GA,30013-1746,1691,WINCHESTER WAY SE,,CONYERS,GA,30013-1746,A,A,,10/17/2017,10/17/2017,10/17/2017,IN PERSON,NO,NO,,NO,OT,OT,004,043,091,ROCK,00412,122019,00051,67,
ROCKDALE,07379775,SHINE,LATOYA,WASHINGTON,,2434,BLACK FOREST DR, ,CONYERS,GA,30012,2434,BLACK FOREST DR,,CONYERS,GA,30012,A,A,,11/02/2017,11/02/2017,11/02/2017,IN PERSON,NO,NO,,NO,CO,CO,004,043,092,ROCK,00408,122019,00324,345,
ROCKDALE,00318321,BROWN,HELEN,C,,1665,RIDGEVIEW DR NW, ,CONYERS,GA,30012-4001,1665,RIDGEVIEW DR NW,,CONYERS,GA,30012-4001,A,A,,11/01/2017,11/01/2017,11/01/2017,IN PERSON,NO,NO,,NO,CO,CO,004,043,092,ROCK,00408,122019,00294,315,
ROCKDALE,02088620,JACKSON,SAMANTHA,Y,,1660,VILLAGE PLACE CIR NE, ,CONYERS,GA,30012-7108,1660,VILLAGE PLACE CIR NE,,CONYERS,GA,30012-7108,A,A,,11/02/2017,11/02/2017,11/02/2017,IN PERSON,NO,NO,,NO,OT,OT,004,043,092,ROCK,00410,122019,00314,335,
ROCKDALE,00310443,BISHOP,CAROL,,,1006,N MAIN ST NW, ,CONYERS,GA,30012-4408,1006,N MAIN ST NW,,CONYERS,GA,30012-4408,A,A,,10/23/2017,10/23/2017,10/23/2017,IN PERSON,NO,NO,,NO,CO,CO,004,043,092,ROCK,00410,122019,00129,145,
ROCKDALE,00316905,FOUNTAIN,CAROL,S,,930,PEEK ST NW, ,CONYERS,GA,30012-4448,930,PEEK ST NW,,CONYERS,GA,30012-4448,A,A,,10/26/2017,10/26/2017,10/26/2017,IN PERSON,NO,NO,,NO,CO,CO,004,043,092,ROCK,00411,122019,00189,209,
ROCKDALE,00333039,STROUD,CLEVELAND,D,,1256,ROCKBRIDGE RD NW, ,CONYERS,GA,30012-4356,1256,ROCKBRIDGE RD NW,,CONYERS,GA,30012-4356,A,A,,11/01/2017,11/01/2017,11/01/2017,IN PERSON,NO,NO,,NO,CO,CO,004,043,092,ROCK,00408,122019,00282,303,
ROCKDALE,00818767,MCCRARY,TINA,MARIE,,1575,TANGLEWOOD WAY NW, ,CONYERS,GA,30012-4097,1575,TANGLEWOOD WAY NW,,CONYERS,GA,30012-4097,A,A,,10/19/2017,10/19/2017,10/19/2017,IN PERSON,NO,NO,,NO,CO,CO,004,043,092,ROCK,00408,122019,00080,96,
ROCKDALE,00327788,PARKS,FAYE,S,,1022,PINE LOG RD NE,B,CONYERS,GA,30012-4714,1022,PINE LOG RD NE,B,CONYERS,GA,30012-4714,A,A,,10/18/2017,10/18/2017,10/18/2017,IN PERSON,NO,NO,,NO,OT,OT,004,043,092,ROCK,00411,122019,00070,86,
ROCKDALE,11102196,THOMAS,CASEY,DIANNA,,1340,IRWIN BRIDGE RD NW, ,CONYERS,GA,30012,1340,IRWIN BRIDGE RD NW,,CONYERS,GA,30012-3522,A,A,,10/30/2017,10/30/2017,10/30/2017,IN PERSON,NO,NO,,NO,CO,CO,004,043,092,ROCK,00408,122019,00236,257,
ROCKDALE,04371541,LAMBERT,LESLIE,,,1870,IRWIN BRIDGE RD NW, ,CONYERS,GA,30012-3502,1870,IRWIN BRIDGE RD NW,,CONYERS,GA,30012-3502,A,A,,10/30/2017,10/30/2017,10/30/2017,IN PERSON,NO,NO,,NO,CO,CO,004,043,092,ROCK,00408,122019,00238,259,
ROCKDALE,00320087,HINESLEY,GERALD,A,,962,COLLEGE AVE NW, ,CONYERS,GA,30012-4483,962,COLLEGE AVE NW,,CONYERS,GA,30012-4483,A,A,,10/25/2017,10/25/2017,10/25/2017,IN PERSON,NO,NO,,NO,CO,CO,004,043,092,ROCK,00410,122019,00163,183,
ROCKDALE,00332756,STEWART,BRENDA,P,,1363,NORTHSIDE DR NW, ,CONYERS,GA,30012-4101,1363,NORTHSIDE DR NW,,CONYERS,GA,30012-4101,A,A,,10/26/2017,10/26/2017,10/26/2017,IN PERSON,NO,NO,,NO,CO,CO,004,043,092,ROCK,00409,122019,00183,203,
ROCKDALE,06321085,THORNTON,MALLORY,TAYLOR,,1043,TURNER ST NE, ,CONYERS,GA,30012,1043,TURNER ST NE,,CONYERS,GA,30012,A,A,,10/31/2017,10/31/2017,10/31/2017,IN PERSON,NO,NO,,NO,OT,OT,004,043,092,ROCK,00409,122019,00256,277,
ROCKDALE,00310945,BOWDEN,CURTIS,,,1496,PINE LOG RD NE,C,CONYERS,GA,30012-4793,1496,PINE LOG RD NE,C,CONYERS,GA,30012-4793,A,A,,10/30/2017,10/30/2017,10/30/2017,IN PERSON,NO,NO,,NO,OT,OT,004,043,092,ROCK,00410,122019,00223,244,
ROCKDALE,00320013,RAMSEY,MARTHA,JANE STILL,,1220,BROOKSIDE DR NE, ,CONYERS,GA,30012,1220,BROOKSIDE DR NE,,CONYERS,GA,30012,A,A,,10/23/2017,10/23/2017,10/23/2017,IN PERSON,NO,NO,,NO,OT,OT,004,043,092,ROCK,00409,122019,00126,142,
ROCKDALE,03028643,JACKSON,ROBIN,,,1500,RENAISSANCE DR NE,UNIT 7 B,CONYERS,GA,30012-3883,1500,RENAISSANCE DR NE,UNIT 7 B,CONYERS,GA,30012-3883,A,A,,10/17/2017,10/17/2017,10/17/2017,IN PERSON,NO,NO,,NO,OT,OT,004,043,092,ROCK,00409,122019,00048,64,
ROCKDALE,10458234,DARBY,TOSHEMA,RENEE,,1126,PEAKS LNDG, ,CONYERS,GA,30013,1126,PEAKS LNDG,,CONYERS,GA,30013,A,A,,11/02/2017,11/02/2017,11/02/2017,IN PERSON,NO,NO,,NO,OT,OT,004,043,092,ROCK,00409,122019,00325,346,
ROCKDALE,00320870,HUNTER,ROBERT,B,,1008,HIGHLAND CIR SE, ,CONYERS,GA,30012-5414,1008,HIGHLAND CIR SE,,CONYERS,GA,30012-5414,A,A,,10/09/2017,10/16/2017,11/02/2017,MAILED,NO,NO,,NO,CO,CO,004,043,092,ROCK,00411,,00001,10,
ROCKDALE,05374296,BRYANT-DAVIS,LAUREN,LEIGH,,2532,KESWICK VILLAGE CT NE, ,CONYERS,GA,30013-6546,2532,KESWICK VILLAGE CT NE,,CONYERS,GA,30013-6546,A,A,,10/25/2017,10/25/2017,10/25/2017,IN PERSON,NO,NO,,NO,OT,OT,004,043,114,ROCK,00413,122019,00173,193,
ROCKDALE,02813000,CARPENTER,ANGELA,KEITT,,360,OVERLOOK TURN, ,CONYERS,GA,30012-3663,360,OVERLOOK TURN,,CONYERS,GA,30012-3663,A,A,,10/27/2017,10/27/2017,10/27/2017,IN PERSON,NO,NO,,NO,OT,OT,004,043,092,ROCK,00409,122019,00204,225,
ROCKDALE,10682090,DERAMUS,BETTY,BRASCOM,,1243B,SUMMER CIR NW, ,CONYERS,GA,30012,1243B,SUMMER CIR NW,,CONYERS,GA,30012,A,A,,10/27/2017,10/27/2017,10/27/2017,IN PERSON,NO,NO,,NO,CO,CO,004,043,092,ROCK,00408,122019,00217,238,
ROCKDALE,00316738,FLYNT,JULIA,H,,1291,SHADOWLAWN DR NE, ,CONYERS,GA,30012-4653,1291,SHADOWLAWN DR NE,,CONYERS,GA,30012-4653,A,A,,10/24/2017,10/24/2017,10/24/2017,IN PERSON,NO,NO,,NO,OT,OT,004,043,092,ROCK,00409,122019,00152,168,
ROCKDALE,00323867,LOYAL,ROYAL,,,891,MALCOM ST SE, ,CONYERS,GA,30012,891,MALCOM ST SE,,CONYERS,GA,30012,A,A,,11/03/2017,11/03/2017,11/03/2017,IN PERSON,NO,NO,,NO,CO,CO,004,043,092,ROCK,00411,122019,00355,376,
ROCKDALE,03867725,JACKSON,JOHN,LEONARD,,1660,VILLAGE PLACE CIR NE, ,CONYERS,GA,30012-7108,1660,VILLAGE PLACE CIR NE,,CONYERS,GA,30012-7108,A,A,,10/31/2017,10/31/2017,10/31/2017,IN PERSON,NO,NO,,NO,OT,OT,004,043,092,ROCK,00410,122019,00255,276,
ROCKDALE,10681227,SLOANE,JOELLE,CELINE,,2406,BLACK FOREST DR, ,CONYERS,GA,30012,2406,BLACK FOREST DR,,CONYERS,GA,30012,A,A,,10/20/2017,10/20/2017,10/20/2017,IN PERSON,NO,NO,,NO,CO,CO,004,043,092,ROCK,00408,122019,00109,125,
ROCKDALE,10841116,MILLER,WILLIAM,GRIFFIN,,1049,FOREST LN NE, ,CONYERS,GA,30012,1049,FOREST LN NE,,CONYERS,GA,30012,A,A,,11/01/2017,11/01/2017,11/01/2017,IN PERSON,NO,NO,,NO,OT,OT,004,043,092,ROCK,00409,122019,00302,323,
ROCKDALE,07596211,NOLEN,JANICE,MARIE ADAMS,,1698,WESLEY WAY NW,APT B,CONYERS,GA,30012,1698,WESLEY WAY NW,APT B,CONYERS,GA,30012,A,A,,10/20/2017,10/20/2017,10/20/2017,IN PERSON,NO,NO,,NO,CO,CO,004,043,092,ROCK,00408,122019,00113,129,
ROCKDALE,00309310,AYERS,JOAN,E,,1000,N MAIN ST NW, ,CONYERS,GA,30012-4408,1000,N MAIN ST NW,,CONYERS,GA,30012-4408,A,A,,11/03/2017,11/03/2017,11/03/2017,IN PERSON,NO,NO,,NO,CO,CO,004,043,092,ROCK,00410,122019,00358,379,
ROCKDALE,00309884,BASS,VERNA,LAVONNE,,1246,LARK LN NE, ,CONYERS,GA,30012-4822,1246,LARK LN NE,,CONYERS,GA,30012-4822,A,A,,11/03/2017,11/03/2017,11/03/2017,IN PERSON,NO,NO,,NO,OT,OT,004,043,092,ROCK,00411,122019,00340,361,
ROCKDALE,02529320,SULLIVAN,JAMES,,,972,COLLEGE AVE NW, ,CONYERS,GA,30012,972,COLLEGE AVE NW,,CONYERS,GA,30012,A,A,,11/02/2017,11/02/2017,11/02/2017,IN PERSON,NO,NO,,NO,CO,CO,004,043,092,ROCK,00410,122019,00306,327,
ROCKDALE,07350760,JONES,SHIRLEY,MAE,,1510,EVERGREEN HOLLOW LN, ,CONYERS,GA,30012-3591,1510,EVERGREEN HOLLOW LN,,CONYERS,GA,30012-3591,A,A,,10/31/2017,10/31/2017,10/31/2017,IN PERSON,NO,NO,,NO,CO,CO,004,043,092,ROCK,00408,122019,00268,289,
ROCKDALE,00322144,KENDRICK,WILEY,,,1074,MEADOWBROOK LN NW, ,CONYERS,GA,30012-4021,1074,MEADOWBROOK LN NW,,CONYERS,GA,30012-4021,A,A,,10/30/2017,10/30/2017,10/30/2017,IN PERSON,NO,NO,,NO,CO,CO,004,043,092,ROCK,00409,122019,00232,253,
ROCKDALE,00311434,BROOKS,MARGUERITE,M,,996,MILSTEAD AVE NE, ,CONYERS,GA,30012-4526,996,MILSTEAD AVE NE,,CONYERS,GA,30012-4526,A,A,,10/20/2017,10/20/2017,10/20/2017,IN PERSON,NO,NO,,NO,CO,CO,004,043,092,ROCK,00409,122019,00101,117,
ROCKDALE,00323458,LIGHTFOOT,KARLA,JOYCE,,804,REAGAN DR NW, ,CONYERS,GA,30012-4500,804,REAGAN DR NW,,CONYERS,GA,30012-4500,A,A,,10/20/2017,10/20/2017,10/20/2017,IN PERSON,NO,NO,,NO,CO,CO,004,043,092,ROCK,00409,122019,00098,114,
ROCKDALE,00332142,SMITH,SHELLEY,K,,896,LITTLE BEAR CV NE, ,CONYERS,GA,30012-4768,896,LITTLE BEAR CV NE,,CONYERS,GA,30012-4768,A,A,,10/19/2017,10/19/2017,10/19/2017,IN PERSON,NO,NO,,NO,OT,OT,004,043,092,ROCK,00410,122019,00085,101,
ROCKDALE,10368210,HENDERSON,JOHN,RICHARD,,145,ELLIS DR, ,CONYERS,GA,30012,145,ELLIS DR,,CONYERS,GA,30012,A,A,,11/03/2017,11/03/2017,11/03/2017,IN PERSON,NO,NO,,NO,OT,OT,004,043,092,ROCK,00409,122019,00367,388,
ROCKDALE,00312036,BURRELL,JAMES,RONNIE,,1190,MILSTEAD AVE NE, ,CONYERS,GA,30012-4563,1190,MILSTEAD AVE NE,,CONYERS,GA,30012-4563,A,A,,10/30/2017,10/30/2017,10/30/2017,IN PERSON,NO,NO,,NO,CO,CO,004,043,092,ROCK,00409,122019,00224,245,
ROCKDALE,00323025,LAWRENCE,KATHERINE,ANN,,1197,WOODLAND RD NE, ,CONYERS,GA,30012-4546,1197,WOODLAND RD NE,,CONYERS,GA,30012-4546,A,A,,10/16/2017,10/16/2017,10/16/2017,IN PERSON,NO,NO,,NO,OT,OT,004,043,092,ROCK,00409,122019,00014,25,
ROCKDALE,00310460,BROWN,MOLLI,AMANDA,,887,ANDREWS DR NW, ,CONYERS,GA,30012,887,ANDREWS DR NW,,CONYERS,GA,30012,A,A,,10/24/2017,10/24/2017,10/24/2017,IN PERSON,NO,NO,,NO,CO,CO,004,043,092,ROCK,00410,122019,00135,151,
ROCKDALE,00317373,GARLAND,D,JANE,,1010,TURNER ST NE, ,CONYERS,GA,30012,,PO BOX 80775,,CONYERS,GA,30013-0877,A,A,,10/18/2017,10/18/2017,10/18/2017,IN PERSON,NO,NO,,NO,OT,OT,004,043,092,ROCK,00409,122019,00059,75,
ROCKDALE,00310464,BISHOP,REX,CAREY,JR,1006,N MAIN ST NW, ,CONYERS,GA,30012-4408,1006,N MAIN ST NW,,CONYERS,GA,30012-4408,A,A,,10/23/2017,10/23/2017,10/23/2017,IN PERSON,NO,NO,,NO,CO,CO,004,043,092,ROCK,00410,122019,00128,144,
ROCKDALE,06305339,SWINEY,LOIS,F,,1007,TRAVIS ST SW, ,CONYERS,GA,30012-5327,1007,TRAVIS ST SW,,CONYERS,GA,30012-5327,A,A,,10/20/2017,10/20/2017,10/20/2017,IN PERSON,NO,NO,,NO,CO,CO,004,043,092,ROCK,00411,122019,00106,122,
ROCKDALE,00309882,BASS,DANIEL,NELSON,,1246,LARK LN NE, ,CONYERS,GA,30012-4822,1246,LARK LN NE,,CONYERS,GA,30012-4822,A,A,,10/26/2017,10/26/2017,10/26/2017,IN PERSON,NO,NO,,NO,OT,OT,004,043,092,ROCK,00411,122019,00181,201,
ROCKDALE,08873382,BYRD-POWELL,NINA,MARIE,,1150,PINEDALE CIR NW, ,CONYERS,GA,30012,1150,PINEDALE CIR NW,,CONYERS,GA,30012,A,A,,11/01/2017,11/01/2017,11/01/2017,IN PERSON,NO,NO,,NO,CO,CO,004,043,092,ROCK,00408,122019,00300,321,
ROCKDALE,03588369,EDWARDS,JENNIFER,LYNNE,,1021,TURNER ST NE, ,CONYERS,GA,30012-4533,1021,TURNER ST NE,,CONYERS,GA,30012-4533,A,A,,10/24/2017,10/24/2017,10/24/2017,IN PERSON,NO,NO,,NO,OT,OT,004,043,092,ROCK,00409,122019,00149,165,
ROCKDALE,07412349,NEWSOM,MARGAINIA,,,1636,RIDGEVIEW DR NW, ,CONYERS,GA,30012,1636,RIDGEVIEW DR NW,,CONYERS,GA,30012,A,A,,10/26/2017,10/26/2017,10/26/2017,IN PERSON,NO,NO,,NO,CO,CO,004,043,092,ROCK,00409,122019,00191,211,
ROCKDALE,00312725,CATES,BEVERLY,J,,1286,S HICKS CIR NW, ,CONYERS,GA,30012-4221,1286,S HICKS CIR NW,,CONYERS,GA,30012-4221,A,A,,10/20/2017,10/20/2017,10/20/2017,IN PERSON,NO,NO,,NO,CO,CO,004,043,092,ROCK,00409,122019,00105,121,
ROCKDALE,00312137,JACKSON,BETTE,J,,1286,S HICKS CIR NW, ,CONYERS,GA,30012-4221,1286,S HICKS CIR NW,,CONYERS,GA,30012-4221,A,A,,10/20/2017,10/20/2017,10/20/2017,IN PERSON,NO,NO,,NO,CO,CO,004,043,092,ROCK,00409,122019,00104,120,
ROCKDALE,05900254,YOUNG,JERRI,ROXANNE,,1297,SHADOWLAWN DR NE, ,CONYERS,GA,30012,1297,SHADOWLAWN DR NE,,CONYERS,GA,30012,A,A,,11/03/2017,11/03/2017,11/03/2017,IN PERSON,NO,NO,,NO,OT,OT,004,043,092,ROCK,00409,122019,00339,360,
ROCKDALE,03511357,LUECHINGER,INGE,CHRISTINE,,997,PEEK ST NW, ,CONYERS,GA,30012-4449,997,PEEK ST NW,,CONYERS,GA,30012-4449,A,A,,10/26/2017,10/26/2017,10/26/2017,IN PERSON,NO,NO,,NO,CO,CO,004,043,092,ROCK,00411,122019,00179,199,
ROCKDALE,00308819,ALLGOOD,GLORIA,JOYCE,,1253,SHADOWLAWN DR NE, ,CONYERS,GA,30012-4653,1253,SHADOWLAWN DR NE,,CONYERS,GA,30012-4653,A,A,,10/26/2017,10/26/2017,11/02/2017,MAILED,NO,NO,,NO,OT,OT,004,043,092,ROCK,00409,,00005,214,
ROCKDALE,08589549,LEWIS-KENNEDY,DANIELLE,NICOLE,,1111,MCCORDS COR NW, ,CONYERS,GA,30012-4477,1111,MCCORDS COR NW,,CONYERS,GA,30012-4477,A,A,,10/30/2017,10/30/2017,10/30/2017,IN PERSON,NO,NO,,NO,CO,CO,004,043,092,ROCK,00409,122019,00227,248,
ROCKDALE,00324257,MANN,TOMMY,DAVID,,1349,NORTHSIDE DR NW, ,CONYERS,GA,30012-4101,1349,NORTHSIDE DR NW,,CONYERS,GA,30012-4101,A,A,,10/30/2017,10/30/2017,10/30/2017,IN PERSON,NO,NO,,NO,CO,CO,004,043,092,ROCK,00409,122019,00244,265,
ROCKDALE,04416529,LEATHERS,JUDY,GREENWAY,,850,PARK PL NE, ,CONYERS,GA,30012-4758,850,PARK PL NE,,CONYERS,GA,30012-4758,A,A,,10/19/2017,10/19/2017,10/19/2017,IN PERSON,NO,NO,,NO,OT,OT,004,043,092,ROCK,00410,122019,00090,106,
ROCKDALE,02100976,SIMPSON,MILTON,LEE,,215,PEAKS LNDG, ,CONYERS,GA,30013,215,PEAKS LNDG,,CONYERS,GA,30013,A,A,,10/17/2017,10/17/2017,10/17/2017,IN PERSON,NO,NO,,NO,OT,OT,004,043,092,ROCK,00409,122019,00035,49,
ROCKDALE,00313298,CLEMENTS,WENDELL,L,,1281,SHADOWLAWN DR NE, ,CONYERS,GA,30012-4653,1281,SHADOWLAWN DR NE,,CONYERS,GA,30012-4653,A,A,,10/19/2017,10/19/2017,10/19/2017,IN PERSON,NO,NO,,NO,OT,OT,004,043,092,ROCK,00409,122019,00093,109,
ROCKDALE,07743114,HIBBERT,STEPHAN,ERIC,,1504,SAINT GEORGE PL, ,CONYERS,GA,30012-7130,1504,SAINT GEORGE PL,,CONYERS,GA,30012-7130,A,A,,10/19/2017,10/19/2017,10/19/2017,IN PERSON,NO,NO,,NO,OT,OT,004,043,092,ROCK,00410,122019,00087,103,
ROCKDALE,00334802,WALKER,DWAYNE,THOMAS,,998,HIGHLAND CIR SE, ,CONYERS,GA,30012-5412,998,HIGHLAND CIR SE,,CONYERS,GA,30012-5412,A,A,,10/27/2017,10/27/2017,10/27/2017,IN PERSON,NO,NO,,NO,CO,CO,004,043,092,ROCK,00411,122019,00220,241,
ROCKDALE,00332741,STEVENS,BOBBY,L,,1235,BROOKSIDE DR NE, ,CONYERS,GA,30012-4603,1235,BROOKSIDE DR NE,,CONYERS,GA,30012-4603,A,A,,10/17/2017,10/17/2017,10/17/2017,IN PERSON,NO,NO,,NO,OT,OT,004,043,092,ROCK,00409,122019,00034,48,
ROCKDALE,06723997,ROBINSON,LATONYA,RENE,,1027,BARN OAK CT NE,APT A,CONYERS,GA,30012,1027,BARN OAK CT NE,APT A,CONYERS,GA,30012,A,A,,10/17/2017,10/17/2017,10/17/2017,IN PERSON,NO,NO,,NO,OT,OT,004,043,092,ROCK,00410,122019,00053,69,
ROCKDALE,06583714,PAGE,SAMUEL,NORWOOD,IV,1169,PINE LOG RD NE, ,CONYERS,GA,30012,1169,PINE LOG RD NE,,CONYERS,GA,30012,A,A,,10/16/2017,10/16/2017,10/16/2017,IN PERSON,NO,NO,,NO,OT,OT,004,043,092,ROCK,00411,122019,00021,32,
ROCKDALE,00313725,CONWAY,LESLIE,ALLEN,,930,WREN CT NE, ,CONYERS,GA,30012-4836,930,WREN CT NE,,CONYERS,GA,30012-4836,A,A,,10/30/2017,10/30/2017,10/30/2017,IN PERSON,NO,NO,,NO,OT,OT,004,043,092,ROCK,00411,122019,00235,256,
ROCKDALE,00310379,BIGBY,LAVERNE,,,1333,JIMI LN NW, ,CONYERS,GA,30012-4332,1333,JIMI LN NW,,CONYERS,GA,30012-4332,A,A,,10/16/2017,10/16/2017,10/16/2017,IN PERSON,NO,NO,,NO,CO,CO,004,043,092,ROCK,00408,122019,00009,20,
ROCKDALE,05761681,MORGAN,DORIS,WHITTEN,,1019,COLLEGE AVE NW, ,CONYERS,GA,30012-4423,1019,COLLEGE AVE NW,,CONYERS,GA,30012-4423,A,A,,10/19/2017,10/19/2017,10/19/2017,IN PERSON,NO,NO,,NO,CO,CO,004,043,092,ROCK,00410,122019,00082,98,
ROCKDALE,00335496,WHEELER,IRA,N,,1154,EASTVIEW RD NE, ,CONYERS,GA,30012-4557,1154,EASTVIEW RD NE,,CONYERS,GA,30012-4557,A,A,,10/18/2017,10/18/2017,10/18/2017,IN PERSON,NO,NO,,NO,OT,OT,004,043,092,ROCK,00409,122019,00072,88,
ROCKDALE,00325075,MCFARLIN,MAX,MARVIN,,1453,REAGAN CIR NW, ,CONYERS,GA,30012-4201,1453,REAGAN CIR NW,,CONYERS,GA,30012-4201,A,A,,10/30/2017,10/30/2017,10/30/2017,IN PERSON,NO,NO,,NO,CO,CO,004,043,092,ROCK,00409,122019,00247,268,
ROCKDALE,00311445,BROOKS,SHIRLEY,FILSON,,1390,HONEYSUCKLE DR NW, ,CONYERS,GA,30012-4100,1390,HONEYSUCKLE DR NW,,CONYERS,GA,30012-4100,A,A,,10/24/2017,10/24/2017,10/24/2017,IN PERSON,NO,NO,,NO,CO,CO,004,043,092,ROCK,00409,122019,00147,163,
ROCKDALE,00316971,FOY,CHARLOTTE,E,,1340,N HICKS CIR NW, ,CONYERS,GA,30012-4211,1340,N HICKS CIR NW,,CONYERS,GA,30012-4211,A,A,,10/17/2017,10/17/2017,10/17/2017,IN PERSON,NO,NO,,NO,CO,CO,004,043,092,ROCK,00409,122019,00024,38,
ROCKDALE,00332128,SMITH,SARA,M,,1502,RENAISSANCE DR NE,UNIT 8-B,CONYERS,GA,30012,1502,RENAISSANCE DR NE,UNIT 8-B,CONYERS,GA,30012,A,A,,06/05/2017,10/16/2017,11/02/2017,MAILED,NO,NO,ELDERLY,NO,OT,OT,004,043,092,ROCK,00409,,00002,13,
ROCKDALE,00325074,MCFARLIN,MARYANN,K,,1453,REAGAN CIR NW, ,CONYERS,GA,30012-4201,1453,REAGAN CIR NW,,CONYERS,GA,30012-4201,A,A,,10/30/2017,10/30/2017,10/30/2017,IN PERSON,NO,NO,,NO,CO,CO,004,043,092,ROCK,00409,122019,00248,269,
ROCKDALE,00324058,MADDOX,LYNN,WALKER,,993,MAIN ST NW, ,CONYERS,GA,30012-4454,800,E 7TH AVE,,DURANGO,CO,81301,A,A,,10/03/2017,10/16/2017,10/24/2017,MAILED,NO,NO,ELDERLY,NO,CO,CO,004,043,092,ROCK,00410,,00001,9,
ROCKDALE,04595353,MEYERS,MICHAEL,AMOS,,1509,EASTMONT DR NW, ,CONYERS,GA,30012,1509,EASTMONT DR NW,,CONYERS,GA,30012,A,A,,10/17/2017,10/17/2017,10/17/2017,IN PERSON,NO,NO,,NO,CO,CO,004,043,092,ROCK,00408,122019,00031,45,
ROCKDALE,04529151,WILLIAMS,ARLA,LOUISE,,1072,PARK CIR NW, ,CONYERS,GA,30012,1072,PARK CIR NW,,CONYERS,GA,30012,A,A,,11/01/2017,11/01/2017,11/01/2017,IN PERSON,NO,NO,,NO,CO,CO,004,043,092,ROCK,00410,122019,00295,316,
ROCKDALE,00312637,CARTER,LINDA,STOWE,,1045,N MAIN ST NW, ,CONYERS,GA,30012-4453,,PO BOX 440,,CONYERS,GA,30012-0044,A,A,,10/27/2017,10/27/2017,10/27/2017,IN PERSON,NO,NO,,NO,CO,CO,004,043,092,ROCK,00410,122019,00200,221,
ROCKDALE,08627095,TADEMY,KRYSTAL,LEE,,1007,GREEN ST SE,UNIT 1635,CONYERS,GA,30012,1007,GREEN ST SE,UNIT 1635,CONYERS,GA,30012,A,A,,11/03/2017,11/03/2017,11/03/2017,IN PERSON,NO,NO,,NO,CO,CO,004,043,092,ROCK,00411,122019,00363,384,
ROCKDALE,02306233,BURRELL,REGINA,R,,749,S PINE ST NE, ,CONYERS,GA,30012-4807,749,S PINE ST NE,,CONYERS,GA,30012-4807,A,A,,10/30/2017,10/30/2017,10/30/2017,IN PERSON,NO,NO,,NO,OT,OT,004,043,092,ROCK,00411,122019,00226,247,
ROCKDALE,05114455,NORMAN,OLLIE,MAE,,1328,IRWIN BRIDGE RD NW, ,CONYERS,GA,30012,1328,IRWIN BRIDGE RD NW,,CONYERS,GA,30012,A,A,,10/31/2017,10/31/2017,10/31/2017,IN PERSON,NO,NO,,NO,CO,CO,004,043,092,ROCK,00408,122019,00260,281,
ROCKDALE,00335510,WHEELER,PATRICIA,K,,1154,EASTVIEW RD NE, ,CONYERS,GA,30012-4557,1154,EASTVIEW RD NE,,CONYERS,GA,30012-4557,A,A,,10/18/2017,10/18/2017,10/18/2017,IN PERSON,NO,NO,,NO,OT,OT,004,043,092,ROCK,00409,122019,00071,87,
ROCKDALE,00325972,MIXSON,MILDRED,VEAL,,998,INSTITUTE ST NW, ,CONYERS,GA,30012-4432,998,INSTITUTE ST NW,,CONYERS,GA,30012-4432,A,A,,10/17/2017,10/17/2017,10/17/2017,IN PERSON,NO,NO,,NO,CO,CO,004,043,092,ROCK,00411,122019,00033,47,
ROCKDALE,02745699,WESTON,WILL,ROY,SR,1502,RENAISSANCE DR NE,UNIT 12-A,CONYERS,GA,30012,1502,RENAISSANCE DR NE,UNIT 12-A,CONYERS,GA,30012,A,A,,10/31/2017,10/31/2017,10/31/2017,IN PERSON,NO,NO,,NO,OT,OT,004,043,092,ROCK,00409,122019,00272,293,
ROCKDALE,08887068,POYNTER,KENNETH,L,,1310,GARDNER RD NW, ,CONYERS,GA,30012,1310,GARDNER RD NW,,CONYERS,GA,30012,A,A,,10/25/2017,10/25/2017,11/03/2017,MAILED,NO,NO,DISABLED,NO,CO,CO,004,043,092,ROCK,00409,,00003,177,
ROCKDALE,04540590,STROUD,CYNTHIA,ANDREE,,812,RENAISSANCE WAY, ,CONYERS,GA,30012,812,RENAISSANCE WAY,,CONYERS,GA,30012,A,A,,10/17/2017,10/17/2017,10/17/2017,IN PERSON,NO,NO,,NO,OT,OT,004,043,092,ROCK,00409,122019,00023,37,
ROCKDALE,08232835,BROCK,KAYLA,DAWN,,1217,NORTHSIDE DR NW, ,CONYERS,GA,30012,1217,NORTHSIDE DR NW,,CONYERS,GA,30012,A,A,,10/23/2017,10/23/2017,10/23/2017,IN PERSON,NO,NO,,NO,CO,CO,004,043,092,ROCK,00409,122019,00120,136,
ROCKDALE,07161358,BRISBON,LAUREN,DEVONNE,,2034,REAVIS BLF, ,CONYERS,GA,30012-7115,2034,REAVIS BLF,,CONYERS,GA,30012-7115,A,A,,11/01/2017,11/01/2017,11/01/2017,IN PERSON,NO,NO,,NO,OT,OT,004,043,092,ROCK,00410,122019,00299,320,
ROCKDALE,03931051,MCLURKIN,YVONNE,CHARLYNN,,2004,APPALOOSA WAY, ,CONYERS,GA,30012,2004,APPALOOSA WAY,,CONYERS,GA,30012,A,A,,10/18/2017,10/18/2017,10/18/2017,IN PERSON,NO,NO,,NO,CO,CO,004,043,092,ROCK,00408,122019,00073,89,
ROCKDALE,04841613,BARKSDALE,PATRICIA,BLAIR,,1011,TURNER ST NE, ,CONYERS,GA,30012,1011,TURNER ST NE,,CONYERS,GA,30012,A,A,,10/25/2017,10/25/2017,10/25/2017,IN PERSON,NO,NO,,NO,OT,OT,004,043,092,ROCK,00409,122019,00170,190,
ROCKDALE,04028100,PAYNE,WILLIAM,RICHARD,,416,RENAISSANCE WAY, ,CONYERS,GA,30012-8010,416,RENAISSANCE WAY,,CONYERS,GA,30012-8010,A,A,,10/18/2017,10/18/2017,10/18/2017,IN PERSON,NO,NO,,NO,OT,OT,004,043,092,ROCK,00409,122019,00066,82,
ROCKDALE,02769573,ASTALOS,ROBERT,S,,990,OAKLAND AVE SE, ,CONYERS,GA,30012-5318,990,OAKLAND AVE SE,,CONYERS,GA,30012-5318,A,A,,10/16/2017,10/16/2017,10/16/2017,IN PERSON,NO,NO,,NO,CO,CO,004,043,092,ROCK,00411,122019,00015,26,
ROCKDALE,00334491,VAUGHN,ALVIN,HENSON,,2146,MILLER CHAPEL RD SE, ,CONYERS,GA,30094-2004,2146,MILLER CHAPEL RD SE,,CONYERS,GA,30094-2004,A,A,,10/23/2017,10/23/2017,10/23/2017,IN PERSON,NO,NO,,NO,OT,OT,004,043,091,ROCK,00412,122019,00123,139,
ROCKDALE,00316167,EVANS,CYNTHIA,M,,1240,SHADOWLAWN DR NE, ,CONYERS,GA,30012-4619,1240,SHADOWLAWN DR NE,,CONYERS,GA,30012-4619,A,A,,10/18/2017,10/18/2017,10/18/2017,IN PERSON,NO,NO,,NO,OT,OT,004,043,092,ROCK,00409,122019,00058,74,
ROCKDALE,07618486,PIFER,NATALIE,FRANCES,,1342,PEGGY LN NW, ,CONYERS,GA,30012-4217,1342,PEGGY LN NW,,CONYERS,GA,30012-4217,A,A,,10/24/2017,10/24/2017,11/01/2017,MAILED,NO,NO,,NO,CO,CO,004,043,092,ROCK,00409,,00001,171,
ROCKDALE,00321659,JONES,ALLAN,EDWARD,,1081,MCCALLA ST NE, ,CONYERS,GA,30012-4523,1081,MCCALLA ST NE,,CONYERS,GA,30012-4523,A,A,,11/03/2017,11/03/2017,11/03/2017,IN PERSON,NO,NO,,NO,OT,OT,004,043,092,ROCK,00409,122019,00345,366,
ROCKDALE,08573587,WHITE,DOMINIC,VINCENT,,823,PEAKS LNDG, ,CONYERS,GA,30013,823,PEAKS LNDG,,CONYERS,GA,30013,A,A,,10/17/2017,10/17/2017,10/17/2017,IN PERSON,NO,NO,,NO,OT,OT,004,043,092,ROCK,00409,122019,00046,62,
ROCKDALE,04109878,YOUNGBLOOD,MARY,ALICE,,1661,VILLAGE PLACE CIR NE, ,CONYERS,GA,30012-7109,1661,VILLAGE PLACE CIR NE,,CONYERS,GA,30012-7109,A,A,,10/20/2017,10/20/2017,10/20/2017,IN PERSON,NO,NO,,NO,OT,OT,004,043,092,ROCK,00410,122019,00097,113,
ROCKDALE,03605911,WATKINS,MONICA,THERESA,,1700,WINCHESTER WAY SE, ,CONYERS,GA,30013,1700,WINCHESTER WAY SE,,CONYERS,GA,30013,A,A,,10/25/2017,10/25/2017,10/25/2017,IN PERSON,NO,NO,,NO,OT,OT,004,043,091,ROCK,00412,122019,00165,185,
ROCKDALE,00312166,BYRD,GERRE,ENGARD,,1825,PARKER RD SE,107,CONYERS,GA,30094,1825,PARKER RD SE,107,CONYERS,GA,30094,A,A,,10/17/2017,10/17/2017,10/17/2017,IN PERSON,NO,NO,,NO,OT,OT,004,043,091,ROCK,00412,122019,00042,56,
ROCKDALE,00323460,LIGHTFOOT,R,HENRY,,804,REAGAN DR NW, ,CONYERS,GA,30012-4500,804,REAGAN DR NW,,CONYERS,GA,30012-4500,A,A,,10/17/2017,10/17/2017,10/17/2017,IN PERSON,NO,NO,,NO,CO,CO,004,043,092,ROCK,00409,122019,00036,50,
ROCKDALE,00315233,DONAHUE,JOHN,C,,971,BRIAR CREEK CT NE, ,CONYERS,GA,30012-4773,971,BRIAR CREEK CT NE,,CONYERS,GA,30012-4773,A,A,,11/02/2017,11/02/2017,11/02/2017,IN PERSON,NO,NO,,NO,OT,OT,004,043,092,ROCK,00410,122019,00315,336,
ROCKDALE,08571210,BELCHER,TERRI K,,,1825,PARKER RD SE,601,CONYERS,GA,30094,1825,PARKER RD SE,601,CONYERS,GA,30094,A,A,,10/26/2017,10/26/2017,10/26/2017,IN PERSON,NO,NO,,NO,OT,OT,004,043,091,ROCK,00412,122019,00194,215,
ROCKDALE,05957517,CURRY,MICHAEL,SERRONE,,1929,BRIDGESTONE CIR, ,CONYERS,GA,30012,1929,BRIDGESTONE CIR,,CONYERS,GA,30012,A,A,,11/02/2017,11/02/2017,11/02/2017,IN PERSON,NO,NO,,NO,OT,OT,004,043,092,ROCK,00409,122019,00309,330,
ROCKDALE,07584950,JOHNSON,GERALD,DWANE,,821,PEAKS LNDG, ,CONYERS,GA,30013,821,PEAKS LNDG,,CONYERS,GA,30013,A,A,,10/17/2017,10/17/2017,10/17/2017,IN PERSON,NO,NO,,NO,OT,OT,004,043,092,ROCK,00409,122019,00047,63,
ROCKDALE,01978361,HANEKAMP,THOMAS,GLENN,,1821,CRESTRIDGE CIR NW, ,CONYERS,GA,30012-4005,1821,CRESTRIDGE CIR NW,,CONYERS,GA,30012-4005,A,A,,10/18/2017,10/18/2017,10/18/2017,IN PERSON,NO,NO,,NO,CO,CO,004,043,092,ROCK,00408,122019,00074,90,
ROCKDALE,05951131,WALKER,SUZETTE,MELINDA,,1688,LANCASTER CREEK CIR SW, ,CONYERS,GA,30094,1688,LANCASTER CREEK CIR SW,,CONYERS,GA,30094,A,A,,11/02/2017,11/02/2017,11/02/2017,IN PERSON,NO,NO,,NO,OT,OT,004,043,091,ROCK,00412,122019,00329,350,
ROCKDALE,05900232,SCARLETT,CARLA,E,,759,HALL ST NW, ,CONYERS,GA,30012-4121,759,HALL ST NW,,CONYERS,GA,30012-4121,A,A,,10/25/2017,10/25/2017,10/25/2017,IN PERSON,NO,NO,,NO,CO,CO,004,043,092,ROCK,00409,122019,00171,191,
ROCKDALE,10430184,HENDERSON,DIONE,,,145,ELLIS DR, ,CONYERS,GA,30012,,PO BOX 80593,,CONYERS,GA,30013-8593,A,A,,11/03/2017,11/03/2017,11/03/2017,IN PERSON,NO,NO,,NO,OT,OT,004,043,092,ROCK,00409,122019,00366,387,
ROCKDALE,00311428,BROOKS,JARRELL,WAYNE,,996,MILSTEAD AVE NE, ,CONYERS,GA,30012-4526,996,MILSTEAD AVE NE,,CONYERS,GA,30012-4526,A,A,,10/20/2017,10/20/2017,10/20/2017,IN PERSON,NO,NO,,NO,CO,CO,004,043,092,ROCK,00409,122019,00102,118,
ROCKDALE,00323343,LEVERETTE,ALFRED,C,JR,1287,PEGGY LN NW, ,CONYERS,GA,30012-4214,1287,PEGGY LN NW,,CONYERS,GA,30012-4214,A,A,,11/03/2017,11/03/2017,11/03/2017,IN PERSON,NO,NO,,NO,CO,CO,004,043,092,ROCK,00409,122019,00346,367,
ROCKDALE,00334096,TROFF,GERALD,W,,1285,SHADOWLAWN DR NE, ,CONYERS,GA,30012-4653,1285,SHADOWLAWN DR NE,,CONYERS,GA,30012-4653,A,A,,11/03/2017,11/03/2017,11/03/2017,IN PERSON,NO,NO,,NO,OT,OT,004,043,092,ROCK,00409,122019,00336,357,
ROCKDALE,00310980,BOWEN,MARK,CHRIS,,1056,TURNER ST NE, ,CONYERS,GA,30012-4534,1056,TURNER ST NE,,CONYERS,GA,30012-4534,A,A,,10/26/2017,10/26/2017,10/26/2017,IN PERSON,NO,NO,,NO,OT,OT,004,043,092,ROCK,00409,122019,00184,204,
ROCKDALE,06994075,ELVIS,BERNADETTE,AGATHA,,1523,PACEVILLE CT, ,CONYERS,GA,30012-7125,1523,PACEVILLE CT,,CONYERS,GA,30012-7125,A,A,,10/25/2017,10/25/2017,10/25/2017,IN PERSON,NO,NO,,NO,OT,OT,004,043,092,ROCK,00410,122019,00159,179,
ROCKDALE,02095629,SEARS,ROBERTA,EVETTE,,1809,CRESTRIDGE CIR NW, ,CONYERS,GA,30012-4005,1809,CRESTRIDGE CIR NW,,CONYERS,GA,30012-4005,A,A,,11/03/2017,11/03/2017,11/03/2017,IN PERSON,NO,NO,,NO,CO,CO,004,043,092,ROCK,00408,122019,00342,363,
ROCKDALE,00334097,TROFF,SUSAN,B,,1285,SHADOWLAWN DR NE, ,CONYERS,GA,30012-4653,1285,SHADOWLAWN DR NE,,CONYERS,GA,30012-4653,A,A,,11/03/2017,11/03/2017,11/03/2017,IN PERSON,NO,NO,,NO,OT,OT,004,043,092,ROCK,00409,122019,00337,358,
ROCKDALE,02100305,DAVIS,DONNA,SIMMON,,1297,MAIN ST NW, ,CONYERS,GA,30012-4363,1297,MAIN ST NW,,CONYERS,GA,30012-4363,A,A,,11/02/2017,11/02/2017,11/02/2017,IN PERSON,NO,NO,,NO,CO,CO,004,043,092,ROCK,00408,122019,00322,343,
ROCKDALE,04973360,HOLLIS,RHONDA,LYNN,,1823,KESWICK VILLAGE CT NE, ,CONYERS,GA,30013-6536,1823,KESWICK VILLAGE CT NE,,CONYERS,GA,30013-6536,A,A,,10/19/2017,10/19/2017,10/19/2017,IN PERSON,NO,NO,,NO,OT,OT,004,043,114,ROCK,00413,122019,00089,105,
ROCKDALE,00316909,FOUNTAIN,JOHN,A,,930,PEEK ST NW, ,CONYERS,GA,30012-4448,930,PEEK ST NW,,CONYERS,GA,30012-4448,A,A,,10/17/2017,10/17/2017,10/17/2017,IN PERSON,NO,NO,,NO,CO,CO,004,043,092,ROCK,00411,122019,00044,60,
ROCKDALE,00317406,GARNER,SUSAN,W,,972,N MAIN ST NW, ,CONYERS,GA,30012-4457,972,N MAIN ST NW,,CONYERS,GA,30012-4457,A,A,,10/17/2017,10/17/2017,10/17/2017,IN PERSON,NO,NO,,NO,CO,CO,004,043,092,ROCK,00410,122019,00032,46,
ROCKDALE,04152150,MESSER,EDWARD,DORIAN,,1019,COLLEGE AVE NW, ,CONYERS,GA,30012-4423,1019,COLLEGE AVE NW,,CONYERS,GA,30012-4423,A,A,,10/19/2017,10/19/2017,10/19/2017,IN PERSON,NO,NO,,NO,CO,CO,004,043,092,ROCK,00410,122019,00084,100,
ROCKDALE,00334064,TREADWELL,MARY,MASSEY,,1226,LARK LN NE, ,CONYERS,GA,30012,1226,LARK LN NE,,CONYERS,GA,30012,A,A,,10/31/2017,10/31/2017,10/31/2017,IN PERSON,NO,NO,,NO,OT,OT,004,043,092,ROCK,00411,122019,00266,287,
ROCKDALE,01042044,BEST,SUSAN,ARTHER,,1187,SHADOWLAWN DR NE, ,CONYERS,GA,30012-4622,1187,SHADOWLAWN DR NE,,CONYERS,GA,30012-4622,A,A,,11/02/2017,11/02/2017,11/02/2017,IN PERSON,NO,NO,,NO,OT,OT,004,043,092,ROCK,00409,122019,00307,328,
ROCKDALE,00318725,HALLIDAY,DAVID,RANDOLPH,,1536,REAGAN CIR NW, ,CONYERS,GA,30012-4205,1536,REAGAN CIR NW,,CONYERS,GA,30012-4205,A,A,,10/20/2017,10/20/2017,10/20/2017,IN PERSON,NO,NO,,NO,CO,CO,004,043,092,ROCK,00409,122019,00118,134,
ROCKDALE,02011571,KEEN,JEANINE,CAROLYN,,815,RENAISSANCE WAY, ,CONYERS,GA,30012,815,RENAISSANCE WAY,,CONYERS,GA,30012,A,A,,10/20/2017,10/20/2017,10/20/2017,IN PERSON,NO,NO,,NO,OT,OT,004,043,092,ROCK,00409,122019,00103,119,
ROCKDALE,02556266,JENKINS,LORENA,MICHELLE,,381,YELLOW RIVER LN, ,CONYERS,GA,30012-3637,381,YELLOW RIVER LN,,CONYERS,GA,30012-3637,A,A,,10/17/2017,10/17/2017,10/17/2017,IN PERSON,NO,NO,,NO,OT,OT,004,043,092,ROCK,00409,122019,00043,59,
ROCKDALE,00310933,BOULAND,GARY,A,,961,WOODBRIDGE DR NE, ,CONYERS,GA,30012-4635,,PO BOX 116,,CONYERS,GA,30012-0011,A,A,,10/16/2017,10/16/2017,10/16/2017,IN PERSON,NO,NO,,NO,OT,OT,004,043,092,ROCK,00410,122019,00020,31,
ROCKDALE,03810931,WILLIAMS,DOREEN,LOUISE,,1072,PARK CIR NW, ,CONYERS,GA,30012-4446,1072,PARK CIR NW,,CONYERS,GA,30012-4446,A,A,,11/01/2017,11/01/2017,11/01/2017,IN PERSON,NO,NO,,NO,CO,CO,004,043,092,ROCK,00410,122019,00297,318,
ROCKDALE,01375916,ROBINSON,KATHY,D,,1088,PARK CIR NW,A,CONYERS,GA,30012-4446,1088,PARK CIR NW,A,CONYERS,GA,30012-4446,A,A,,10/31/2017,10/31/2017,10/31/2017,IN PERSON,NO,NO,,NO,CO,CO,004,043,092,ROCK,00410,122019,00258,279,
ROCKDALE,00331507,SIMS,EARNEST,LAMAR,,1461,BIG BEAR CV NE, ,CONYERS,GA,30012-4769,1461,BIG BEAR CV NE,,CONYERS,GA,30012-4769,A,A,,10/31/2017,10/31/2017,10/31/2017,IN PERSON,NO,NO,,NO,OT,OT,004,043,092,ROCK,00410,122019,00262,283,
ROCKDALE,00331711,SMILEY,SAMUEL,AARON,,1444,PINE LOG RD NE,B,CONYERS,GA,30012-4738,1444,PINE LOG RD NE,B,CONYERS,GA,30012-4738,A,A,,10/30/2017,10/30/2017,10/30/2017,IN PERSON,NO,NO,,NO,OT,OT,004,043,092,ROCK,00410,122019,00250,271,
ROCKDALE,01996374,HUGHES,STEPHANIE,LORRAINE,,1825,PARKER RD SE,UNIT 1211,CONYERS,GA,30094-6301,1825,PARKER RD SE,UNIT 1211,CONYERS,GA,30094-6301,A,A,,10/19/2017,10/19/2017,10/19/2017,IN PERSON,NO,NO,,NO,OT,OT,004,043,091,ROCK,00412,122019,00078,94,
ROCKDALE,06171262,DAVIS,MARVELLA,MARY,,1370,HIGHLAND CT SW, ,CONYERS,GA,30094,1370,HIGHLAND CT SW,,CONYERS,GA,30094,A,A,,11/03/2017,11/03/2017,11/03/2017,IN PERSON,NO,NO,,NO,OT,OT,004,043,091,ROCK,00412,122019,00362,383,
ROCKDALE,00311795,BRYANT,GAYE,P,,1028,TURNER ST NE, ,CONYERS,GA,30012-4534,1028,TURNER ST NE,,CONYERS,GA,30012-4534,A,A,,11/03/2017,11/03/2017,11/03/2017,IN PERSON,NO,NO,,NO,OT,OT,004,043,092,ROCK,00409,122019,00361,382,
ROCKDALE,00331740,SMITH,BILLIE,C,,1285,ROBIN RD NE, ,CONYERS,GA,30012-4833,1285,ROBIN RD NE,,CONYERS,GA,30012-4833,A,A,,10/16/2017,10/16/2017,10/16/2017,IN PERSON,NO,NO,,NO,OT,OT,004,043,092,ROCK,00411,122019,00005,16,
ROCKDALE,00320921,HUTTON,JOHN,MICHAEL,,1280,SHADOWLAWN DR NE, ,CONYERS,GA,30012-4619,1280,SHADOWLAWN DR NE,,CONYERS,GA,30012-4619,A,A,,10/17/2017,10/17/2017,10/17/2017,IN PERSON,NO,NO,,NO,OT,OT,004,043,092,ROCK,00409,122019,00026,40,
ROCKDALE,00328065,PEEK,MERCER,RANDALL,,1025,RAILROAD ST NW, ,CONYERS,GA,30012-5275,1025,RAILROAD ST NW,,CONYERS,GA,30012-5275,A,A,,10/27/2017,10/27/2017,10/27/2017,IN PERSON,NO,NO,,NO,CO,CO,004,043,092,ROCK,00411,122019,00211,232,
ROCKDALE,00324066,MADDOX,ROBERT,WILLIAM,,1075,PARK CIR NW, ,CONYERS,GA,30012-4445,1075,PARK CIR NW,,CONYERS,GA,30012-4445,A,A,,10/18/2017,10/18/2017,10/18/2017,IN PERSON,NO,NO,,NO,CO,CO,004,043,092,ROCK,00410,122019,00060,76,
ROCKDALE,00311788,BRYANT,BONNY,,,1260,SHADOWLAWN DR NE, ,CONYERS,GA,30012-4619,1260,SHADOWLAWN DR NE,,CONYERS,GA,30012-4619,A,A,,10/16/2017,10/16/2017,10/16/2017,IN PERSON,NO,NO,,NO,OT,OT,004,043,092,ROCK,00409,122019,00017,28,
ROCKDALE,00326541,MULLINAX,CONNIE,EVA,,778,GREENHILL DR NE, ,CONYERS,GA,30012-4816,778,GREENHILL DR NE,,CONYERS,GA,30012-4816,A,A,,10/17/2017,10/17/2017,10/17/2017,IN PERSON,NO,NO,,NO,OT,OT,004,043,092,ROCK,00411,122019,00025,39,
ROCKDALE,00330445,SADLER,GLORIA,JEAN,,680,3RD AVE SW, ,CONYERS,GA,30012-5206,680,3RD AVE SW,,CONYERS,GA,30012-5206,A,A,,11/03/2017,11/03/2017,11/03/2017,IN PERSON,NO,NO,,NO,CO,CO,004,043,092,ROCK,00408,122019,00365,386,
ROCKDALE,00312441,CANUPP,WILLIAM,,,944,PARK PL NE, ,CONYERS,GA,30012-4765,944,PARK PL NE,,CONYERS,GA,30012-4765,A,A,,10/31/2017,10/31/2017,10/31/2017,IN PERSON,NO,NO,,NO,OT,OT,004,043,092,ROCK,00410,122019,00264,285,
ROCKDALE,00324274,MANNING,WILLIE,A,,871,MALCOM ST SE, ,CONYERS,GA,30012-5437,871,MALCOM ST SE,,CONYERS,GA,30012-5437,A,A,,10/25/2017,10/25/2017,10/25/2017,IN PERSON,NO,NO,,NO,CO,CO,004,043,092,ROCK,00411,122019,00161,181,
ROCKDALE,01890009,BARNER,MARY,CLARK,,1026,BARN OAK CT NE,A,CONYERS,GA,30012-4508,1026,BARN OAK CT NE,A,CONYERS,GA,30012-4508,A,A,,11/01/2017,11/01/2017,11/01/2017,IN PERSON,NO,NO,,NO,OT,OT,004,043,092,ROCK,00410,122019,00284,305,
ROCKDALE,00334063,TREADWELL,KAY,,,911,PARK PL NE, ,CONYERS,GA,30012-4767,911,PARK PL NE,,CONYERS,GA,30012-4767,A,A,,10/26/2017,10/26/2017,10/26/2017,IN PERSON,NO,NO,,NO,OT,OT,004,043,092,ROCK,00410,122019,00195,216,
ROCKDALE,07159616,BENNETT,GLORIA,MYPHANNY,,1915,BRIDGESTONE CIR, ,CONYERS,GA,30012-3782,1915,BRIDGESTONE CIR,,CONYERS,GA,30012-3782,A,A,,11/01/2017,11/01/2017,11/01/2017,IN PERSON,NO,NO,,NO,OT,OT,004,043,092,ROCK,00409,122019,00298,319,
ROCKDALE,00325917,MITCHELL,JOYCE,J,,1230,SHADOWLAWN DR NE, ,CONYERS,GA,30012-4619,1230,SHADOWLAWN DR NE,,CONYERS,GA,30012-4619,A,A,,10/16/2017,10/16/2017,10/16/2017,IN PERSON,NO,NO,,NO,OT,OT,004,043,092,ROCK,00409,122019,00007,18,
ROCKDALE,01893436,BELCHER,JACQUELYN,M,,1825,PARKER RD SE,APT 601,CONYERS,GA,30094,1825,PARKER RD SE,APT 601,CONYERS,GA,30094,A,A,,10/25/2017,10/25/2017,10/25/2017,IN PERSON,NO,NO,,NO,OT,OT,004,043,091,ROCK,00412,122019,00176,196,
ROCKDALE,05699064,MARSHALL,CARRIE,CAGE,,2092,APPALOOSA WAY,LOT 36,CONYERS,GA,30012-5102,2092,APPALOOSA WAY,LOT 36,CONYERS,GA,30012-5102,A,A,,10/27/2017,10/27/2017,10/27/2017,IN PERSON,NO,NO,,NO,CO,CO,004,043,092,ROCK,00408,122019,00209,230,
ROCKDALE,01934103,CURRY,ANGELA,DENISE,,930,PARK PL NE, ,CONYERS,GA,30012,930,PARK PL NE,,CONYERS,GA,30012,A,A,,11/01/2017,11/01/2017,11/01/2017,IN PERSON,NO,NO,,NO,OT,OT,004,043,092,ROCK,00410,122019,00279,300,
ROCKDALE,00333431,TAYLOR,LAYMON,,,1150,OAKLAND AVE SE, ,CONYERS,GA,30012-5378,1150,OAKLAND AVE SE,,CONYERS,GA,30012-5378,A,A,,10/30/2017,10/30/2017,10/30/2017,IN PERSON,NO,NO,,NO,CO,CO,004,043,092,ROCK,00411,122019,00242,263,
ROCKDALE,00309506,BAKER,NORMA,GANAS,,1073,MILSTEAD AVE NE, ,CONYERS,GA,30012,1073,MILSTEAD AVE NE,,CONYERS,GA,30012,A,A,,11/03/2017,11/03/2017,11/03/2017,IN PERSON,NO,NO,,NO,OT,OT,004,043,092,ROCK,00410,122019,00352,373,
ROCKDALE,00316396,FAY,DAVID,ALAN,,1182,SHADOWLAWN DR NE, ,CONYERS,GA,30012-4622,1182,SHADOWLAWN DR NE,,CONYERS,GA,30012-4622,A,A,,10/27/2017,10/27/2017,10/27/2017,IN PERSON,NO,NO,,NO,OT,OT,004,043,092,ROCK,00409,122019,00201,222,
ROCKDALE,08493223,MIGGINS,SHIRLEY,MAE,,2038,APPALOOSA WAY, ,CONYERS,GA,30012-5101,2038,APPALOOSA WAY,,CONYERS,GA,30012-5101,A,A,,10/16/2017,10/16/2017,10/16/2017,IN PERSON,NO,NO,,NO,CO,CO,004,043,092,ROCK,00408,122019,00022,36,
ROCKDALE,02321989,GRIFFIN,DOROTHY,A,,1939,BRIDGESTONE CIR, ,CONYERS,GA,30012,,PO BOX 82329,,CONYERS,GA,30013-0943,A,A,,11/03/2017,11/03/2017,11/03/2017,IN PERSON,NO,NO,,NO,OT,OT,004,043,092,ROCK,00409,122019,00360,381,
ROCKDALE,00320660,HUBBARD,VERNER,L,,947,RAMBLING ROSE CT NW, ,CONYERS,GA,30012-4038,947,RAMBLING ROSE CT NW,,CONYERS,GA,30012-4038,A,A,,10/16/2017,10/16/2017,10/16/2017,IN PERSON,NO,NO,,NO,CO,CO,004,043,092,ROCK,00408,122019,00016,27,
ROCKDALE,08445817,BAKER,JESSICA,ANNE,,1236,NORTHSIDE DR NW, ,CONYERS,GA,30012-4150,1236,NORTHSIDE DR NW,,CONYERS,GA,30012-4150,A,A,,10/26/2017,10/26/2017,10/26/2017,IN PERSON,NO,NO,,NO,CO,CO,004,043,092,ROCK,00409,122019,00186,206,
ROCKDALE,00322060,KELLEY,KEVIN,DAVID,,1322,PEGGY LN NW, ,CONYERS,GA,30012,1322,PEGGY LN NW,,CONYERS,GA,30012,A,A,,10/16/2017,10/16/2017,10/16/2017,IN PERSON,NO,NO,,NO,CO,CO,004,043,092,ROCK,00409,122019,00008,19,
ROCKDALE,07130453,FLETCHER,IVYLYN,BAILEY,,1317,KATHRYN CT NW, ,CONYERS,GA,30012-4470,1317,KATHRYN CT NW,,CONYERS,GA,30012-4470,A,A,,10/20/2017,10/20/2017,10/20/2017,IN PERSON,NO,NO,,NO,CO,CO,004,043,092,ROCK,00410,122019,00099,115,
ROCKDALE,02095610,SEARS,JAMES,E,,1809,CRESTRIDGE CIR NW, ,CONYERS,GA,30012-4005,1809,CRESTRIDGE CIR NW,,CONYERS,GA,30012-4005,A,A,,10/27/2017,10/27/2017,10/27/2017,IN PERSON,NO,NO,,NO,CO,CO,004,043,092,ROCK,00408,122019,00205,226,
ROCKDALE,00315087,DIGBY,CLEVELAND,BAXLEY,,1304,SPRINGWOOD DR NW, ,CONYERS,GA,30012-4237,1304,SPRINGWOOD DR NW,,CONYERS,GA,30012-4237,A,A,,10/24/2017,10/24/2017,10/24/2017,IN PERSON,NO,NO,,NO,CO,CO,004,043,092,ROCK,00409,122019,00137,153,
ROCKDALE,00316410,FEARS,LONNIE,,JR,701,RANDALL ST SW, ,CONYERS,GA,30012-5229,701,RANDALL ST SW,,CONYERS,GA,30012-5229,A,A,,11/01/2017,11/01/2017,11/01/2017,IN PERSON,NO,NO,,NO,CO,CO,004,043,092,ROCK,00408,122019,00304,325,
ROCKDALE,02112025,STEWART,JANIE,L,,1125,NORTHLAKE DR, ,CONYERS,GA,30013-1737,,PO BOX 81433,,CONYERS,GA,30013-0941,A,A,,10/19/2017,10/19/2017,10/19/2017,IN PERSON,NO,NO,,NO,OT,OT,004,043,091,ROCK,00412,122019,00086,102,
ROCKDALE,00319289,HARRISON,TOM,CLARK,,1362,GARDNER RD NW, ,CONYERS,GA,30012,1362,GARDNER RD NW,,CONYERS,GA,30012,A,A,,10/20/2017,10/20/2017,10/20/2017,IN PERSON,NO,NO,,NO,CO,CO,004,043,092,ROCK,00409,122019,00107,123,
ROCKDALE,01913037,CROUSE,PENNY,BRYANT,,1360,S HICKS CIR NW, ,CONYERS,GA,30012-4223,1360,S HICKS CIR NW,,CONYERS,GA,30012-4223,A,A,,10/27/2017,10/27/2017,10/27/2017,IN PERSON,NO,NO,,NO,CO,CO,004,043,092,ROCK,00409,122019,00203,224,
ROCKDALE,07278606,PATRICK,SUSAN,MAUREEN,,989,PINE ST NE, ,CONYERS,GA,30012,989,PINE ST NE,,CONYERS,GA,30012,A,A,,11/02/2017,11/02/2017,11/02/2017,IN PERSON,NO,NO,,NO,OT,OT,004,043,092,ROCK,00410,122019,00320,341,
ROCKDALE,08006924,WILLIAMS,GARREN,C,,2040,APPALOOSA WAY, ,CONYERS,GA,30012,2040,APPALOOSA WAY,,CONYERS,GA,30012,A,,,10/13/2017,10/16/2017,,MAILED,NO,NO,,NO,CO,CO,004,043,092,ROCK,00408,,00004,7,
ROCKDALE,00324260,MANN,VICKIE,,,1349,NORTHSIDE DR NW, ,CONYERS,GA,30012-4101,1349,NORTHSIDE DR NW,,CONYERS,GA,30012-4101,A,A,,10/30/2017,10/30/2017,10/30/2017,IN PERSON,NO,NO,,NO,CO,CO,004,043,092,ROCK,00409,122019,00245,266,
ROCKDALE,00313283,CLEMENTS,BARBARA,W,,1281,SHADOWLAWN DR NE, ,CONYERS,GA,30012-4653,1281,SHADOWLAWN DR NE,,CONYERS,GA,30012-4653,A,A,,10/19/2017,10/19/2017,10/19/2017,IN PERSON,NO,NO,,NO,OT,OT,004,043,092,ROCK,00409,122019,00092,108,
ROCKDALE,00312985,BOWEN,ANDREA,CHESSNESS,,1056,TURNER ST NE, ,CONYERS,GA,30012-4534,1056,TURNER ST NE,,CONYERS,GA,30012-4534,A,A,,10/26/2017,10/26/2017,10/26/2017,IN PERSON,NO,NO,,NO,OT,OT,004,043,092,ROCK,00409,122019,00193,213,
ROCKDALE,06521578,LEWIS,WANDA,DARLENE,,1111,MCCORDS COR NW, ,CONYERS,GA,30012-4477,1111,MCCORDS COR NW,,CONYERS,GA,30012-4477,A,A,,10/30/2017,10/30/2017,10/30/2017,IN PERSON,NO,NO,,NO,CO,CO,004,043,092,ROCK,00409,122019,00228,249,
ROCKDALE,00321496,JOHNSON,KAREN,YVETTE,,1194,ROBIN RD NE, ,CONYERS,GA,30012-4830,1194,ROBIN RD NE,,CONYERS,GA,30012-4830,A,A,,10/23/2017,10/23/2017,10/23/2017,IN PERSON,NO,NO,,NO,OT,OT,004,043,092,ROCK,00411,122019,00122,138,
ROCKDALE,08451233,SLOANE,JANA,NOELLE,,2406,BLACK FOREST DR, ,CONYERS,GA,30012-5289,2406,BLACK FOREST DR,,CONYERS,GA,30012-5289,A,A,,10/12/2017,10/16/2017,11/01/2017,MAILED,NO,NO,,NO,CO,CO,004,043,092,ROCK,00408,,00002,4,
ROCKDALE,04065016,ELLIOTT,JOHN,MICHAEL,,1383,N HICKS CIR NW, ,CONYERS,GA,30012-4210,1383,N HICKS CIR NW,,CONYERS,GA,30012-4210,A,A,,10/25/2017,10/25/2017,10/25/2017,IN PERSON,NO,NO,,NO,CO,CO,004,043,092,ROCK,00409,122019,00169,189,
ROCKDALE,01380135,MORROW,DEBRA,D,,1739,OVERLOOK WAY SW, ,CONYERS,GA,30094-6255,1739,OVERLOOK WAY SW,,CONYERS,GA,30094-6255,A,A,,10/19/2017,10/19/2017,10/19/2017,IN PERSON,NO,NO,,NO,OT,OT,004,043,091,ROCK,00412,122019,00094,110,
ROCKDALE,00327946,PATTON,EVELYN,,,1591,WESLEY WAY NW, ,CONYERS,GA,30012-4060,1591,WESLEY WAY NW,,CONYERS,GA,30012-4060,A,A,,10/19/2017,10/19/2017,10/19/2017,IN PERSON,NO,NO,,NO,CO,CO,004,043,092,ROCK,00409,122019,00076,92,
ROCKDALE,05823553,SPENCE,CLAUDIA,SALEEBY,,1068,EASTVIEW CIR NE, ,CONYERS,GA,30012-4572,1068,EASTVIEW CIR NE,,CONYERS,GA,30012-4572,A,A,,10/19/2017,10/19/2017,10/19/2017,IN PERSON,NO,NO,,NO,OT,OT,004,043,092,ROCK,00410,122019,00095,111,
ROCKDALE,11263046,ROGERS,PERRYMAN,CARTER,,1370,SPRINGWOOD DR NW, ,CONYERS,GA,30012,1370,SPRINGWOOD DR NW,,CONYERS,GA,30012-4237,A,A,,10/24/2017,10/24/2017,10/24/2017,IN PERSON,NO,NO,,NO,CO,CO,004,043,092,ROCK,00409,122019,00134,150,
ROCKDALE,00311789,BRYANT,CHARLES,P,,1260,SHADOWLAWN DR NE, ,CONYERS,GA,30012-4619,1260,SHADOWLAWN DR NE,,CONYERS,GA,30012-4619,A,A,,10/25/2017,10/25/2017,10/25/2017,IN PERSON,NO,NO,,NO,OT,OT,004,043,092,ROCK,00409,122019,00155,173,
ROCKDALE,00308694,ALEXANDER,BETTY WILHELM,,,1138,WOODLAND RD NE, ,CONYERS,GA,30012-4545,1138,WOODLAND RD NE,,CONYERS,GA,30012-4545,A,A,,10/17/2017,10/17/2017,10/17/2017,IN PERSON,NO,NO,,NO,OT,OT,004,043,092,ROCK,00409,122019,00041,55,
ROCKDALE,00323321,LETT,AUGUSTUS,,,1295,NEEDMORE ST SW, ,CONYERS,GA,30012-5225,1295,NEEDMORE ST SW,,CONYERS,GA,30012-5225,A,A,,10/26/2017,10/26/2017,10/26/2017,IN PERSON,NO,NO,,NO,CO,CO,004,043,092,ROCK,00408,122019,00177,197,
ROCKDALE,06614302,LEYSATH-RICHARDSON,MONIQUE,TATIANA,,614,PEAKS LNDG, ,CONYERS,GA,30013,614,PEAKS LNDG,,CONYERS,GA,30013,A,A,,10/17/2017,10/17/2017,10/17/2017,IN PERSON,NO,NO,,NO,OT,OT,004,043,092,ROCK,00409,122019,00049,65,
ROCKDALE,07663129,LESTER,ADRIAN,GERARD,,929,BRYANT ST SW, ,CONYERS,GA,30012-5335,929,BRYANT ST SW,,CONYERS,GA,30012-5335,A,,,10/12/2017,10/16/2017,,MAILED,NO,NO,,NO,CO,CO,004,043,092,ROCK,00408,,00003,5,
ROCKDALE,00320271,HOLDREN,DAVID,S,JR,1357,FLAT SHOALS RD SW, ,CONYERS,GA,30094-5976,1357,FLAT SHOALS RD SW,,CONYERS,GA,30094-5976,A,A,,10/27/2017,10/27/2017,10/27/2017,IN PERSON,NO,NO,,NO,OT,OT,004,043,091,ROCK,00412,122019,00219,240,
ROCKDALE,00317252,GADDIS,SUSAN,P,,1302,PEGGY LN NW, ,CONYERS,GA,30012-4217,1302,PEGGY LN NW,,CONYERS,GA,30012-4217,A,A,,10/25/2017,10/25/2017,10/25/2017,IN PERSON,NO,NO,,NO,CO,CO,004,043,092,ROCK,00409,122019,00162,182,
ROCKDALE,00312650,HARBIN,SARA,JO,,1061,PINE ST NE, ,CONYERS,GA,30012,1061,PINE ST NE,,CONYERS,GA,30012,A,A,,10/31/2017,10/31/2017,10/31/2017,IN PERSON,NO,NO,,NO,OT,OT,004,043,092,ROCK,00410,122019,00275,296,
ROCKDALE,07051177,SEALS-STEWART,LINDA,DALE,,1192,PINEDALE CIR NW, ,CONYERS,GA,30012-3556,1192,PINEDALE CIR NW,,CONYERS,GA,30012-3556,A,A,,10/18/2017,10/18/2017,10/18/2017,IN PERSON,NO,NO,,NO,CO,CO,004,043,092,ROCK,00408,122019,00069,85,
ROCKDALE,07177876,HERBERT,JUDY,A,,2407,BLACK FOREST DR, ,CONYERS,GA,30012-5290,2407,BLACK FOREST DR,,CONYERS,GA,30012-5290,A,A,,10/26/2017,10/26/2017,10/26/2017,IN PERSON,NO,NO,,NO,CO,CO,004,043,092,ROCK,00408,122019,00185,205,
ROCKDALE,01226807,PATRICK,JOEY,LEE,,989,PINE ST NE, ,CONYERS,GA,30012,989,PINE ST NE,,CONYERS,GA,30012,A,A,,11/02/2017,11/02/2017,11/02/2017,IN PERSON,NO,NO,,NO,OT,OT,004,043,092,ROCK,00410,122019,00323,344,
ROCKDALE,05385031,COLLIER,VALERIE,D,,1795,RIVERRIDGE DR NW, ,CONYERS,GA,30012-4044,1795,RIVERRIDGE DR NW,,CONYERS,GA,30012-4044,A,A,,10/17/2017,10/17/2017,10/17/2017,IN PERSON,NO,NO,,NO,CO,CO,004,043,092,ROCK,00408,122019,00028,42,
ROCKDALE,02361206,CHAPAR,ALBERT,ABRAHAM,JR,1011,COLLEGE AVE NW, ,CONYERS,GA,30012-4423,1011,COLLEGE AVE NW,,CONYERS,GA,30012-4423,A,A,,11/01/2017,11/01/2017,11/01/2017,IN PERSON,NO,NO,,NO,CO,CO,004,043,092,ROCK,00410,122019,00281,302,
ROCKDALE,00318795,HAMM,GEORGE,NATHAN,,711,RANDALL ST SW, ,CONYERS,GA,30012-5229,711,RANDALL ST SW,,CONYERS,GA,30012-5229,A,A,,11/01/2017,11/01/2017,11/01/2017,IN PERSON,NO,NO,,NO,CO,CO,004,043,092,ROCK,00408,122019,00291,312,
ROCKDALE,02081799,SCOTT,DELONSIE,LYNN,,1140,S MAIN ST NE,APT 42,CONYERS,GA,30012,1140,S MAIN ST NE,APT 42,CONYERS,GA,30012,A,A,,10/30/2017,10/30/2017,10/30/2017,IN PERSON,NO,NO,,NO,OT,OT,004,043,092,ROCK,00411,122019,00221,242,
ROCKDALE,10342277,ROGERS,EMILY,REYNOLDS,,1370,SPRINGWOOD DR NW, ,CONYERS,GA,30012,1370,SPRINGWOOD DR NW,,CONYERS,GA,30012,A,A,,10/30/2017,10/30/2017,10/30/2017,IN PERSON,NO,NO,,NO,CO,CO,004,043,092,ROCK,00409,122019,00252,273,
ROCKDALE,00318877,HAMMONDS,WILLIAM,G,,1062,EASTVIEW CIR NE, ,CONYERS,GA,30012-4572,1062,EASTVIEW CIR NE,,CONYERS,GA,30012-4572,A,A,,11/01/2017,11/01/2017,11/01/2017,IN PERSON,NO,NO,,NO,OT,OT,004,043,092,ROCK,00410,122019,00280,301,
ROCKDALE,00324975,HALLIDAY,CAROLYN,JOHNSON,,1536,REAGAN CIR NW, ,CONYERS,GA,30012-4205,1536,REAGAN CIR NW,,CONYERS,GA,30012-4205,A,A,,10/20/2017,10/20/2017,10/20/2017,IN PERSON,NO,NO,,NO,CO,CO,004,043,092,ROCK,00409,122019,00117,133,
ROCKDALE,03791974,CLARK,CHARLES,,,1333,JIMI LN NW, ,CONYERS,GA,30012-4332,1333,JIMI LN NW,,CONYERS,GA,30012-4332,A,A,,10/16/2017,10/16/2017,10/16/2017,IN PERSON,NO,NO,,NO,CO,CO,004,043,092,ROCK,00408,122019,00010,21,
ROCKDALE,11318973,CHAPAR,SOPHIA,MERAL,,1011,COLLEGE AVE NW, ,CONYERS,GA,30012,1011,COLLEGE AVE NW,,CONYERS,GA,30012-4423,A,A,,10/20/2017,10/20/2017,10/20/2017,IN PERSON,NO,NO,,NO,CO,CO,004,043,092,ROCK,00410,122019,00111,127,
ROCKDALE,11262938,ROGERS,WILLIAM,HINTON,,1370,SPRINGWOOD DR NW, ,CONYERS,GA,30012,1370,SPRINGWOOD DR NW,,CONYERS,GA,30012,A,A,,11/01/2017,11/01/2017,11/01/2017,IN PERSON,NO,NO,,NO,CO,CO,004,043,092,ROCK,00409,122019,00305,326,
ROCKDALE,00323332,LETT,MARY,LUCILE,,1295,NEEDMORE ST SW, ,CONYERS,GA,30012-5225,1295,NEEDMORE ST SW,,CONYERS,GA,30012-5225,A,A,,10/26/2017,10/26/2017,10/26/2017,IN PERSON,NO,NO,,NO,CO,CO,004,043,092,ROCK,00408,122019,00178,198,
ROCKDALE,00329140,RAMSEY,ESRIC,B,,1182,VALLEY DR NE, ,CONYERS,GA,30012-4630,1182,VALLEY DR NE,,CONYERS,GA,30012-4630,A,A,,10/23/2017,10/23/2017,10/23/2017,IN PERSON,NO,NO,,NO,OT,OT,004,043,092,ROCK,00409,122019,00127,143,
ROCKDALE,00309461,BAKER,DELORES,J,,1240,BROOKSIDE DR NE, ,CONYERS,GA,30012-4604,1240,BROOKSIDE DR NE,,CONYERS,GA,30012-4604,A,A,,11/02/2017,11/02/2017,11/02/2017,IN PERSON,NO,NO,,NO,OT,OT,004,043,092,ROCK,00409,122019,00313,334,
ROCKDALE,00318615,HALL,AMANDA,GOGGANS,,1026,GREEN ST SE,Q,CONYERS,GA,30012-5406,1026,GREEN ST SE,Q,CONYERS,GA,30012-5406,A,A,,10/18/2017,10/18/2017,10/18/2017,IN PERSON,NO,NO,,NO,OT,OT,004,043,092,ROCK,00411,122019,00056,72,
ROCKDALE,00334053,TREADWELL,BARRY,,,1226,LARK LN NE, ,CONYERS,GA,30012,1226,LARK LN NE,,CONYERS,GA,30012,A,A,,10/31/2017,10/31/2017,10/31/2017,IN PERSON,NO,NO,,NO,OT,OT,004,043,092,ROCK,00411,122019,00267,288,
ROCKDALE,05184530,MARTIN,MARY,LOIS,,2401,BLACK FOREST DR, ,CONYERS,GA,30012-5290,2401,BLACK FOREST DR,,CONYERS,GA,30012-5290,A,A,,11/03/2017,11/03/2017,11/03/2017,IN PERSON,NO,NO,,NO,CO,CO,004,043,092,ROCK,00408,122019,00364,385,
ROCKDALE,05407075,BLEVINS,MICHAEL,STEPHEN,,1503,REAGAN CIR NW, ,CONYERS,GA,30012-4252,1503,REAGAN CIR NW,,CONYERS,GA,30012-4252,A,A,,10/19/2017,10/19/2017,10/19/2017,IN PERSON,NO,NO,,NO,CO,CO,004,043,092,ROCK,00409,122019,00091,107,
ROCKDALE,00333043,STROUD,HELEN,F,,1256,ROCKBRIDGE RD NW, ,CONYERS,GA,30012-4356,1256,ROCKBRIDGE RD NW,,CONYERS,GA,30012-4356,A,A,,11/01/2017,11/01/2017,11/01/2017,IN PERSON,NO,NO,,NO,CO,CO,004,043,092,ROCK,00408,122019,00283,304,
ROCKDALE,00332038,SMITH,NORMAN,LEE,,1285,ROBIN RD NE, ,CONYERS,GA,30012-4833,1285,ROBIN RD NE,,CONYERS,GA,30012-4833,A,A,,10/16/2017,10/16/2017,10/16/2017,IN PERSON,NO,NO,,NO,OT,OT,004,043,092,ROCK,00411,122019,00004,15,
ROCKDALE,08913182,JACKSON,CARLOS,RANDALL,,2406,BLACK FOREST DR, ,CONYERS,GA,30012,2406,BLACK FOREST DR,,CONYERS,GA,30012,A,A,,10/12/2017,10/16/2017,11/01/2017,MAILED,NO,NO,,NO,CO,CO,004,043,092,ROCK,00408,,00005,8,
ROCKDALE,06659648,GAITON,LUCY,,,901,NORTHRIDGE DR NW, ,CONYERS,GA,30012-4030,901,NORTHRIDGE DR,,CONYERS,GA,30012-0403,A,A,,10/20/2017,10/20/2017,10/20/2017,IN PERSON,NO,NO,,NO,CO,CO,004,043,092,ROCK,00408,122019,00110,126,
ROCKDALE,00335254,WEBB,AUBURY,RYAN,SR,680,3RD AVE SW, ,CONYERS,GA,30012,680,3RD AVE SW,,CONYERS,GA,30012,A,A,,11/03/2017,11/03/2017,11/03/2017,IN PERSON,NO,NO,,NO,CO,CO,004,043,092,ROCK,00408,122019,00350,371,
ROCKDALE,10671154,HENRY,DANEEN,VANESSA,,221,KESWICK VILLAGE CT NE, ,CONYERS,GA,30013,221,KESWICK VILLAGE CT NE,,CONYERS,GA,30013,A,A,,10/18/2017,10/18/2017,10/18/2017,IN PERSON,NO,NO,,NO,OT,OT,004,043,114,ROCK,00413,122019,00054,70,
ROCKDALE,01372125,KNOX,SYBIL,G,,1502,RENAISSANCE DR NE,UNIT 9C,CONYERS,GA,30012,1502,RENAISSANCE DR NE,UNIT 9C,CONYERS,GA,30012,A,A,,10/17/2017,10/17/2017,10/17/2017,IN PERSON,NO,NO,,NO,OT,OT,004,043,092,ROCK,00409,122019,00050,66,
ROCKDALE,00334018,TRAINER,JO,L,,1064,PINE ST NE, ,CONYERS,GA,30012-4504,1064,PINE ST NE,,CONYERS,GA,30012-4504,A,A,,10/31/2017,10/31/2017,10/31/2017,IN PERSON,NO,NO,,NO,OT,OT,004,043,092,ROCK,00410,122019,00257,278,
ROCKDALE,00330024,ROGERS,B CARTER,,,1370,SPRINGWOOD DR NW, ,CONYERS,GA,30012-4237,1370,SPRINGWOOD DR NW,,CONYERS,GA,30012-4237,A,A,,10/20/2017,10/20/2017,10/20/2017,IN PERSON,NO,NO,,NO,CO,CO,004,043,092,ROCK,00409,122019,00116,132,
ROCKDALE,03422990,WILLIAMS,DARREN,KENYATTA,,1071,VEAL ST SW, ,CONYERS,GA,30012-5361,1071,VEAL ST SW,,CONYERS,GA,30012-5361,A,A,,10/25/2017,10/25/2017,10/25/2017,IN PERSON,NO,NO,,NO,CO,CO,004,043,092,ROCK,00408,122019,00166,186,
ROCKDALE,04297525,LEE,TEQUILA,SHIMON,,1413,REVEL COVE DR SW, ,CONYERS,GA,30094,1413,REVEL COVE DR SW,,CONYERS,GA,30094,A,A,,10/19/2017,10/19/2017,10/19/2017,IN PERSON,NO,NO,,NO,OT,OT,004,043,091,ROCK,00412,122019,00096,112,
ROCKDALE,00313585,COLLINS,EVELYN,G,,1078,FOREST LN NE, ,CONYERS,GA,30012-4562,1078,FOREST LN NE,,CONYERS,GA,30012-4562,A,A,,10/24/2017,10/24/2017,10/24/2017,IN PERSON,NO,NO,,NO,OT,OT,004,043,092,ROCK,00409,122019,00151,167,
ROCKDALE,04258184,WRIGHT,JACQUES,JERMAIN,,1502,SAINT GEORGE PL, ,CONYERS,GA,30012,1502,SAINT GEORGE PL,,CONYERS,GA,30012,A,A,,10/30/2017,10/30/2017,10/30/2017,IN PERSON,NO,NO,,NO,OT,OT,004,043,092,ROCK,00410,122019,00229,250,
ROCKDALE,00331282,SHIPP,NORMA,,,1248,ROCKBRIDGE RD NW, ,CONYERS,GA,30012-4356,1248,ROCKBRIDGE RD NW,,CONYERS,GA,30012-4356,A,A,,11/03/2017,11/03/2017,11/03/2017,IN PERSON,NO,NO,,NO,CO,CO,004,043,092,ROCK,00408,122019,00332,353,
ROCKDALE,10187559,CURRY,MELLOW,DERENE,,1669,VILLAGE PLACE CIR NE, ,CONYERS,GA,30012,1669,VILLAGE PLACE CIR NE,,CONYERS,GA,30012-7109,A,A,,10/25/2017,10/25/2017,10/25/2017,IN PERSON,NO,NO,,NO,OT,OT,004,043,092,ROCK,00410,122019,00175,195,
ROCKDALE,08878942,STANFORD,MELINDA,D,,1270,SHADOWLAWN DR NE, ,CONYERS,GA,30012-4619,1270,SHADOWLAWN DR NE,,CONYERS,GA,30012-4619,A,A,,10/27/2017,10/27/2017,10/27/2017,IN PERSON,NO,NO,,NO,OT,OT,004,043,092,ROCK,00409,122019,00206,227,
ROCKDALE,03974748,CHAPAR,NADINE,KIRMA,,1011,COLLEGE AVE NW, ,CONYERS,GA,30012-4423,1011,COLLEGE AVE NW,,CONYERS,GA,30012-4423,A,A,,10/20/2017,10/20/2017,10/20/2017,IN PERSON,NO,NO,,NO,CO,CO,004,043,092,ROCK,00410,122019,00112,128,
ROCKDALE,07064907,HADLEY,DOLORES,JEAN HILL,,1039,OAKLAND AVE SE, ,CONYERS,GA,30012-5376,1039,OAKLAND AVE SE,,CONYERS,GA,30012-5376,A,A,,10/18/2017,10/18/2017,10/18/2017,IN PERSON,NO,NO,,NO,CO,CO,004,043,092,ROCK,00411,122019,00068,84,
ROCKDALE,04554894,CABE,JAMES,FRANK,,1019,COLLEGE AVE NW, ,CONYERS,GA,30012,1019,COLLEGE AVE NW,,CONYERS,GA,30012-4423,A,A,,10/19/2017,10/19/2017,10/19/2017,IN PERSON,NO,NO,,NO,CO,CO,004,043,092,ROCK,00410,122019,00083,99,
ROCKDALE,00308614,ADKINS,RITA,C,,1181,EASTVIEW RD NE, ,CONYERS,GA,30012-4560,1181,EASTVIEW RD NE,,CONYERS,GA,30012-4560,A,A,,10/20/2017,10/20/2017,10/20/2017,IN PERSON,NO,NO,,NO,OT,OT,004,043,092,ROCK,00410,122019,00100,116,
ROCKDALE,05775026,DOWNING,MELVINA,M,,1700,WINCHESTER WAY SE, ,CONYERS,GA,30013,1700,WINCHESTER WAY SE,,CONYERS,GA,30013,A,A,,10/26/2017,10/26/2017,10/26/2017,IN PERSON,NO,NO,,NO,OT,OT,004,043,091,ROCK,00412,122019,00180,200,
ROCKDALE,07314530,PIRKLE,BILLY,HUGH,,1340,IRWIN BRIDGE RD NW, ,CONYERS,GA,30012,1340,IRWIN BRIDGE RD NW,,CONYERS,GA,30012,A,A,,10/30/2017,10/30/2017,10/30/2017,IN PERSON,NO,NO,,NO,CO,CO,004,043,092,ROCK,00408,122019,00237,258,
ROCKDALE,04261497,CLARK,CHARLES,LOUIS,JR,2000,WINDSOR CREEK DR SW, ,CONYERS,GA,30094-5816,2000,WINDSOR CREEK DR SW,,CONYERS,GA,30094-5816,A,A,,10/27/2017,10/27/2017,10/27/2017,IN PERSON,NO,NO,,NO,OT,OT,004,043,091,ROCK,00412,122019,00208,229,
ROCKDALE,01369207,ELLIS,PRISCILLA,D,,1025,LOCUST DR NE,B,CONYERS,GA,30012,1025,LOCUST DR NE,B,CONYERS,GA,30012,A,A,,10/18/2017,10/18/2017,10/18/2017,IN PERSON,NO,NO,,NO,OT,OT,004,043,092,ROCK,00410,122019,00055,71,
ROCKDALE,07574256,MATTHEWS,TERENCE,M,,1948,BRIDGESTONE CIR, ,CONYERS,GA,30012-3793,1948,BRIDGESTONE CIR,,CONYERS,GA,30012-3793,A,A,,10/23/2017,10/23/2017,10/23/2017,IN PERSON,NO,NO,,NO,OT,OT,004,043,092,ROCK,00409,122019,00124,140,
ROCKDALE,02078231,RAY,DIANNA,LYNN,,1685,WINCHESTER WAY SE, ,CONYERS,GA,30013-1729,1685,WINCHESTER WAY SE,,CONYERS,GA,30013-1729,A,A,,10/23/2017,10/23/2017,10/23/2017,IN PERSON,NO,NO,,NO,OT,OT,004,043,091,ROCK,00412,122019,00131,147,
ROCKDALE,03502531,BAILEY,JACOB,LIONEL,,1421,SPRINGWOOD DR NW, ,CONYERS,GA,30012-4238,1421,SPRINGWOOD DR NW,,CONYERS,GA,30012-4238,A,A,,10/16/2017,10/16/2017,10/16/2017,IN PERSON,NO,NO,,NO,CO,CO,004,043,092,ROCK,00409,122019,00001,1,
ROCKDALE,03810898,WILLIAMS,JOHN,DANIEL,,1072,PARK CIR NW, ,CONYERS,GA,30012,1072,PARK CIR NW,,CONYERS,GA,30012,A,A,,11/01/2017,11/01/2017,11/01/2017,IN PERSON,NO,NO,,NO,CO,CO,004,043,092,ROCK,00410,122019,00296,317,
ROCKDALE,00321621,JOHNSON,NANCY,L,,1190,MILSTEAD AVE NE, ,CONYERS,GA,30012-4563,1190,MILSTEAD AVE NE,,CONYERS,GA,30012-4563,A,A,,10/30/2017,10/30/2017,10/30/2017,IN PERSON,NO,NO,,NO,CO,CO,004,043,092,ROCK,00409,122019,00225,246,
ROCKDALE,04624841,AYERS,ELLIS,M,,1000,N MAIN ST NW, ,CONYERS,GA,30012-4408,1000,N MAIN ST NW,,CONYERS,GA,30012-4408,A,A,,11/03/2017,11/03/2017,11/03/2017,IN PERSON,NO,NO,,NO,CO,CO,004,043,092,ROCK,00410,122019,00357,378,
ROCKDALE,06558710,SMITH,DORA,J,,956,EDWARDS CIR SW,APT A,CONYERS,GA,30012-5306,956,EDWARDS CIR SW,APT A,CONYERS,GA,30012-5306,A,A,,10/17/2017,10/17/2017,10/17/2017,IN PERSON,NO,NO,,NO,CO,CO,004,043,092,ROCK,00411,122019,00040,54,
ROCKDALE,00309513,BAKER,R WAYNE,,,1240,BROOKSIDE DR NE, ,CONYERS,GA,30012-4604,1240,BROOKSIDE DR NE,,CONYERS,GA,30012-4604,A,A,,10/20/2017,10/20/2017,10/20/2017,IN PERSON,NO,NO,,NO,OT,OT,004,043,092,ROCK,00409,122019,00119,135,
ROCKDALE,04569231,HALL,LESA,LEE,,1436,REAGAN CIR NW, ,CONYERS,GA,30012-4200,1436,REAGAN CIR NW,,CONYERS,GA,30012-4200,A,A,,10/30/2017,10/30/2017,10/30/2017,IN PERSON,NO,NO,,NO,CO,CO,004,043,092,ROCK,00409,122019,00234,255,
ROCKDALE,00334964,WANN,MYRA,DENISE,,1804,RIVERRIDGE DR NW, ,CONYERS,GA,30012-4047,1804,RIVERRIDGE DR NW,,CONYERS,GA,30012-4047,A,A,,11/01/2017,11/01/2017,11/01/2017,IN PERSON,NO,NO,,NO,CO,CO,004,043,092,ROCK,00408,122019,00289,310,
ROCKDALE,00334389,VANRIE,GINNY,LYNN,,1024,TURNER ST NE, ,CONYERS,GA,30012-4534,1024,TURNER ST NE,,CONYERS,GA,30012-4534,A,A,,10/25/2017,10/25/2017,10/25/2017,IN PERSON,NO,NO,,NO,OT,OT,004,043,092,ROCK,00409,122019,00172,192,
ROCKDALE,11170928,COULIBALY,NIELFANY,STEVEN CARL,,1531,KESWICK VILLAGE CT NE, ,CONYERS,GA,30013,1531,KESWICK VILLAGE CT NE,,CONYERS,GA,30013,A,,,10/07/2017,10/16/2017,,MAILED,NO,NO,,NO,OT,OT,004,043,114,ROCK,00413,,00001,14,
ROCKDALE,00316848,FOSTER,BRENDA,P,,1104,PARK CIR NW, ,CONYERS,GA,30012-4458,1104,PARK CIR NW,,CONYERS,GA,30012-4458,A,A,,11/03/2017,11/03/2017,11/03/2017,IN PERSON,NO,NO,,NO,CO,CO,004,043,092,ROCK,00410,122019,00348,369,
ROCKDALE,00335962,WILLIAMS,LINDA,A,,1158,VALLEY DR NE, ,CONYERS,GA,30012-4630,1158,VALLEY DR NE,,CONYERS,GA,30012-4630,A,A,,10/31/2017,10/31/2017,10/31/2017,IN PERSON,NO,NO,,NO,OT,OT,004,043,092,ROCK,00409,122019,00277,298,
ROCKDALE,00323869,LOYAL,STALLIS,M,,941,HEWLETT ST SW, ,CONYERS,GA,30012-5343,941,HEWLETT ST SW,,CONYERS,GA,30012-5343,A,A,,10/27/2017,10/27/2017,10/27/2017,IN PERSON,NO,NO,,NO,CO,CO,004,043,092,ROCK,00411,122019,00198,219,
ROCKDALE,02199296,MITCHELL,LARSENA,BAILEY,,1081,VEAL ST SW, ,CONYERS,GA,30012,1081,VEAL ST SW,,CONYERS,GA,30012,A,A,,10/25/2017,10/25/2017,10/25/2017,IN PERSON,NO,NO,,NO,CO,CO,004,043,092,ROCK,00408,122019,00167,187,
ROCKDALE,00315085,DIGBY,AMANDA,G,,1304,SPRINGWOOD DR NW, ,CONYERS,GA,30012-4237,1304,SPRINGWOOD DR NW,,CONYERS,GA,30012-4237,A,A,,10/25/2017,10/25/2017,10/25/2017,IN PERSON,NO,NO,,NO,CO,CO,004,043,092,ROCK,00409,122019,00174,194,
ROCKDALE,06544519,EMOFONMWAN,WILLIAM,OSAYEMWENRE,,1290,SHADOWLAWN DR NE, ,CONYERS,GA,30012-4619,1290,SHADOWLAWN DR NE,,CONYERS,GA,30012-4619,A,A,,10/18/2017,10/18/2017,10/18/2017,IN PERSON,NO,NO,,NO,OT,OT,004,043,092,ROCK,00409,122019,00057,73,
ROCKDALE,00324042,MADDOX,EMILY,A,,1502,RENAISSANCE DR NE,B6,CONYERS,GA,30012-8027,1502,RENAISSANCE DR NE,APT B6,CONYERS,GA,30012-8027,A,A,,05/23/2017,10/16/2017,11/02/2017,MAILED,NO,NO,ELDERLY,NO,OT,OT,004,043,092,ROCK,00409,,00001,12,
ROCKDALE,00332530,STANFORD,WALTER,NEAL,,1270,SHADOWLAWN DR NE, ,CONYERS,GA,30012-4619,1270,SHADOWLAWN DR NE,,CONYERS,GA,30012-4619,A,A,,10/27/2017,10/27/2017,10/27/2017,IN PERSON,NO,NO,,NO,OT,OT,004,043,092,ROCK,00409,122019,00212,233,
ROCKDALE,00325963,MOORE,HATTIE,RUTH,,933,BRYANT ST SW, ,CONYERS,GA,30012,933,BRYANT ST SW,,CONYERS,GA,30012,A,A,,10/27/2017,10/27/2017,10/27/2017,IN PERSON,NO,NO,,NO,CO,CO,004,043,092,ROCK,00408,122019,00210,231,
ROCKDALE,00320105,MILLER,JENNIFER,LYNN,,1049,FOREST LN NE, ,CONYERS,GA,30012-4517,1049,FOREST LN NE,,CONYERS,GA,30012-4517,A,A,,11/01/2017,11/01/2017,11/01/2017,IN PERSON,NO,NO,,NO,OT,OT,004,043,092,ROCK,00409,122019,00303,324,
ROCKDALE,00328078,PEEPLES,MARTHA,B,,991,BRYANT ST SW, ,CONYERS,GA,30012-5366,991,BRYANT ST SW,,CONYERS,GA,30012-5366,A,A,,10/26/2017,10/26/2017,10/26/2017,IN PERSON,NO,NO,,NO,CO,CO,004,043,092,ROCK,00408,122019,00192,212,
ROCKDALE,02140028,MATTHEWS,VARETTA,L,,912,PARK PL NE, ,CONYERS,GA,30012-4765,912,PARK PL NE,,CONYERS,GA,30012-4765,A,A,,10/31/2017,10/31/2017,10/31/2017,IN PERSON,NO,NO,,NO,OT,OT,004,043,092,ROCK,00410,122019,00265,286,
ROCKDALE,00321687,JONES,CHARLOTTE,B,,1098,PARK CIR NW, ,CONYERS,GA,30012,1098,PARK CIR NW,,CONYERS,GA,30012,A,A,,11/01/2017,11/01/2017,11/01/2017,IN PERSON,NO,NO,,NO,CO,CO,004,043,092,ROCK,00410,122019,00286,307,
ROCKDALE,02117389,TATE,LAURA,ELETA,,1825,PARKER RD SE,UNIT 118,CONYERS,GA,30094-2644,1825,PARKER RD SE,UNIT 118,CONYERS,GA,30094-2644,A,A,,10/24/2017,10/24/2017,10/24/2017,IN PERSON,NO,NO,,NO,OT,OT,004,043,091,ROCK,00412,122019,00148,164,
ROCKDALE,05434781,COX,PATRICIA,ANN,,1190,CRESTVIEW CIR NE, ,CONYERS,GA,30012-4608,1190,CRESTVIEW CIR NE,,CONYERS,GA,30012-4608,A,A,,11/03/2017,11/03/2017,11/03/2017,IN PERSON,NO,NO,,NO,OT,OT,004,043,092,ROCK,00410,122019,00341,362,
ROCKDALE,00320106,ROGERS,JULIE,HINTON,,1370,SPRINGWOOD DR NW, ,CONYERS,GA,30012-4237,1370,SPRINGWOOD DR NW,,CONYERS,GA,30012-4237,A,A,,10/24/2017,10/24/2017,10/24/2017,IN PERSON,NO,NO,,NO,CO,CO,004,043,092,ROCK,00409,122019,00133,149,
ROCKDALE,06421394,STEWART,BRADLEY,SCOTT,,637,PROMISE PATH,201,CONYERS,GA,30012,637,PROMISE PATH,201,CONYERS,GA,30012,A,A,,10/24/2017,10/24/2017,10/24/2017,IN PERSON,NO,NO,,NO,OT,OT,004,043,092,ROCK,00409,122019,00141,157,
ROCKDALE,06278817,REESE-MCKINNON,SAMIKA,,,1385,OLD MCDONOUGH , ,CONYERS,GA,30094,,P.O. BOX 80993,,CONYERS,GA,30013,A,A,,10/27/2017,10/27/2017,10/27/2017,IN PERSON,NO,NO,,NO,OT,OT,004,043,091,ROCK,00412,122019,00196,217,
ROCKDALE,05114455,NORMAN,OLLIE,MAE,,1328,IRWIN BRIDGE RD NW, ,CONYERS,GA,30012,1328,IRWIN BRIDGE RD NW,,CONYERS,GA,30012,A,C,VIO,10/06/2017,10/16/2017,10/31/2017,MAILED,NO,NO,,NO,CO,CO,004,043,092,ROCK,00408,,00001,3,
ROCKDALE,00315830,EFNER,WILLIAM,FRANCIS,,905,PARK PL NE, ,CONYERS,GA,30012-4767,905,PARK PL NE,,CONYERS,GA,30012-4767,A,A,,10/17/2017,10/17/2017,10/17/2017,IN PERSON,NO,NO,,NO,OT,OT,004,043,092,ROCK,00410,122019,00038,52,
ROCKDALE,05405457,WALLACE,ALISHA,TAWANA,,141,ODYSSEY TURN, ,CONYERS,GA,30012-3681,141,ODYSSEY TURN,,CONYERS,GA,30012-3681,A,A,,11/01/2017,11/01/2017,11/01/2017,IN PERSON,NO,NO,,NO,OT,OT,004,043,092,ROCK,00409,122019,00293,314,
ROCKDALE,01908193,BROWN,RUSSELL,A,,1031,TURNER ST NE, ,CONYERS,GA,30012-4533,1031,TURNER ST NE,,CONYERS,GA,30012-4533,A,A,,10/16/2017,10/16/2017,10/16/2017,IN PERSON,NO,NO,,NO,OT,OT,004,043,092,ROCK,00409,122019,00012,23,
ROCKDALE,00310262,BENTON,WILLIE,OTIS,,1226,PLEASANT CIR NW, ,CONYERS,GA,30012-4341,1226,PLEASANT CIR NW,,CONYERS,GA,30012-4341,A,A,,10/18/2017,10/18/2017,10/18/2017,IN PERSON,NO,NO,,NO,CO,CO,004,043,092,ROCK,00408,122019,00061,77,
ROCKDALE,00333032,JACKSON,NATALIE,STRONG,,991,WOODBRIDGE DR NE, ,CONYERS,GA,30012-4635,991,WOODBRIDGE DR NE,,CONYERS,GA,30012-4635,A,A,,10/31/2017,10/31/2017,10/31/2017,IN PERSON,NO,NO,,NO,OT,OT,004,043,092,ROCK,00410,122019,00276,297,
ROCKDALE,07295664,DAINTY,DAVID,GEORGE,,891,DAVIS DR SE, ,CONYERS,GA,30094-5963,891,DAVIS DR SE,,CONYERS,GA,30094-5963,A,A,,11/02/2017,11/02/2017,11/02/2017,IN PERSON,NO,NO,,NO,OT,OT,004,043,091,ROCK,00412,122019,00316,337,
ROCKDALE,06742967,REEVES,JAMES,HOWARD,,1701,LANCASTER CREEK CIR SW, ,CONYERS,GA,30094,1701,LANCASTER CREEK CIR SW,,CONYERS,GA,30094,A,A,,10/30/2017,10/30/2017,10/30/2017,IN PERSON,NO,NO,,NO,OT,OT,004,043,091,ROCK,00412,122019,00239,260,
ROCKDALE,00330289,ROWE,PEGGY,O,,1382,N HICKS CIR NW, ,CONYERS,GA,30012-4211,1382,N HICKS CIR NW,,CONYERS,GA,30012-4211,A,A,,11/02/2017,11/02/2017,11/02/2017,IN PERSON,NO,NO,,NO,CO,CO,004,043,092,ROCK,00409,122019,00310,331,
ROCKDALE,04938638,MURPHY,PAMELA,SUE,,526,PEAKS LNDG, ,CONYERS,GA,30013,526,PEAKS LNDG,,CONYERS,GA,30013,A,A,,10/23/2017,10/23/2017,10/23/2017,IN PERSON,NO,NO,,NO,OT,OT,004,043,092,ROCK,00409,122019,00132,148,
ROCKDALE,07280352,EVANS,QUANTANEASE,TYA',,1401,REVEL COVE DR SW, ,CONYERS,GA,30094-5850,1401,REVEL COVE DR SW,,CONYERS,GA,30094-5850,A,A,,10/31/2017,10/31/2017,10/31/2017,IN PERSON,NO,NO,,NO,OT,OT,004,043,091,ROCK,00412,122019,00261,282,
ROCKDALE,00328784,PRATER,RANDALL,C,,1146,OLD COVINGTON HWY SE, ,CONYERS,GA,30012-5422,1146,OLD COVINGTON ,,CONYERS,GA,30012-5422,A,A,,10/25/2017,10/25/2017,10/25/2017,IN PERSON,NO,NO,,NO,OT,OT,004,043,092,ROCK,00411,122019,00157,175,
ROCKDALE,01984443,HAYS,CYNTHIA,LEE,,914,MAIN ST NW, ,CONYERS,GA,30012-4401,914,N MAIN ST,,CONYERS,GA,30012-0440,A,A,,10/17/2017,10/17/2017,10/17/2017,IN PERSON,NO,NO,,NO,CO,CO,004,043,092,ROCK,00411,122019,00039,53,
ROCKDALE,05227238,MCNAMARA,KATHLEEN,ANN,,1439,REAGAN CIR NW, ,CONYERS,GA,30012-4201,1439,REAGAN CIR NW,,CONYERS,GA,30012-4201,A,A,,10/17/2017,10/17/2017,10/17/2017,IN PERSON,NO,NO,,NO,CO,CO,004,043,092,ROCK,00409,122019,00045,61,
ROCKDALE,10802235,WASHINGTON,MARTHA,P,,2200,PALOMINO LN, ,CONYERS,GA,30012,2200,PALOMINO LN,,CONYERS,GA,30012,A,A,,10/31/2017,10/31/2017,10/31/2017,IN PERSON,NO,NO,,NO,CO,CO,004,043,092,ROCK,00408,122019,00259,280,
ROCKDALE,05228734,GONZALES,RAYMOND,S,,1439,REAGAN CIR NW, ,CONYERS,GA,30012-4201,1439,REAGAN CIR NW,,CONYERS,GA,30012-4201,A,A,,10/27/2017,10/27/2017,10/27/2017,IN PERSON,NO,NO,,NO,CO,CO,004,043,092,ROCK,00409,122019,00213,234,
ROCKDALE,00311571,BROWN,JOAN,COSTLEY,,955,COLLEGE AVE NW, ,CONYERS,GA,30012-4421,955,COLLEGE AVE NW,,CONYERS,GA,30012-4421,A,A,,10/16/2017,10/16/2017,10/16/2017,IN PERSON,NO,NO,,NO,CO,CO,004,043,092,ROCK,00409,122019,00018,29,
ROCKDALE,02054128,MUMFORD,GARY,LEE,,798,GREENHILL DR NE,UNIT 4,CONYERS,GA,30012,798,GREENHILL DR NE,UNIT 4,CONYERS,GA,30012,A,A,,11/03/2017,11/03/2017,11/03/2017,IN PERSON,NO,NO,,NO,OT,OT,004,043,092,ROCK,00411,122019,00343,364,
ROCKDALE,00320920,HUTTON,JANET,C,,1280,SHADOWLAWN DR NE, ,CONYERS,GA,30012-4619,1280,SHADOWLAWN DR NE,,CONYERS,GA,30012-4619,A,A,,10/17/2017,10/17/2017,10/17/2017,IN PERSON,NO,NO,,NO,OT,OT,004,043,092,ROCK,00409,122019,00027,41,
ROCKDALE,07188862,KENDALL,LENORA,DAWNA,,1389,REVEL COVE DR SW, ,CONYERS,GA,30094,1389,REVEL COVE DR SW,,CONYERS,GA,30094,A,A,,10/30/2017,10/30/2017,10/30/2017,IN PERSON,NO,NO,,NO,OT,OT,004,043,091,ROCK,00412,122019,00240,261,
ROCKDALE,02039021,MCCRARY,THOMAS,BRYSON,,1575,TANGLEWOOD WAY NW, ,CONYERS,GA,30012-4097,1575,TANGLEWOOD WAY NW,,CONYERS,GA,30012-4097,A,A,,10/19/2017,10/19/2017,10/19/2017,IN PERSON,NO,NO,,NO,CO,CO,004,043,092,ROCK,00408,122019,00081,97,
ROCKDALE,00317801,GILSTRAP,RITA,V,,1231,HILL ST NW, ,CONYERS,GA,30012-4307,1231,HILL ST NW,,CONYERS,GA,30012-4307,A,A,,11/02/2017,11/02/2017,11/02/2017,IN PERSON,NO,NO,,NO,CO,CO,004,043,092,ROCK,00408,122019,00317,338,
ROCKDALE,05240292,BANKS,KIMBERLY,TIARRA,,1057,KINGSTON RD NW, ,CONYERS,GA,30012,1057,KINGSTON RD NW,,CONYERS,GA,30012,A,A,,11/03/2017,11/03/2017,11/03/2017,IN PERSON,NO,NO,,NO,CO,CO,004,043,092,ROCK,00409,122019,00354,375,
ROCKDALE,05770897,WILSON,LORNA,A,,1501,EASTMONT DR NW, ,CONYERS,GA,30012-3554,1501,EASTMONT DR NW,,CONYERS,GA,30012-3554,A,A,,10/17/2017,10/17/2017,10/17/2017,IN PERSON,NO,NO,,NO,CO,CO,004,043,092,ROCK,00408,122019,00052,68,
ROCKDALE,06324147,CURRY,NATASHA,LANISE,,1929,BRIDGESTONE CIR, ,CONYERS,GA,30012-3796,1929,BRIDGESTONE CIR,,CONYERS,GA,30012-3796,A,A,,11/03/2017,11/03/2017,11/03/2017,IN PERSON,NO,NO,,NO,OT,OT,004,043,092,ROCK,00409,122019,00334,355,
ROCKDALE,00319540,HAYS,EARL,BRYAN,SR,1500,RENAISSANCE DR NE,B6,CONYERS,GA,30012,1508,RENAISSANCE DR NE,R2,CONYERS,GA,30012,A,A,,10/17/2017,10/17/2017,10/30/2017,MAILED,NO,NO,DISABLED,NO,OT,OT,004,043,092,ROCK,00409,,00003,57,
ROCKDALE,00330296,ROWLAND,BILLY,BRYANT,,941,MEADOWBROOK LN NW, ,CONYERS,GA,30012-4018,941,MEADOWBROOK LN NW,,CONYERS,GA,30012-4018,A,A,,10/25/2017,10/25/2017,10/25/2017,IN PERSON,NO,NO,,NO,CO,CO,004,043,092,ROCK,00409,122019,00164,184,
ROCKDALE,00318895,HAMRICK,ANGELA,P,,1516,REVEL COVE DR SW, ,CONYERS,GA,30094-5829,1516,REVEL COVE DR SW,,CONYERS,GA,30094-5829,A,A,,11/01/2017,11/01/2017,11/01/2017,IN PERSON,NO,NO,,NO,OT,OT,004,043,091,ROCK,00412,122019,00301,322,
ROCKDALE,00310934,BOULAND,JANE,,,961,WOODBRIDGE DR NE, ,CONYERS,GA,30012-4635,,PO BOX 116,,CONYERS,GA,30012-0011,A,A,,11/02/2017,11/02/2017,11/02/2017,IN PERSON,NO,NO,,NO,OT,OT,004,043,092,ROCK,00410,122019,00318,339,
ROCKDALE,00332119,SMITH,MARY,AGNES,,1215,WOODLAND RD NE, ,CONYERS,GA,30012-4544,1215,WOODLAND RD NE,,CONYERS,GA,30012-4544,A,A,,11/01/2017,11/01/2017,11/01/2017,IN PERSON,NO,NO,,NO,OT,OT,004,043,092,ROCK,00409,122019,00285,306,
ROCKDALE,00310265,BENTSEN,MARYBETH,ZIMMERMAN,,1500,RENAISSANCE DR NE,B12,CONYERS,GA,30012,1500,RENAISSANCE DR NE,B12,CONYERS,GA,30012,A,A,,11/03/2017,11/03/2017,11/03/2017,IN PERSON,NO,NO,,NO,OT,OT,004,043,092,ROCK,00409,122019,00331,352,
ROCKDALE,00316411,FEARS,MARTHA,B,,701,RANDALL ST SW, ,CONYERS,GA,30012-5229,701,RANDALL ST SW,,CONYERS,GA,30012-5229,A,A,,11/03/2017,11/03/2017,11/03/2017,IN PERSON,NO,NO,,NO,CO,CO,004,043,092,ROCK,00408,122019,00369,390,
ROCKDALE,00319952,HICKS,SUSAN,ALLEY,,1329,SPRINGWOOD DR NW, ,CONYERS,GA,30012-4236,1329,SPRINGWOOD DR NW,,CONYERS,GA,30012-4236,A,A,,10/24/2017,10/24/2017,10/24/2017,IN PERSON,NO,NO,,NO,CO,CO,004,043,092,ROCK,00409,122019,00146,162,
ROCKDALE,02115114,SULLIVANT,ISSAC,WILLIAMS,,1524,SAINT GEORGE PL, ,CONYERS,GA,30012-7130,1524,SAINT GEORGE PL,,CONYERS,GA,30012-7130,A,A,,10/16/2017,10/16/2017,10/16/2017,IN PERSON,NO,NO,,NO,OT,OT,004,043,092,ROCK,00410,122019,00011,22,
ROCKDALE,00315494,DUNAWAY-SMILEY,CATHY,,,1444,PINE LOG RD NE,B,CONYERS,GA,30012-4738,1444,PINE LOG RD NE,B,CONYERS,GA,30012-4738,A,A,,10/30/2017,10/30/2017,10/30/2017,IN PERSON,NO,NO,,NO,OT,OT,004,043,092,ROCK,00410,122019,00253,274,
ROCKDALE,05186630,BALLARD,DONNA,MARIE,,1206,WOODBRIDGE DR NE, ,CONYERS,GA,30012-4642,1206,WOODBRIDGE DR NE,,CONYERS,GA,30012-4642,A,A,,10/30/2017,10/30/2017,10/30/2017,IN PERSON,NO,NO,,NO,OT,OT,004,043,092,ROCK,00410,122019,00243,264,
ROCKDALE,00335573,WHITE,ELEANOR,ANNE,,1268,WOODLAND RD NE, ,CONYERS,GA,30012-4543,1268,WOODLAND RD NE,,CONYERS,GA,30012-4543,A,A,,10/24/2017,10/24/2017,10/24/2017,IN PERSON,NO,NO,,NO,OT,OT,004,043,092,ROCK,00409,122019,00153,170,
ROCKDALE,00319541,HAYS,MARTHA,KINNEY,,1420,MILSTEAD RD NE, ,CONYERS,GA,30012,914,N MAIN ST NW,,CONYERS,GA,30012,A,R,Signature Match,10/17/2017,10/17/2017,11/07/2017,MAILED,NO,NO,DISABLED,NO,OT,OT,004,043,092,ROCK,00409,,00004,58,
ROCKDALE,00328777,POYNTER,R,MARIAN,,1310,GARDNER RD NW, ,CONYERS,GA,30012-4113,1310,GARDNER RD NW,,CONYERS,GA,30012-4113,A,A,,10/25/2017,10/25/2017,11/03/2017,MAILED,NO,NO,DISABLED,NO,CO,CO,004,043,092,ROCK,00409,,00002,176,
ROCKDALE,02053284,MOSELY,DOROTHEA,,,900,LITTLE BEAR CV NE, ,CONYERS,GA,30012-4768,900,LITTLE BEAR CV NE,,CONYERS,GA,30012-4768,A,A,,10/30/2017,10/30/2017,10/30/2017,IN PERSON,NO,NO,,NO,OT,OT,004,043,092,ROCK,00410,122019,00241,262,
ROCKDALE,06133749,REED,MARIE,,,947,EDWARDS CIR SW,UNIT 7,CONYERS,GA,30012-5306,947,EDWARDS CIR SW,UNIT 7,CONYERS,GA,30012-5306,A,A,,10/18/2017,10/18/2017,10/18/2017,IN PERSON,NO,NO,,NO,CO,CO,004,043,092,ROCK,00411,122019,00064,80,
ROCKDALE,00308563,ADAMS,RITA,CHANDLER,,891,DAVIS DR SE, ,CONYERS,GA,30094-5963,891,DAVIS DR SE,,CONYERS,GA,30094-5963,A,A,,11/01/2017,11/01/2017,11/01/2017,IN PERSON,NO,NO,,NO,OT,OT,004,043,091,ROCK,00412,122019,00292,313,
ROCKDALE,05752643,WILLIAMS,LISA,YVETTE,,117,HAWKEYE LN, ,CONYERS,GA,30012-3678,117,HAWKEYE LN,,CONYERS,GA,30012-3678,A,A,,11/02/2017,11/02/2017,11/02/2017,IN PERSON,NO,NO,,NO,OT,OT,004,043,092,ROCK,00409,122019,00328,349,
ROCKDALE,00320270,HOLDREN,ANGELA,M,,1357,FLAT SHOALS RD SW, ,CONYERS,GA,30094-5976,1357,FLAT SHOALS RD SW,,CONYERS,GA,30094-5976,A,A,,10/27/2017,10/27/2017,10/27/2017,IN PERSON,NO,NO,,NO,OT,OT,004,043,091,ROCK,00412,122019,00218,239,
ROCKDALE,00321720,LUCAS,FRANCES,JONES,,822,LENNOX DR SE, ,CONYERS,GA,30094-2490,822,LENNOX DR SE,,CONYERS,GA,30094-2490,A,A,,11/03/2017,11/03/2017,11/03/2017,IN PERSON,NO,NO,,NO,OT,OT,004,043,091,ROCK,00412,122019,00356,377,
ROCKDALE,02072474,POOLE,LINDA,GAIL,,461,OVERLOOK TURN, ,CONYERS,GA,30012-3665,461,OVERLOOK TURN,,CONYERS,GA,30012-3665,A,A,,10/25/2017,10/25/2017,10/25/2017,IN PERSON,NO,NO,,NO,OT,OT,004,043,092,ROCK,00409,122019,00154,172,
ROCKDALE,06989922,ROAN,CAROLYN,,,1502,SAINT GEORGE PL, ,CONYERS,GA,30012-7130,1502,SAINT GEORGE PL,,CONYERS,GA,30012-7130,A,A,,10/30/2017,10/30/2017,10/30/2017,IN PERSON,NO,NO,,NO,OT,OT,004,043,092,ROCK,00410,122019,00230,251,
ROCKDALE,00323330,LETT,JUANITA,,,1324,NEEDMORE ST SW, ,CONYERS,GA,30012-5228,1324,NEEDMORE ST SW,,CONYERS,GA,30012-5228,A,A,,10/09/2017,10/16/2017,10/27/2017,MAILED,NO,NO,DISABLED,NO,CO,CO,004,043,092,ROCK,00408,,00007,34,
ROCKDALE,00328741,POWELL,SALLY,,,1324,NEEDMORE ST SW, ,CONYERS,GA,30012-5228,1324,NEEDMORE ST SW,,CONYERS,GA,30012-5228,A,A,,10/09/2017,10/16/2017,10/27/2017,MAILED,NO,NO,DISABLED,NO,CO,CO,004,043,092,ROCK,00408,,00006,33,
ROCKDALE,00336042,WILLIAMS,VIRGINIA,,,1169,CRESTVIEW CIR NE, ,CONYERS,GA,30012-4607,1169,CRESTVIEW CIR NE,,CONYERS,GA,30012-4607,A,A,,10/24/2017,10/24/2017,10/24/2017,IN PERSON,NO,NO,,NO,OT,OT,004,043,092,ROCK,00410,122019,00144,160,
ROCKDALE,05085696,LEWIS,JUDY,ELAINE,,1161,MILSTEAD AVE NE, ,CONYERS,GA,30012,,PO BOX 511,,CONYERS,GA,30012-0051,A,A,,10/18/2017,10/18/2017,10/18/2017,IN PERSON,NO,NO,,NO,OT,OT,004,043,092,ROCK,00409,122019,00075,91,
ROCKDALE,00320862,HUNTER,CAROLYN,H,,1008,HIGHLAND CIR SE, ,CONYERS,GA,30012-5414,1008,HIGHLAND CIR SE,,CONYERS,GA,30012-5414,A,A,,10/09/2017,10/16/2017,11/02/2017,MAILED,NO,NO,,NO,CO,CO,004,043,092,ROCK,00411,,00002,11,
ROCKDALE,00330095,ROGERS,WILLIAM,THOMAS,,1216,VALLEY DR NE, ,CONYERS,GA,30012-4632,1216,VALLEY DR NE,,CONYERS,GA,30012-4632,A,A,,10/20/2017,10/20/2017,10/20/2017,IN PERSON,NO,NO,,NO,OT,OT,004,043,092,ROCK,00409,122019,00115,131,
ROCKDALE,00334965,WANN,ROBERT,M,,1804,RIVERRIDGE DR NW, ,CONYERS,GA,30012-4047,1804,RIVERRIDGE DR NW,,CONYERS,GA,30012-4047,A,A,,11/01/2017,11/01/2017,11/01/2017,IN PERSON,NO,NO,,NO,CO,CO,004,043,092,ROCK,00408,122019,00290,311,
ROCKDALE,03200314,SMITH,THOMAS,LAURENCE,,683,2ND AVE SW, ,CONYERS,GA,30012,683,2ND AVE SW,,CONYERS,GA,30012,A,A,,10/24/2017,10/24/2017,10/24/2017,IN PERSON,NO,NO,,NO,CO,CO,004,043,092,ROCK,00408,122019,00142,158,
ROCKDALE,07242397,BRISBON,EMILY,FREEMAN,,2034,REAVIS BLF, ,CONYERS,GA,30012,2034,REAVIS BLF,,CONYERS,GA,30012,A,A,,10/24/2017,10/24/2017,10/24/2017,IN PERSON,NO,NO,,NO,OT,OT,004,043,092,ROCK,00410,122019,00143,159,
ROCKDALE,00317863,HARRISON,LORRAINE,GOARD,,1362,GARDNER RD NW, ,CONYERS,GA,30012,1362,GARDNER RD NW,,CONYERS,GA,30012,A,A,,10/27/2017,10/27/2017,10/27/2017,IN PERSON,NO,NO,,NO,CO,CO,004,043,092,ROCK,00409,122019,00215,236,
ROCKDALE,00330076,ROGERS,PATRICIA,C,,1216,VALLEY DR NE, ,CONYERS,GA,30012-4632,1216,VALLEY DR NE,,CONYERS,GA,30012-4632,A,A,,10/20/2017,10/20/2017,10/20/2017,IN PERSON,NO,NO,,NO,OT,OT,004,043,092,ROCK,00409,122019,00114,130,
ROCKDALE,01963774,SCOTT,LINDA,R,,1020,WOODBRIDGE DR NE, ,CONYERS,GA,30012-4638,1020,WOODBRIDGE DR NE,,CONYERS,GA,30012-4638,A,A,,10/23/2017,10/23/2017,10/23/2017,IN PERSON,NO,NO,,NO,OT,OT,004,043,092,ROCK,00410,122019,00125,141,
ROCKDALE,00330083,ROGERS,ROY,GENE,,893,ANDREWS DR NW, ,CONYERS,GA,30012,893,ANDREWS DR NW,,CONYERS,GA,30012,A,A,,10/31/2017,10/31/2017,10/31/2017,IN PERSON,NO,NO,,NO,CO,CO,004,043,092,ROCK,00410,122019,00271,292,
ROCKDALE,00327014,NIEMAN,BARBARA,HITT,,1229,PINE LOG RD NE, ,CONYERS,GA,30012-4719,1229,PINE LOG RD NE,,CONYERS,GA,30012-4719,A,A,,10/25/2017,10/25/2017,10/25/2017,IN PERSON,NO,NO,,NO,OT,OT,004,043,092,ROCK,00411,122019,00168,188,
ROCKDALE,08235375,SMILEY,ARAINA,,,1444,PINE LOG RD NE, ,CONYERS,GA,30012-4738,1444,PINE LOG RD NE,,CONYERS,GA,30012-4738,A,A,,10/30/2017,10/30/2017,10/30/2017,IN PERSON,NO,NO,,NO,OT,OT,004,043,092,ROCK,00410,122019,00251,272,
ROCKDALE,00329336,RECKAMP,TED,ANTHONY,,1037,PINE LOG RD NE,UNIT 6,CONYERS,GA,30012-4734,1037,PINE LOG RD NE,UNIT 6,CONYERS,GA,30012-4734,A,A,,11/03/2017,11/03/2017,11/03/2017,IN PERSON,NO,NO,,NO,OT,OT,004,043,092,ROCK,00411,122019,00333,354,
ROCKDALE,05419999,SULLIVAN,TRACY,EDWARDS,,972,COLLEGE AVE NW, ,CONYERS,GA,30012,972,COLLEGE AVE NW,,CONYERS,GA,30012,A,A,,11/02/2017,11/02/2017,11/02/2017,IN PERSON,NO,NO,,NO,CO,CO,004,043,092,ROCK,00410,122019,00330,351,
ROCKDALE,08128174,CIMBOMBU,MBELA,ADOLPHINE,,1073,LAUREL LN NW, ,CONYERS,GA,30012,1073,LAUREL LN NW,,CONYERS,GA,30012,A,A,,10/18/2017,10/18/2017,10/18/2017,IN PERSON,NO,NO,,NO,CO,CO,004,043,092,ROCK,00410,122019,00063,79,
ROCKDALE,00321005,INGRAM,MARGARET,S,,1082,MCCALLA ST NE, ,CONYERS,GA,30012-4524,1082,MCCALLA ST NE,,CONYERS,GA,30012-4524,A,A,,10/30/2017,10/30/2017,10/30/2017,IN PERSON,NO,NO,,NO,OT,OT,004,043,092,ROCK,00409,122019,00246,267,
ROCKDALE,00334875,WALL,JULIE,ANN,,1159,NANCY CT NW,B,CONYERS,GA,30012,1159,NANCY CT NW,B,CONYERS,GA,30012,A,A,,11/02/2017,11/02/2017,11/02/2017,IN PERSON,NO,NO,,NO,CO,CO,004,043,092,ROCK,00408,122019,00312,333,
ROCKDALE,03540197,FEARS,ERIC,D,,702,RANDALL ST SW, ,CONYERS,GA,30012-5230,702,RANDALL ST SW,,CONYERS,GA,30012-5230,A,A,,11/02/2017,11/02/2017,11/02/2017,IN PERSON,NO,NO,,NO,CO,CO,004,043,092,ROCK,00408,122019,00311,332,
ROCKDALE,07532181,MATTHEWS,KAREN,PETAL,,1948,BRIDGESTONE CIR, ,CONYERS,GA,30012-3793,1948,BRIDGESTONE CIR,,CONYERS,GA,30012-3793,A,A,,11/03/2017,11/03/2017,11/03/2017,IN PERSON,NO,NO,,NO,OT,OT,004,043,092,ROCK,00409,122019,00335,356,
ROCKDALE,10765442,STROTHER,KRISTIN,CHERE',,1823,KESWICK VILLAGE CT NE, ,CONYERS,GA,30013,1823,KESWICK VILLAGE CT NE,,CONYERS,GA,30013,A,A,,10/19/2017,10/19/2017,10/19/2017,IN PERSON,NO,NO,,NO,OT,OT,004,043,114,ROCK,00413,122019,00088,104,
ROCKDALE,03121222,STONE,KATHARINE,REID,,1502,RENAISSANCE DR NE,APT 7A,CONYERS,GA,30012,1502,RENAISSANCE DR NE,APT 7A,CONYERS,GA,30012,A,A,,10/31/2017,10/31/2017,10/31/2017,IN PERSON,NO,NO,,NO,OT,OT,004,043,092,ROCK,00409,122019,00273,294,
ROCKDALE,00330440,SADLER,ALDREN,,SR,680,3RD AVE SW, ,CONYERS,GA,30012-5206,680,3RD AVE SW,,CONYERS,GA,30012-5206,A,A,,10/16/2017,10/16/2017,10/16/2017,IN PERSON,NO,NO,,NO,CO,CO,004,043,092,ROCK,00408,122019,00019,30,
ROCKDALE,00323322,LETT,BETTY,,,1324,NEEDMORE ST SW, ,CONYERS,GA,30012-5228,1324,NEEDMORE ST SW,,CONYERS,GA,30012-5228,A,A,,10/09/2017,10/16/2017,10/27/2017,MAILED,NO,NO,,NO,CO,CO,004,043,092,ROCK,00408,,00008,35,
ROCKDALE,07051401,JOHNSON,MELVIN,A,JR,1954,WINDSOR CREEK DR SW, ,CONYERS,GA,30094-5806,1954,WINDSOR CREEK DR SW,,CONYERS,GA,30094-5806,A,A,,10/31/2017,10/31/2017,10/31/2017,IN PERSON,NO,NO,,NO,OT,OT,004,043,091,ROCK,00412,122019,00269,290,
ROCKDALE,00320088,HINESLEY,PAMELA,WALSH,,962,COLLEGE AVE NW, ,CONYERS,GA,30012-4483,962,COLLEGE AVE NW,,CONYERS,GA,30012-4483,A,A,,10/25/2017,10/25/2017,10/25/2017,IN PERSON,NO,NO,,NO,CO,CO,004,043,092,ROCK,00410,122019,00160,180,
ROCKDALE,00321275,JENKINS,FARLEY,WINGFIELD,,1329,SPRINGWOOD DR NW, ,CONYERS,GA,30012-4236,1329,SPRINGWOOD DR NW,,CONYERS,GA,30012-4236,A,A,,10/24/2017,10/24/2017,10/24/2017,IN PERSON,NO,NO,,NO,CO,CO,004,043,092,ROCK,00409,122019,00145,161,
