County,Voter Registration #,Last Name,First Name,Middle Name,Suffix,Street #,Street Name,Apt/Unit,City,State,Zip Code,Mailing Street #,Mailing Street Name,Mailing Apt/Unit,Mailing City,Mailing State,Mailing Zip Code,Application Status,Ballot Status,Status Reason,Application Date,Ballot Issued Date,Ballot Return Date,Ballot Style,Ballot Assisted,Challenged/Provisional,Designation/Reason Issue,ID Required,Municipal Precinct,County Precinct,CNG,SEN,HOUSE	,JUD,Combo #,Vote Center ID,Ballot ID,Post #,Party
SCREVEN,00564471,WATERS,ANN,Y,,103,AVONDALE DR, ,SYLVANIA,GA,30467,103,AVONDALE DR,,SYLVANIA,GA,30467,A,A,,11/03/2017,11/03/2017,11/03/2017,IN PERSON,NO,NO,,NO,01,10,012,023,159,OGEE,00105,124015,00062,68,
SCREVEN,00563537,LOVETT,WALLIS,EDWARD,JR,107,MORNINGSIDE DR, ,SYLVANIA,GA,30467,107,MORNINGSIDE DR,,SYLVANIA,GA,30467,A,A,,11/02/2017,11/02/2017,11/02/2017,IN PERSON,NO,NO,,NO,01,10,012,023,159,OGEE,00105,124015,00040,46,
SCREVEN,00562217,SHEPPARD,DONALD,OSWELL,JR,106,OAK RIDGE DR, ,SYLVANIA,GA,30467-2124,106,OAK RIDGE DR,,SYLVANIA,GA,30467-2124,A,A,,11/03/2017,11/03/2017,11/03/2017,IN PERSON,NO,NO,,NO,01,01,012,023,159,OGEE,00115,124015,00050,56,
SCREVEN,11009996,MARKOVCIC,JESSICA,KATIE,,206,S LAKE DR, ,SYLVANIA,GA,30467,206,S LAKE DR,,SYLVANIA,GA,30467,A,A,,11/02/2017,11/02/2017,11/02/2017,IN PERSON,NO,NO,,NO,01,01,012,023,159,OGEE,00115,124015,00042,48,
SCREVEN,00564252,SMITH,WILLIE,EDWARDS,,104,GROVE ST, ,SYLVANIA,GA,30467-2410,,PO BOX 492,,SYLVANIA,GA,30467-0049,A,A,,10/25/2017,10/25/2017,10/26/2017,IN PERSON,NO,NO,,NO,01,10,012,023,159,OGEE,00105,124015,00014,16,
SCREVEN,10158366,RENO,ROBERT,C,,217,N LAKE DR, ,SYLVANIA,GA,30467,217,N LAKE DR,,SYLVANIA,GA,30467-2117,A,A,,11/03/2017,11/03/2017,11/03/2017,IN PERSON,NO,NO,,NO,01,01,012,023,159,OGEE,00115,124015,00055,61,
SCREVEN,04842747,WILLIAMS,MELANIE,HEATHER,,107,HONEYSUCKLE LN, ,SYLVANIA,GA,30467-8605,107,HONEYSUCKLE LN,,SYLVANIA,GA,30467-8605,A,A,,10/24/2017,10/25/2017,10/25/2017,IN PERSON,NO,NO,,NO,01,01,012,023,159,OGEE,00115,124015,00009,9,
SCREVEN,00564299,STUBBS,ROLAND,C,JR,113,SYLVAN TERRACE, ,SYLVANIA,GA,30467,113,SYLVAN TERRACE,,SYLVANIA,GA,30467,A,A,,11/03/2017,11/03/2017,11/03/2017,IN PERSON,NO,NO,,NO,01,01,012,023,159,OGEE,00115,124015,00059,65,
SCREVEN,00562848,DEES,DEBORAH,P,,205,HOLLY RD, ,SYLVANIA,GA,30467,205,HOLLY RD,,SYLVANIA,GA,30467,A,A,,10/20/2017,10/25/2017,10/25/2017,IN PERSON,NO,NO,,NO,01,01,012,023,159,OGEE,00115,124015,00002,2,
SCREVEN,00562386,AUSTIN,JANICE,CALLISON,,92,HOLLY RD, ,SYLVANIA,GA,30467-8692,92,HOLLY RD,,SYLVANIA,GA,30467-8692,A,A,,10/31/2017,10/31/2017,10/31/2017,IN PERSON,NO,NO,,NO,01,01,012,023,159,OGEE,00115,124015,00029,32,
SCREVEN,07006937,KILE,VERA,KARUZINA,,102,HOLLY RD, ,SYLVANIA,GA,30467-8631,102,HOLLY RD,,SYLVANIA,GA,30467-8631,A,A,,11/02/2017,11/02/2017,11/02/2017,IN PERSON,NO,NO,,NO,01,01,012,023,159,OGEE,00115,124015,00038,44,
SCREVEN,00563608,MATHESON,JAMES,C,,223,N LAKE DR, ,SYLVANIA,GA,30467-2117,223,N LAKE DR,,SYLVANIA,GA,30467-2117,A,A,,10/31/2017,10/31/2017,10/31/2017,IN PERSON,NO,NO,,NO,01,01,012,023,159,OGEE,00115,124015,00023,26,
SCREVEN,00563875,PARKER,SCIGMUND,,,219,SYLVAN CIR, ,SYLVANIA,GA,30467-2155,219,SYLVAN CIR,,SYLVANIA,GA,30467-2155,A,A,,11/01/2017,11/01/2017,11/01/2017,IN PERSON,NO,NO,,NO,01,01,012,023,159,OGEE,00115,124015,00034,37,
SCREVEN,01150767,LOVETT,MELANIE,MIDDLETON,,107,MORNINGSIDE DR, ,SYLVANIA,GA,30467,107,MORNINGSIDE DR,,SYLVANIA,GA,30467,A,A,,11/02/2017,11/02/2017,11/02/2017,IN PERSON,NO,NO,,NO,01,10,012,023,159,OGEE,00105,124015,00041,47,
SCREVEN,00563601,MARTIN,REBECCA,H,,206,PINECREST DR, ,SYLVANIA,GA,30467-2144,,PO BOX 1664,,SYLVANIA,GA,30467-0166,A,A,,11/03/2017,11/03/2017,11/03/2017,IN PERSON,NO,NO,,NO,01,01,012,023,159,OGEE,00115,124015,00063,69,
SCREVEN,00566791,HAWKINS,WILLIAM,C,JR,509,S MAIN ST, ,SYLVANIA,GA,30467-2227,,PO BOX 236,,SYLVANIA,GA,30467-0023,A,A,,11/01/2017,11/01/2017,11/01/2017,IN PERSON,NO,NO,,NO,01,01,012,023,159,OGEE,00115,124015,00035,38,
SCREVEN,04584426,THOMPSON,CHRISTINA,J,,205,PEACHTREE CIR, ,SYLVANIA,GA,30467-2307,205,PEACHTREE CIR,,SYLVANIA,GA,30467-2307,A,A,,11/03/2017,11/03/2017,11/03/2017,IN PERSON,NO,NO,,NO,01,01,012,023,159,OGEE,00115,124015,00057,63,
SCREVEN,10709495,BOLTON,JOSHUA,ALAN,,104,AVONDALE DR, ,SYLVANIA,GA,30467,104,AVONDALE DR,,SYLVANIA,GA,30467,A,A,,10/27/2017,10/27/2017,10/27/2017,IN PERSON,NO,NO,,NO,01,10,012,023,159,OGEE,00105,124015,00019,22,
SCREVEN,00562387,AUSTIN,KENNY,EVANS,,92,HOLLY RD, ,SYLVANIA,GA,30467-8692,92,HOLLY RD,,SYLVANIA,GA,30467-8692,A,A,,10/31/2017,10/31/2017,10/31/2017,IN PERSON,NO,NO,,NO,01,01,012,023,159,OGEE,00115,124015,00028,31,
SCREVEN,00562552,BOYER,KAY,A,,114,DIXIE AVE, ,SYLVANIA,GA,30467-2353,114,DIXIE AVE,,SYLVANIA,GA,30467-2353,A,A,,10/25/2017,10/25/2017,11/02/2017,MAILED,NO,NO,DISABLED,NO,01,01,012,023,159,OGEE,00115,,00001,11,
SCREVEN,00562216,SHEPPARD,CANDACE,H,,106,OAK RIDGE DR, ,SYLVANIA,GA,30467-2124,106,OAK RIDGE DR,,SYLVANIA,GA,30467-2124,A,A,,11/03/2017,11/03/2017,11/03/2017,IN PERSON,NO,NO,,NO,01,01,012,023,159,OGEE,00115,124015,00049,55,
SCREVEN,00563536,LOVETT,WALLACE,EDWARD,,315,CURTIS ST, ,SYLVANIA,GA,30467-2426,315,CURTIS ST,,SYLVANIA,GA,30467-2426,A,A,,10/25/2017,10/25/2017,10/25/2017,IN PERSON,NO,NO,,NO,01,01,012,023,159,OGEE,00115,124015,00013,14,
SCREVEN,01152412,AUSTIN,WHITNEY,WEBB,,260,OAK RIDGE DR, ,SYLVANIA,GA,30467-8667,260,OAK RIDGE DR,,SYLVANIA,GA,30467-8667,A,A,,11/01/2017,11/01/2017,11/01/2017,IN PERSON,NO,NO,,NO,01,01,012,023,159,OGEE,00115,124015,00036,41,
SCREVEN,10361064,OVERSTREET,KATHLEEN,,,305,SINGLETON AVE, ,SYLVANIA,GA,30467,,PO BOX 157,,SYLVANIA,GA,30467-0157,A,A,,11/03/2017,11/03/2017,11/03/2017,IN PERSON,NO,NO,,NO,01,10,012,023,159,OGEE,00105,124015,00052,58,
SCREVEN,00562811,DALEY,MICHAEL,ALLEN,,206,HOLLY RD, ,SYLVANIA,GA,30467-8606,,PO BOX 112,,SYLVANIA,GA,30467-0011,A,A,,11/03/2017,11/03/2017,11/03/2017,IN PERSON,NO,NO,,NO,01,01,012,023,159,OGEE,00115,124015,00048,54,
SCREVEN,00562808,DALEY,DENNIS,,,104,MAGNOLIA CRESCENT DR, ,SYLVANIA,GA,30467,104,MAGNOLIA CRESCENT DR,,SYLVANIA,GA,30467,A,A,,10/31/2017,10/31/2017,10/31/2017,IN PERSON,NO,NO,,NO,01,10,012,023,159,OGEE,00105,124015,00026,29,
SCREVEN,00564622,WILLIAMS,PAUL,GEORGE,,112,SYLVAN TER, ,SYLVANIA,GA,30467-2160,112,SYLVAN TER,,SYLVANIA,GA,30467-2160,A,A,,11/03/2017,11/03/2017,11/03/2017,IN PERSON,NO,NO,,NO,01,01,012,023,159,OGEE,00115,124015,00046,52,
SCREVEN,05944944,JANNEY,BRYAN,ROBERT,,212,S PARKWAY DR, ,SYLVANIA,GA,30467-2142,212,S PARKWAY DR,,SYLVANIA,GA,30467-2142,A,A,,10/27/2017,10/27/2017,10/27/2017,IN PERSON,NO,NO,,NO,01,01,012,023,159,OGEE,00115,124015,00018,21,
SCREVEN,04161845,SOLOMON,JIMMY,,,412,SINGLETON AVE, ,SYLVANIA,GA,30467-1849,412,SINGLETON AVE,,SYLVANIA,GA,30467-1849,A,A,,11/03/2017,11/03/2017,11/03/2017,IN PERSON,NO,NO,,NO,01,10,012,023,159,OGEE,00105,124015,00051,57,
SCREVEN,00564396,THOMPSON,LEO,EDMUND,JR,810,N MAIN ST, ,SYLVANIA,GA,30467-4608,810,N MAIN ST,,SYLVANIA,GA,30467-4608,A,A,,11/03/2017,11/03/2017,11/03/2017,IN PERSON,NO,NO,,NO,01,10,012,023,159,OGEE,00105,124015,00061,67,
SCREVEN,00563861,PARKER,GLINNICE,,,219,SYLVAN CIR, ,SYLVANIA,GA,30467-2155,219,SYLVAN CIR,,SYLVANIA,GA,30467-2155,A,A,,11/01/2017,11/01/2017,11/01/2017,IN PERSON,NO,NO,,NO,01,01,012,023,159,OGEE,00115,124015,00033,36,
SCREVEN,04842742,WILLIAMS,CLINTON,JAMES,,107,HONEYSUCKLE LN, ,SYLVANIA,GA,30467-8605,107,HONEYSUCKLE LN,,SYLVANIA,GA,30467-8605,A,A,,10/24/2017,10/25/2017,10/25/2017,IN PERSON,NO,NO,,NO,01,01,012,023,159,OGEE,00115,124015,00008,8,
SCREVEN,00564298,STUBBS,REBA ANN,,,113,SYLVAN TERRACE, ,SYLVANIA,GA,30467,113,SYLVAN TERRACE,,SYLVANIA,GA,30467,A,A,,11/03/2017,11/03/2017,11/03/2017,IN PERSON,NO,NO,,NO,01,01,012,023,159,OGEE,00115,124015,00060,66,
SCREVEN,00563248,JANNEY,ELIZABETH,A,,212,S PARKWAY DR, ,SYLVANIA,GA,30467,212,S PARKWAY DR,,SYLVANIA,GA,30467,A,A,,11/02/2017,11/02/2017,11/02/2017,IN PERSON,NO,NO,,NO,01,01,012,023,159,OGEE,00115,124015,00039,45,
SCREVEN,00350324,TEAL,DIERDRE,HARDEN,,112,W LAKE DR, ,SYLVANIA,GA,30467-8629,112,W LAKE DR,,SYLVANIA,GA,30467-8629,A,A,,10/30/2017,10/30/2017,10/30/2017,IN PERSON,NO,NO,,NO,01,01,012,023,159,OGEE,00115,124015,00022,25,
SCREVEN,00562391,AYERS,CAROL,B,,602,S MAIN ST, ,SYLVANIA,GA,30467,602,S MAIN ST,,SYLVANIA,GA,30467,A,A,,10/23/2017,10/25/2017,10/25/2017,IN PERSON,NO,NO,,NO,01,01,012,023,159,OGEE,00115,124015,00005,5,
SCREVEN,00562812,DALEY,SUSAN,,,206,HOLLY RD, ,SYLVANIA,GA,30467-8606,206,HOLLY RD,,SYLVANIA,GA,30467-8606,A,A,,11/03/2017,11/03/2017,11/03/2017,IN PERSON,NO,NO,,NO,01,01,012,023,159,OGEE,00115,124015,00047,53,
SCREVEN,00565221,THOMAS,JAMES,ALLEN,,102,S ELM ST, ,SYLVANIA,GA,30467-2324,102,S ELM ST,,SYLVANIA,GA,30467-2324,A,A,,11/03/2017,11/03/2017,11/03/2017,IN PERSON,NO,NO,,NO,01,01,012,023,159,OGEE,00115,124015,00053,59,
SCREVEN,00564606,WILLIAMS,JANET,S,,112,SYLVAN TERRACE, ,SYLVANIA,GA,30467-2160,112,SYLVAN TERRACE,,SYLVANIA,GA,30467-2160,A,A,,11/03/2017,11/03/2017,11/03/2017,IN PERSON,NO,NO,,NO,01,01,012,023,159,OGEE,00115,124015,00045,51,
SCREVEN,06574625,KEMP,CHRISTINE,ELIZABETH,,102,HONEYSUCKLE LN, ,SYLVANIA,GA,30467,102,HONEYSUCKLE LN,,SYLVANIA,GA,30467,A,A,,11/01/2017,11/01/2017,11/01/2017,IN PERSON,NO,NO,,NO,01,01,012,023,159,OGEE,00115,124015,00037,43,
SCREVEN,05519953,BACON,DORIE,PAULK,,101,HOLLY RD, ,SYLVANIA,GA,30467,101,HOLLY RD,,SYLVANIA,GA,30467,A,A,,10/23/2017,10/25/2017,10/25/2017,IN PERSON,NO,NO,,NO,01,01,012,023,159,OGEE,00115,124015,00006,6,
SCREVEN,00563609,MATHESON,ROSLYN,C,,223,N LAKE DR, ,SYLVANIA,GA,30467-2117,223,N LAKE DR,,SYLVANIA,GA,30467-2117,A,A,,10/31/2017,10/31/2017,10/31/2017,IN PERSON,NO,NO,,NO,01,01,012,023,159,OGEE,00115,124015,00024,27,
SCREVEN,00563987,REED,CHARLES,D,,314,CORK POND RD, ,SYLVANIA,GA,30467,314,CORK POND RD,,SYLVANIA,GA,30467,A,A,,11/02/2017,11/02/2017,11/02/2017,IN PERSON,NO,NO,,NO,01,10,012,023,159,OGEE,00105,124015,00044,50,
SCREVEN,00562849,DEES,PRESTON,,,205,HOLLY RD, ,SYLVANIA,GA,30467,205,HOLLY RD,,SYLVANIA,GA,30467,A,A,,10/20/2017,10/20/2017,10/25/2017,IN PERSON,NO,NO,,NO,01,01,012,023,159,OGEE,00115,124015,00001,1,
SCREVEN,03287140,AUSTIN,KENNY,EVANS,JR,260,OAK RIDGE DR, ,SYLVANIA,GA,30467-8667,260,OAK RIDGE DR,,SYLVANIA,GA,30467-8667,A,A,,10/24/2017,10/25/2017,10/25/2017,IN PERSON,NO,NO,,NO,01,01,012,023,159,OGEE,00115,124015,00007,7,
SCREVEN,00563612,MATTHEWS,WILBUR,C,JR,129,RIDGECREST DR, ,SYLVANIA,GA,30467,129,RIDGECREST DR,,SYLVANIA,GA,30467,A,A,,10/31/2017,10/31/2017,10/31/2017,IN PERSON,NO,NO,,NO,01,10,012,023,159,OGEE,00105,124015,00030,33,
SCREVEN,00563201,HUNTER,EMELYN,TANNER,,111,MORNINGSIDE DR, ,SYLVANIA,GA,30467,111,MORNINGSIDE DR,,SYLVANIA,GA,30467,A,A,,10/31/2017,10/31/2017,10/31/2017,IN PERSON,NO,NO,,NO,01,10,012,023,159,OGEE,00105,124015,00027,30,
SCREVEN,04948816,SHEPPARD,HAROLD,EUGENE,III,705,S MAIN ST, ,SYLVANIA,GA,30467,705,S MAIN ST,,SYLVANIA,GA,30467,A,A,,10/27/2017,10/27/2017,10/27/2017,IN PERSON,NO,NO,,NO,01,01,012,023,159,OGEE,00115,124015,00017,20,
SCREVEN,05400859,SHEPPARD,CRYSTAL,WEAKLEY,,705,S MAIN ST, ,SYLVANIA,GA,30467,705,S MAIN ST,,SYLVANIA,GA,30467,A,A,,10/31/2017,10/31/2017,10/31/2017,IN PERSON,NO,NO,,NO,01,01,012,023,159,OGEE,00115,124015,00025,28,
SCREVEN,00563213,HUNTER,MARGARET,WATERS,,204,WALNUT DR, ,SYLVANIA,GA,30467-2168,204,WALNUT DR,,SYLVANIA,GA,30467-2168,A,A,,10/25/2017,10/25/2017,10/26/2017,IN PERSON,NO,NO,,NO,01,01,012,023,159,OGEE,00115,124015,00016,18,
SCREVEN,00563527,LOVETT,DOROTHY ANN,ELLISON,,315,CURTIS ST, ,SYLVANIA,GA,30467-2426,315,CURTIS ST,,SYLVANIA,GA,30467-2426,A,A,,10/25/2017,10/25/2017,10/27/2017,MAILED,NO,NO,,NO,01,01,012,023,159,OGEE,00115,,00002,15,
SCREVEN,00566284,BEAUREGARD,EILEEN,D,,311,CORK POND RD, ,SYLVANIA,GA,30467-9793,311,CORK POND RD,,SYLVANIA,GA,30467-9793,A,A,,10/23/2017,10/25/2017,10/25/2017,IN PERSON,NO,NO,,NO,01,10,012,023,159,OGEE,00105,124015,00004,4,
SCREVEN,03260393,BOLTON,TANYA,MARIE,,104,AVONDALE DR, ,SYLVANIA,GA,30467-8633,104,AVONDALE DR,,SYLVANIA,GA,30467-8633,A,A,,10/23/2017,10/25/2017,10/25/2017,IN PERSON,NO,NO,,NO,01,10,012,023,159,OGEE,00105,124015,00003,3,
SCREVEN,01144446,CRAWFORD,HARLEY,CARTER,SR,108,FOREST RD, ,SYLVANIA,GA,30467-2016,108,FOREST RD,,SYLVANIA,GA,30467-2016,A,A,,10/30/2017,10/30/2017,10/30/2017,IN PERSON,NO,NO,,NO,01,01,012,023,159,OGEE,00115,124015,00020,23,
SCREVEN,00562550,BOYER,BEN TURNER,,,114,DIXIE AVE, ,SYLVANIA,GA,30467-2353,114,DIXIE AVE,,SYLVANIA,GA,30467-2353,A,A,,10/25/2017,10/25/2017,10/25/2017,IN PERSON,NO,NO,,NO,01,01,012,023,159,OGEE,00115,124015,00011,12,
SCREVEN,11478550,LARISCY,KATHY,LYNN,,1102,S MAIN ST, ,SYLVANIA,GA,30467,1102,S MAIN ST,,SYLVANIA,GA,30467,A,A,,10/26/2017,10/26/2017,10/30/2017,MAILED,NO,NO,,NO,01,01,012,023,159,OGEE,00115,,00003,19,
SCREVEN,10159007,BOLTON,JOHN,CHRISTOPHER,,104,AVONDALE DR, ,SYLVANIA,GA,30467,104,AVONDALE DR,,SYLVANIA,GA,30467-8633,A,A,,11/01/2017,11/01/2017,11/06/2017,MAILED,NO,NO,,NO,01,10,012,023,159,OGEE,00105,,00001,39,
SCREVEN,00563610,MATTHEWS,MARY,F,,129,RIDGECREST DR, ,SYLVANIA,GA,30467,129,RIDGECREST DR,,SYLVANIA,GA,30467,A,A,,10/31/2017,10/31/2017,10/31/2017,IN PERSON,NO,NO,,NO,01,10,012,023,159,OGEE,00105,124015,00031,34,
SCREVEN,00563368,KEMP,WILLIAM,B,JR,209,BRIDGETON DR, ,SYLVANIA,GA,30467-8569,209,BRIDGETON DR,,SYLVANIA,GA,30467-8569,A,A,,11/02/2017,11/02/2017,11/02/2017,IN PERSON,NO,NO,,NO,01,10,012,023,159,OGEE,00105,124015,00043,49,
SCREVEN,00350327,TEAL,GARY,LEE,,112,W LAKE DR, ,SYLVANIA,GA,30467-8629,112,W LAKE DR,,SYLVANIA,GA,30467-8629,A,A,,10/30/2017,10/30/2017,10/30/2017,IN PERSON,NO,NO,,NO,01,01,012,023,159,OGEE,00115,124015,00021,24,
SCREVEN,02734677,RENO,MARY SHARON,LARISCY,,217,N LAKE DR, ,SYLVANIA,GA,30467,217,N LAKE DR,,SYLVANIA,GA,30467,A,A,,11/03/2017,11/03/2017,11/03/2017,IN PERSON,NO,NO,,NO,01,01,012,023,159,OGEE,00115,124015,00054,60,
SCREVEN,00563873,PARKER,BETTY SUE,TURNER,,406,S LAKE DR, ,SYLVANIA,GA,30467-2152,,PO BOX 308,,SYLVANIA,GA,30467-0030,A,A,,10/25/2017,10/25/2017,10/26/2017,IN PERSON,NO,NO,,NO,01,01,012,023,159,OGEE,00115,124015,00015,17,
SCREVEN,00563551,MCCAULEY,JAMES,RICHARD,II,304,MOCK ST, ,SYLVANIA,GA,30467-8229,304,MOCK ST,,SYLVANIA,GA,30467-8229,A,A,,11/03/2017,11/03/2017,11/03/2017,IN PERSON,NO,NO,,NO,01,01,012,023,159,OGEE,00115,124015,00058,64,
SCREVEN,00564169,JUNCO,RITA,FRENCH,,111,FOREST RD, ,SYLVANIA,GA,30467-2015,111,FOREST RD,,SYLVANIA,GA,30467-2015,A,A,,11/03/2017,11/03/2017,11/03/2017,IN PERSON,NO,NO,,NO,01,01,012,023,159,OGEE,00115,124015,00056,62,
SCREVEN,00560441,BOLTON,JOHN,C,,104,AVONDALE DR, ,SYLVANIA,GA,30467-8633,104,AVONDALE DR,,SYLVANIA,GA,30467-8633,A,A,,11/01/2017,11/01/2017,11/06/2017,MAILED,NO,NO,,NO,01,10,012,023,159,OGEE,00105,,00002,40,
SCREVEN,00563205,HUNTER,HUGH,T,,111,MORNINGSIDE DR, ,SYLVANIA,GA,30467-8528,111,MORNINGSIDE DR,,SYLVANIA,GA,30467-8528,A,A,,10/25/2017,10/25/2017,10/25/2017,IN PERSON,NO,NO,,NO,01,10,012,023,159,OGEE,00105,124015,00012,13,
SCREVEN,11463331,GILBERT,BRIAN,SCOTT,,315,CORK POND RD, ,SYLVANIA,GA,30467,315,CORK POND RD,,SYLVANIA,GA,30467-8670,A,A,,10/31/2017,10/31/2017,10/31/2017,IN PERSON,NO,NO,,NO,01,10,012,023,159,OGEE,00105,124015,00032,35,
SCREVEN,00565287,REDDICK,DAPHINE,A,,201,N PARKWAY DR, ,SYLVANIA,GA,30467-2137,201,N PARKWAY DR,,SYLVANIA,GA,30467-2137,A,A,,10/24/2017,10/25/2017,10/25/2017,IN PERSON,NO,NO,,NO,01,01,012,023,159,OGEE,00115,124015,00010,10,
