County,Voter Registration #,Last Name,First Name,Middle Name,Suffix,Street #,Street Name,Apt/Unit,City,State,Zip Code,Mailing Street #,Mailing Street Name,Mailing Apt/Unit,Mailing City,Mailing State,Mailing Zip Code,Application Status,Ballot Status,Status Reason,Application Date,Ballot Issued Date,Ballot Return Date,Ballot Style,Ballot Assisted,Challenged/Provisional,Designation/Reason Issue,ID Required,Municipal Precinct,County Precinct,CNG,SEN,HOUSE	,JUD,Combo #,Vote Center ID,Ballot ID,Post #,Party
SEMINOLE,00728266,BINDLEY,MATTIE,LOU,,307,W 11TH ST, ,DONALSONVILLE,GA,39845-1811,307,W 11TH ST,,DONALSONVILLE,GA,39845-1811,A,A,,10/20/2017,10/20/2017,10/20/2017,IN PERSON,NO,NO,,NO,2,2,002,011,154,PATA,00103,125007,00014,14,
SEMINOLE,08585257,ANGELINO,BROOKLYN,NIKOLE,,504,E 5TH ST, ,DONALSONVILLE,GA,39845,100,HIDDEN HARBOR DR,APT H1,WARNER ROBINS,GA,31088-6097,A,A,,10/25/2017,10/25/2017,10/25/2017,IN PERSON,NO,NO,,NO,2,3,002,011,154,PATA,00109,125007,00026,30,
SEMINOLE,10140673,PONDER,DAVIS,EVANS,,611,S MORRIS AVE, ,DONALSONVILLE,GA,39845,135,RIVERMIST DRIVE,,DAHLONEGA,GA,30533,A,A,,10/31/2017,10/31/2017,11/07/2017,MAILED,NO,NO,,NO,2,2,002,011,154,PATA,00103,,00010,54,
SEMINOLE,05164983,NORRIS,BETTY,W,,103,W 10TH ST, ,DONALSONVILLE,GA,39845-1801,1002,N WILEY AVE,,DONALSONVILLE,GA,39845-1801,A,A,,11/01/2017,11/01/2017,11/03/2017,MAILED,NO,NO,,NO,2,2,002,011,154,PATA,00103,,00011,58,
SEMINOLE,00731517,SHINGLER,HARRIS,MARTIN,,106,W CHASON ST, ,DONALSONVILLE,GA,39845-1284,106,W CHASON ST,,DONALSONVILLE,GA,39845-1284,A,A,,11/02/2017,11/02/2017,11/02/2017,IN PERSON,NO,NO,,NO,2,2,002,011,154,PATA,00103,125007,00059,73,
SEMINOLE,00732233,WILLIAMS,PATRICIA,R,,104,W CHASON ST, ,DONALSONVILLE,GA,39845,104,W CHASON ST,,DONALSONVILLE,GA,39845,A,A,,10/27/2017,10/27/2017,10/27/2017,IN PERSON,NO,NO,,NO,2,2,002,011,154,PATA,00103,125007,00032,36,
SEMINOLE,00729352,GLOVER,HELEN,O,,203,W 12TH ST, ,DONALSONVILLE,GA,39845-1815,203,W 12TH ST,,DONALSONVILLE,GA,39845-1815,A,A,,10/24/2017,10/24/2017,10/26/2017,MAILED,NO,NO,,NO,2,2,002,011,154,PATA,00103,,00004,28,
SEMINOLE,00730856,MULKEY,LOUISE,J,,307,PECAN TREE BLVD, ,DONALSONVILLE,GA,39845-1315,,PO BOX 486,,DONALSONVILLE,GA,39845-0048,A,A,,10/19/2017,10/19/2017,10/19/2017,IN PERSON,NO,NO,,NO,2,2,002,011,154,PATA,00103,125007,00006,6,
SEMINOLE,10178251,ZACHARY,BETTY,HOLLEY,,402,S WOOLFORK AVE, ,DONALSONVILLE,GA,39845,402,S WOOLFORK AVE,,DONALSONVILLE,GA,39845-1643,A,A,,11/01/2017,11/01/2017,11/01/2017,IN PERSON,NO,NO,,NO,2,2,002,011,154,PATA,00103,125007,00051,63,
SEMINOLE,00731127,PONDER,MARY,LOU,,205,W 6TH ST, ,DONALSONVILLE,GA,39845,205,W 6TH ST,,DONALSONVILLE,GA,39845,A,A,,10/20/2017,10/20/2017,10/20/2017,IN PERSON,NO,NO,,NO,2,2,002,011,154,PATA,00103,125007,00012,12,
SEMINOLE,10983798,FOSKEY,RONALD,DEAN,,508,S MORRIS AVE, ,DONALSONVILLE,GA,39845,508,S MORRIS AVE,,DONALSONVILLE,GA,39845,A,A,,11/02/2017,11/02/2017,11/02/2017,IN PERSON,NO,NO,,NO,2,2,002,011,154,PATA,00103,125007,00062,76,
SEMINOLE,08726145,PONDER,BAILEY,FORD,,611,S MORRIS AVE, ,DONALSONVILLE,GA,39845-1559,155,NORTH ALTA VIEW DR,APT 2B,CULLOWHEE,NC,28723,A,,,10/31/2017,10/31/2017,,MAILED,NO,NO,,NO,2,2,002,011,154,PATA,00103,,00008,52,
SEMINOLE,00608977,MAXWELL,DAVID,CARROLL,,216,CHERRY ST, ,DONALSONVILLE,GA,39845,,PO BOX 338,,DONALSONVILLE,GA,39845,A,A,,10/30/2017,10/30/2017,10/30/2017,IN PERSON,NO,NO,,NO,2,2,002,011,154,PATA,00103,125007,00041,48,
SEMINOLE,00730855,MULKEY,FARISH,A,,307,PECAN TREE BLVD, ,DONALSONVILLE,GA,39845-1315,,PO BOX 486,,DONALSONVILLE,GA,39845-0048,A,A,,11/03/2017,11/03/2017,11/03/2017,IN PERSON,NO,NO,,NO,2,2,002,011,154,PATA,00103,125007,00066,80,
SEMINOLE,00728178,BARINEAU,KATHLEEN,M,,311,PECAN TREE BLVD, ,DONALSONVILLE,GA,39845,311,PECAN TREE BLVD,,DONALSONVILLE,GA,39845,A,A,,10/19/2017,10/19/2017,10/19/2017,IN PERSON,NO,NO,,NO,2,2,002,011,154,PATA,00103,125007,00010,10,
SEMINOLE,08762390,BUCZEK,SAMUEL,THOMAS,,309,W 4TH ST, ,DONALSONVILLE,GA,39845-1517,1838,WEST CUSTER LANE,,FAYETTEVILLE,AZ,72701,A,A,,10/27/2017,10/27/2017,11/03/2017,MAILED,NO,NO,,NO,2,2,002,011,154,PATA,00103,,00005,37,
SEMINOLE,00732239,WILLIAMS,RICHARD,JAMES,,307,N KNOX AVE, ,DONALSONVILLE,GA,39845-1309,307,N KNOX AVE,,DONALSONVILLE,GA,39845-1309,A,A,,10/31/2017,10/31/2017,10/31/2017,IN PERSON,NO,NO,,NO,2,2,002,011,154,PATA,00103,125007,00046,56,
SEMINOLE,00732644,BROOKS,JUDITH,ANN,,505,S WOOLFORK AVE, ,DONALSONVILLE,GA,39845-1644,505,S WOOLFORK AVE,,DONALSONVILLE,GA,39845-1644,A,A,,10/20/2017,10/20/2017,10/20/2017,IN PERSON,NO,NO,,NO,2,2,002,011,154,PATA,00103,125007,00017,17,
SEMINOLE,10451572,ELIJAH,CHELSEA,LASHAWN,,609,N WILEY AVE, ,DONALSONVILLE,GA,39845,609,N. WILEY AVENUE,,DONALSONVILLE,GA,39845,A,A,,11/03/2017,11/03/2017,11/03/2017,IN PERSON,NO,NO,,NO,2,2,002,011,154,PATA,00103,125007,00078,92,
SEMINOLE,00730029,JERNIGAN,JAMES,L,JR,908,N TENNILLE AVE, ,DONALSONVILLE,GA,39845-1116,908,N TENNILLE AVE,,DONALSONVILLE,GA,39845-1116,A,A,,10/30/2017,10/30/2017,10/30/2017,IN PERSON,NO,NO,,NO,2,2,002,011,154,PATA,00103,125007,00040,47,
SEMINOLE,05509749,ELIJAH,TAMEKA,SHARRELL,,506,E 6TH ST, ,DONALSONVILLE,GA,39845-1764,506,E 6TH ST,,DONALSONVILLE,GA,39845-1764,A,A,,11/03/2017,11/03/2017,11/03/2017,IN PERSON,NO,NO,,NO,2,3,002,011,154,PATA,00109,125007,00069,83,
SEMINOLE,00729243,FORD,MARTHA,,,1102,S KNOX AVE, ,DONALSONVILLE,GA,39845-1832,1102,S KNOX AVE,,DONALSONVILLE,GA,39845-1832,A,A,,10/18/2017,10/18/2017,10/18/2017,IN PERSON,NO,NO,,NO,2,2,002,011,154,PATA,00103,125007,00003,3,
SEMINOLE,05102441,BUCZEK,ANTHONY,DAVID,,309,W 4TH ST, ,DONALSONVILLE,GA,39845-1517,309,W 4TH ST,,DONALSONVILLE,GA,39845-1517,A,A,,11/03/2017,11/03/2017,11/03/2017,IN PERSON,NO,NO,,NO,2,2,002,011,154,PATA,00103,125007,00075,89,
SEMINOLE,00728692,CHAPMAN,MAX,,,115,W CRAWFORD ST, ,DONALSONVILLE,GA,39845-1303,115,W CRAWFORD ST,,DONALSONVILLE,GA,39845-1303,A,A,,11/02/2017,11/02/2017,11/02/2017,IN PERSON,NO,NO,,NO,2,2,002,011,154,PATA,00103,125007,00056,70,
SEMINOLE,08820391,KUHN,PEPPER,ALLEN,,309,N KNOX AVE, ,DONALSONVILLE,GA,39845,309,N KNOX AVE,,DONALSONVILLE,GA,39845,A,A,,10/25/2017,10/25/2017,10/25/2017,IN PERSON,NO,NO,,NO,2,2,002,011,154,PATA,00103,125007,00027,31,
SEMINOLE,05102446,BUCZEK,MARY,JOY,,309,W 4TH ST, ,DONALSONVILLE,GA,39845-1517,309,W 4TH ST,,DONALSONVILLE,GA,39845-1517,A,A,,11/03/2017,11/03/2017,11/03/2017,IN PERSON,NO,NO,,NO,2,2,002,011,154,PATA,00103,125007,00074,88,
SEMINOLE,00038501,MOODY,WILLIAM,E,,310,JOSEPH AVE, ,DONALSONVILLE,GA,39845-1574,310,JOSEPH AVE,,DONALSONVILLE,GA,39845-1574,A,A,,11/03/2017,11/03/2017,11/03/2017,IN PERSON,NO,NO,,NO,2,2,002,011,154,PATA,00103,125007,00076,90,
SEMINOLE,00728451,BROOKS,TRAVIS,,,406,W CRAWFORD ST, ,DONALSONVILLE,GA,39845-1360,406,W CRAWFORD ST,,DONALSONVILLE,GA,39845-1360,A,A,,10/19/2017,10/19/2017,10/19/2017,IN PERSON,NO,NO,,NO,2,2,002,011,154,PATA,00103,125007,00009,9,
SEMINOLE,00731015,PARKER,MARY ANN,GOODSON,,104,W 10TH ST, ,DONALSONVILLE,GA,39845-1802,,PO BOX 215,,DONALSONVILLE,GA,39845-0021,A,A,,11/03/2017,11/03/2017,11/03/2017,IN PERSON,NO,NO,,NO,2,2,002,011,154,PATA,00103,125007,00070,84,
SEMINOLE,07118842,SQUIRES,RICHARD,EDWARD,,507,N WILEY AVE, ,DONALSONVILLE,GA,39845-1339,,PO BOX 1047,,DONALSONVILLE,GA,39845-0104,A,A,,11/02/2017,11/02/2017,11/02/2017,IN PERSON,NO,NO,,NO,2,2,002,011,154,PATA,00103,125007,00055,69,
SEMINOLE,08674531,COOK,GLORIA,TIPTON,,501,S WOOLFORK AVE, ,DONALSONVILLE,GA,39845-1644,501,S WOOLFORK AVE,,DONALSONVILLE,GA,39845-1644,A,A,,10/19/2017,10/19/2017,10/19/2017,IN PERSON,NO,NO,,NO,2,2,002,011,154,PATA,00103,125007,00008,8,
SEMINOLE,10928675,BUCZEK,HANNAH,JOY,,309,W 4TH ST, ,DONALSONVILLE,GA,39845,1120,N OCOEE ST,LU CAMPUS ,CLEVELAND,TN,37311,A,,,10/30/2017,10/30/2017,,MAILED,NO,NO,,NO,2,2,002,011,154,PATA,00103,,00007,46,
SEMINOLE,00056919,PAYNE,DAVID,,,504,S WOOLFORK AVE, ,DONALSONVILLE,GA,39845-1645,,PO BOX 505,,DONALSONVILLE,GA,39845-0050,A,A,,10/30/2017,10/30/2017,10/30/2017,IN PERSON,NO,NO,,NO,2,2,002,011,154,PATA,00103,125007,00042,49,
SEMINOLE,01281370,KING,YANCEY,DEAN,,301,W 11TH ST, ,DONALSONVILLE,GA,39845-1811,301,W 11TH ST,,DONALSONVILLE,GA,39845-1811,A,A,,10/20/2017,10/20/2017,10/20/2017,IN PERSON,NO,NO,,NO,2,2,002,011,154,PATA,00103,125007,00015,15,
SEMINOLE,00731454,BLACKBURN,LINDA,,,300,W 12TH ST, ,DONALSONVILLE,GA,39845-1818,300,W 12TH ST,,DONALSONVILLE,GA,39845-1818,A,A,,11/01/2017,11/01/2017,11/01/2017,IN PERSON,NO,NO,,NO,2,2,002,011,154,PATA,00103,125007,00053,67,
SEMINOLE,07136669,BOYETT,JOSHUA,LUKE,,208,W 12TH ST, ,DONALSONVILLE,GA,39845,208,W 12TH ST,,DONALSONVILLE,GA,39845,A,A,,11/03/2017,11/03/2017,11/03/2017,IN PERSON,NO,NO,,NO,2,2,002,011,154,PATA,00103,125007,00073,87,
SEMINOLE,06046035,BROOKS,BRADLEY,TRAVIS,,406,W CRAWFORD ST, ,DONALSONVILLE,GA,39845-1360,406,W CRAWFORD ST,,DONALSONVILLE,GA,39845-1360,A,A,,11/03/2017,11/03/2017,11/03/2017,IN PERSON,NO,NO,,NO,2,2,002,011,154,PATA,00103,125007,00072,86,
SEMINOLE,00729353,GLOVER,L,C,JR,203,W 12TH ST, ,DONALSONVILLE,GA,39845-1815,203,W 12TH ST,,DONALSONVILLE,GA,39845-1815,A,A,,10/24/2017,10/24/2017,10/26/2017,MAILED,NO,NO,,NO,2,2,002,011,154,PATA,00103,,00003,27,
SEMINOLE,07974692,TAYLOR,ELOISE,H,,407,S MORRIS AVE, ,DONALSONVILLE,GA,39845-1563,407,S MORRIS AVE,,DONALSONVILLE,GA,39845-1563,A,A,,10/25/2017,10/25/2017,10/25/2017,IN PERSON,NO,NO,,NO,2,2,002,011,154,PATA,00103,125007,00029,33,
SEMINOLE,00729026,DOWNING,PEGGY,T,,105,W 10TH ST, ,DONALSONVILLE,GA,39845-1801,105,W 10TH ST,,DONALSONVILLE,GA,39845-1801,A,A,,10/24/2017,10/24/2017,10/24/2017,IN PERSON,NO,NO,,NO,2,2,002,011,154,PATA,00103,125007,00024,24,
SEMINOLE,04117719,REESE,KATHY,BRIGHAM,,307,W 4TH ST, ,DONALSONVILLE,GA,39845-1517,307,W 4TH ST,,DONALSONVILLE,GA,39845-1517,A,A,,10/23/2017,10/23/2017,10/23/2017,IN PERSON,NO,NO,,NO,2,2,002,011,154,PATA,00103,125007,00021,21,
SEMINOLE,06070406,SHINGLER,WILLIAM,MURRAY,JR,204,N MORRIS AVE, ,DONALSONVILLE,GA,39845,204,N MORRIS AVE,,DONALSONVILLE,GA,39845,A,A,,10/23/2017,10/23/2017,10/23/2017,IN PERSON,NO,NO,,NO,2,2,002,011,154,PATA,00103,125007,00022,22,
SEMINOLE,10164608,PAYNE,JULIE,RACHEL,,504,S WOOLFORK AVE, ,DONALSONVILLE,GA,39845,,PO BOX 505,,DONALSONVILLE,GA,39845-0505,A,A,,10/30/2017,10/30/2017,10/30/2017,IN PERSON,NO,NO,,NO,2,2,002,011,154,PATA,00103,125007,00037,43,
SEMINOLE,00731125,PONDER,ERNEST,M,,611,S MORRIS AVE, ,DONALSONVILLE,GA,39845-1559,611,S MORRIS AVE,,DONALSONVILLE,GA,39845-1559,A,A,,10/31/2017,10/31/2017,10/31/2017,IN PERSON,NO,NO,,NO,2,2,002,011,154,PATA,00103,125007,00044,51,
SEMINOLE,00732246,WILLIAMS,SHEILA,D,,307,N KNOX AVE, ,DONALSONVILLE,GA,39845,307,N KNOX AVE,,DONALSONVILLE,GA,39845,A,A,,10/30/2017,10/30/2017,10/30/2017,IN PERSON,NO,NO,,NO,2,2,002,011,154,PATA,00103,125007,00038,44,
SEMINOLE,00729547,HAMPTON,MIKEY,,,211,W 7TH ST, ,DONALSONVILLE,GA,39845-1866,800,N TENNILLE AVE,,DONALSONVILLE,GA,39845-0111,A,A,,10/31/2017,10/31/2017,10/31/2017,IN PERSON,NO,NO,,NO,2,2,002,011,154,PATA,00103,125007,00045,55,
SEMINOLE,00731014,PARKER,WILLIAM,A,,104,W 10TH ST, ,DONALSONVILLE,GA,39845-1802,,PO BOX 215,,DONALSONVILLE,GA,39845-0021,A,A,,11/03/2017,11/03/2017,11/03/2017,IN PERSON,NO,NO,,NO,2,2,002,011,154,PATA,00103,125007,00071,85,
SEMINOLE,01616155,WARD,GLADYS,C,,405,S MORRIS AVE, ,DONALSONVILLE,GA,39845-1563,405,S MORRIS AVE,,DONALSONVILLE,GA,39845-1563,A,A,,10/25/2017,10/25/2017,10/25/2017,IN PERSON,NO,NO,,NO,2,2,002,011,154,PATA,00103,125007,00028,32,
SEMINOLE,06070446,SMITH,JANET,HOPKINS,,103,W CHASON ST, ,DONALSONVILLE,GA,39845-1285,,PO BOX 4683,,DONALSONVILLE,GA,39845-0468,A,A,,11/02/2017,11/02/2017,11/02/2017,IN PERSON,NO,NO,,NO,2,2,002,011,154,PATA,00103,125007,00054,68,
SEMINOLE,00033040,MOODY,MONTEEN,,,310,JOSEPH AVE, ,DONALSONVILLE,GA,39845-1574,310,JOSEPH AVE,,DONALSONVILLE,GA,39845-1574,A,A,,11/03/2017,11/03/2017,11/03/2017,IN PERSON,NO,NO,,NO,2,2,002,011,154,PATA,00103,125007,00077,91,
SEMINOLE,08025246,KING,KENNETH,KELVIN,II,202,E CHASON ST, ,DONALSONVILLE,GA,39845,202,E CHASON ST,,DONALSONVILLE,GA,39845,A,A,,10/23/2017,10/23/2017,10/23/2017,IN PERSON,NO,NO,,NO,2,2,002,011,154,PATA,00103,125007,00020,20,
SEMINOLE,10405849,MCKELVY,MEREDITH,MCKELVY,,204,N MORRIS AVE, ,DONALSONVILLE,GA,39845,204,N MORRIS AVE,,DONALSONVILLE,GA,39845,A,A,,10/23/2017,10/23/2017,10/23/2017,IN PERSON,NO,NO,,NO,2,2,002,011,154,PATA,00103,125007,00023,23,
SEMINOLE,00730873,MUSGROVE,ELLEN,,,1202,HORNSBY AVE, ,DONALSONVILLE,GA,39845-1872,1202,HORNSBY AVE,,DONALSONVILLE,GA,39845-1872,A,A,,11/02/2017,11/02/2017,11/02/2017,IN PERSON,NO,NO,,NO,2,2,002,011,154,PATA,00103,125007,00061,75,
SEMINOLE,00731079,PETERSON,BRENDA,,,310,S DOWLING AVE, ,DONALSONVILLE,GA,39845-1770,310,S DOWLING AVE,,DONALSONVILLE,GA,39845-1770,A,A,,11/01/2017,11/01/2017,11/01/2017,IN PERSON,NO,NO,,NO,2,3,002,011,154,PATA,00109,125007,00048,60,
SEMINOLE,01879926,ALEXANDER,ELIZABETH,S,,803,S WILEY AVE, ,DONALSONVILLE,GA,39845-1932,803,S WILEY AVE,,DONALSONVILLE,GA,39845-1932,A,,,10/27/2017,10/27/2017,,MAILED,NO,NO,ELDERLY,NO,2,2,002,011,154,PATA,00103,,00006,41,
SEMINOLE,00728895,CROSBY,BILLY,WAYNE,,504,JOSEPH AVE, ,DONALSONVILLE,GA,39845-1544,504,JOSEPH AVE,,DONALSONVILLE,GA,39845-1544,A,A,,11/03/2017,11/03/2017,11/03/2017,IN PERSON,NO,NO,,NO,2,2,002,011,154,PATA,00103,125007,00068,82,
SEMINOLE,00729440,GRANTHAM,BILLY,M,,204,W 7TH ST, ,DONALSONVILLE,GA,39845-1867,,PO BOX 602,,DONALSONVILLE,GA,39845-0060,A,A,,10/30/2017,10/30/2017,10/30/2017,IN PERSON,NO,NO,,NO,2,2,002,011,154,PATA,00103,125007,00039,45,
SEMINOLE,08594014,BUCZEK,JOSHUA,SETH,,309,W 4TH ST, ,DONALSONVILLE,GA,39845-1517,902,CLEVELAND AVE,,WILDWOOD,FL,34785,A,,,11/01/2017,11/01/2017,,MAILED,NO,NO,,NO,2,2,002,011,154,PATA,00103,,00012,59,
SEMINOLE,00732033,WALKER,CHARLES,OSBORNE,JR,602,S MORRIS AVE, ,DONALSONVILLE,GA,39845,,PO BOX 617,,DONALSONVILLE,GA,39845-0061,A,A,,10/19/2017,10/19/2017,10/19/2017,IN PERSON,NO,NO,,NO,2,2,002,011,154,PATA,00103,125007,00005,5,
SEMINOLE,00729652,HAY,DAVID,BENJAMIN,,406,S TENNILLE AVE, ,DONALSONVILLE,GA,39845-1622,406,S TENNILLE AVE,,DONALSONVILLE,GA,39845-1622,A,A,,10/20/2017,10/20/2017,10/20/2017,IN PERSON,NO,NO,,NO,2,2,002,011,154,PATA,00103,125007,00011,11,
SEMINOLE,08382166,SUBER,REBECCA,TIPTON,,1002,N WILEY AVE, ,DONALSONVILLE,GA,39845,1002,N WILEY AVE,,DONALSONVILLE,GA,39845,A,,,02/03/2016,10/24/2017,,MAILED,NO,NO,ELDERLY,NO,2,2,002,011,154,PATA,00103,,00001,25,
SEMINOLE,00731124,PONDER,DAN,,JR,205,W 6TH ST, ,DONALSONVILLE,GA,39845,205,W 6TH ST,,DONALSONVILLE,GA,39845,A,A,,11/01/2017,11/01/2017,11/01/2017,IN PERSON,NO,NO,,NO,2,2,002,011,154,PATA,00103,125007,00047,57,
SEMINOLE,00730028,JERNIGAN,INDIA,ALEXANDER,,908,N TENNILLE AVE, ,DONALSONVILLE,GA,39845-1116,908,N TENNILLE AVE,,DONALSONVILLE,GA,39845-1116,A,A,,10/27/2017,10/27/2017,10/27/2017,IN PERSON,NO,NO,,NO,2,2,002,011,154,PATA,00103,125007,00035,40,
SEMINOLE,00730708,MILLER,LINDA,O,,203,W CRAWFORD ST, ,DONALSONVILLE,GA,39845-1305,,PO BOX 242,,DONALSONVILLE,GA,39845-0024,A,A,,11/03/2017,11/03/2017,11/03/2017,IN PERSON,NO,NO,,NO,2,2,002,011,154,PATA,00103,125007,00065,79,
SEMINOLE,00728318,BONNER,LOUIS,,,1002,S KNOX AVE, ,DONALSONVILLE,GA,39845-1830,1002,S KNOX AVE,,DONALSONVILLE,GA,39845-1830,A,A,,10/20/2017,10/20/2017,10/20/2017,IN PERSON,NO,NO,,NO,2,2,002,011,154,PATA,00103,125007,00013,13,
SEMINOLE,05366235,KING,SANDRA,LANE,,301,W 11TH ST, ,DONALSONVILLE,GA,39845-1811,301,W 11TH ST,,DONALSONVILLE,GA,39845-1811,A,A,,10/20/2017,10/20/2017,10/20/2017,IN PERSON,NO,NO,,NO,2,2,002,011,154,PATA,00103,125007,00016,16,
SEMINOLE,00731347,RICHTER,SUE,,,508,JOSEPH AVE, ,DONALSONVILLE,GA,39845,508,JOSEPH AVE,,DONALSONVILLE,GA,39845,A,A,,11/02/2017,11/02/2017,11/02/2017,IN PERSON,NO,NO,,NO,2,2,002,011,154,PATA,00103,125007,00057,71,
SEMINOLE,06101858,HENDERSON,TAWANNA,R,,707,S TENNILLE AVE,B,DONALSONVILLE,GA,39845-1923,707,S TENNILLE AVE,B,DONALSONVILLE,GA,39845-1923,A,A,,11/01/2017,11/01/2017,11/01/2017,IN PERSON,NO,NO,,NO,2,3,002,011,154,PATA,00109,125007,00052,66,
SEMINOLE,00732137,WHITTAKER,GREG,,,107,W 11TH ST, ,DONALSONVILLE,GA,39845-1807,,PO BOX 487,,DONALSONVILLE,GA,39845-0048,A,A,,11/01/2017,11/01/2017,11/01/2017,IN PERSON,NO,NO,,NO,2,2,002,011,154,PATA,00103,125007,00050,62,
SEMINOLE,00731480,SCOTT,ROSSIE,V,,100,FLORENCE AVE, ,DONALSONVILLE,GA,39845,100,FLORENCE AVE,,DONALSONVILLE,GA,39845,A,A,,11/01/2017,11/01/2017,11/07/2017,MAILED,NO,NO,,NO,2,2,002,011,154,PATA,00103,,00013,64,
SEMINOLE,00729670,HELMS,MICHELLE,TATUM,,306,S DOWLING AVE, ,DONALSONVILLE,GA,39845-1770,306,S DOWLING AVE,,DONALSONVILLE,GA,39845-1770,A,A,,11/01/2017,11/01/2017,11/01/2017,IN PERSON,NO,NO,,NO,2,3,002,011,154,PATA,00109,125007,00049,61,
SEMINOLE,03560401,PAYNE,C,JAN HOBBS,,504,S WOOLFORK AVE, ,DONALSONVILLE,GA,39845-1645,,PO BOX 505,,DONALSONVILLE,GA,39845-0050,A,A,,10/30/2017,10/30/2017,10/30/2017,IN PERSON,NO,NO,,NO,2,2,002,011,154,PATA,00103,125007,00043,50,
SEMINOLE,00728899,CROSBY,SHELIA,,,504,JOSEPH AVE, ,DONALSONVILLE,GA,39845-1544,504,JOSEPH AVE,,DONALSONVILLE,GA,39845-1544,A,A,,11/03/2017,11/03/2017,11/03/2017,IN PERSON,NO,NO,,NO,2,2,002,011,154,PATA,00103,125007,00067,81,
SEMINOLE,05550742,EDWARDS,ANA,LAYNE MOYE,,207,W 12TH ST, ,DONALSONVILLE,GA,39845,,PO BOX 223,,DONALSONVILLE,GA,39845-0022,A,A,,10/24/2017,10/24/2017,10/24/2017,IN PERSON,NO,NO,,NO,2,2,002,011,154,PATA,00103,125007,00025,29,
SEMINOLE,00731868,THOMAS,LUCY,BUSH,,410,S NEWCOMBE AVE, ,DONALSONVILLE,GA,39845-1568,,PO BOX 616,,DONALSONVILLE,GA,39845-0061,A,A,,10/23/2017,10/23/2017,10/23/2017,IN PERSON,NO,NO,,NO,2,2,002,011,154,PATA,00103,125007,00019,19,
SEMINOLE,00731507,SHEFFIELD,THOMAS,D,,1001,S MORRIS AVE, ,DONALSONVILLE,GA,39845,,PO BOX 513,,DONALSONVILLE,GA,39845-0051,A,A,,10/30/2017,10/30/2017,10/30/2017,IN PERSON,NO,NO,,NO,2,2,002,011,154,PATA,00103,125007,00036,42,
SEMINOLE,00731520,SHINGLER,SANDRA,,,106,W CHASON ST, ,DONALSONVILLE,GA,39845-1284,106,W CHASON ST,,DONALSONVILLE,GA,39845-1284,A,A,,11/02/2017,11/02/2017,11/02/2017,IN PERSON,NO,NO,,NO,2,2,002,011,154,PATA,00103,125007,00060,74,
SEMINOLE,00732039,WALKER,GLORIA,L,,602,S MORRIS AVE, ,DONALSONVILLE,GA,39845-1560,,PO BOX 617,,DONALSONVILLE,GA,39845-0061,A,A,,10/27/2017,10/27/2017,10/27/2017,IN PERSON,NO,NO,,NO,2,2,002,011,154,PATA,00103,125007,00033,38,
SEMINOLE,08344676,GLISSON,NANCY,LEE,,106,W 5TH ST, ,DONALSONVILLE,GA,39845,106,W 5TH ST,,DONALSONVILLE,GA,39845,A,A,,10/26/2017,10/26/2017,10/26/2017,IN PERSON,NO,NO,,NO,2,2,002,011,154,PATA,00103,125007,00030,34,
SEMINOLE,10140672,PONDER,ADDISON,BENTLEY,,611,S MORRIS AVE, ,DONALSONVILLE,GA,39845,1400,STATESBORO PLACE CIRCLE,,STATESBORO,GA,30458,A,,,10/31/2017,10/31/2017,,MAILED,NO,NO,,NO,2,2,002,011,154,PATA,00103,,00009,53,
SEMINOLE,00728867,HIEMSTRA,DEBORAH,S,,306,W 10TH ST, ,DONALSONVILLE,GA,39845-1806,306,W 10TH ST,,DONALSONVILLE,GA,39845-1806,A,A,,10/27/2017,10/27/2017,10/27/2017,IN PERSON,NO,NO,,NO,2,2,002,011,154,PATA,00103,125007,00034,39,
SEMINOLE,05488634,PARKER,RITA,COLLEEN,,207,W 10TH ST, ,DONALSONVILLE,GA,39845,207,W 10TH ST,,DONALSONVILLE,GA,39845,A,A,,11/02/2017,11/02/2017,11/02/2017,IN PERSON,NO,NO,,NO,2,2,002,011,154,PATA,00103,125007,00058,72,
SEMINOLE,00732755,KELLEY,VINCENT,GROVER,,505,S NEWCOMBE AVE, ,DONALSONVILLE,GA,39845,505,S NEWCOMBE AVE,,DONALSONVILLE,GA,39845,A,A,,10/27/2017,10/27/2017,10/27/2017,IN PERSON,NO,NO,,NO,2,2,002,011,154,PATA,00103,125007,00031,35,
SEMINOLE,03405145,ADAMS,RICHARD,DALE,JR,1303,BUSH AVE, ,DONALSONVILLE,GA,39845-1827,1303,BUSH AVE,,DONALSONVILLE,GA,39845-1827,A,A,,10/23/2017,10/23/2017,10/23/2017,IN PERSON,NO,NO,,NO,2,2,002,011,154,PATA,00103,125007,00018,18,
SEMINOLE,00731379,ROBERTS,TRUETT,D,JR,202,W 10TH ST, ,DONALSONVILLE,GA,39845-1804,202,W 10TH ST,,DONALSONVILLE,GA,39845-1804,A,A,,10/19/2017,10/19/2017,10/19/2017,IN PERSON,NO,NO,,NO,2,2,002,011,154,PATA,00103,125007,00007,7,
SEMINOLE,00731806,TATUM,JOSEPH,D,,1004,S NEWCOMBE AVE, ,DONALSONVILLE,GA,39845-1857,1004,S NEWCOMBE AVE,,DONALSONVILLE,GA,39845-1857,A,A,,11/03/2017,11/03/2017,11/03/2017,IN PERSON,NO,NO,,NO,2,2,002,011,154,PATA,00103,125007,00064,78,
SEMINOLE,00729809,HOLLEY,BETTY,N,,102,W CRAWFORD ST, ,DONALSONVILLE,GA,39845-1304,102,W CRAWFORD ST,,DONALSONVILLE,GA,39845-0065,A,A,,11/01/2017,11/01/2017,11/07/2017,MAILED,NO,NO,,NO,2,2,002,011,154,PATA,00103,,00014,65,
SEMINOLE,05164983,NORRIS,BETTY,W,,103,W 10TH ST, ,DONALSONVILLE,GA,39845-1801,103,W 10TH ST,,DONALSONVILLE,GA,39845-1801,A,C,Rejected Ballot that has been re-issued,10/24/2017,10/24/2017,11/01/2017,MAILED,NO,NO,,NO,2,2,002,011,154,PATA,00103,,00002,26,
SEMINOLE,00732526,HOOPER,JEFFINER,LARUE,,400,W 12TH ST, ,DONALSONVILLE,GA,39845,400,W 12TH ST,,DONALSONVILLE,GA,39845,A,A,,10/16/2017,10/18/2017,10/18/2017,IN PERSON,NO,NO,,NO,2,2,002,011,154,PATA,00103,125007,00001,1,
SEMINOLE,00727972,ALDAY,LINDA,I,,102,E 7TH ST, ,DONALSONVILLE,GA,39845-1961,102,E 7TH ST,,DONALSONVILLE,GA,39845-1961,A,A,,11/03/2017,11/03/2017,11/03/2017,IN PERSON,NO,NO,,NO,2,2,002,011,154,PATA,00103,125007,00063,77,
SEMINOLE,00729442,GRANTHAM,REBECCA,C,,204,W 7TH ST, ,DONALSONVILLE,GA,39845-1867,,PO BOX 602,,DONALSONVILLE,GA,39845-0060,A,A,,10/18/2017,10/18/2017,10/18/2017,IN PERSON,NO,NO,,NO,2,2,002,011,154,PATA,00103,125007,00002,2,
SEMINOLE,00728398,BRIDGES,E,C,III,204,W 11TH ST, ,DONALSONVILLE,GA,39845-1810,204,W 11TH ST,,DONALSONVILLE,GA,39845-1810,A,A,,10/18/2017,10/18/2017,10/18/2017,IN PERSON,NO,NO,,NO,2,2,002,011,154,PATA,00103,125007,00004,4,
