County,Voter Registration #,Last Name,First Name,Middle Name,Suffix,Street #,Street Name,Apt/Unit,City,State,Zip Code,Mailing Street #,Mailing Street Name,Mailing Apt/Unit,Mailing City,Mailing State,Mailing Zip Code,Application Status,Ballot Status,Status Reason,Application Date,Ballot Issued Date,Ballot Return Date,Ballot Style,Ballot Assisted,Challenged/Provisional,Designation/Reason Issue,ID Required,Municipal Precinct,County Precinct,CNG,SEN,HOUSE	,JUD,Combo #,Vote Center ID,Ballot ID,Post #,Party
TALBOT,03691311,BUNKLEY,BRUCE,,,415,COLUMBUS HWY, ,GENEVA,GA,31810-9901,,PO BOX 76,,GENEVA,GA,31810-0007,A,A,,10/16/2017,10/16/2017,10/23/2017,MAILED,NO,NO,,NO,GE4,04,002,015,137,CHAT,00111,,00002,21,
TALBOT,00265469,GARNETT,JAMES,EDWARD,,260,CLARKE ST,UNIT 19,TALBOTTON,GA,31827-2739,260,CLARKE ST,UNIT 19,TALBOTTON,GA,31827-2739,A,A,,10/02/2017,10/16/2017,10/26/2017,MAILED,NO,NO,DISABLED,NO,T01,05,002,015,137,CHAT,00114,,00023,45,
TALBOT,06008940,MAYS,LARRY,,,95,W TYLER ST,UNIT 17,TALBOTTON,GA,31827-2516,,PO BOX 462,,TALBOTTON,GA,31827-0046,A,A,,10/02/2017,10/16/2017,10/27/2017,MAILED,NO,NO,,NO,T01,05,002,015,137,CHAT,00114,,00007,29,
TALBOT,00265537,SEARCY,CALAMITY,,,182,HAWK RD, ,TALBOTTON,GA,31827-2204,,PO BOX 563,,TALBOTTON,GA,31827-0056,A,A,,10/26/2017,10/26/2017,10/26/2017,IN PERSON,NO,NO,,NO,T01,05,002,015,137,CHAT,00114,130015,00035,75,
TALBOT,00265641,ROSE,DORIS,J,,450,CLARKE ST, ,TALBOTTON,GA,31827-2730,,PO BOX 447,,TALBOTTON,GA,31827-0044,A,A,,10/31/2017,10/31/2017,10/31/2017,IN PERSON,NO,NO,,NO,T01,05,002,015,137,CHAT,00114,130015,00041,84,
TALBOT,04015763,LANIER,SAMANTHA,CAROL,,95,N WASHINGTON AVE, ,TALBOTTON,GA,31827-2352,,PO BOX 84,,TALBOTTON,GA,31827,A,A,,10/24/2017,10/24/2017,11/06/2017,MAILED,NO,NO,,NO,T01,05,002,015,137,CHAT,00114,,00027,61,
TALBOT,00265230,BUNKLEY,ELLA,LEE,,415,COLUMBUS HWY, ,GENEVA,GA,31810-9901,,PO BOX 76,,GENEVA,GA,31810-0007,A,A,,10/16/2017,10/16/2017,10/23/2017,MAILED,NO,NO,,NO,GE4,04,002,015,137,CHAT,00111,,00003,22,
TALBOT,00265430,EDGE,HARRIET,CARTER,,16,HAWK RD, ,TALBOTTON,GA,31827-2204,,PO BOX 684,,TALBOTTON,GA,31827-0068,A,A,,10/23/2017,10/23/2017,10/23/2017,IN PERSON,NO,NO,,NO,T01,05,002,015,137,CHAT,00114,130015,00031,60,
TALBOT,00265576,WALTON,ANNIE,JONES,,260,CLARKE ST,UNIT 06,TALBOTTON,GA,31827,,P..O. BOX 494,,TALBOTTON,GA,31827,A,A,,10/20/2017,10/20/2017,10/20/2017,IN PERSON,NO,NO,,NO,T01,05,002,015,137,CHAT,00114,130015,00027,56,
TALBOT,00266974,FORD,RODNEY,W,,250,JORDAN CITY RD, ,TALBOTTON,GA,31827-2909,,PO BOX 322,,TALBOTTON,GA,31827-0032,A,A,,10/02/2017,10/16/2017,10/26/2017,MAILED,NO,NO,DISABLED,NO,T01,05,002,015,137,CHAT,00114,,00004,26,
TALBOT,00643680,FORD,LASHUNDA,,,250,JORDAN CITY RD, ,TALBOTTON,GA,31827-2909,,PO BOX 322,,TALBOTTON,GA,31827-0032,A,A,,10/16/2017,10/16/2017,10/16/2017,IN PERSON,NO,NO,,NO,T01,05,002,015,137,CHAT,00114,130015,00014,14,
TALBOT,04753181,BARKER,DAIANN,,,91,N CLAY AVE, ,TALBOTTON,GA,31827-2409,,PO BOX 697,,TALBOTTON,GA,31827-0069,A,A,,10/11/2017,10/16/2017,11/03/2017,MAILED,NO,NO,,NO,T01,05,002,015,137,CHAT,00114,,00018,40,
TALBOT,00265640,ROSS,MARY,K,,116,SMITH HILL ST, ,TALBOTTON,GA,31827-2814,,PO BOX 131,,TALBOTTON,GA,31827-0013,A,A,,10/02/2017,10/16/2017,10/27/2017,MAILED,NO,NO,DISABLED,NO,T01,05,002,015,137,CHAT,00114,,00008,30,
TALBOT,04552695,PARKER,EVELYN,J,,260,CLARKE ST,UNIT 16,TALBOTTON,GA,31827-2739,260,CLARKE ST,UNIT 16,TALBOTTON,GA,31827-2739,A,A,,10/02/2017,10/16/2017,10/26/2017,MAILED,NO,NO,ELDERLY,NO,T01,05,002,015,137,CHAT,00114,,00014,36,
TALBOT,00266999,WASHINGTON,KATTIE,LOUISE,,190,ELIZABETH WRIGHT AVE, ,TALBOTTON,GA,31827,,PO BOX 364,,TALBOTTON,GA,31827-0036,A,A,,10/16/2017,10/16/2017,10/23/2017,MAILED,NO,NO,,NO,T01,05,002,015,137,CHAT,00114,,00009,31,
TALBOT,00265543,WILLIAMS,WANDA,G,,74,LAMAR LN, ,TALBOTTON,GA,31827-2223,,PO BOX 563,,TALBOTTON,GA,31827-0056,A,A,,10/26/2017,10/26/2017,10/26/2017,IN PERSON,NO,NO,,NO,T01,05,002,015,137,CHAT,00114,130015,00036,76,
TALBOT,00265467,COLLIER,YOLANDA,D,,149,ELIZABETH WRIGHT AVE, ,TALBOTTON,GA,31827,,PO BOX 322,,TALBOTTON,GA,31827-0032,A,A,,10/16/2017,10/16/2017,10/16/2017,IN PERSON,NO,NO,,NO,T01,05,002,015,137,CHAT,00114,130015,00009,9,
TALBOT,00265308,BENNY,MARY,LYNN,,241,ELIZABETH WRIGHT AVE, ,TALBOTTON,GA,31827,,PO BOX 402,,TALBOTTON,GA,31827-0040,A,A,,10/11/2017,10/16/2017,10/26/2017,MAILED,NO,NO,ELDERLY,NO,T01,05,002,015,137,CHAT,00114,,00017,39,
TALBOT,00265562,NEAL,KATIE,THOMAS,,132,CENTRAL ST, ,TALBOTTON,GA,31827-2208,,PO BOX 11,,TALBOTTON,GA,31827-0001,A,A,,10/16/2017,10/17/2017,10/24/2017,MAILED,NO,NO,,NO,T01,05,002,015,137,CHAT,00114,,00024,47,
TALBOT,00265714,LEONARD,JOANNE,,,51,EVANS ST, ,TALBOTTON,GA,31827-6201,,PO BOX 385,,TALBOTTON,GA,31827-0038,A,A,,10/17/2017,10/17/2017,10/17/2017,IN PERSON,NO,NO,,NO,T01,05,002,015,137,CHAT,00114,130015,00021,48,
TALBOT,10915951,COLLIER,ANESHIA,SHYQUION,,250,JORDAN CITY RD, ,TALBOTTON,GA,31827,250,JORDAN CITY RD,,TALBOTTON,GA,31827-2909,A,A,,10/16/2017,10/16/2017,10/16/2017,IN PERSON,NO,NO,,NO,T01,05,002,015,137,CHAT,00114,130015,00016,16,
TALBOT,10436088,THOMPSON,TANGELA,N,,241,ELIZABETH WRIGHT AVE, ,TALBOTTON,GA,31827,,P.O. BOX 402,,TALBOTTON,GA,31827,A,,,10/16/2017,10/16/2017,,MAILED,NO,NO,,NO,T01,05,002,015,137,CHAT,00114,,00019,41,
TALBOT,10250668,DUGGER,TYSHUN,,,70,FILLMORE ST, ,TALBOTTON,GA,31827,,PO BOX 252,,TALBOTTON,GA,31827,A,A,,10/17/2017,10/17/2017,10/17/2017,IN PERSON,NO,NO,,NO,T01,05,002,015,137,CHAT,00114,130015,00020,46,
TALBOT,00265472,GARNETT,TYROME,,,260,CLARKE ST,UNIT 19,TALBOTTON,GA,31827-2739,260,CLARKE ST,UNIT 19,TALBOTTON,GA,31827-2739,A,A,,10/16/2017,10/16/2017,10/26/2017,MAILED,NO,NO,DISABLED,NO,T01,05,002,015,137,CHAT,00114,,00022,44,
TALBOT,00265806,PASCHAL,WILLIE,JULIA,,155,FILLMORE ST, ,TALBOTTON,GA,31827-2231,155,FILLMORE ST,,TALBOTTON,GA,31827-0034,A,A,,10/26/2017,10/26/2017,11/03/2017,MAILED,NO,NO,DISABLED,NO,T01,05,002,015,137,CHAT,00114,,00037,74,
TALBOT,10958154,ROSS,KOBAIS,,,116,SMITH HILL ST, ,TALBOTTON,GA,31827,,P.O. BOX 131,,TALBOTTON,GA,31827,A,A,,10/02/2017,10/16/2017,10/27/2017,MAILED,NO,NO,,NO,T01,05,002,015,137,CHAT,00114,,00013,35,
TALBOT,00267105,MCCRARY,TONYA,LAVETTE,,125,FILLMORE ST, ,TALBOTTON,GA,31827-2231,,PO BOX 302,,TALBOTTON,GA,31827-0030,A,A,,10/24/2017,10/25/2017,10/31/2017,MAILED,NO,NO,,NO,T01,05,002,015,137,CHAT,00114,,00033,70,
TALBOT,00268203,ADAMS,VANESSA,,,453,S WASHINGTON AVE, ,TALBOTTON,GA,31827-2630,4050,POBIDDY RD,,TALBOTTON,GA,31827,A,A,,10/02/2017,10/17/2017,11/03/2017,MAILED,NO,NO,,NO,T01,05,002,015,137,CHAT,00114,,00026,50,
TALBOT,07466142,DANIEL,MONICA,SHERELL,,136,DOZIER ST, ,TALBOTTON,GA,31827,,PO BOX 593,,TALBOTTON,GA,31827-0059,A,A,,10/16/2017,10/16/2017,10/16/2017,IN PERSON,NO,NO,,NO,T01,05,002,015,137,CHAT,00114,130015,00005,5,
TALBOT,06560266,LAMAR,ANTHONY,,,96,LAMAR LN, ,TALBOTTON,GA,31827-2223,,PO BOX 688,,TALBOTTON,GA,31827-0068,A,A,,10/24/2017,10/24/2017,10/24/2017,IN PERSON,NO,NO,,NO,T01,05,002,015,137,CHAT,00114,130015,00032,63,
TALBOT,05986560,MIZELL,SHEDARA,,,133,DENNIS CREEK RD,UNIT 30,TALBOTTON,GA,31827-2844,133,DENNIS CREEK RD,APT 30,TALBOTTON,GA,31827-2844,A,A,,10/16/2017,10/16/2017,10/16/2017,IN PERSON,NO,NO,,NO,T01,05,002,015,137,CHAT,00114,130015,00018,18,
TALBOT,00265499,HARVEY,ELLA,BESS,,64,HAWK RD, ,TALBOTTON,GA,31827-2200,64,HAWK RD,,TALBOTTON,GA,31827-2200,A,A,,10/30/2017,10/30/2017,11/06/2017,MAILED,NO,NO,ELDERLY,NO,T01,05,002,015,137,CHAT,00114,,00040,81,
TALBOT,00941237,CARTER,SHIRLENE,,,135,S CLAY AVE, ,TALBOTTON,GA,31827-2511,,PO BOX 381,,TALBOTTON,GA,31827-0038,A,,,10/16/2017,10/16/2017,,MAILED,NO,NO,,NO,T01,05,002,015,137,CHAT,00114,,00002,24,
TALBOT,00265375,COLLIER,DENNIS,WASHINGTON,,149,ELIZABETH WRIGHT AVE, ,TALBOTTON,GA,31827,,PO BOX 613,,TALBOTTON,GA,31827-0061,A,A,,10/16/2017,10/16/2017,10/16/2017,IN PERSON,NO,NO,,NO,T01,05,002,015,137,CHAT,00114,130015,00010,10,
TALBOT,10387955,WILLIAMS,ANTONIO,E,,76,CENTRAL ST, ,TALBOTTON,GA,31827,76,CENTRAL ST,,TALBOTTON,GA,31827-2205,A,A,,10/20/2017,10/20/2017,10/20/2017,IN PERSON,NO,NO,,NO,T01,05,002,015,137,CHAT,00114,130015,00028,57,
TALBOT,00265454,FERGUSON,SALLY,S,,90,GORMAN RD, ,TALBOTTON,GA,31827-2113,,PO BOX 453,,TALBOTTON,GA,31827-0045,A,A,,10/19/2017,10/19/2017,10/19/2017,IN PERSON,NO,NO,,NO,T01,05,002,015,137,CHAT,00114,130015,00024,53,
TALBOT,08644512,STALLWORTH,LASHAE,NICOLE,,380,W TYLER ST, ,TALBOTTON,GA,31827-2524,,PO BOX 613,,TALBOTTON,GA,31827-0061,A,A,,11/01/2017,11/01/2017,11/01/2017,IN PERSON,NO,NO,,NO,T01,05,002,015,137,CHAT,00114,130015,00042,86,
TALBOT,00268073,TRICE,WILLIE,JAMES,,127,HAWK RD, ,TALBOTTON,GA,31827-2203,,PO BOX 52,,TALBOTTON,GA,31827-0005,A,A,,10/24/2017,10/25/2017,11/07/2017,MAILED,NO,NO,,NO,T01,05,002,015,137,CHAT,00114,,00035,72,
TALBOT,08841234,SNELLING,TERRANCE,DEVON,,1,BERTHA HARRIS ST,B4,TALBOTTON,GA,31827,,PO BOX 131,,TALBOTTON,GA,31827-0058,A,A,,10/16/2017,10/16/2017,10/16/2017,IN PERSON,NO,NO,,NO,T01,05,002,015,137,CHAT,00114,130015,00012,12,
TALBOT,00267345,FERGUSON,JAMES,WILLIE,,761,S WASHINGTON AVE, ,TALBOTTON,GA,31827-2636,,PO BOX 114,,TALBOTTON,GA,31827-0011,A,A,,10/16/2017,10/16/2017,10/16/2017,IN PERSON,NO,NO,,NO,T01,05,002,015,137,CHAT,00114,130015,00004,4,
TALBOT,07202176,SHEFFIELD,ELBONY,COLLIER,,41,BERTHA HARRIS ST,B-3,TALBOTTON,GA,31827,,PO BOX 364,,TALBOTTON,GA,31827-0027,A,A,,10/16/2017,10/16/2017,10/16/2017,IN PERSON,NO,NO,,NO,T01,05,002,015,137,CHAT,00114,130015,00011,11,
TALBOT,00265431,EDGE,KEITH,MORRIS,,146,HAWK RD, ,TALBOTTON,GA,31827,146,HAWK RD,,TALBOTTON,GA,31827-2204,A,A,,10/24/2017,10/25/2017,11/02/2017,MAILED,NO,NO,,NO,T01,05,002,015,137,CHAT,00114,,00030,67,
TALBOT,00267796,EDGE,LARRY,F,,111,CENTRAL ST, ,TALBOTTON,GA,31827-2209,,PO BOX 883,,TALBOTTON,GA,31827-0088,A,A,,10/23/2017,10/23/2017,10/23/2017,IN PERSON,NO,NO,,NO,T01,05,002,015,137,CHAT,00114,130015,00029,58,
TALBOT,00265501,HARVEY,MARGREE,,,46,JORDAN CITY RD, ,TALBOTTON,GA,31827-2903,,PO BOX 695,,TALBOTTON,GA,31827-0069,A,A,,10/31/2017,10/31/2017,10/31/2017,IN PERSON,NO,NO,,NO,T01,05,002,015,137,CHAT,00114,130015,00039,82,
TALBOT,00267590,JENKINS,TERRI,M,,46,PIERCE ST, ,TALBOTTON,GA,31827-6204,,PO BOX 284,,TALBOTTON,GA,31827-0028,A,A,,11/03/2017,11/03/2017,11/03/2017,IN PERSON,NO,NO,,NO,T01,05,002,015,137,CHAT,00114,130015,00043,91,
TALBOT,00265450,FERGUSON,LEBRON,,,90,GORMAN RD, ,TALBOTTON,GA,31827-2113,,PO BOX 453,,TALBOTTON,GA,31827-0045,A,A,,10/19/2017,10/19/2017,10/19/2017,IN PERSON,NO,NO,,NO,T01,05,002,015,137,CHAT,00114,130015,00025,54,
TALBOT,00265528,HOWARD,SALLY,EMMA,,75,HAWK RD, ,TALBOTTON,GA,31827-2201,,PO BOX 504,,TALBOTTON,GA,31827-0050,A,A,,10/17/2017,10/17/2017,10/17/2017,IN PERSON,NO,NO,,NO,T01,05,002,015,137,CHAT,00114,130015,00022,51,
TALBOT,03691319,BUNKLEY,ELLA,FAYE,,415,COLUMBUS HWY, ,BOX SPRINGS,GA,31801,,PO BOX 76,,GENEVA,GA,31810-0007,A,A,,10/16/2017,10/16/2017,10/23/2017,MAILED,NO,NO,,NO,GE4,04,002,015,137,CHAT,00111,,00001,20,
TALBOT,00265675,JONES,WILLIAM,,,200,S WASHINGTON AVE, ,TALBOTTON,GA,31827-2622,,PO BOX 494,,TALBOTTON,GA,31827-0049,A,A,,10/02/2017,10/16/2017,11/06/2017,MAILED,NO,NO,,NO,T01,05,002,015,137,CHAT,00114,,00021,43,
TALBOT,00265705,LAMAR,JOHN,L,,414,CLARKE ST, ,TALBOTTON,GA,31827-2730,,PO BOX 551,,TALBOTTON,GA,31827-0055,A,A,,11/03/2017,11/03/2017,11/03/2017,IN PERSON,NO,NO,,NO,T01,05,002,015,137,CHAT,00114,130015,00045,93,
TALBOT,00265712,LEONARD,CLARA,,,735,CLARKE ST, ,TALBOTTON,GA,31827-8107,735,CLARKE ST,,TALBOTTON,GA,31827-8107,A,A,,11/02/2017,11/02/2017,11/06/2017,MAILED,NO,NO,ELDERLY,NO,T01,05,002,015,137,CHAT,00114,,00044,89,
TALBOT,03967682,LEONARD,JULIA,,,344,GEORGE W TOWNS AVE, ,TALBOTTON,GA,31827-2234,,PO BOX 694,,TALBOTTON,GA,31827-0069,A,A,,10/27/2017,10/27/2017,10/27/2017,IN PERSON,NO,NO,,NO,T01,05,002,015,137,CHAT,00114,130015,00037,77,
TALBOT,04608963,CORLEY,GERALD,LEE,,294,JACKSON AVE, ,TALBOTTON,GA,31827-2306,,PO BOX 562,,TALBOTTON,GA,31827-0056,A,A,,11/03/2017,11/03/2017,11/03/2017,IN PERSON,NO,NO,,NO,T01,05,002,015,137,CHAT,00114,130015,00046,96,
TALBOT,10004840,MCCRARY,ABRILLE,KINAE,,179,HAWK RD, ,TALBOTTON,GA,31827,179,HAWK RD,,TALBOTTON,GA,31827-2203,A,R,Ballot Received after Deadline,10/24/2017,10/25/2017,11/08/2017,MAILED,NO,NO,,NO,T01,05,002,015,137,CHAT,00114,,00032,69,
TALBOT,00265691,KIMBROUGH,ROSE,MARY,,70,FILLMORE ST, ,TALBOTTON,GA,31827-2227,,PO BOX 252,,TALBOTTON,GA,31827-0025,A,A,,10/02/2017,10/16/2017,10/27/2017,MAILED,NO,NO,,NO,T01,05,002,015,137,CHAT,00114,,00001,23,
TALBOT,07526798,SANDERS,TERRON,DEMONT'E,,10,PIERCE ST, ,TALBOTTON,GA,31827-6204,,PO BOX 746,,TALBOTTON,GA,31827-0074,A,,,10/16/2017,10/16/2017,,MAILED,NO,NO,,NO,T01,05,002,015,137,CHAT,00114,,00010,32,
TALBOT,00268077,WIMBUSH,BOBBY,L,,133,DENNIS CREEK RD,UNIT 25,TALBOTTON,GA,31827-2844,133,DENNIS CREEK RD,25,TALBOTTON,GA,31827,A,A,,10/02/2017,10/16/2017,10/27/2017,MAILED,NO,NO,,NO,T01,05,002,015,137,CHAT,00114,,00015,37,
TALBOT,00268021,HALL,ANDREW,,,90,HAWK RD, ,TALBOTTON,GA,31827-2200,,PO BOX 553,,TALBOTTON,GA,31827-0055,A,A,,10/16/2017,10/16/2017,10/16/2017,IN PERSON,NO,NO,,NO,T01,05,002,015,137,CHAT,00114,130015,00017,17,
TALBOT,00265969,CARREKER,GEORGE,W,,260,CLARKE ST,UNIT 14,TALBOTTON,GA,31827-2738,260,CLARKE ST,UNIT 14,TALBOTTON,GA,31827-2738,A,A,,10/02/2017,10/16/2017,10/27/2017,MAILED,NO,NO,,NO,T01,05,002,015,137,CHAT,00114,,00006,28,
TALBOT,00267335,REDDING,KATIE,M,,235,E MONROE ST, ,TALBOTTON,GA,31827-2333,,PO BOX 326,,TALBOTTON,GA,31827-0032,A,R,Insufficient Oath Information,10/16/2017,10/16/2017,11/07/2017,MAILED,NO,NO,DISABLED,NO,T01,05,002,015,137,CHAT,00114,,00016,38,
TALBOT,00941258,WILSON,LILLIAN,,,135,CENTRAL ST,UNIT 20,TALBOTTON,GA,31827-2209,,PO BOX 164,,TALBOTTON,GA,31827-0016,A,A,,10/27/2017,10/27/2017,10/27/2017,IN PERSON,NO,NO,,NO,T01,05,002,015,137,CHAT,00114,130015,00038,78,
TALBOT,08732326,EPPS,KEDARRIOUS,D,,151,CENTRAL ST, ,TALBOTTON,GA,31827-2209,,PO BOX 314,,TALBOTTON,GA,31827-0031,A,A,,10/16/2017,10/16/2017,10/16/2017,IN PERSON,NO,NO,,NO,T01,05,002,015,137,CHAT,00114,130015,00008,8,
TALBOT,07388112,SEARCY,JAMES,MORRIS,,291,ELIZABETH WRIGHT AVE, ,TALBOTTON,GA,31827,,PO BOX 126,,TALBOTTON,GA,31827-0012,A,A,,10/16/2017,10/16/2017,10/23/2017,MAILED,NO,NO,DISABLED,NO,T01,05,002,015,137,CHAT,00114,,00020,42,
TALBOT,00265448,EVANS,WILLIE,MARY,,664,N WASHINGTON AVE, ,TALBOTTON,GA,31827-2220,,PO BOX 103,,TALBOTTON,GA,31827-0010,A,A,,10/30/2017,10/30/2017,11/02/2017,MAILED,NO,NO,ELDERLY,NO,T01,05,002,015,137,CHAT,00114,,00039,80,
TALBOT,00265377,COLLIER,LILLIAN,,,190,ELIZABETH WRIGHT AVE, ,TALBOTTON,GA,31827,,PO BOX 613,,TALBOTTON,GA,31827-0061,A,A,,10/16/2017,10/16/2017,10/16/2017,IN PERSON,NO,NO,,NO,T01,05,002,015,137,CHAT,00114,130015,00001,1,
TALBOT,00265349,WILLIS,VERONCIA,CARREKER,,158,CENTRAL ST, ,TALBOTTON,GA,31827-2208,,PO BOX 783,,TALBOTTON,GA,31827-0078,A,A,,11/01/2017,11/01/2017,11/06/2017,MAILED,NO,NO,DISABLED,NO,T01,05,002,015,137,CHAT,00114,,00041,85,
TALBOT,00265749,MATHIS,PENELOPE,,,151,SMITH HILL ST, ,TALBOTTON,GA,31827-2815,,PO BOX 764,,TALBOTTON,GA,31827-0076,A,A,,11/01/2017,11/01/2017,11/07/2017,MAILED,NO,NO,DISABLED,NO,T01,05,002,015,137,CHAT,00114,,00043,88,
TALBOT,00265317,BIGGS,SARAH,VIRGINIA,,30,CASTLEBERRY DR, ,TALBOTTON,GA,31827-2805,,PO BOX 293,,TALBOTTON,GA,31827-0029,A,A,,10/02/2017,10/16/2017,11/03/2017,MAILED,NO,NO,DISABLED,NO,T01,05,002,015,137,CHAT,00114,,00012,34,
TALBOT,00265488,HALL,JOHNNIE,MAE,,90,HAWK RD, ,TALBOTTON,GA,31827-2200,90,HAWK RD,,TALBOTTON,GA,31827-2200,A,A,,10/24/2017,10/25/2017,11/01/2017,MAILED,NO,NO,ELDERLY,NO,T01,05,002,015,137,CHAT,00114,,00029,66,
TALBOT,03600684,SEARCY,SANDRA,,,438,N WASHINGTON AVE, ,TALBOTTON,GA,31827,,BOX 404,,TALBOTTON,GA,31827,A,A,,10/16/2017,10/16/2017,10/16/2017,IN PERSON,NO,NO,DISABLED,NO,T01,05,002,015,137,CHAT,00114,130015,00006,6,
TALBOT,06559211,HENDRIX,VIRGINIA,ANN,,152,DOZIER ST, ,TALBOTTON,GA,31827-2915,,PO BOX 593,,TALBOTTON,GA,31827-0059,A,A,,10/16/2017,10/16/2017,10/16/2017,IN PERSON,NO,NO,,NO,T01,05,002,015,137,CHAT,00114,130015,00003,3,
TALBOT,03668821,EDGE,EDWARD,CHAPPLE,,63,POWELL ST, ,TALBOTTON,GA,31827-2917,,PO BOX 925,,TALBOTTON,GA,31827-0092,A,A,,10/16/2017,10/16/2017,10/16/2017,IN PERSON,NO,NO,,NO,T01,05,002,015,137,CHAT,00114,130015,00015,15,
TALBOT,02456042,PERRYMAN,ERIC,A,,133,DENNIS CREEK RD,APT #30,TALBOTTON,GA,31827,133,DENNIS CREEK RD,APT 30,TALBOTTON,GA,31827,A,A,,10/16/2017,10/16/2017,10/16/2017,IN PERSON,NO,NO,,NO,T01,05,002,015,137,CHAT,00114,130015,00019,19,
TALBOT,06733826,COLLIER,DENNIS,DELQUION,,139,ELIZABETH WRIGHT AVE, ,TALBOTTON,GA,31827,,PO BOX 613,,TALBOTTON,GA,31827-0061,A,A,,10/16/2017,10/16/2017,10/16/2017,IN PERSON,NO,NO,,NO,T01,05,002,015,137,CHAT,00114,130015,00002,2,
TALBOT,10255734,RUTHERFORD,NORRIS,,JR,216,SMITH HILL ST, ,TALBOTTON,GA,31827,,P. O. BOX 414,,TALBOTTON,GA,31827,A,,,10/24/2017,10/25/2017,,MAILED,NO,NO,,NO,T01,05,002,015,137,CHAT,00114,,00036,73,
TALBOT,00265484,GRANT,ELLA,KATE,,62,PIERCE ST, ,TALBOTTON,GA,31827-6204,,PO BOX 32,,TALBOTTON,GA,31827-0003,A,A,,11/01/2017,11/01/2017,11/06/2017,MAILED,NO,NO,,NO,T01,05,002,015,137,CHAT,00114,,00042,87,
TALBOT,01039334,WEAVER,JOHN,HENRY,,179,HAWK RD, ,TALBOTTON,GA,31827-2203,,PO BOX 32,,TALBOTTON,GA,31827-0003,A,A,,10/24/2017,10/25/2017,10/31/2017,MAILED,NO,NO,,NO,T01,05,002,015,137,CHAT,00114,,00031,68,
TALBOT,00267589,JENKINS,TONJA,L,,46,PIERCE ST, ,TALBOTTON,GA,31827-6204,,PO BOX 355,,TALBOTTON,GA,31827-0035,A,A,,11/03/2017,11/03/2017,11/07/2017,MAILED,NO,NO,,NO,T01,05,002,015,137,CHAT,00114,,00046,94,
TALBOT,08724553,COTTON,FRELAISHA,C,,46,PIERCE ST, ,TALBOTTON,GA,31827-6204,,PO BOX 284,,TALBOTTON,GA,31827-0028,A,A,,10/24/2017,10/25/2017,11/02/2017,MAILED,NO,NO,,NO,T01,05,002,015,137,CHAT,00114,,00034,71,
TALBOT,00265703,LAMAR,CAROLYN,,,414,CLARKE ST, ,TALBOTTON,GA,31827-2730,,PO BOX 551,,TALBOTTON,GA,31827-0055,A,A,,11/03/2017,11/03/2017,11/03/2017,IN PERSON,NO,NO,,NO,T01,05,002,015,137,CHAT,00114,130015,00044,92,
TALBOT,00265710,LANIER,ROBERT,LEE,,95,N WASHINGTON AVE, ,TALBOTTON,GA,31827-2350,95,N WASHINGTON ,,TALBOTTON,GA,31827-2350,A,A,,10/24/2017,10/24/2017,11/06/2017,MAILED,NO,NO,,NO,T01,05,002,015,137,CHAT,00114,,00028,62,
TALBOT,00265621,WIMBERLY,CAROL,,,384,W MONROE ST, ,TALBOTTON,GA,31827-2437,384,W MONROE ST,,TALBOTTON,GA,31827-2437,A,A,,10/24/2017,10/24/2017,10/24/2017,IN PERSON,NO,NO,,NO,T01,05,002,015,137,CHAT,00114,130015,00034,65,
TALBOT,00266975,FORD,ETHEL,L,,250,JORDAN CITY RD, ,TALBOTTON,GA,31827-2909,,PO BOX 322,,TALBOTTON,GA,31827-0032,A,A,,10/02/2017,10/16/2017,10/26/2017,MAILED,NO,NO,,NO,T01,05,002,015,137,CHAT,00114,,00011,33,
TALBOT,10212171,HEATH,JASMINE,LASHAY,,250,JORDAN CITY RD, ,TALBOTTON,GA,31827,,PO BOX 322,,TALBOTTON,GA,31827-0322,A,A,,10/16/2017,10/16/2017,10/16/2017,IN PERSON,NO,NO,,NO,T01,05,002,015,137,CHAT,00114,130015,00013,13,
TALBOT,00265658,JENKINS,SHELIA,J,,46,PIERCE ST, ,TALBOTTON,GA,31827-6204,,PO BOX 355,,TALBOTTON,GA,31827-0035,A,A,,11/03/2017,11/03/2017,11/07/2017,MAILED,NO,NO,,NO,T01,05,002,015,137,CHAT,00114,,00047,95,
TALBOT,08594150,TURNER,ANTON,J,,1003,W MONROE ST, ,TALBOTTON,GA,31827,,PO BOX 553,,TALBOTTON,GA,31827-0055,A,A,,10/23/2017,10/23/2017,10/23/2017,IN PERSON,NO,NO,,NO,T01,05,002,015,137,CHAT,00114,130015,00030,59,
TALBOT,00265778,MCCRARY,LYDIA,M,,109,E MADISON ST, ,TALBOTTON,GA,31827,,PO BOX 302,,TALBOTTON,GA,31827-0030,A,A,,10/31/2017,10/31/2017,10/31/2017,IN PERSON,NO,NO,,NO,T01,05,002,015,137,CHAT,00114,130015,00040,83,
TALBOT,00265577,WALKER,OZELLA,,,449,GEORGE W TOWNS AVE, ,TALBOTTON,GA,31827-2236,449,GEORGE W TOWNS AVE,,TALBOTTON,GA,31827-2236,A,A,,10/26/2017,10/30/2017,11/03/2017,MAILED,NO,NO,DISABLED,NO,T01,05,002,015,137,CHAT,00114,,00038,79,
TALBOT,00265302,BENNY,ALFREDA,,,241,ELIZABETH WRIGHT AVE, ,TALBOTTON,GA,31827,,PO BOX 402,,TALBOTTON,GA,31827-0040,A,A,,10/24/2017,10/24/2017,10/24/2017,IN PERSON,NO,NO,,NO,T01,05,002,015,137,CHAT,00114,130015,00033,64,
TALBOT,06782648,SEARCY,MARCUS,KENDREAL,,438,N WASHINGTON AVE, ,TALBOTTON,GA,31827,,BOX 404,,TALBOTTON,GA,31827,A,A,,10/16/2017,10/16/2017,10/16/2017,IN PERSON,NO,NO,,NO,T01,05,002,015,137,CHAT,00114,130015,00007,7,
TALBOT,00265451,BURRELL,SHEILA,,,310,ELIZABETH WRIGHT AVE, ,TALBOTTON,GA,31827,,PO BOX 213,,TALBOTTON,GA,31827-0021,A,A,,10/02/2017,10/16/2017,11/06/2017,MAILED,NO,NO,DISABLED,NO,T01,05,002,015,137,CHAT,00114,,00005,27,
TALBOT,00265608,WILLIS,WILLIE,LOUIS,,158,CENTRAL ST, ,TALBOTTON,GA,31827-2208,,PO BOX 783,,TALBOTTON,GA,31827-0078,A,A,,10/19/2017,10/19/2017,10/19/2017,IN PERSON,NO,NO,,NO,T01,05,002,015,137,CHAT,00114,130015,00026,55,
TALBOT,00268048,WIMBUSH,GLENDA,,,133,DENNIS CREEK RD,UNIT 25,TALBOTTON,GA,31827-2844,133,DENNIS CREEK RD,25,TALBOTTON,GA,31827,A,A,,10/02/2017,10/16/2017,10/27/2017,MAILED,NO,NO,DISABLED,NO,T01,05,002,015,137,CHAT,00114,,00003,25,
TALBOT,05399825,MARSHALL,YVONNE,,,712,ADAMS ST, ,TALBOTTON,GA,31827-2023,,PO BOX 264,,TALBOTTON,GA,31827-0026,A,A,,10/17/2017,10/17/2017,10/17/2017,IN PERSON,NO,NO,,NO,T01,05,002,015,137,CHAT,00114,130015,00023,52,
TALBOT,00265713,LEONARD,DEBORA,SUE,,735,CLARKE ST, ,TALBOTTON,GA,31827,735,CLARKE ST,,TALBOTTON,GA,31827,A,A,,11/02/2017,11/02/2017,11/06/2017,MAILED,NO,NO,DISABLED,NO,T01,05,002,015,137,CHAT,00114,,00045,90,
TALBOT,07681288,SEARCY,PARISHA,VATECE,,453,S WASHINGTON AVE, ,TALBOTTON,GA,31827,4050,POBIDDY RD,,TALBOTTON,GA,31827-0090,A,A,,10/02/2017,10/17/2017,11/03/2017,MAILED,NO,NO,,NO,T01,05,002,015,137,CHAT,00114,,00025,49,
