County,Voter Registration #,Last Name,First Name,Middle Name,Suffix,Street #,Street Name,Apt/Unit,City,State,Zip Code,Mailing Street #,Mailing Street Name,Mailing Apt/Unit,Mailing City,Mailing State,Mailing Zip Code,Application Status,Ballot Status,Status Reason,Application Date,Ballot Issued Date,Ballot Return Date,Ballot Style,Ballot Assisted,Challenged/Provisional,Designation/Reason Issue,ID Required,Municipal Precinct,County Precinct,CNG,SEN,HOUSE	,JUD,Combo #,Vote Center ID,Ballot ID,Post #,Party
TALIAFERRO,01608724,ELLIOTT,PATRICIA,L,,1612,OLD SANDY CROSS RD NE, ,CRAWFORDVILLE,GA,30631,,PO BOX 214,,CRAWFORDVILLE,GA,30631,A,A,,10/20/2017,10/20/2017,10/20/2017,IN PERSON,NO,NO,,NO,,601,010,024,120,OCON,00010,131003,00016,16,
TALIAFERRO,00228121,ALLEN,KATHERINE,S,,723,NANCY GUNN CIR SE, ,CRAWFORDVILLE,GA,30631-3419,723,NANCY GUNN CIR SE,,CRAWFORDVILLE,GA,30631-3419,A,A,,10/27/2017,10/27/2017,10/31/2017,MAILED,NO,NO,ELDERLY,NO,,601,010,024,120,OCON,00010,,00001,33,
TALIAFERRO,06829606,PEEK,WARREN,BERNARD,JR,978,SHARON RD NE, ,CRAWFORDVILLE,GA,30631-2226,978,SHARON RD NE,,CRAWFORDVILLE,GA,30631-2226,A,A,,10/30/2017,10/30/2017,10/30/2017,IN PERSON,NO,NO,,NO,,601,010,024,120,OCON,00002,131003,00038,39,
TALIAFERRO,00912136,FOOT,PAMELA,MATHIS,,834,DOUBLE WELLS RD SE, ,CRAWFORDVILLE,GA,30631,834,DOUBLE WELLS RD SE,,CRAWFORDVILLE,GA,30631,A,A,,10/24/2017,10/24/2017,10/24/2017,IN PERSON,NO,NO,,NO,,172,010,024,120,OCON,00010,131003,00029,29,
TALIAFERRO,00229236,RANDOLPH,RUBY,DIANNE,,1095,SAINT MARYS RD SW, ,CRAWFORDVILLE,GA,30631-2643,,PO BOX 142,,CRAWFORDVILLE,GA,30631-0014,A,A,,10/20/2017,10/20/2017,10/20/2017,IN PERSON,NO,NO,,NO,,601,010,024,120,OCON,00001,131003,00020,20,
TALIAFERRO,00228520,BOWMAN,GAYLANE,P,,1556,SPRINGFIELD RD, ,UNION POINT,GA,30669-3969,1556,SPRINGFIELD RD,,UNION POINT,GA,30669-3969,A,A,,10/18/2017,10/18/2017,10/18/2017,IN PERSON,NO,NO,,NO,,601,010,024,120,OCON,00009,131003,00008,8,
TALIAFERRO,00229601,WARE,CHARLES,WILLIAM,,1481,EDGEWOOD RD NE, ,CRAWFORDVILLE,GA,30631-2013,,PO BOX 114,,CRAWFORDVILLE,GA,30631-0011,A,A,,10/23/2017,10/23/2017,10/23/2017,IN PERSON,NO,NO,,NO,,601,010,024,120,OCON,00009,131003,00026,26,
TALIAFERRO,00229086,MILTON,GLORIA,JEAN,,351,M L KING JR DR NW, ,CRAWFORDVILLE,GA,30631-2935,351,M L KING JR DR NW,,CRAWFORDVILLE,GA,30631-2935,A,A,,10/16/2017,10/16/2017,10/16/2017,IN PERSON,NO,NO,,NO,601CR,601,010,024,120,OCON,00003,131003,00004,4,
TALIAFERRO,03259695,TURNER,HERBERINA,MONITA,,320,SANDY CROSS RD NE, ,CRAWFORDVILLE,GA,30631-2206,,PO BOX 3,,CRAWFORDVILLE,GA,30631,A,A,,11/02/2017,11/02/2017,11/02/2017,IN PERSON,NO,NO,,NO,,601,010,024,120,OCON,00010,131003,00046,47,
TALIAFERRO,00784338,JONES,BOBBY,W,,168,COMMERCE ST NW, ,CRAWFORDVILLE,GA,30631-2920,168,COMMERCE ST NW,,CRAWFORDVILLE,GA,30631-2920,A,A,,11/03/2017,11/03/2017,11/03/2017,IN PERSON,NO,NO,,NO,601CR,601,010,024,120,OCON,00003,131003,00051,52,
TALIAFERRO,04582779,PELHANK,ROGER,DENEAN,,4105,HILLMAN RD NE, ,CRAWFORDVILLE,GA,30631,4105,HILLMAN RD NE,,CRAWFORDVILLE,GA,30631,A,A,,11/01/2017,11/01/2017,11/01/2017,IN PERSON,NO,NO,,NO,,172,010,024,120,OCON,00010,131003,00045,46,
TALIAFERRO,07582035,MARTIN,LESLIE,ANN,,3198,HILLMAN RD NE, ,CRAWFORDVILLE,GA,30631-1900,3198,HILLMAN RD NE,,CRAWFORDVILLE,GA,30631-1900,A,A,,10/19/2017,10/19/2017,10/19/2017,IN PERSON,NO,NO,,NO,,601,010,024,120,OCON,00010,131003,00013,13,
TALIAFERRO,00228977,KENDRICK,ANGELA,RENA,,2323,SANDY CROSS RD NE, ,CRAWFORDVILLE,GA,30631-2048,2323,SANDY CROSS RD NE,,CRAWFORDVILLE,GA,30631-2048,A,A,,10/23/2017,10/23/2017,10/23/2017,IN PERSON,NO,NO,,NO,,601,010,024,120,OCON,00008,131003,00022,22,
TALIAFERRO,07582034,MARTIN,CLAIR,JOSEPH,,3198,HILLMAN RD NE, ,CRAWFORDVILLE,GA,30631-1900,3198,HILLMAN RD NE,,CRAWFORDVILLE,GA,30631-1900,A,A,,10/19/2017,10/19/2017,10/19/2017,IN PERSON,NO,NO,,NO,,601,010,024,120,OCON,00010,131003,00010,10,
TALIAFERRO,00785526,JONES,MARY,ANN,,168,COMMERCE ST NW, ,CRAWFORDVILLE,GA,30631-2920,168,COMMERCE ST NW,,CRAWFORDVILLE,GA,30631-2920,A,A,,11/03/2017,11/03/2017,11/03/2017,IN PERSON,NO,NO,,NO,601CR,601,010,024,120,OCON,00003,131003,00054,55,
TALIAFERRO,00229575,TURNER,GLORIA,CHENAULT,,1387,SPRINGFIELD RD, ,UNION POINT,GA,30669-3976,1387,SPRINGFIELD RD,,UNION POINT,GA,30669-3976,A,A,,10/24/2017,10/24/2017,10/24/2017,IN PERSON,NO,NO,,NO,,601,010,024,120,OCON,00009,131003,00028,28,
TALIAFERRO,07641756,RICHARDS,MARCUS,CONRAD,,419,SHARON RD NE, ,CRAWFORDVILLE,GA,30631,419,SHARON RD NE,,CRAWFORDVILLE,GA,30631,A,A,,10/23/2017,10/23/2017,10/23/2017,IN PERSON,NO,NO,,NO,601CR,601,010,024,120,OCON,00005,131003,00021,21,
TALIAFERRO,04093821,WARE,MARIO,DELJUAN,,1875,MELEARS BRIDGE RD NE, ,CRAWFORDVILLE,GA,30631-2539,1875,MELEARS BRIDGE RD NE,,CRAWFORDVILLE,GA,30631-2539,A,A,,10/23/2017,10/23/2017,10/23/2017,IN PERSON,NO,NO,,NO,,601,010,024,120,OCON,00008,131003,00023,23,
TALIAFERRO,00229092,MITCHELL,WILHELMINA,BEASLEY,,1945,BETHANY CHURCH RD SW, ,CRAWFORDVILLE,GA,30631-2611,1945,BETHANY CHURCH RD ,,CRAWFORDVILLE,GA,30631-2611,A,A,,10/27/2017,10/27/2017,10/27/2017,IN PERSON,NO,NO,,NO,,601,010,024,120,OCON,00001,131003,00035,36,
TALIAFERRO,00229434,STEWART,ARSIE,MAE,,607,LEXINGTON RD NW, ,CRAWFORDVILLE,GA,30631-2519,607,LEXINGTON RD NW,,CRAWFORDVILLE,GA,30631-2519,A,A,,10/20/2017,10/20/2017,10/20/2017,IN PERSON,NO,NO,ELDERLY,NO,601CR,601,010,024,120,OCON,00003,131003,00015,15,
TALIAFERRO,03270857,RIMES,EVA DEANNE,PALMER,,4020,LOCUST GROVE RD NE, ,CRAWFORDVILLE,GA,30631,4020,LOCUST GROVE RD NE,,CRAWFORDVILLE,GA,30631,A,A,,11/03/2017,11/03/2017,11/03/2017,IN PERSON,NO,NO,,NO,,172,010,024,120,OCON,00010,131003,00050,51,
TALIAFERRO,02796364,JOHNSTON,HOWARD,HOLDEN,,995,SHARON RD NE, ,CRAWFORDVILLE,GA,30631-2234,995,SHARON RD NE,,CRAWFORDVILLE,GA,30631-2234,A,A,,11/03/2017,11/03/2017,11/03/2017,IN PERSON,NO,NO,,NO,,601,010,024,120,OCON,00010,131003,00053,54,
TALIAFERRO,01378155,TAYLOR,KATHERINE,LYNNE,,536,NANCY GUNN CIR SE, ,CRAWFORDVILLE,GA,30631,536,NANCY GUNN CIR SE,,CRAWFORDVILLE,GA,30631,A,A,,11/01/2017,11/01/2017,11/01/2017,IN PERSON,NO,NO,,NO,,172,010,024,120,OCON,00002,131003,00043,44,
TALIAFERRO,00228501,BILLINGSLEY,ROBERT,LEE,,494,UNION POINT RD NW, ,CRAWFORDVILLE,GA,30631-1225,494,UNION POINT RD NW,,CRAWFORDVILLE,GA,30631-1225,A,A,,10/23/2017,10/23/2017,10/23/2017,IN PERSON,NO,NO,,NO,,601,010,024,120,OCON,00009,131003,00025,25,
TALIAFERRO,00229165,MONCRIEF,JOAN,EAST,,562,BROAD ST NE, ,CRAWFORDVILLE,GA,30631-3206,,PO BOX 98,,CRAWFORDVILLE,GA,30631-0009,A,A,,11/03/2017,11/03/2017,11/03/2017,IN PERSON,NO,NO,,NO,601CR,601,010,024,120,OCON,00004,131003,00049,50,
TALIAFERRO,05236549,BOWMAN,KENYA,,,217,BROAD ST NE, ,CRAWFORDVILLE,GA,30631-3209,,PO BOX 126,,CRAWFORDVILLE,GA,30631-0012,A,A,,11/02/2017,11/02/2017,11/02/2017,IN PERSON,NO,NO,,NO,601CR,601,010,024,120,OCON,00005,131003,00048,49,
TALIAFERRO,03287164,ERVIN,MARJORIE,SLACK,,1220,SPRINGFIELD RD, ,UNION POINT,GA,30669-3968,1220,SPRINGFIELD RD,,UNION POINT,GA,30669-3968,A,A,,10/17/2017,10/17/2017,10/17/2017,IN PERSON,NO,NO,,NO,,601,010,024,120,OCON,00009,131003,00006,6,
TALIAFERRO,01901700,BOWMAN,VALERIA,WILLIAMS,,217,BROAD ST NE, ,CRAWFORDVILLE,GA,30631-3209,,PO BOX 126,,CRAWFORDVILLE,GA,30631-0012,A,A,,10/27/2017,10/27/2017,10/27/2017,IN PERSON,NO,NO,,NO,601CR,601,010,024,120,OCON,00005,131003,00036,37,
TALIAFERRO,00229574,TURNER,GEORGE,WASHINGTON,SR,1387,SPRINGFIELD RD, ,UNION POINT,GA,30669-3976,1387,SPRINGFIELD RD,,UNION POINT,GA,30669-3976,A,A,,10/24/2017,10/24/2017,10/24/2017,IN PERSON,NO,NO,,NO,,601,010,024,120,OCON,00009,131003,00027,27,
TALIAFERRO,10061721,KUEHN,MARJORIE,JANE,,263,CONSTELLATION LN SE, ,CRAWFORDVILLE,GA,30631,263,CONSTELLATION LN SE,,CRAWFORDVILLE,GA,30631,A,A,,10/16/2017,10/16/2017,10/16/2017,IN PERSON,NO,NO,,NO,,172,010,024,120,OCON,00010,131003,00005,5,
TALIAFERRO,04573599,PELHANK,JANET,R,,4105,HILLMAN RD NE, ,CRAWFORDVILLE,GA,30631,4105,HILLMAN RD NE,,CRAWFORDVILLE,GA,30631,A,A,,11/01/2017,11/01/2017,11/01/2017,IN PERSON,NO,NO,,NO,,172,010,024,120,OCON,00010,131003,00044,45,
TALIAFERRO,00229553,THORNTON,FRANKIE,MAE,,340,SHARON RD NE, ,CRAWFORDVILLE,GA,30631-3000,,PO BOX 403,,CRAWFORDVILLE,GA,30631-0040,A,A,,10/20/2017,10/20/2017,10/20/2017,IN PERSON,NO,NO,,NO,601CR,601,010,024,120,OCON,00004,131003,00019,19,
TALIAFERRO,00229476,SWANN,VICKI,L,,180,ASBURY HTS SE, ,CRAWFORDVILLE,GA,30631-3100,180,ASBURY HTS SE,,CRAWFORDVILLE,GA,30631-3100,A,A,,10/30/2017,10/30/2017,10/30/2017,IN PERSON,NO,NO,,NO,601CR,601,010,024,120,OCON,00004,131003,00037,38,
TALIAFERRO,00229124,CHAPMAN,LUWANA,,,246,ALEXANDER ST SW,B,CRAWFORDVILLE,GA,30631,246,ALEXANDER ST SW,B,CRAWFORDVILLE,GA,30631,A,A,,10/19/2017,10/19/2017,10/19/2017,IN PERSON,NO,NO,,NO,601CR,601,010,024,120,OCON,00004,131003,00009,9,
TALIAFERRO,01589149,ELLIOTT,ROBERT,DAVID,,1612,OLD SANDY CROSS RD NE, ,CRAWFORDVILLE,GA,30631,1612,OLD SANDY CROSS RD NE,,CRAWFORDVILLE,GA,30631,A,A,,10/20/2017,10/20/2017,10/20/2017,IN PERSON,NO,NO,,NO,,601,010,024,120,OCON,00010,131003,00017,17,
TALIAFERRO,00229326,RUCKER,ALFREEDIA,THOMAS,,2048,THOMAS DR NE, ,CRAWFORDVILLE,GA,30631-1838,2048,THOMAS DR NE,,CRAWFORDVILLE,GA,30631-1838,A,A,,11/01/2017,11/01/2017,11/01/2017,IN PERSON,NO,NO,,NO,,601,010,024,120,OCON,00008,131003,00041,42,
TALIAFERRO,00229518,THOMAS,BEATRICE,T,,2049,THOMAS DR NE, ,CRAWFORDVILLE,GA,30631-1839,2049,THOMAS DR NE,,CRAWFORDVILLE,GA,30631-1839,A,A,,11/02/2017,11/02/2017,11/02/2017,IN PERSON,NO,NO,,NO,,601,010,024,120,OCON,00008,131003,00047,48,
TALIAFERRO,02914538,ANDREWS,CHARLES,,,1056,SPRINGFIELD RD, ,UNION POINT,GA,30669,1056,SPRINGFIELD RD,,UNION POINT,GA,30669,A,A,,10/17/2017,10/17/2017,10/17/2017,IN PERSON,NO,NO,,NO,,601,010,024,120,OCON,00009,131003,00007,7,
TALIAFERRO,00228120,ALLEN,JOHN,RAYMOND,,723,NANCY GUNN CIR SE, ,CRAWFORDVILLE,GA,30631-3419,723,NANCY GUNN CIR SE,,CRAWFORDVILLE,GA,30631-3419,A,A,,10/31/2017,10/31/2017,10/31/2017,IN PERSON,NO,NO,,NO,,601,010,024,120,OCON,00010,131003,00039,40,
TALIAFERRO,00912135,FOOT,DAVID,BRUCE,,834,DOUBLE WELLS RD SE, ,CRAWFORDVILLE,GA,30631-4014,834,DOUBLE WELLS RD SE,,CRAWFORDVILLE,GA,30631-4014,A,A,,10/24/2017,10/24/2017,10/24/2017,IN PERSON,NO,NO,,NO,,172,010,024,120,OCON,00010,131003,00030,30,
TALIAFERRO,02067284,PEEK,GLORISTINE,,,978,SHARON RD NE, ,CRAWFORDVILLE,GA,30631-2226,978,SHARON RD NE,,CRAWFORDVILLE,GA,30631-2226,A,A,,10/19/2017,10/19/2017,10/19/2017,IN PERSON,NO,NO,,NO,,601,010,024,120,OCON,00002,131003,00012,12,
TALIAFERRO,10481734,GODWIN,BEN,DOUGLAS,,196,BLACK LOG LN SE, ,CRAWFORDVILLE,GA,30631,196,BLACK LOG LN SE,,CRAWFORDVILLE,GA,30631,A,A,,10/16/2017,10/16/2017,10/16/2017,IN PERSON,NO,NO,,NO,,601,010,024,120,OCON,00002,131003,00003,3,
TALIAFERRO,00229057,STEPHENS,CLARRIS,COOPER,,2988,LEXINGTON RD NW, ,CRAWFORDVILLE,GA,30631-1747,2988,LEXINGTON RD NW,,CRAWFORDVILLE,GA,30631-1747,A,A,,10/27/2017,10/27/2017,10/27/2017,IN PERSON,NO,NO,,NO,,601,010,024,120,OCON,00009,131003,00034,35,
TALIAFERRO,08717429,BONNER,ROBERT,NORRIS,,159,COMMERCE ST NW, ,CRAWFORDVILLE,GA,30631-2924,159,COMMERCE ST NW,,CRAWFORDVILLE,GA,30631-2924,A,A,,10/20/2017,10/20/2017,10/20/2017,IN PERSON,NO,NO,,NO,601CR,601,010,024,120,OCON,00005,131003,00018,18,
TALIAFERRO,06035387,LOKEY,ESONIA,THOMAS,,2045,THOMAS DR NE, ,CRAWFORDVILLE,GA,30631-1839,2045,THOMAS DR NE,,CRAWFORDVILLE,GA,30631-1839,A,A,,11/01/2017,11/01/2017,11/01/2017,IN PERSON,NO,NO,,NO,,601,010,024,120,OCON,00008,131003,00042,43,
TALIAFERRO,00228979,KENDRICK,EVELYN,RHODES,,2402,LAWSON RD NE, ,CRAWFORDVILLE,GA,30631-1806,2402,LAWSON RD NE,,CRAWFORDVILLE,GA,30631-1806,A,A,,10/26/2017,10/26/2017,10/26/2017,IN PERSON,NO,NO,,NO,,601,010,024,120,OCON,00008,131003,00032,32,
TALIAFERRO,00090239,KENDRICK,ROBERT,H,,265,JENNINGS ST SE, ,CRAWFORDVILLE,GA,30631-3222,265,JENNINGS ST SE,,CRAWFORDVILLE,GA,30631-3222,A,A,,10/31/2017,10/31/2017,10/31/2017,IN PERSON,NO,NO,,NO,601CR,601,010,024,120,OCON,00004,131003,00040,41,
TALIAFERRO,10481747,GODWIN,WENDY,K,,196,BLACK LOG LN SE, ,CRAWFORDVILLE,GA,30631,196,BLACK LOG LN SE,,CRAWFORDVILLE,GA,30631,A,A,,10/16/2017,10/16/2017,10/16/2017,IN PERSON,NO,NO,,NO,,601,010,024,120,OCON,00002,131003,00002,2,
TALIAFERRO,00236940,MILNER,JEFFERSON,HERRMAN,III,167,COMMERCE ST NW, ,CRAWFORDVILLE,GA,30631,,PO BOX 87,,CRAWFORDVILLE,GA,30631,A,A,,10/23/2017,10/23/2017,10/23/2017,IN PERSON,NO,NO,,NO,601CR,601,010,024,120,OCON,00005,131003,00024,24,
TALIAFERRO,00229320,ROBERTS,MELVIN,L,,108,DEERFIELD CT SW, ,CRAWFORDVILLE,GA,30631,108,DEERFIELD CT SW,,CRAWFORDVILLE,GA,30631,A,A,,10/27/2017,10/27/2017,10/27/2017,IN PERSON,NO,NO,,NO,601CR,601,010,024,120,OCON,00003,131003,00033,34,
TALIAFERRO,02067285,PEEK,HARVEY,,,978,SHARON RD NE, ,CRAWFORDVILLE,GA,30631-2226,978,SHARON RD NE,,CRAWFORDVILLE,GA,30631-2226,A,A,,10/16/2017,10/16/2017,10/16/2017,IN PERSON,NO,NO,,NO,,601,010,024,120,OCON,00002,131003,00001,1,
TALIAFERRO,00228978,KENDRICK,DOROTHY,BATES,,1245,SANDY CROSS RD NE, ,CRAWFORDVILLE,GA,30631,1245,SANDY CROSS RD NE,,CRAWFORDVILLE,GA,30631,A,A,,10/20/2017,10/20/2017,10/20/2017,IN PERSON,NO,NO,,NO,,601,010,024,120,OCON,00008,131003,00014,14,
TALIAFERRO,00228245,HARRIS,SHERRIE,CHAPMAN,,258,BARNETT RD SE, ,CRAWFORDVILLE,GA,30631-3901,,PO BOX 262,,CRAWFORDVILLE,GA,30631-0026,A,A,,11/03/2017,11/03/2017,11/03/2017,IN PERSON,NO,NO,,NO,172SH,172,010,024,120,OCON,00011,131003,00052,53,
TALIAFERRO,00228519,BOWMAN,FLOYD,DORVIS,,217,BROAD ST NE, ,CRAWFORDVILLE,GA,30631-3209,217,BROAD ST NE,,CRAWFORDVILLE,GA,30631-3209,A,A,,10/26/2017,10/26/2017,10/26/2017,IN PERSON,NO,NO,,NO,601CR,601,010,024,120,OCON,00005,131003,00031,31,
TALIAFERRO,00236939,MILNER,VIVIAN,GODBEE,,167,COMMERCE ST NW, ,CRAWFORDVILLE,GA,30631,,PO BOX 87,,CRAWFORDVILLE,GA,30631,A,A,,10/19/2017,10/19/2017,10/19/2017,IN PERSON,NO,NO,,NO,601CR,601,010,024,120,OCON,00005,131003,00011,11,
