County,Voter Registration #,Last Name,First Name,Middle Name,Suffix,Street #,Street Name,Apt/Unit,City,State,Zip Code,Mailing Street #,Mailing Street Name,Mailing Apt/Unit,Mailing City,Mailing State,Mailing Zip Code,Application Status,Ballot Status,Status Reason,Application Date,Ballot Issued Date,Ballot Return Date,Ballot Style,Ballot Assisted,Challenged/Provisional,Designation/Reason Issue,ID Required,Municipal Precinct,County Precinct,CNG,SEN,HOUSE	,JUD,Combo #,Vote Center ID,Ballot ID,Post #,Party
TATTNALL,02013035,KENNEDY,JOHN,A,,115,KENNEDY ST, ,REIDSVILLE,GA,30453-5138,115,KENNEDY ST,,REIDSVILLE,GA,30453-5138,A,A,,10/30/2017,10/30/2017,10/30/2017,IN PERSON,NO,NO,,NO,REID,5,012,004,157,ATLC,00206,132025,00079,93,
TATTNALL,06146099,KICKLIGHTER,JESSICA,DELONE,,211,HUTCHESON ST, ,REIDSVILLE,GA,30453,3,THURMON DASHER RD,,REIDSVILLE,GA,30453-8036,A,A,,10/31/2017,10/31/2017,10/31/2017,IN PERSON,NO,NO,,NO,REID,5,012,004,157,ATLC,00206,132025,00097,113,
TATTNALL,01033599,LARSEN,HARVEY,JULIAN,,507,E BARNARD ST, ,GLENNVILLE,GA,30427-1613,507,E BARNARD ST,,GLENNVILLE,GA,30427-1613,A,A,,10/23/2017,10/23/2017,10/23/2017,IN PERSON,NO,NO,,NO,GLEN,7,012,019,157,ATLC,00212,132025,00039,44,
TATTNALL,04953967,MILLER,NORISHA,J,,413,BONNIE ST, ,GLENNVILLE,GA,30427,413,BONNIE ST,,GLENNVILLE,GA,30427,A,A,,10/27/2017,10/27/2017,11/07/2017,MAILED,NO,NO,,NO,GLEN,7,012,019,157,ATLC,00211,,00253,81,
TATTNALL,01032402,SIKES,SARA,ANITA,,6980,MAIN ST, ,COBBTOWN,GA,30420,,PO BOX 153,,COBBTOWN,GA,30420-0015,A,A,,11/03/2017,11/03/2017,11/03/2017,IN PERSON,NO,NO,,NO,COBB,1,012,004,157,ATLC,00202,132025,00203,222,
TATTNALL,01031927,BLAND,JAMES,L,,418,THOMAS LN, ,REIDSVILLE,GA,30453-7842,418,THOMAS LN,,REIDSVILLE,GA,30453-7842,A,A,,11/03/2017,11/03/2017,11/03/2017,IN PERSON,NO,NO,,NO,,8,012,019,157,ATLC,00208,132025,00195,213,
TATTNALL,01032327,MURPHY,FRANK,H,,965,LIVE OAK ST, ,COLLINS,GA,30421-7507,,PO BOX 327,,COLLINS,GA,30421-0032,A,A,,11/03/2017,11/03/2017,11/03/2017,IN PERSON,NO,NO,,NO,,3,012,004,157,ATLC,00201,132025,00206,225,
TATTNALL,01034837,SAPP,VIRGINIA,,,169,FRED SAPP LN, ,CLAXTON,GA,30417-3305,169,FRED SAPP LN,,CLAXTON,GA,30417-3305,A,A,,11/01/2017,11/01/2017,11/01/2017,IN PERSON,NO,NO,,NO,,3,012,004,157,ATLC,00201,132025,00112,128,
TATTNALL,07145047,CONNELLY,AMANDA,HICKS,,1205,ELI KENNEDY RD, ,COLLINS,GA,30421-9027,1205,ELI KENNEDY RD,,COLLINS,GA,30421-9027,A,A,,10/17/2017,10/17/2017,10/17/2017,IN PERSON,NO,NO,,NO,,5,012,004,157,ATLC,00205,132025,00014,17,
TATTNALL,01036592,MANESS,RHONDA,MOORE,,116,MIMOSA CIR, ,REIDSVILLE,GA,30453,,PO BOX 2021,,REIDSVILLE,GA,30453-0202,A,A,,11/01/2017,11/01/2017,11/01/2017,IN PERSON,NO,NO,,NO,REID,5,012,004,157,ATLC,00206,132025,00126,142,
TATTNALL,01035000,CLAY,TRENDLE,,,254,ANDERSON ST, ,REIDSVILLE,GA,30453-5035,,PO BOX 833,,REIDSVILLE,GA,30453-0083,A,A,,11/02/2017,11/02/2017,11/02/2017,IN PERSON,NO,NO,,NO,REID,5,012,004,157,ATLC,00206,132025,00141,159,
TATTNALL,01036632,NAIL,VICKIE,FOUNTAIN,,124,LITTLE JOHN DR, ,REIDSVILLE,GA,30453-4941,,PO BOX 1391,,REIDSVILLE,GA,30453-0139,A,A,,10/24/2017,10/24/2017,10/24/2017,IN PERSON,NO,NO,,NO,REID,5,012,004,157,ATLC,00206,132025,00052,60,
TATTNALL,01035599,SMITH,FAYE,L,,100,LEIGH CIR, ,REIDSVILLE,GA,30453-4519,,PO BOX 248,,REIDSVILLE,GA,30453-0024,A,A,,10/31/2017,10/31/2017,10/31/2017,IN PERSON,NO,NO,,NO,REID,5,012,004,157,ATLC,00207,132025,00102,118,
TATTNALL,03596570,BEECHER,BRENDA,KAY,,107,COLEMAN ST, ,REIDSVILLE,GA,30453,107,COLEMAN ST,,REIDSVILLE,GA,30453,A,A,,10/16/2017,10/16/2017,10/16/2017,IN PERSON,NO,NO,,NO,REID,5,012,004,157,ATLC,00207,132025,00006,9,
TATTNALL,01031471,DUTTON,DALE,P,,1484,EBENEZER CHURCH RD, ,GLENNVILLE,GA,30427-3642,1484,EBENEZER CHURCH RD,,GLENNVILLE,GA,30427-3642,A,A,,10/27/2017,10/27/2017,10/27/2017,IN PERSON,NO,NO,,NO,,7,012,019,157,ATLC,00217,132025,00069,78,
TATTNALL,01033798,WATSON,JUDY,K,,3487,E HENCART RD, ,GLENNVILLE,GA,30427-3295,,PO BOX 544,,GLENNVILLE,GA,30427-0054,A,A,,10/23/2017,10/23/2017,10/23/2017,IN PERSON,NO,NO,,NO,,7,012,019,157,ATLC,00217,132025,00050,58,
TATTNALL,01032380,SIKES,LULA,H,,154,CARL ST, ,COBBTOWN,GA,30420-6005,154,CARL ST,,COBBTOWN,GA,30420-6005,A,A,,10/23/2017,10/23/2017,10/30/2017,MAILED,NO,NO,,NO,COBB,1,012,004,157,ATLC,00202,,00403,49,
TATTNALL,01035626,SPIKES,CHARLES,MICHAEL,,162,S MAIN ST,B,REIDSVILLE,GA,30453,,PO BOX 1263,,REIDSVILLE,GA,30453-0126,A,A,,11/01/2017,11/01/2017,11/01/2017,IN PERSON,NO,NO,,NO,REID,5,012,004,157,ATLC,00207,132025,00122,138,
TATTNALL,01034549,LAWSON,WILLIE,ALEXANDER,,111,BRYANT ST, ,REIDSVILLE,GA,30453-4427,111,BRYANT ST,,REIDSVILLE,GA,30453-4427,A,A,,11/03/2017,11/03/2017,11/03/2017,IN PERSON,NO,NO,,NO,REID,5,012,004,157,ATLC,00206,132025,00189,207,
TATTNALL,01033177,PARKER,JEROME,G,,622,BUBBA KENNEDY RD, ,REIDSVILLE,GA,30453-5355,622,BUBBA KENNEDY RD,,REIDSVILLE,GA,30453-5355,A,A,,11/03/2017,11/03/2017,11/03/2017,IN PERSON,NO,NO,,NO,,8,012,019,157,ATLC,00208,132025,00179,197,
TATTNALL,01034939,POWELL,GAIL,D,,109,LITTLE JOHN DR, ,REIDSVILLE,GA,30453-4942,,PO BOX 112,,REIDSVILLE,GA,30453-0011,A,A,,11/03/2017,11/03/2017,11/03/2017,IN PERSON,NO,NO,,NO,REID,5,012,004,157,ATLC,00206,132025,00180,198,
TATTNALL,03014546,HORNER,KAY,CANADY,,513,N MAIN ST, ,COLLINS,GA,30421-6333,,PO BOX 551,,COLLINS,GA,30421-0055,A,A,,10/31/2017,10/31/2017,10/31/2017,IN PERSON,NO,NO,,NO,COLL,3,012,004,157,ATLC,00203,132025,00093,108,
TATTNALL,04439673,SMITH,WILLIAM,SWINTON,III,233,TATTNALL ST, ,REIDSVILLE,GA,30453-4203,233,TATTNALL ST,,REIDSVILLE,GA,30453-4203,A,A,,11/03/2017,11/03/2017,11/03/2017,IN PERSON,NO,NO,,NO,REID,5,012,004,157,ATLC,00207,132025,00171,189,
TATTNALL,01032498,BOYETT,SETH,CALVIN,,109,SPRING CREEK DR, ,REIDSVILLE,GA,30453-6937,109,SPRING CREEK DR,,REIDSVILLE,GA,30453-6937,A,A,,10/20/2017,10/20/2017,10/20/2017,IN PERSON,NO,NO,,NO,,10,012,019,157,ATLC,00209,132025,00036,41,
TATTNALL,01032508,CALLAWAY,DIANNE,S,,4075,PINE GROVE CHURCH RD, ,COLLINS,GA,30421,4075,PINE GROVE CHURCH RD,,COLLINS,GA,30421,A,A,,11/01/2017,11/01/2017,11/01/2017,IN PERSON,NO,NO,,NO,,3,012,004,157,ATLC,00201,132025,00108,124,
TATTNALL,06541363,PROSSER,NORMA,J,,112,LITTLE JOHN DR, ,REIDSVILLE,GA,30453-4941,,PO BOX 2415,,REIDSVILLE,GA,30453-0241,A,A,,10/16/2017,10/16/2017,10/16/2017,IN PERSON,NO,NO,,NO,REID,5,012,004,157,ATLC,00206,132025,00009,12,
TATTNALL,05673942,SHARPE,VIRGINIA,MAE,,191,MALLORY RD, ,REIDSVILLE,GA,30453,,PO BOX 2352,,REIDSVILLE,GA,30453-0235,A,A,,10/27/2017,10/27/2017,10/27/2017,IN PERSON,NO,NO,,NO,,10,012,019,157,ATLC,00209,132025,00073,87,
TATTNALL,05243721,HELLAND,MARY,M,,111,LEE ST, ,REIDSVILLE,GA,30453,,PO BOX 2506,,REIDSVILLE,GA,30453-0250,A,A,,11/01/2017,11/01/2017,11/01/2017,IN PERSON,NO,NO,,NO,REID,5,012,004,157,ATLC,00206,132025,00111,127,
TATTNALL,01032999,DURRENCE,C,W,JR,15260,US HIGHWAY 301, ,GLENNVILLE,GA,30427-8308,15260,US HIGHWAY 301,,GLENNVILLE,GA,30427-8308,A,A,,10/17/2017,10/17/2017,10/17/2017,IN PERSON,NO,NO,,NO,,7,012,019,157,ATLC,00217,132025,00011,14,
TATTNALL,04759481,HILL,BRIANNA,LAVETTE,,134,JONQUILL LN, ,REIDSVILLE,GA,30453-4929,,PO BOX 1135,,REIDSVILLE,GA,30453-0113,A,A,,10/26/2017,10/26/2017,10/26/2017,IN PERSON,NO,NO,,NO,REID,5,012,004,157,ATLC,00206,132025,00068,77,
TATTNALL,04948889,DRAPER,JACQUELINE,M,,108,S TILLMAN ST, ,GLENNVILLE,GA,30427-1736,108,S TILLMAN ST,,GLENNVILLE,GA,30427-1736,A,A,,10/26/2017,10/26/2017,10/26/2017,IN PERSON,NO,NO,,NO,GLEN,7,012,019,157,ATLC,00212,132025,00062,71,
TATTNALL,01031472,DUTTON,DEBRA,DRIGGERS,,1484,EBENEZER CHURCH RD, ,GLENNVILLE,GA,30427-3642,1484,EBENEZER CHURCH RD,,GLENNVILLE,GA,30427-3642,A,A,,10/27/2017,10/27/2017,10/31/2017,MAILED,NO,NO,,NO,,7,012,019,157,ATLC,00217,,00251,79,
TATTNALL,01035625,SPENCE,MILDRED,P,,336,W BRAZELL ST, ,REIDSVILLE,GA,30453-4414,,PO BOX 1009,,REIDSVILLE,GA,30453-0100,A,A,,10/18/2017,10/18/2017,10/18/2017,IN PERSON,NO,NO,,NO,REID,5,012,004,157,ATLC,00206,132025,00017,20,
TATTNALL,01031185,ODOM,ANTHONY,DENNIS,,3251,BEARDS CREEK CHURCH RD, ,GLENNVILLE,GA,30427-8406,3251,BEARDS CREEK CHURCH RD,,GLENNVILLE,GA,30427-8406,A,A,,10/16/2017,10/16/2017,10/16/2017,IN PERSON,NO,NO,,NO,,7,012,019,157,ATLC,00217,132025,00003,4,
TATTNALL,01035193,HICKS,JAMES,K,,2598,OLD REIDSVILLE COLLINS RD, ,COLLINS,GA,30421-8812,2598,OLD REIDSVILLE ,,COLLINS,GA,30421-8812,A,A,,10/16/2017,10/16/2017,10/16/2017,IN PERSON,NO,NO,,NO,,5,012,004,157,ATLC,00205,132025,00002,3,
TATTNALL,03014553,HORNER,MARVIN,EDWARD,,513,N MAIN ST, ,COLLINS,GA,30421-6333,,PO BOX 551,,COLLINS,GA,30421-0055,A,A,,10/31/2017,10/31/2017,10/31/2017,IN PERSON,NO,NO,,NO,COLL,3,012,004,157,ATLC,00203,132025,00094,109,
TATTNALL,01035176,HARDEN,ANGELA,ROGERS,,132,LITTLE JOHN DR, ,REIDSVILLE,GA,30453-4941,132,LITTLE JOHN DR,,REIDSVILLE,GA,30453-4941,A,A,,11/01/2017,11/01/2017,11/01/2017,IN PERSON,NO,NO,,NO,REID,5,012,004,157,ATLC,00206,132025,00130,146,
TATTNALL,01034991,CHENEY,JOHN,M,,119,LAKEWOOD DR, ,REIDSVILLE,GA,30453-4947,,PO BOX 26,,REIDSVILLE,GA,30453-0002,A,A,,10/18/2017,10/18/2017,10/18/2017,IN PERSON,NO,NO,,NO,REID,5,012,004,157,ATLC,00206,132025,00019,22,
TATTNALL,01609941,KEYFAUVER,KEVIN,MICHAEL,,10894,US HIGHWAY 280 E, ,COLLINS,GA,30421-9130,10894,US HIGHWAY 280 E,,COLLINS,GA,30421-9130,A,A,,11/03/2017,11/03/2017,11/03/2017,IN PERSON,NO,NO,,NO,,5,012,004,157,ATLC,00205,132025,00165,183,
TATTNALL,01034737,SPIKES,MARY,LOU,,129,MCCALL AVE, ,REIDSVILLE,GA,30453,129,MCCALL AVE,,REIDSVILLE,GA,30453,A,A,,10/20/2017,10/20/2017,10/26/2017,MAILED,NO,NO,ELDERLY,NO,REID,5,012,004,157,ATLC,00206,,00502,32,
TATTNALL,01035055,CURL,MARY,E,,191,SMITH AVE, ,REIDSVILLE,GA,30453-4523,,PO BOX 887,,REIDSVILLE,GA,30453-0088,A,A,,11/02/2017,11/02/2017,11/02/2017,IN PERSON,NO,NO,DISABLED,NO,REID,5,012,004,157,ATLC,00206,132025,00147,165,
TATTNALL,01035556,SCOTT,PAULETTE,,,104,GENTRY ST, ,REIDSVILLE,GA,30453-9486,,PO BOX 524,,REIDSVILLE,GA,30453-0052,A,A,,11/03/2017,11/03/2017,11/03/2017,IN PERSON,NO,NO,,NO,REID,5,012,004,157,ATLC,00206,132025,00196,214,
TATTNALL,01036922,WILLIAMS,RONALD,E,,4941,PINE GROVE CHURCH RD, ,COLLINS,GA,30421,4941,PINE GROVE CHURCH RD,,COLLINS,GA,30421,A,A,,10/25/2017,10/25/2017,11/01/2017,MAILED,NO,NO,,NO,,3,012,004,157,ATLC,00201,,00101,67,
TATTNALL,03290378,WAY,FAYE,BALKCOM,,250,TATTNALL ST, ,REIDSVILLE,GA,30453-4206,,PO BOX 206,,REIDSVILLE,GA,30453-0020,A,A,,11/01/2017,11/01/2017,11/01/2017,IN PERSON,NO,NO,,NO,REID,5,012,004,157,ATLC,00206,132025,00127,143,
TATTNALL,03668188,NEASE,JAMES,ADRIAN,,6518,MENDES RD, ,GLENNVILLE,GA,30427,6518,MENDES RD,,GLENNVILLE,GA,30427,A,A,,11/02/2017,11/02/2017,11/02/2017,IN PERSON,NO,NO,,NO,,8,012,019,157,ATLC,00208,132025,00150,168,
TATTNALL,06492459,ESQUIVEL,RICARDO,,JR,125,MASSEY LN, ,GLENNVILLE,GA,30427,125,MASSEY LN,,GLENNVILLE,GA,30427,A,A,,10/23/2017,10/23/2017,10/23/2017,IN PERSON,NO,NO,,NO,,7,012,019,157,ATLC,00217,132025,00048,56,
TATTNALL,01034744,SPIKES,CHARLES,,,129,MCCALL AVE, ,REIDSVILLE,GA,30453,129,MCCALL AVE,,REIDSVILLE,GA,30453,A,A,,10/20/2017,10/20/2017,10/26/2017,MAILED,NO,NO,ELDERLY,NO,REID,5,012,004,157,ATLC,00206,,00503,33,
TATTNALL,01036324,WILLIAMS,JEFF,TRELLIS,JR,188,LEVI MCCALL RD, ,REIDSVILLE,GA,30453,,PO BOX 183,,REIDSVILLE,GA,30453-0018,A,A,,11/03/2017,11/03/2017,11/03/2017,IN PERSON,NO,NO,,NO,,8,012,019,157,ATLC,00208,132025,00184,202,
TATTNALL,03366980,JOHNSON,KIMBERLY,,,4659,JOE KENNEDY RD, ,COLLINS,GA,30421,4659,JOE KENNEDY RD,,COLLINS,GA,30421,A,A,,11/03/2017,11/03/2017,11/03/2017,IN PERSON,NO,NO,,NO,,4,012,004,157,ATLC,00201,132025,00186,204,
TATTNALL,01037462,HICKS,SHARON,K,,2598,OLD REIDSVILLE COLLINS RD, ,COLLINS,GA,30421-8812,2598,OLD REIDSVILLE ,,COLLINS,GA,30421-8812,A,A,,11/02/2017,11/02/2017,11/02/2017,IN PERSON,NO,NO,,NO,,5,012,004,157,ATLC,00205,132025,00152,170,
TATTNALL,01035415,MOORE,EVA,MOSLEY,,684,SCOTT MOSLEY RD, ,COLLINS,GA,30421-2110,684,SCOTT MOSLEY RD,,COLLINS,GA,30421-2110,A,A,,10/30/2017,10/30/2017,10/30/2017,IN PERSON,NO,NO,,NO,,5,012,004,157,ATLC,00205,132025,00085,99,
TATTNALL,03291470,COWART,STACEY,IRENE,,217,E BRUMBY AVE, ,REIDSVILLE,GA,30453,217,E BRUMBY AVE,,REIDSVILLE,GA,30453,A,A,,11/02/2017,11/02/2017,11/02/2017,IN PERSON,NO,NO,,NO,REID,5,012,004,157,ATLC,00206,132025,00146,164,
TATTNALL,01031929,BLAND,SHERRY,J,,5897,GA HIGHWAY 121, ,REIDSVILLE,GA,30453-7809,5897,GA HIGHWAY 121,,REIDSVILLE,GA,30453-7809,A,A,,10/26/2017,10/26/2017,10/26/2017,IN PERSON,NO,NO,,NO,,9,012,019,157,ATLC,00209,132025,00066,75,
TATTNALL,01035043,CREWS,DEBBIE,T,,213,SHEPARDS BRIDGE RD, ,REIDSVILLE,GA,30453-3855,213,SHEPARDS BRIDGE RD,,REIDSVILLE,GA,30453-3855,A,A,,10/26/2017,10/26/2017,10/26/2017,IN PERSON,NO,NO,,NO,REID,5,012,004,157,ATLC,00206,132025,00065,74,
TATTNALL,01035075,DELOACH,JEANETTE,S,,143,TATTNALL ST, ,REIDSVILLE,GA,30453-4424,,PO BOX 42,,REIDSVILLE,GA,30453-0004,A,A,,11/03/2017,11/03/2017,11/03/2017,IN PERSON,NO,NO,,NO,REID,5,012,004,157,ATLC,00206,132025,00204,223,
TATTNALL,06528885,HARPER,ARTHUR,DALE,SR,69,EVERGREEN CHURCH RD, ,COBBTOWN,GA,30420-3820,69,EVERGREEN CHURCH RD,,COBBTOWN,GA,30420-3820,A,A,,10/16/2017,10/16/2017,10/23/2017,MAILED,NO,NO,,NO,COBB,1,012,004,157,ATLC,00202,,00402,7,
TATTNALL,01038081,JOHNSON,KAREN,ELAINE,,154,TATTNALL ST, ,REIDSVILLE,GA,30453-4423,,PO BOX 1866,,REIDSVILLE,GA,30453-0186,A,A,,11/03/2017,11/03/2017,11/03/2017,IN PERSON,NO,NO,,NO,REID,5,012,004,157,ATLC,00206,132025,00198,217,
TATTNALL,01034130,MCGOVERN,JOSEPH,D,,55,JOE MCGOVERN RD, ,GLENNVILLE,GA,30427-4242,55,JOE MCGOVERN RD,,GLENNVILLE,GA,30427-4242,A,A,,11/02/2017,11/02/2017,11/02/2017,IN PERSON,NO,NO,,NO,,8,012,019,157,ATLC,00208,132025,00155,173,
TATTNALL,01038651,DAVIS,JERRY,W,,143,STONEY BROOK WAY, ,REIDSVILLE,GA,30453,143,STONEY BROOK WAY,,REIDSVILLE,GA,30453,A,A,,11/02/2017,11/02/2017,11/02/2017,IN PERSON,NO,NO,,NO,,10,012,019,157,ATLC,00209,132025,00138,156,
TATTNALL,01035045,CREWS,HARRY,DEAN,,4330,GA HIGHWAY 56, ,REIDSVILLE,GA,30453-3827,,PO BOX 532,,REIDSVILLE,GA,30453-0053,A,A,,10/24/2017,10/24/2017,10/24/2017,IN PERSON,NO,NO,,NO,,10,012,019,157,ATLC,00209,132025,00054,62,
TATTNALL,01035231,HUSSEY,FAYE,F,,123,FOLSOM ST, ,REIDSVILLE,GA,30453-4844,,PO BOX 784,,REIDSVILLE,GA,30453-0078,A,A,,10/23/2017,10/23/2017,10/23/2017,IN PERSON,NO,NO,,NO,REID,5,012,004,157,ATLC,00206,132025,00041,46,
TATTNALL,08734054,RISTER,VICTORIA,W,,479,MITCHELL DR, ,REIDSVILLE,GA,30453-4053,479,MITCHELL DR,,REIDSVILLE,GA,30453-4053,A,A,,11/03/2017,11/03/2017,11/03/2017,IN PERSON,NO,NO,,NO,,10,012,019,157,ATLC,00209,132025,00173,191,
TATTNALL,06263047,KENNEDY,LARRY,VANN,,133,JONQUILL LN, ,REIDSVILLE,GA,30453,133,JONQUILL LN,,REIDSVILLE,GA,30453,A,A,,10/16/2017,10/16/2017,10/16/2017,IN PERSON,NO,NO,,NO,REID,5,012,004,157,ATLC,00206,132025,00001,2,
TATTNALL,01033159,MOODY,SHERRY,R,,143,WATERMELON CREEK CHURCH , ,GLENNVILLE,GA,30427-5172,143,WATERMELON CREEK ,,GLENNVILLE,GA,30427-5172,A,A,,11/03/2017,11/03/2017,11/03/2017,IN PERSON,NO,NO,,NO,,9,012,019,157,ATLC,00209,132025,00168,186,
TATTNALL,01036557,OLIVER,HOPE,J,,20938,GA HIGHWAY 23, ,REIDSVILLE,GA,30453,20938,GA HIGHWAY 23,,REIDSVILLE,GA,30453,A,A,,11/02/2017,11/02/2017,11/02/2017,IN PERSON,NO,NO,,NO,,5,012,004,157,ATLC,00205,132025,00162,180,
TATTNALL,03302933,GROOVER,MARY,KERSEY,,124,MOSLEY ST, ,REIDSVILLE,GA,30453-4428,124,MOSLEY ST,,REIDSVILLE,GA,30453-4428,A,A,,11/02/2017,11/02/2017,11/02/2017,IN PERSON,NO,NO,,NO,REID,5,012,004,157,ATLC,00206,132025,00161,179,
TATTNALL,01035067,RUSSELL,SIGRID,L,,5005,GA HIGHWAY 292, ,COLLINS,GA,30421-1208,,PO BOX 401,,COLLINS,GA,30421-0040,A,A,,11/02/2017,11/02/2017,11/02/2017,IN PERSON,NO,NO,,NO,COLL,3,012,004,157,ATLC,00203,132025,00137,155,
TATTNALL,01032379,SIKES,BILLY,G,,154,CARL ST, ,COBBTOWN,GA,30420-6005,154,CARL ST,,COBBTOWN,GA,30420-6005,A,A,,10/23/2017,10/23/2017,10/30/2017,MAILED,NO,NO,,NO,COBB,1,012,004,157,ATLC,00202,,00404,50,
TATTNALL,01036596,BOYETT,LORETTA,K,,109,SPRING CREEK DR, ,REIDSVILLE,GA,30453-6937,109,SPRING CREEK DR,,REIDSVILLE,GA,30453-6937,A,A,,10/20/2017,10/20/2017,10/20/2017,IN PERSON,NO,NO,,NO,,10,012,019,157,ATLC,00209,132025,00037,42,
TATTNALL,02301407,MOCK,JOHN,C,JR,2393,HARRIS KICKLIGHTER RD, ,GLENNVILLE,GA,30427-3954,2393,HARRIS KICKLIGHTER ,,GLENNVILLE,GA,30427-3954,A,A,,10/20/2017,10/20/2017,10/20/2017,IN PERSON,NO,NO,,NO,,9,012,019,157,ATLC,00209,132025,00023,26,
TATTNALL,01031966,DIXON,DERRELL,CLAUDE,,219,STONEY HILL CHURCH RD, ,REIDSVILLE,GA,30453-7911,219,STONEY HILL CHURCH RD,,REIDSVILLE,GA,30453-7911,A,A,,11/01/2017,11/01/2017,11/01/2017,IN PERSON,NO,NO,,NO,,8,012,019,157,ATLC,00208,132025,00106,122,
TATTNALL,01283025,DEFORE,TIMOTHY,RAY,,111,AZALEA LN, ,REIDSVILLE,GA,30453-4928,111,AZALEA LN,,REIDSVILLE,GA,30453-4928,A,A,,11/03/2017,11/03/2017,11/03/2017,IN PERSON,NO,NO,,NO,REID,5,012,004,157,ATLC,00206,132025,00193,211,
TATTNALL,03676677,POWELL,LARRY,LEE,,137,GRIFFIN AVE, ,REIDSVILLE,GA,30453,137,GRIFFIN AVE,,REIDSVILLE,GA,30453,A,A,,11/03/2017,11/03/2017,11/03/2017,IN PERSON,NO,NO,,NO,REID,5,012,004,157,ATLC,00206,132025,00202,221,
TATTNALL,01035738,WILLIS,BARBARA,A,,121,HUTCHESON ST, ,REIDSVILLE,GA,30453,,PO BOX 2128,,REIDSVILLE,GA,30453-0212,A,A,,11/03/2017,11/03/2017,11/03/2017,IN PERSON,NO,NO,,NO,REID,5,012,004,157,ATLC,00206,132025,00166,184,
TATTNALL,01035208,HILL,RUTH,A,,133,MIMOSA CIR, ,REIDSVILLE,GA,30453-5140,,PO BOX 486,,REIDSVILLE,GA,30453-0048,A,A,,11/01/2017,11/01/2017,11/01/2017,IN PERSON,NO,NO,,NO,REID,5,012,004,157,ATLC,00206,132025,00124,140,
TATTNALL,01031967,DIXON,LINDA,BEECHER,,219,STONEY HILL CHURCH RD, ,REIDSVILLE,GA,30453-7911,219,STONEY HILL CHURCH RD,,REIDSVILLE,GA,30453-7911,A,A,,11/01/2017,11/01/2017,11/01/2017,IN PERSON,NO,NO,,NO,,8,012,019,157,ATLC,00208,132025,00105,121,
TATTNALL,01032316,THOMPSON,BARBARA,F,,116,MIMOSA CIR, ,REIDSVILLE,GA,30453-5139,,PO BOX 1823,,REIDSVILLE,GA,30453-0182,A,A,,10/20/2017,10/20/2017,10/20/2017,IN PERSON,NO,NO,,NO,REID,5,012,004,157,ATLC,00206,132025,00035,40,
TATTNALL,04948696,ROGERS,WALTER,D,,108,MCLEOD ST, ,REIDSVILLE,GA,30453-4235,,PO BOX 302,,REIDSVILLE,GA,30453-0030,A,A,,10/26/2017,10/26/2017,10/26/2017,IN PERSON,NO,NO,,NO,REID,5,012,004,157,ATLC,00206,132025,00061,70,
TATTNALL,01607582,HARVEY,DAVID,,,103,HOLLY DR, ,REIDSVILLE,GA,30453-7535,103,HOLLY DR,,REIDSVILLE,GA,30453-7535,A,A,,10/31/2017,10/31/2017,10/31/2017,IN PERSON,NO,NO,,NO,,9,012,019,157,ATLC,00209,132025,00101,117,
TATTNALL,01037037,JONES,MARY,ANN,,122,ARNOLD ST, ,REIDSVILLE,GA,30453-3856,,PO BOX 1966,,REIDSVILLE,GA,30453-0196,A,A,,11/01/2017,11/01/2017,11/01/2017,IN PERSON,NO,NO,,NO,REID,5,012,004,157,ATLC,00206,132025,00129,145,
TATTNALL,01035623,SPENCE,LARRY,LEE,,336,W BRAZELL ST, ,REIDSVILLE,GA,30453-4414,,PO BOX 1009,,REIDSVILLE,GA,30453-0100,A,A,,10/18/2017,10/18/2017,10/18/2017,IN PERSON,NO,NO,,NO,REID,5,012,004,157,ATLC,00206,132025,00018,21,
TATTNALL,01033000,DURRENCE,LEANNE,M,,15260,US HIGHWAY 301, ,GLENNVILLE,GA,30427-8308,15260,US HIGHWAY 301,,GLENNVILLE,GA,30427-8308,A,A,,10/17/2017,10/17/2017,10/17/2017,IN PERSON,NO,NO,,NO,,7,012,019,157,ATLC,00217,132025,00010,13,
TATTNALL,01035209,HILL,JACK,S,,133,MIMOSA CIR, ,REIDSVILLE,GA,30453-5140,,PO BOX 486,,REIDSVILLE,GA,30453-0048,A,A,,11/01/2017,11/01/2017,11/01/2017,IN PERSON,NO,NO,,NO,REID,5,012,004,157,ATLC,00206,132025,00123,139,
TATTNALL,05708478,MCCALL,HILARY,CHENEY,,657,RUFUS COLLINS RD, ,REIDSVILLE,GA,30453,657,RUFUS COLLINS RD,,REIDSVILLE,GA,30453,A,A,,10/25/2017,10/25/2017,10/25/2017,IN PERSON,NO,NO,,NO,,8,012,019,157,ATLC,00208,132025,00057,65,
TATTNALL,06191288,RINGER,JOHN,CHARLES,,195,E BRAZELL ST, ,REIDSVILLE,GA,30453-4809,,PO BOX 145,,REIDSVILLE,GA,30453-0014,A,A,,10/31/2017,10/31/2017,10/31/2017,IN PERSON,NO,NO,,NO,REID,5,012,004,157,ATLC,00206,132025,00103,119,
TATTNALL,01587472,BROCK,DENISE,REED,,133,LITTLE JOHN DR, ,REIDSVILLE,GA,30453-4942,,PO BOX 6,,REIDSVILLE,GA,30453,A,A,,10/30/2017,10/30/2017,10/30/2017,IN PERSON,NO,NO,,NO,REID,5,012,004,157,ATLC,00206,132025,00083,97,
TATTNALL,03511158,POPE,SARA,A,,156,HOLMES AVE,UNIT 6,REIDSVILLE,GA,30453-5130,,PO BOX 1655,,REIDSVILLE,GA,30453-0165,A,A,,10/20/2017,10/20/2017,10/20/2017,IN PERSON,NO,NO,,NO,REID,5,012,004,157,ATLC,00207,132025,00028,31,
TATTNALL,01038592,WOOD,DERYL,F,,214,ANDERSON ST, ,REIDSVILLE,GA,30453-5034,,PO BOX 1181,,REIDSVILLE,GA,30453-0118,A,A,,11/02/2017,11/02/2017,11/02/2017,IN PERSON,NO,NO,,NO,REID,5,012,004,157,ATLC,00206,132025,00154,172,
TATTNALL,05261375,CALLAWAY,JOHNNY,H,,4075,PINE GROVE CHURCH RD, ,COLLINS,GA,30421,4075,PINE GROVE CHURCH RD,,COLLINS,GA,30421,A,A,,11/01/2017,11/01/2017,11/01/2017,IN PERSON,NO,NO,,NO,,3,012,004,157,ATLC,00201,132025,00109,125,
TATTNALL,01036689,MINGO,MARIA,M,,159,LEE ST, ,REIDSVILLE,GA,30453-4732,,PO BOX 736,,REIDSVILLE,GA,30453-0073,A,A,,11/01/2017,11/01/2017,11/01/2017,IN PERSON,NO,NO,,NO,REID,5,012,004,157,ATLC,00207,132025,00120,136,
TATTNALL,01035920,MCMURTRY,LAIRD,D,,1885,TRIPLE CREEK RD, ,COLLINS,GA,30421-8931,,PO BOX 423,,REIDSVILLE,GA,30453-0042,A,A,,11/02/2017,11/02/2017,11/02/2017,IN PERSON,NO,NO,,NO,,5,012,004,157,ATLC,00205,132025,00139,157,
TATTNALL,03781823,SIKES,DON,ALAN,,1781,LITTLE FLOCK CHURCH RD, ,COLLINS,GA,30421-7640,1781,LITTLE FLOCK CHURCH RD,,COLLINS,GA,30421-7640,A,A,,10/25/2017,10/25/2017,10/25/2017,IN PERSON,NO,NO,,NO,,3,012,004,157,ATLC,00201,132025,00059,68,
TATTNALL,01035923,WALLACE,ELAINE,WOOD,,13080,E US HIGHWAY 280, ,CLAXTON,GA,30417-9170,13080,E US HIGHWAY 280,,CLAXTON,GA,30417-9170,A,A,,10/20/2017,10/20/2017,10/20/2017,IN PERSON,NO,NO,,NO,,5,012,004,157,ATLC,00205,132025,00024,27,
TATTNALL,01037286,WILLIAMS,DELORES,C,,4941,PINE GROVE CHURCH RD, ,COLLINS,GA,30421,4941,PINE GROVE CHURCH RD,,COLLINS,GA,30421,A,A,,10/25/2017,10/25/2017,10/25/2017,IN PERSON,NO,NO,,NO,,3,012,004,157,ATLC,00201,132025,00058,66,
TATTNALL,08796147,AKINS,WILLARD,BENNIE,,775,JIM ROWE HIGHTOWER RD, ,COLLINS,GA,30421-2777,775,JIM ROWE HIGHTOWER ,,COLLINS,GA,30421-2777,A,A,,10/31/2017,10/31/2017,10/31/2017,IN PERSON,NO,NO,,NO,,3,012,004,157,ATLC,00201,132025,00096,111,
TATTNALL,10850018,RINGER,KIBBIE,RICHARDSON,,195,E BRAZELL ST, ,REIDSVILLE,GA,30453,,PO BOX 145,,REIDSVILLE,GA,30453,A,A,,11/03/2017,11/03/2017,11/03/2017,IN PERSON,NO,NO,,NO,REID,5,012,004,157,ATLC,00206,132025,00187,205,
TATTNALL,05193957,RAPP,MICHELE,KING,,988,GA HIGHWAY 147, ,REIDSVILLE,GA,30453-6702,191,STRICKLAND ST,,REIDSVILLE,GA,30453-0432,A,A,,10/23/2017,10/23/2017,10/23/2017,IN PERSON,NO,NO,,NO,,10,012,019,157,ATLC,00209,132025,00038,43,
TATTNALL,03483003,ROWLAND,GLORIA,MOXLEY,,156,MIMOSA DR, ,REIDSVILLE,GA,30453,156,MIMOSA DR,,REIDSVILLE,GA,30453,A,A,,11/03/2017,11/03/2017,11/03/2017,IN PERSON,NO,NO,,NO,REID,5,012,004,157,ATLC,00206,132025,00201,220,
TATTNALL,04577263,STEPHENS,MICHAEL,EDWARD,,639,BUG LN, ,COLLINS,GA,30421,639,BUG LN,,COLLINS,GA,30421,A,A,,10/18/2017,10/18/2017,10/18/2017,IN PERSON,NO,NO,,NO,,3,012,004,157,ATLC,00201,132025,00015,18,
TATTNALL,07145004,TIPPINS,JAMIE,ALICE,,174,MCCALL AVE, ,REIDSVILLE,GA,30453,174,MCCALL AVE,,REIDSVILLE,GA,30453,A,A,,11/02/2017,11/02/2017,11/02/2017,IN PERSON,NO,NO,,NO,REID,5,012,004,157,ATLC,00206,132025,00156,174,
TATTNALL,05963934,DOUGLAS,MONICA,LYNN,,1037,BASS RD, ,REIDSVILLE,GA,30453-7046,1037,BASS RD,,REIDSVILLE,GA,30453-7046,A,A,,10/20/2017,10/20/2017,10/20/2017,IN PERSON,NO,NO,,NO,,10,012,019,157,ATLC,00209,132025,00030,35,
TATTNALL,01036708,BRAGG,CAROLYN,L,,144,LEIGH CIR, ,REIDSVILLE,GA,30453-4530,,PO BOX 1764,,REIDSVILLE,GA,30453-0176,A,A,,10/16/2017,10/16/2017,10/16/2017,IN PERSON,NO,NO,,NO,REID,5,012,004,157,ATLC,00207,132025,00005,8,
TATTNALL,01354000,LYNN,PATRICIA,RUTH,,119,ELLIS ST, ,REIDSVILLE,GA,30453,,PO BOX 1633,,REIDSVILLE,GA,30453-1633,A,A,,10/27/2017,10/27/2017,10/27/2017,IN PERSON,NO,NO,,NO,REID,5,012,004,157,ATLC,00206,132025,00070,84,
TATTNALL,01036744,CORBETT,CASEY,MCCALL,,153,MIMOSA DR, ,REIDSVILLE,GA,30453-5136,153,MIMOSA DR,,REIDSVILLE,GA,30453-5136,A,A,,11/03/2017,11/03/2017,11/03/2017,IN PERSON,NO,NO,,NO,REID,5,012,004,157,ATLC,00206,132025,00164,182,
TATTNALL,10856428,BOYD,JAMES,EARL,,124,MOSLEY ST, ,REIDSVILLE,GA,30453,124,MOSLEY ST,,REIDSVILLE,GA,30453,A,A,,11/02/2017,11/02/2017,11/02/2017,IN PERSON,NO,NO,,NO,REID,5,012,004,157,ATLC,00206,132025,00160,178,
TATTNALL,10979018,COLLINS,LESSIE,MAE,,21,LARRY COLLINS RD, ,COLLINS,GA,30421,21,LARRY COLLINS RD,,COLLINS,GA,30421,A,A,,11/01/2017,11/01/2017,11/06/2017,MAILED,NO,NO,ELDERLY,NO,,3,012,004,157,ATLC,00201,,00102,149,
TATTNALL,01035478,PRESTAGE,HORACE,W,JR,113,MIMOSA CIR, ,REIDSVILLE,GA,30453-5140,,PO BOX 853,,REIDSVILLE,GA,30453-0085,A,A,,10/20/2017,10/20/2017,10/20/2017,IN PERSON,NO,NO,,NO,REID,5,012,004,157,ATLC,00206,132025,00029,34,
TATTNALL,01035769,REYNOLDS,KATHRYN,M,,259,E BRAZELL ST, ,REIDSVILLE,GA,30453-5042,,PO BOX 1575,,REIDSVILLE,GA,30453-0157,A,A,,10/19/2017,10/19/2017,10/19/2017,IN PERSON,NO,NO,,NO,REID,5,012,004,157,ATLC,00206,132025,00022,25,
TATTNALL,01037476,KIRKLAND,JAMES,D,JR,320,COLLEGE AVE, ,REIDSVILLE,GA,30453-4513,320,COLLEGE AVE,,REIDSVILLE,GA,30453-4513,A,A,,10/31/2017,10/31/2017,10/31/2017,IN PERSON,NO,NO,,NO,REID,5,012,004,157,ATLC,00207,132025,00092,107,
TATTNALL,01036299,MONFILS,MARK,J,,8332,BATTLE CREEK CHURCH RD, ,REIDSVILLE,GA,30453-8261,8332,BATTLE CREEK CHURCH RD,,REIDSVILLE,GA,30453-8261,A,A,,11/01/2017,11/01/2017,11/01/2017,IN PERSON,NO,NO,,NO,,8,012,019,157,ATLC,00208,132025,00117,133,
TATTNALL,01039047,WILSON,WILLIE,MARIE,,8281,BATTLE CREEK CHURCH RD, ,REIDSVILLE,GA,30453-8260,8281,BATTLE CREEK CHURCH RD,,REIDSVILLE,GA,30453-8260,A,A,,11/03/2017,11/03/2017,11/03/2017,IN PERSON,NO,NO,,NO,,8,012,019,157,ATLC,00208,132025,00174,192,
TATTNALL,01035438,NAIL,CECIL,A,,124,LITTLE JOHN DR, ,REIDSVILLE,GA,30453-4941,,PO BOX 1391,,REIDSVILLE,GA,30453-0139,A,A,,10/20/2017,10/20/2017,10/20/2017,IN PERSON,NO,NO,,NO,REID,5,012,004,157,ATLC,00206,132025,00025,28,
TATTNALL,01034727,SHARPE,DAWSON,,,130,PEACHTREE RD, ,LYONS,GA,30436-7854,130,PEACHTREE RD,,LYONS,GA,30436-7854,A,A,,10/31/2017,10/31/2017,11/03/2017,MAILED,NO,NO,ELDERLY,NO,,10,012,019,157,ATLC,00209,,00051,112,
TATTNALL,01034896,BASS,KATHERINE,,,165,N MAIN ST, ,REIDSVILLE,GA,30453-4913,,PO BOX 344,,REIDSVILLE,GA,30453-0034,A,A,,11/01/2017,11/01/2017,11/01/2017,IN PERSON,NO,NO,,NO,REID,5,012,004,157,ATLC,00206,132025,00125,141,
TATTNALL,01036448,GORDY,WELDON,R,,605,OLD REIDSVILLE COLLINS RD, ,COLLINS,GA,30421-2645,,PO BOX 1023,,REIDSVILLE,GA,30453-0102,A,A,,10/27/2017,10/27/2017,10/27/2017,IN PERSON,NO,NO,,NO,,5,012,004,157,ATLC,00205,132025,00072,86,
TATTNALL,08049633,MILLER,TYRONE,VILLERREAL,JR,101,JAY ST, ,GLENNVILLE,GA,30427,101,JAY ST,,GLENNVILLE,GA,30427,A,A,,10/27/2017,10/27/2017,11/07/2017,MAILED,NO,NO,,NO,GLN2,8,012,019,157,ATLC,00216,,00303,82,
TATTNALL,01038680,WATERS,BELINDA,GAYLE,,149,LLOYD ST, ,REIDSVILLE,GA,30453-5104,,PO BOX 373,,REIDSVILLE,GA,30453-0037,A,A,,10/16/2017,10/16/2017,10/16/2017,IN PERSON,NO,NO,,NO,REID,5,012,004,157,ATLC,00206,132025,00004,5,
TATTNALL,05268160,MCCALL,CHRISTY,DUNHAM,,5612,BEA DURRENCE RD, ,REIDSVILLE,GA,30453,5612,BEA DURRENCE RD,,REIDSVILLE,GA,30453,A,A,,10/30/2017,10/30/2017,10/30/2017,IN PERSON,NO,NO,,NO,,8,012,019,157,ATLC,00208,132025,00086,100,
TATTNALL,05268155,BLAKE,KIMBERLY,ANN,,8304,BATTLE CREEK CHURCH RD, ,REIDSVILLE,GA,30453,8304,BATTLE CREEK CHURCH RD,,REIDSVILLE,GA,30453,A,A,,11/01/2017,11/01/2017,11/01/2017,IN PERSON,NO,NO,,NO,,8,012,019,157,ATLC,00208,132025,00115,131,
TATTNALL,01082814,HARPER,SARA,LOUISE,,69,EVERGREEN CHURCH RD, ,COBBTOWN,GA,30420-3820,69,EVERGREEN CHURCH RD,,COBBTOWN,GA,30420-3820,A,A,,10/16/2017,10/16/2017,10/23/2017,MAILED,NO,NO,DISABLED,NO,COBB,1,012,004,157,ATLC,00202,,00401,6,
TATTNALL,01032019,KING,RONALD,D,,4215,GA HIGHWAY 178, ,GLENNVILLE,GA,30427-4929,4215,GA HIGHWAY 178,,GLENNVILLE,GA,30427-4929,A,A,,11/03/2017,11/03/2017,11/03/2017,IN PERSON,NO,NO,,NO,,9,012,019,157,ATLC,00209,132025,00170,188,
TATTNALL,03247420,STRICKLAND,REIKA,ANNE DUFEL,,189,N MAIN ST, ,REIDSVILLE,GA,30453,189,N MAIN ST,,REIDSVILLE,GA,30453,A,A,,11/03/2017,11/03/2017,11/03/2017,IN PERSON,NO,NO,,NO,REID,5,012,004,157,ATLC,00206,132025,00188,206,
TATTNALL,01037361,GRAVLEY,JERRY,H,,9297,GA HIGHWAY 169, ,GLENNVILLE,GA,30427-5406,,PO BOX 1206,,REIDSVILLE,GA,30453-0120,A,A,,10/24/2017,10/24/2017,10/24/2017,IN PERSON,NO,NO,,NO,,8,012,019,157,ATLC,00208,132025,00055,63,
TATTNALL,01036024,CONNER,BRUCE,A,,106,NELSON ST, ,REIDSVILLE,GA,30453-4237,,PO BOX 651,,REIDSVILLE,GA,30453-0065,A,A,,10/17/2017,10/17/2017,10/17/2017,IN PERSON,NO,NO,,NO,REID,5,012,004,157,ATLC,00206,132025,00013,16,
TATTNALL,04128928,BENNETT,PHARIS,DANIEL,,129,LAKEWOOD DR, ,REIDSVILLE,GA,30453-4947,,PO BOX 2268,,REIDSVILLE,GA,30453-2268,A,A,,11/03/2017,11/03/2017,11/03/2017,IN PERSON,NO,NO,,NO,REID,5,012,004,157,ATLC,00206,132025,00208,227,
TATTNALL,01036992,BREWTON,GALE,,,163,COLLINS ST, ,REIDSVILLE,GA,30453-3838,,PO BOX 2236,,REIDSVILLE,GA,30453-0223,A,A,,11/02/2017,11/02/2017,11/02/2017,IN PERSON,NO,NO,,NO,,9,012,019,157,ATLC,00209,132025,00157,175,
TATTNALL,04934651,DEWITT,LAJUAN,GRICE,,4659,JOE KENNEDY RD, ,COLLINS,GA,30421-8207,4659,JOE KENNEDY RD,,COLLINS,GA,30421-8207,A,A,,11/03/2017,11/03/2017,11/03/2017,IN PERSON,NO,NO,,NO,,4,012,004,157,ATLC,00201,132025,00192,210,
TATTNALL,01035048,CREWS,KENNETH,,,213,SHEPARDS BRIDGE RD, ,REIDSVILLE,GA,30453-3855,213,SHEPARDS BRIDGE RD,,REIDSVILLE,GA,30453-3855,A,A,,11/03/2017,11/03/2017,11/03/2017,IN PERSON,NO,NO,,NO,REID,5,012,004,157,ATLC,00206,132025,00191,209,
TATTNALL,05548472,OBRIANT,KENNETH,GREEN,III,196,STRICKLAND ST, ,REIDSVILLE,GA,30453,196,STRICKLAND ST,,REIDSVILLE,GA,30453,A,A,,11/02/2017,11/02/2017,11/02/2017,IN PERSON,NO,NO,,NO,REID,5,012,004,157,ATLC,00207,132025,00148,166,
TATTNALL,01035181,HARDEN,ROBERT,L,JR,132,LITTLE JOHN DR, ,REIDSVILLE,GA,30453-4941,,PO BOX 963,,REIDSVILLE,GA,30453-0096,A,A,,11/01/2017,11/01/2017,11/01/2017,IN PERSON,NO,NO,,NO,REID,5,012,004,157,ATLC,00206,132025,00131,147,
TATTNALL,08220004,PARKER,GINGER,LEE,,622,BUBBA KENNEDY RD, ,REIDSVILLE,GA,30453-5355,622,BUBBA KENNEDY RD,,REIDSVILLE,GA,30453-5355,A,A,,11/03/2017,11/03/2017,11/03/2017,IN PERSON,NO,NO,,NO,,8,012,019,157,ATLC,00208,132025,00178,196,
TATTNALL,03980501,BROWN,CHARLES,KENNETH,,103,JAMES B TOLER RD, ,REIDSVILLE,GA,30453-3241,103,JAMES B TOLER RD,,REIDSVILLE,GA,30453-3241,A,A,,11/01/2017,11/01/2017,11/01/2017,IN PERSON,NO,NO,,NO,,5,012,004,157,ATLC,00205,132025,00110,126,
TATTNALL,05211734,BLAND,DONNA,RANE,,418,THOMAS LN, ,REIDSVILLE,GA,30453-7842,418,THOMAS LN,,REIDSVILLE,GA,30453-7842,A,A,,11/03/2017,11/03/2017,11/03/2017,IN PERSON,NO,NO,,NO,,8,012,019,157,ATLC,00208,132025,00181,199,
TATTNALL,04725396,COWART,JEB,LEE,,1388,DEWITT TATUM RD, ,REIDSVILLE,GA,30453,1388,DEWITT TATUM RD,,REIDSVILLE,GA,30453,A,A,,11/02/2017,11/02/2017,11/02/2017,IN PERSON,NO,NO,,NO,,9,012,019,157,ATLC,00209,132025,00151,169,
TATTNALL,05341033,WILLIAMS,JERRY,L,,149,ALEXANDER AVE,UNIT 149 B,REIDSVILLE,GA,30453-5116,,PO BOX 793,,REIDSVILLE,GA,30453-0079,A,A,,11/01/2017,11/01/2017,11/01/2017,IN PERSON,NO,NO,,NO,REID,5,012,004,157,ATLC,00207,132025,00107,123,
TATTNALL,01034815,PARADICE,LISA,J,,2944,SAM GREENE RD, ,COLLINS,GA,30421-3450,2944,SAM GREENE RD,,COLLINS,GA,30421-3450,A,A,,10/24/2017,10/24/2017,10/24/2017,IN PERSON,NO,NO,,NO,,3,012,004,157,ATLC,00201,132025,00056,64,
TATTNALL,01034465,DURRENCE,DONALD,S,,19605,GA HIGHWAY 23, ,REIDSVILLE,GA,30453-5960,,PO BOX 747,,REIDSVILLE,GA,30453-0074,A,A,,10/31/2017,10/31/2017,10/31/2017,IN PERSON,NO,NO,,NO,,10,012,019,157,ATLC,00209,132025,00090,105,
TATTNALL,03389175,DUBBERLY,MARGUERITE,H,,135,HUTCHESON ST, ,REIDSVILLE,GA,30453,,PO BOX 1345,,REIDSVILLE,GA,30453,A,A,,11/03/2017,11/03/2017,11/03/2017,IN PERSON,NO,NO,,NO,REID,5,012,004,157,ATLC,00206,132025,00176,194,
TATTNALL,01032558,FARMER,SANDRA,,,110,MIMOSA CIR, ,REIDSVILLE,GA,30453,,PO BOX 2,,COLLINS,GA,30421,A,A,,10/30/2017,10/30/2017,10/30/2017,IN PERSON,NO,NO,,NO,REID,5,012,004,157,ATLC,00206,132025,00088,103,
TATTNALL,01032477,BARNARD,DIANE,B,,2823,JOHN W BURROUGHS RD, ,COLLINS,GA,30421-8845,,PO BOX 311,,COLLINS,GA,30421-0031,A,A,,11/02/2017,11/02/2017,11/02/2017,IN PERSON,NO,NO,,NO,,3,012,004,157,ATLC,00201,132025,00134,152,
TATTNALL,01036008,SAPP,KYLE,FRED,,294,FRED SAPP LN, ,CLAXTON,GA,30417,294,FRED SAPP LN,,CLAXTON,GA,30417,A,A,,10/20/2017,10/20/2017,10/20/2017,IN PERSON,NO,NO,,NO,,3,012,004,157,ATLC,00201,132025,00033,38,
TATTNALL,06023006,MONROE,BLAKE,MATTHEW,,190,DEWITT TATUM RD, ,REIDSVILLE,GA,30453,,PO BOX 82,,REIDSVILLE,GA,30453-0008,A,A,,10/20/2017,10/20/2017,10/20/2017,IN PERSON,NO,NO,,NO,,9,012,019,157,ATLC,00209,132025,00026,29,
TATTNALL,01034699,HARRIS,THERON,,,102,ARNOLD ST, ,REIDSVILLE,GA,30453-3856,,PO BOX 1265,,REIDSVILLE,GA,30453-0126,A,A,,10/13/2017,10/16/2017,10/25/2017,MAILED,NO,NO,,NO,REID,5,012,004,157,ATLC,00206,,00501,1,
TATTNALL,01607584,HARVEY,LOUISE,STAFFORD,,103,HOLLY DR, ,REIDSVILLE,GA,30453-7535,103,HOLLY DR,,REIDSVILLE,GA,30453-7535,A,A,,10/31/2017,10/31/2017,10/31/2017,IN PERSON,NO,NO,,NO,,9,012,019,157,ATLC,00209,132025,00100,116,
TATTNALL,01034817,PARADICE,STEPHEN,P,,2944,SAM GREENE RD, ,COLLINS,GA,30421-3450,2944,SAM GREENE RD,,COLLINS,GA,30421-3450,A,A,,10/25/2017,10/25/2017,10/25/2017,IN PERSON,NO,NO,,NO,,3,012,004,157,ATLC,00201,132025,00060,69,
TATTNALL,01034391,BUTLER,TOMMY,,,175,ALEXANDER AVE, ,REIDSVILLE,GA,30453-5120,175,ALEXANDER AVE,,REIDSVILLE,GA,30453-5120,A,A,,11/01/2017,11/01/2017,11/01/2017,IN PERSON,NO,NO,,NO,REID,5,012,004,157,ATLC,00207,132025,00128,144,
TATTNALL,01036170,MONFILS,GLENDA,K,,8332,BATTLE CREEK CHURCH RD, ,REIDSVILLE,GA,30453-8261,8332,BATTLE CREEK CHURCH RD,,REIDSVILLE,GA,30453-8261,A,A,,11/01/2017,11/01/2017,11/01/2017,IN PERSON,NO,NO,,NO,,8,012,019,157,ATLC,00208,132025,00116,132,
TATTNALL,06384682,GRIMES,IDA,LOVETT,,223,HARVEY LN, ,GLENNVILLE,GA,30427-5425,223,HARVEY LN,,GLENNVILLE,GA,30427-5425,A,A,,11/02/2017,11/02/2017,11/02/2017,IN PERSON,NO,NO,,NO,,8,012,019,157,ATLC,00208,132025,00143,161,
TATTNALL,03478638,KEMP,RALPH,MARVIN,,164,LAKEWOOD DR, ,REIDSVILLE,GA,30453,,PO BOX 354,,REIDSVILLE,GA,30453-0035,A,A,,11/02/2017,11/02/2017,11/02/2017,IN PERSON,NO,NO,,NO,REID,5,012,004,157,ATLC,00206,132025,00142,160,
TATTNALL,05704936,CLARK,CARRIE BETH,KING,,191,STRICKLAND ST, ,REIDSVILLE,GA,30453-4325,191,STRICKLAND ST,,REIDSVILLE,GA,30453-4325,A,A,,11/02/2017,11/02/2017,11/02/2017,IN PERSON,NO,NO,,NO,REID,5,012,004,157,ATLC,00207,132025,00135,153,
TATTNALL,03293049,CARTER,MARY,ANN,,193,RABUN AVE, ,REIDSVILLE,GA,30453,,PO BOX 382,,REIDSVILLE,GA,30453-0038,A,A,,11/01/2017,11/01/2017,11/01/2017,IN PERSON,NO,NO,,NO,,5,012,004,157,ATLC,00205,132025,00132,148,
TATTNALL,00540893,CARR,GREGORY,,,199,CHANDLER AVE, ,REIDSVILLE,GA,30453,,PO BOX 1772,,REIDSVILLE,GA,30453-0177,A,A,,11/02/2017,11/02/2017,11/02/2017,IN PERSON,NO,NO,,NO,REID,5,012,004,157,ATLC,00207,132025,00136,154,
TATTNALL,01031031,HARVEY,DANIEL,PARKS,,64,BEA HAGAN RD, ,COLLINS,GA,30421-9347,64,BEA HAGAN RD,,COLLINS,GA,30421-9347,A,A,,10/31/2017,10/31/2017,10/31/2017,IN PERSON,NO,NO,,NO,,5,012,004,157,ATLC,00205,132025,00095,110,
TATTNALL,04449503,BARNARD,JEFFREY,ALVIN,,4037,FAIRHAVEN DR, ,COLLINS,GA,30421-9474,,PO BOX 1961,,REIDSVILLE,GA,30453-0196,A,A,,11/03/2017,11/03/2017,11/03/2017,IN PERSON,NO,NO,,NO,,5,012,004,157,ATLC,00205,132025,00194,212,
TATTNALL,05268753,BUTLER,MARK,,JR,124,HUTCHESON ST, ,REIDSVILLE,GA,30453-3830,,PO BOX 1465,,REIDSVILLE,GA,30453-0146,A,A,,11/02/2017,11/02/2017,11/02/2017,IN PERSON,NO,NO,,NO,REID,5,012,004,157,ATLC,00206,132025,00163,181,
TATTNALL,04416839,MOCK,BARBIE,LEIGH,,2393,HARRIS KICKLIGHTER RD, ,GLENNVILLE,GA,30427-3954,2393,HARRIS KICKLIGHTER ,,GLENNVILLE,GA,30427-3954,A,A,,10/26/2017,10/26/2017,10/26/2017,IN PERSON,NO,NO,,NO,,9,012,019,157,ATLC,00209,132025,00064,73,
TATTNALL,01036033,DURRENCE,MARK,,,1973,TOM ROGERS RD, ,COLLINS,GA,30421-2326,,PO BOX 1646,,REIDSVILLE,GA,30453-0164,A,A,,11/02/2017,11/02/2017,11/02/2017,IN PERSON,NO,NO,,NO,,5,012,004,157,ATLC,00205,132025,00159,177,
TATTNALL,08850222,COLLINS,GENIE,POINTER,,213,BAY ST, ,COLLINS,GA,30421-2773,,PO BOX 118,,REIDSVILLE,GA,30453-0011,A,A,,11/02/2017,11/02/2017,11/02/2017,IN PERSON,NO,NO,,NO,REID,5,012,004,157,ATLC,00206,132025,00133,151,
TATTNALL,01033158,MOODY,LARRY,D,,143,WATERMELON CREEK CHURCH , ,GLENNVILLE,GA,30427-5172,143,WATERMELON CREEK ,,GLENNVILLE,GA,30427-5172,A,A,,11/03/2017,11/03/2017,11/03/2017,IN PERSON,NO,NO,,NO,,9,012,019,157,ATLC,00209,132025,00169,187,
TATTNALL,03332011,SANDS,TRACY,DALE,,360,DRY FORK RD, ,GLENNVILLE,GA,30427-6530,360,DRY FORK RD,,GLENNVILLE,GA,30427-6530,A,A,,10/20/2017,10/20/2017,10/20/2017,IN PERSON,NO,NO,,NO,,8,012,019,157,ATLC,00208,132025,00032,37,
TATTNALL,00330954,SEIBERT,NORMAN,LEONARD,,194,E BRAZELL ST, ,REIDSVILLE,GA,30453-4810,,PO BOX 685,,REIDSVILLE,GA,30453,A,A,,11/01/2017,11/01/2017,11/01/2017,IN PERSON,NO,NO,,NO,REID,5,012,004,157,ATLC,00206,132025,00114,130,
TATTNALL,06587580,JARRIEL,BETTY,FRANCES,,4563,LYNNTOWN RD, ,COLLINS,GA,30421-8365,4563,LYNNTOWN RD,,COLLINS,GA,30421-8365,A,A,,10/30/2017,10/30/2017,10/30/2017,IN PERSON,NO,NO,,NO,,3,012,004,157,ATLC,00201,132025,00084,98,
TATTNALL,08146521,THOMPSON,JOSEPH,P,,248,JAY BIRD DR, ,GLENNVILLE,GA,30427-4826,248,JAY BIRD DR,,GLENNVILLE,GA,30427-4826,A,A,,11/02/2017,11/02/2017,11/02/2017,IN PERSON,NO,NO,,NO,,9,012,019,157,ATLC,00209,132025,00140,158,
TATTNALL,05600357,JONES,BRANDON,ARNIE,,308,BOLTON ST, ,GLENNVILLE,GA,30427-1620,308,BOLTON ST,,GLENNVILLE,GA,30427-1620,A,A,,10/23/2017,10/23/2017,10/23/2017,IN PERSON,NO,NO,,NO,GLEN,7,012,019,157,ATLC,00212,132025,00051,59,
TATTNALL,04936126,OHARE,JOHN,ANDREW,,1395,OAK GROVE RD, ,GLENNVILLE,GA,30427,1395,OAK GROVE RD,,GLENNVILLE,GA,30427,A,A,,11/03/2017,11/03/2017,11/03/2017,IN PERSON,NO,NO,,NO,,9,012,019,157,ATLC,00209,132025,00205,224,
TATTNALL,01035079,DOOLEY,LINDA,MURRAY,,312,COLLEGE AVE, ,REIDSVILLE,GA,30453-4513,312,COLLEGE AVE,,REIDSVILLE,GA,30453-4513,A,A,,10/23/2017,10/23/2017,10/23/2017,IN PERSON,NO,NO,,NO,REID,5,012,004,157,ATLC,00207,132025,00040,45,
TATTNALL,04441681,ROSS,CHRISTIPHER,S,,807,EUGENE KNIGHT RD, ,COLLINS,GA,30421-8408,807,EUGENE KNIGHT RD,,COLLINS,GA,30421-8408,A,A,,10/26/2017,10/26/2017,10/26/2017,IN PERSON,NO,NO,,NO,,3,012,004,157,ATLC,00201,132025,00063,72,
TATTNALL,01034390,BUTLER,ORA,L,,144,SURRENCY ST, ,REIDSVILLE,GA,30453-5143,144,SURRENCY ST,,REIDSVILLE,GA,30453-5143,A,A,,10/30/2017,10/30/2017,11/06/2017,MAILED,NO,NO,ELDERLY,NO,REID,5,012,004,157,ATLC,00207,,00551,102,
TATTNALL,08385301,WILLIAMS,ALEX,BENJAMIN,,188,LEVI MCCALL RD, ,REIDSVILLE,GA,30453,,PO BOX 183,,REIDSVILLE,GA,30453-0018,A,A,,11/03/2017,11/03/2017,11/03/2017,IN PERSON,NO,NO,,NO,,8,012,019,157,ATLC,00208,132025,00185,203,
TATTNALL,03903951,COLLINS,LARRY,GENE,,21,LARRY COLLINS RD, ,COLLINS,GA,30421-3841,21,LARRY COLLINS RD,,COLLINS,GA,30421-3841,A,A,,11/01/2017,11/01/2017,11/06/2017,MAILED,NO,NO,ELDERLY,NO,,3,012,004,157,ATLC,00201,,00103,150,
TATTNALL,01036188,LUNDELL,TIMOTHY,MARK,,160,BRUMBY AVE, ,REIDSVILLE,GA,30453-4832,,PO BOX 848,,REIDSVILLE,GA,30453-0084,A,A,,11/03/2017,11/03/2017,11/03/2017,IN PERSON,NO,NO,,NO,REID,5,012,004,157,ATLC,00206,132025,00167,185,
TATTNALL,01032849,BAKER,GRACE,,,13066,GA HIGHWAY 169, ,GLENNVILLE,GA,30427-6700,13066,GA HIGHWAY 169,,GLENNVILLE,GA,30427-6700,A,A,,10/23/2017,10/23/2017,10/30/2017,MAILED,NO,NO,ELDERLY,NO,,8,012,019,157,ATLC,00208,,00301,48,
TATTNALL,01035704,TRIM,LISA,COWART,,173,WOODLAWN TER, ,REIDSVILLE,GA,30453-4944,,PO BOX 1703,,REIDSVILLE,GA,30453-0170,A,A,,11/03/2017,11/03/2017,11/03/2017,IN PERSON,NO,NO,,NO,REID,5,012,004,157,ATLC,00206,132025,00207,226,
TATTNALL,01035665,MCMURTRY,PATRICIA,ANN,,1885,TRIPLE CREEK RD, ,COLLINS,GA,30421-8931,,PO BOX 423,,REIDSVILLE,GA,30453-0042,A,A,,10/30/2017,10/30/2017,10/30/2017,IN PERSON,NO,NO,,NO,,5,012,004,157,ATLC,00205,132025,00089,104,
TATTNALL,01035703,TRIM,JACKIE,C,,173,WOODLAWN TER, ,REIDSVILLE,GA,30453-4944,,PO BOX 1703,,REIDSVILLE,GA,30453-0170,A,A,,10/18/2017,10/18/2017,10/18/2017,IN PERSON,NO,NO,,NO,REID,5,012,004,157,ATLC,00206,132025,00016,19,
TATTNALL,10680607,GROOMS,KENNETH,JEREMY,,106,LINCOLN DR, ,GLENNVILLE,GA,30427,106,LINCOLN DR,,GLENNVILLE,GA,30427,A,A,,10/23/2017,10/23/2017,10/23/2017,IN PERSON,NO,NO,,NO,GLEN,7,012,019,157,ATLC,00212,132025,00046,54,
TATTNALL,01605526,CRIBBS,HAROLD,LYNN,,271,LYNN CRIBBS RD, ,COLLINS,GA,30421,,PO BOX 640,,COLLINS,GA,30421-0064,A,A,,10/30/2017,10/30/2017,10/30/2017,IN PERSON,NO,NO,,NO,,3,012,004,157,ATLC,00201,132025,00087,101,
TATTNALL,07178888,CONNELLY,MARC,EDWARD,,1205,ELI KENNEDY RD, ,COLLINS,GA,30421-9027,1205,ELI KENNEDY RD,,COLLINS,GA,30421-9027,A,A,,10/18/2017,10/18/2017,10/18/2017,IN PERSON,NO,NO,,NO,,5,012,004,157,ATLC,00205,132025,00020,23,
TATTNALL,00330953,SEIBERT,CHERRY,SCOTT,,194,E BRAZELL ST, ,REIDSVILLE,GA,30453-4810,,PO BOX 685,,REIDSVILLE,GA,30453,A,A,,11/01/2017,11/01/2017,11/01/2017,IN PERSON,NO,NO,,NO,REID,5,012,004,157,ATLC,00206,132025,00113,129,
TATTNALL,01034288,COOPER,BARBARA,ANNE,,2398,LOVES CHAPEL RD, ,GLENNVILLE,GA,30427-5704,2398,LOVES CHAPEL RD,,GLENNVILLE,GA,30427-5704,A,A,,10/27/2017,10/27/2017,10/27/2017,IN PERSON,NO,NO,,NO,,8,012,019,157,ATLC,00208,132025,00075,89,
TATTNALL,01035958,SWAIN,MARY,ANN,,1491,LEVI H KENNEDY RD, ,REIDSVILLE,GA,30453-5438,1491,LEVI H KENNEDY RD,,REIDSVILLE,GA,30453-5438,A,A,,10/31/2017,10/31/2017,10/31/2017,IN PERSON,NO,NO,,NO,,5,012,004,157,ATLC,00205,132025,00098,114,
TATTNALL,01034912,BEECHER,WALLING,,,107,COLEMAN ST, ,REIDSVILLE,GA,30453,107,COLEMAN ST,,REIDSVILLE,GA,30453,A,A,,10/16/2017,10/16/2017,10/16/2017,IN PERSON,NO,NO,,NO,REID,5,012,004,157,ATLC,00207,132025,00007,10,
TATTNALL,01034337,BROWN,ANNIE,PEARLE,,110,SURRENCY ST, ,REIDSVILLE,GA,30453-5141,,PO BOX 2153,,REIDSVILLE,GA,30453-0215,A,A,,11/02/2017,11/02/2017,11/02/2017,IN PERSON,NO,NO,,NO,REID,5,012,004,157,ATLC,00207,132025,00153,171,
TATTNALL,01033001,DURRENCE,CARLTON,W,III,15214,US HIGHWAY 301, ,GLENNVILLE,GA,30427-8308,15214,US HIGHWAY 301,,GLENNVILLE,GA,30427-8308,A,A,,10/23/2017,10/23/2017,10/23/2017,IN PERSON,NO,NO,,NO,,7,012,019,157,ATLC,00217,132025,00043,51,
TATTNALL,01035325,KENNEDY,KEITH,ROGERS,,173,E BRAZELL ST, ,REIDSVILLE,GA,30453,173,E BRAZELL ST,,REIDSVILLE,GA,30453,A,A,,11/03/2017,11/03/2017,11/03/2017,IN PERSON,NO,NO,,NO,REID,5,012,004,157,ATLC,00206,132025,00190,208,
TATTNALL,05705149,KIRKLAND,KERRY,JUSTIN,,749,RONNIE MCLEOD RD, ,REIDSVILLE,GA,30453,749,RONNIE MCLEOD RD,,REIDSVILLE,GA,30453,A,A,,11/02/2017,11/02/2017,11/02/2017,IN PERSON,NO,NO,,NO,,9,012,019,157,ATLC,00209,132025,00149,167,
TATTNALL,01034386,BURKE,BARBARA,A,,217,BRUMBY AVE, ,REIDSVILLE,GA,30453-4843,217,BRUMBY AVE,,REIDSVILLE,GA,30453-4843,A,A,,11/02/2017,11/02/2017,11/02/2017,IN PERSON,NO,NO,,NO,REID,5,012,004,157,ATLC,00206,132025,00145,163,
TATTNALL,00950373,SMITH,CALVIN,MILTON,,519,1ST AVE S, ,REIDSVILLE,GA,30453,519,1ST AVE S,,REIDSVILLE,GA,30453,A,A,,11/03/2017,11/03/2017,11/03/2017,IN PERSON,NO,NO,,NO,,10,012,019,157,ATLC,00209,132025,00200,219,
TATTNALL,01036613,OGLESBY,SUSAN,M,,7742,GA HIGHWAY 147, ,REIDSVILLE,GA,30453-6416,7742,GA HIGHWAY 147,,REIDSVILLE,GA,30453-6416,A,A,,10/30/2017,10/30/2017,10/30/2017,IN PERSON,NO,NO,,NO,,10,012,019,157,ATLC,00209,132025,00078,92,
TATTNALL,03440524,JONES,ARNIE,TALMADGE,,1472,TO JONES RD, ,REIDSVILLE,GA,30453-7263,1472,TO JONES RD,,REIDSVILLE,GA,30453-7263,A,A,,10/23/2017,10/23/2017,10/23/2017,IN PERSON,NO,NO,,NO,,10,012,019,157,ATLC,00209,132025,00045,53,
TATTNALL,01035621,SMITH,WILLIAM,SWINTON,JR,233,TATTNALL ST, ,REIDSVILLE,GA,30453-4203,233,TATTNALL ST,,REIDSVILLE,GA,30453-4203,A,A,,10/16/2017,10/16/2017,10/16/2017,IN PERSON,NO,NO,,NO,REID,5,012,004,157,ATLC,00207,132025,00008,11,
TATTNALL,01036053,WILLIAMS,GINA,GIBBS,,188,LEVI MCCALL RD, ,REIDSVILLE,GA,30453,,PO BOX 183,,REIDSVILLE,GA,30453-0018,A,A,,11/03/2017,11/03/2017,11/03/2017,IN PERSON,NO,NO,,NO,,8,012,019,157,ATLC,00208,132025,00183,201,
TATTNALL,01038670,MANSKE,DOUGLAS,KENNETH,,104,AZALEA LN, ,REIDSVILLE,GA,30453-4927,,PO BOX 235,,REIDSVILLE,GA,30453-0023,A,A,,10/31/2017,10/31/2017,10/31/2017,IN PERSON,NO,NO,,NO,REID,5,012,004,157,ATLC,00206,132025,00104,120,
TATTNALL,01038636,CHAPMAN,KERRY,MERRILL,,1949,AUBURN RD, ,GLENNVILLE,GA,30427-3457,1949,AUBURN RD,,GLENNVILLE,GA,30427-3457,A,A,,10/23/2017,10/23/2017,10/23/2017,IN PERSON,NO,NO,,NO,,7,012,019,157,ATLC,00217,132025,00047,55,
TATTNALL,01035148,GIBBS,BEVERLY,S,,516,CATHERINE T SANDERS RD, ,REIDSVILLE,GA,30453,,PO BOX 1356,,REIDSVILLE,GA,30453-0135,A,A,,10/27/2017,10/27/2017,10/27/2017,IN PERSON,NO,NO,,NO,,9,012,019,157,ATLC,00209,132025,00076,90,
TATTNALL,01035549,SCOTT,DEBORAH,J,,104,GENTRY ST, ,REIDSVILLE,GA,30453-9486,,PO BOX 524,,REIDSVILLE,GA,30453-0052,A,A,,11/03/2017,11/03/2017,11/06/2017,MAILED,NO,NO,DISABLED,NO,REID,5,012,004,157,ATLC,00206,,00504,215,
TATTNALL,01033609,DUBBERLY,GLORIA,PURCELL,,217,LOVES CHAPEL RD, ,GLENNVILLE,GA,30427,,PO BOX 458,,GLENNVILLE,GA,30427-0045,A,A,,10/26/2017,10/26/2017,10/26/2017,IN PERSON,NO,NO,,NO,GLN2,8,012,019,157,ATLC,00214,132025,00067,76,
TATTNALL,03608029,GRAHAM,LEWELLYN,HUGH,,10047,GA HIGHWAY 292, ,COLLINS,GA,30421,,PO BOX 718,,REIDSVILLE,GA,30453-0071,A,A,,11/03/2017,11/03/2017,11/03/2017,IN PERSON,NO,NO,,NO,,4,012,004,157,ATLC,00201,132025,00177,195,
TATTNALL,04937578,KENNEDY,CRYSTAL,LYNN,,7988,GA HIGHWAY 178, ,REIDSVILLE,GA,30453-7447,7988,GA HIGHWAY 178,,REIDSVILLE,GA,30453-7447,A,A,,11/03/2017,11/03/2017,11/03/2017,IN PERSON,NO,NO,,NO,,9,012,019,157,ATLC,00209,132025,00172,190,
TATTNALL,01033250,TATUM,DALE,R,,11368,GA HIGHWAY 23, ,GLENNVILLE,GA,30427-6836,11368,GA HIGHWAY 23,,GLENNVILLE,GA,30427-6836,A,A,,10/30/2017,10/30/2017,10/30/2017,IN PERSON,NO,NO,,NO,,8,012,019,157,ATLC,00208,132025,00080,94,
TATTNALL,01038826,MOORE,SANDRA,F,,2902,FID MOSLEY RD, ,COLLINS,GA,30421-2233,2902,FID MOSLEY RD,,COLLINS,GA,30421-2233,A,A,,11/02/2017,11/02/2017,11/02/2017,IN PERSON,NO,NO,,NO,,5,012,004,157,ATLC,00205,132025,00158,176,
TATTNALL,01035343,LAWSON,JOHN,H,JR,111,BRYANT ST, ,REIDSVILLE,GA,30453-4427,,PO BOX 632,,REIDSVILLE,GA,30453-0063,A,A,,10/17/2017,10/17/2017,10/17/2017,IN PERSON,NO,NO,,NO,REID,5,012,004,157,ATLC,00206,132025,00012,15,
TATTNALL,01037195,SHARPE,CATHLEEN,,,176,COLLEGE AVE, ,REIDSVILLE,GA,30453-4506,176,COLLEGE AVE,,REIDSVILLE,GA,30453-4506,A,A,,10/24/2017,10/24/2017,10/24/2017,IN PERSON,NO,NO,,NO,REID,5,012,004,157,ATLC,00207,132025,00053,61,
TATTNALL,05311764,HATTAWAY,JIMMY,WYDNER,,128,JAMES ST, ,REIDSVILLE,GA,30453-4716,,PO BOX 283,,REIDSVILLE,GA,30453-0028,A,A,,10/19/2017,10/19/2017,10/19/2017,IN PERSON,NO,NO,,NO,REID,5,012,004,157,ATLC,00206,132025,00021,24,
TATTNALL,03289994,ANDERSON,ANGLYN,B,,136,LYNNTOWN RD, ,REIDSVILLE,GA,30453-4903,136,LYNNTOWN RD,,REIDSVILLE,GA,30453-4903,A,A,,10/31/2017,10/31/2017,10/31/2017,IN PERSON,NO,NO,,NO,REID,5,012,004,157,ATLC,00206,132025,00099,115,
TATTNALL,03295242,HILL,DELORES,TUCKER,,112,JONQUILL LN, ,REIDSVILLE,GA,30453-4929,112,JONQUILL LN,,REIDSVILLE,GA,30453-4929,A,A,,10/27/2017,10/27/2017,10/27/2017,IN PERSON,NO,NO,,NO,REID,5,012,004,157,ATLC,00206,132025,00077,91,
TATTNALL,03295188,HARRIS,INA,MAE,,112,OAK ST,UNIT 2,REIDSVILLE,GA,30453-4711,112,OAK ST,UNIT 2,REIDSVILLE,GA,30453-4711,A,A,,10/20/2017,10/20/2017,10/20/2017,IN PERSON,NO,NO,,NO,REID,5,012,004,157,ATLC,00207,132025,00027,30,
TATTNALL,05289634,SAUNDERS,WILLIAM,CURTIS,,101,JAY ST, ,GLENNVILLE,GA,30427,,PO BOX 1257,,GLENNVILLE,GA,30427,A,A,,10/27/2017,10/27/2017,11/07/2017,MAILED,NO,NO,,NO,GLN2,8,012,019,157,ATLC,00216,,00302,83,
TATTNALL,10874760,FLOWERS,KEVIN,E,,47,SLIM RAY RD, ,GLENNVILLE,GA,30427,47,SLIM RAY RD,,GLENNVILLE,GA,30427,A,A,,10/23/2017,10/23/2017,10/23/2017,IN PERSON,NO,NO,,NO,,9,012,019,157,ATLC,00209,132025,00049,57,
TATTNALL,07469457,VICKERY,JAMEY,,,1037,BASS RD, ,REIDSVILLE,GA,30453,1037,BASS RD,,REIDSVILLE,GA,30453,A,A,,10/20/2017,10/20/2017,10/20/2017,IN PERSON,NO,NO,,NO,,10,012,019,157,ATLC,00209,132025,00031,36,
TATTNALL,01582479,GRIMES,JOHN,HENRY,,16033,GA HIGHWAY 169, ,GLENNVILLE,GA,30427-7319,16033,GA HIGHWAY 169,,GLENNVILLE,GA,30427-7319,A,A,,10/30/2017,10/30/2017,10/30/2017,IN PERSON,NO,NO,,NO,,8,012,019,157,ATLC,00208,132025,00082,96,
TATTNALL,01032965,DELOACH-GRIMES,SANDRA,GAYLE,,16033,GA HIGHWAY 169, ,GLENNVILLE,GA,30427-7319,16033,GA HIGHWAY 169,,GLENNVILLE,GA,30427-7319,A,A,,10/30/2017,10/30/2017,10/30/2017,IN PERSON,NO,NO,,NO,,8,012,019,157,ATLC,00208,132025,00081,95,
TATTNALL,01034554,MCCALL,RONALD,E,,3078,DENNIS OLIVER RD, ,COLLINS,GA,30421-2451,3078,DENNIS OLIVER RD,,COLLINS,GA,30421-2451,A,A,,11/01/2017,11/01/2017,11/01/2017,IN PERSON,NO,NO,,NO,,5,012,004,157,ATLC,00205,132025,00121,137,
TATTNALL,01034469,DURRENCE,LINDA,L,,19605,GA HIGHWAY 23, ,REIDSVILLE,GA,30453-5960,,PO BOX 747,,REIDSVILLE,GA,30453-0074,A,A,,10/31/2017,10/31/2017,10/31/2017,IN PERSON,NO,NO,,NO,,10,012,019,157,ATLC,00209,132025,00091,106,
TATTNALL,07875363,WHITEHEAD,LIZZIE,A,,108,E PECAN RD,UNIT 12,GLENNVILLE,GA,30427-2811,108,S TILLMAN ST,,GLENNVILLE,GA,30427-0173,A,A,,10/27/2017,10/27/2017,11/06/2017,MAILED,NO,NO,ELDERLY,NO,GLEN,7,012,019,157,ATLC,00213,,00252,80,
TATTNALL,01032192,SHEPARD,LAWANDA,COLLINS,,11649,LYNNTOWN RD, ,COLLINS,GA,30421,11649,LYNNTOWN RD,,COLLINS,GA,30421,A,A,,11/01/2017,11/01/2017,11/01/2017,IN PERSON,NO,NO,,NO,,1,012,004,157,ATLC,00201,132025,00118,134,
TATTNALL,01035651,STUBBS,BARBARA,ELAINE,,488,CLYDE C KENNEDY RD, ,COLLINS,GA,30421-9100,6165,60TH COURT,,VERO BEACH,GA,32967,A,A,,10/23/2017,10/23/2017,10/23/2017,IN PERSON,NO,NO,,NO,,5,012,004,157,ATLC,00205,132025,00044,52,
TATTNALL,01035232,HUSSEY,WALTER,FELDON,,123,FOLSOM ST, ,REIDSVILLE,GA,30453-4844,,PO BOX 784,,REIDSVILLE,GA,30453-0078,A,A,,10/23/2017,10/23/2017,10/23/2017,IN PERSON,NO,NO,,NO,REID,5,012,004,157,ATLC,00206,132025,00042,47,
TATTNALL,05367451,COX,SIDNEY,RAYMOND,,143,KENNEDY ST, ,REIDSVILLE,GA,30453-5138,,PO BOX 1383,,REIDSVILLE,GA,30453-0138,A,A,,11/03/2017,11/03/2017,11/03/2017,IN PERSON,NO,NO,,NO,REID,5,012,004,157,ATLC,00206,132025,00182,200,
TATTNALL,01034729,PEEPLES,PATRICIA,SHARPE,,130,PEACHTREE RD, ,LYONS,GA,30436-7854,130,PEACHTREE RD,,LYONS,GA,30436-7854,A,A,,11/03/2017,11/03/2017,11/03/2017,IN PERSON,NO,NO,,NO,,10,012,019,157,ATLC,00209,132025,00197,216,
TATTNALL,10561384,LYNN,ISSAC,GAGE,,119,ELLIS ST, ,REIDSVILLE,GA,30453,,PO BOX 1633,,REIDSVILLE,GA,30453,A,A,,10/27/2017,10/27/2017,10/27/2017,IN PERSON,NO,NO,,NO,REID,5,012,004,157,ATLC,00206,132025,00071,85,
TATTNALL,01039046,WILSON,PELZER,,,8281,BATTLE CREEK CHURCH RD, ,REIDSVILLE,GA,30453-8260,8281,BATTLE CREEK CHURCH RD,,REIDSVILLE,GA,30453-8260,A,A,,11/03/2017,11/03/2017,11/03/2017,IN PERSON,NO,NO,,NO,,8,012,019,157,ATLC,00208,132025,00175,193,
TATTNALL,01033251,TATUM,DEBORAH,ANNE,,11368,GA HIGHWAY 23, ,GLENNVILLE,GA,30427-6836,11368,GA HIGHWAY 23,,GLENNVILLE,GA,30427-6836,A,A,,10/27/2017,10/27/2017,10/27/2017,IN PERSON,NO,NO,,NO,,8,012,019,157,ATLC,00208,132025,00074,88,
TATTNALL,04442475,WARREN,TABITHA,DURRENCE,,139,MCCALL AVE, ,REIDSVILLE,GA,30453-5058,,PO BOX 1573,,REIDSVILLE,GA,30453-0157,A,A,,11/02/2017,11/02/2017,11/02/2017,IN PERSON,NO,NO,,NO,REID,5,012,004,157,ATLC,00206,132025,00144,162,
TATTNALL,01032787,SIKES,KAY,MARTIN,,2500,HILLVIEW RD, ,COLLINS,GA,30421-6014,,PO BOX 569,,COLLINS,GA,30421-0056,A,A,,11/03/2017,11/03/2017,11/03/2017,IN PERSON,NO,NO,,NO,,3,012,004,157,ATLC,00201,132025,00199,218,
TATTNALL,01035922,WALLACE,WILLIAM,T,JR,13080,E US HIGHWAY 280, ,CLAXTON,GA,30417-9170,13080,E US HIGHWAY 280,,CLAXTON,GA,30417-9170,A,A,,10/20/2017,10/20/2017,10/20/2017,IN PERSON,NO,NO,,NO,,5,012,004,157,ATLC,00205,132025,00034,39,
TATTNALL,01032647,COLLINS,MELINDA,K,,609,STEPHEN JARRIEL RD, ,COLLINS,GA,30421-4911,609,STEPHEN JARRIEL RD,,COLLINS,GA,30421-4911,A,A,,11/01/2017,11/01/2017,11/01/2017,IN PERSON,NO,NO,,NO,,3,012,004,157,ATLC,00201,132025,00119,135,
