County,Voter Registration #,Last Name,First Name,Middle Name,Suffix,Street #,Street Name,Apt/Unit,City,State,Zip Code,Mailing Street #,Mailing Street Name,Mailing Apt/Unit,Mailing City,Mailing State,Mailing Zip Code,Application Status,Ballot Status,Status Reason,Application Date,Ballot Issued Date,Ballot Return Date,Ballot Style,Ballot Assisted,Challenged/Provisional,Designation/Reason Issue,ID Required,Municipal Precinct,County Precinct,CNG,SEN,HOUSE	,JUD,Combo #,Vote Center ID,Ballot ID,Post #,Party
TIFT,08039381,CARSON,CHRISTINE,JEAN,,1111,HARGRETT AVE, ,TIFTON,GA,31794,1111,HARGRETT AVE,,TIFTON,GA,31794,A,A,,10/24/2017,10/24/2017,10/24/2017,IN PERSON,NO,NO,,NO,TIF,10,008,013,172,TIFT,00226,137009,00078,86,
TIFT,01635723,WILLIS,HERMAN,RANDALL,,2217,MEADOWBROOK DR, ,TIFTON,GA,31794-3026,2217,MEADOWBROOK DR,,TIFTON,GA,31794-3026,A,A,,10/27/2017,10/27/2017,10/27/2017,IN PERSON,NO,NO,,NO,TIF,12,008,013,170,TIFT,00221,137009,00114,124,
TIFT,01652948,PFLEDDERER,REMONA,MIMS,,1401,LARKIN AVE, ,TIFTON,GA,31794-4175,1401,LARKIN AVE,,TIFTON,GA,31794-4175,A,A,,11/02/2017,11/02/2017,11/02/2017,IN PERSON,NO,NO,,NO,TIF,12,008,013,170,TIFT,00202,137009,00168,180,
TIFT,07771750,ROSS,KATELYN,DEAN,,556,OSPREY CIR, ,TIFTON,GA,31794-1672,556,OSPREY CIR,,TIFTON,GA,31794-1672,A,A,,11/03/2017,11/03/2017,11/03/2017,IN PERSON,NO,NO,,NO,TIF,12,008,013,170,TIFT,00221,137009,00298,310,
TIFT,01630937,COLEMAN,MARGIE,C,,1445,KENNEDY RD, ,TIFTON,GA,31794-4163,1445,KENNEDY RD,,TIFTON,GA,31794-4163,A,A,,11/03/2017,11/03/2017,11/03/2017,IN PERSON,NO,NO,ELDERLY,NO,TIF,12,008,013,170,TIFT,00221,137009,00265,277,
TIFT,01633726,NALLS,JOHNNIE,RUTH,,321,ALLISONS WAY, ,TIFTON,GA,31794-1870,,PO BOX 1029,,TIFTON,GA,31793-0102,A,A,,10/27/2017,10/27/2017,10/27/2017,IN PERSON,NO,NO,,NO,TIF,12,008,013,170,TIFT,00202,137009,00107,116,
TIFT,01630922,COLE,JOHN,RUFUS,JR,2010,PARK AVE N, ,TIFTON,GA,31794-2825,2010,PARK AVE N,,TIFTON,GA,31794-2825,A,A,,11/03/2017,11/03/2017,11/03/2017,IN PERSON,NO,NO,,NO,TIF,01,008,013,170,TIFT,00204,137009,00292,304,
TIFT,00949212,FALLIN,CASANDRA,MASON,,5802,WESTLAKE DR, ,TIFTON,GA,31794,5802,WESTLAKE DR,,TIFTON,GA,31794,A,A,,11/02/2017,11/02/2017,11/02/2017,IN PERSON,NO,NO,,NO,,02,008,013,155,TIFT,00225,137009,00159,171,
TIFT,01632895,KENNEDY,JOHN,MARVIN,JR,813,BELMONT AVE, ,TIFTON,GA,31794-4121,813,BELMONT AVE,,TIFTON,GA,31794-4121,A,A,,11/02/2017,11/02/2017,11/02/2017,IN PERSON,NO,NO,,NO,TIF,01,008,013,170,TIFT,00203,137009,00189,201,
TIFT,01633041,LAWRENCE,MILDRED,ANN,,107,APRICOT ST, ,TIFTON,GA,31794,107,APRICOT ST,,TIFTON,GA,31794-5001,A,A,,10/24/2017,10/24/2017,10/24/2017,IN PERSON,NO,NO,,NO,TIF,11,008,013,170,TIFT,00220,137009,00080,89,
TIFT,01631197,DAVIS,CHARLES,E,JR,4703,BROOKWOOD DR, ,TIFTON,GA,31794-9271,4703,BROOKWOOD DR,,TIFTON,GA,31794-9271,A,A,,11/03/2017,11/03/2017,11/03/2017,IN PERSON,NO,NO,,NO,,02,008,013,155,TIFT,00225,137009,00287,299,
TIFT,01632211,HARP,VERNELL,,,1709,EVERGREEN DR, ,TIFTON,GA,31794-9409,1709,EVERGREEN DR,,TIFTON,GA,31794-9409,A,A,,10/26/2017,10/26/2017,10/26/2017,IN PERSON,NO,NO,,NO,TIF,11,008,013,170,TIFT,00220,137009,00099,108,
TIFT,01631118,CROMER,BETTY,F,,8,HOKE PEARMAN RD, ,TIFTON,GA,31793-5413,8,HOKE PEARMAN RD,,TIFTON,GA,31793-5413,A,A,,11/03/2017,11/03/2017,11/03/2017,IN PERSON,NO,NO,,NO,,04,008,013,155,TIFT,00210,137009,00255,267,
TIFT,01631079,COURSON,JEAN,N,,2812,PARK AVE N, ,TIFTON,GA,31794-1312,2812,PARK AVE N,,TIFTON,GA,31794-1312,A,A,,11/03/2017,11/03/2017,11/03/2017,IN PERSON,NO,NO,,NO,TIF,01,008,013,170,TIFT,00204,137009,00289,301,
TIFT,03861924,ROE,WILLIAM,WAYNE,,116,EAGLE DR, ,TIFTON,GA,31793-6833,116,EAGLE DR,,TIFTON,GA,31793-6833,A,A,,11/03/2017,11/03/2017,11/03/2017,IN PERSON,NO,NO,,NO,,05,008,013,172,TIFT,00207,137009,00211,223,
TIFT,01631303,DILL,JOANN,S,,1499,CARPENTER RD S, ,TIFTON,GA,31793-7918,1499,CARPENTER RD S,,TIFTON,GA,31793-7918,A,A,,11/03/2017,11/03/2017,11/03/2017,IN PERSON,NO,NO,,NO,,09,008,013,155,TIFT,00210,137009,00213,225,
TIFT,01636335,LINDSEY,HELEN,NELSON,,146,GOLDEN WAY, ,TIFTON,GA,31794,146,GOLDEN WAY,,TIFTON,GA,31794,A,A,,10/30/2017,10/30/2017,10/30/2017,IN PERSON,NO,NO,,NO,TIF,12,008,013,170,TIFT,00221,137009,00120,130,
TIFT,01634021,PERRY,JACK,L,,2216,MURRAY AVE, ,TIFTON,GA,31794-2819,2216,MURRAY AVE,,TIFTON,GA,31794-2819,A,A,,11/01/2017,11/01/2017,11/01/2017,IN PERSON,NO,NO,,NO,TIF,01,008,013,170,TIFT,00204,137009,00149,161,
TIFT,01636131,MARTIN,LINDA,F,,813,GEORGIA DR, ,TIFTON,GA,31794-4215,,PO BOX 2375,,TIFTON,GA,31793-0237,A,A,,10/19/2017,10/19/2017,10/19/2017,IN PERSON,NO,NO,,NO,TIF,09,008,013,155,TIFT,00216,137009,00041,47,
TIFT,01635392,WALKER,CHARLOTTE,B,,12,TIFTON WORTH COUNTY LINE RD, ,TIFTON,GA,31793-5130,12,TIFTON WORTH COUNTY LINE ,,TIFTON,GA,31793-5130,A,A,,10/19/2017,10/19/2017,10/19/2017,IN PERSON,NO,NO,,NO,,08,008,013,155,TIFT,00210,137009,00039,45,
TIFT,10681331,GUERRY,EMILY,HOPE,,1015,PARK AVE N,APT 15,TIFTON,GA,31794,1015,PARK AVE N,APT 15,TIFTON,GA,31794-6974,A,A,,10/26/2017,10/26/2017,10/26/2017,IN PERSON,NO,NO,,NO,TIF,01,008,013,170,TIFT,00203,137009,00095,104,
TIFT,01637600,WISE,JANICE,JO,,707,50TH ST, ,TIFTON,GA,31794-1569,707,50TH ST,,TIFTON,GA,31794-1569,A,A,,11/03/2017,11/03/2017,11/03/2017,IN PERSON,NO,NO,,NO,TIF,12,008,013,170,TIFT,00221,137009,00305,317,
TIFT,04919876,COLEMAN,ROBERT,JAMES,,8,EDNA CT, ,TIFTON,GA,31793-5173,8,EDNA CT,,TIFTON,GA,31793-5173,A,A,,11/03/2017,11/03/2017,11/03/2017,IN PERSON,NO,NO,,NO,,09,008,013,155,TIFT,00210,137009,00304,316,
TIFT,01636363,FOLK,JACK,HAYNE,JR,109,28TH ST W, ,TIFTON,GA,31794,109,28TH ST W,,TIFTON,GA,31794,A,A,,10/19/2017,10/19/2017,10/19/2017,IN PERSON,NO,NO,,NO,TIF,01,008,013,170,TIFT,00204,137009,00049,55,
TIFT,03772627,JOSEPH,NANCY,KAY,,104,BRANCH RD, ,TIFTON,GA,31794-2040,104,BRANCH RD,,TIFTON,GA,31794-2040,A,A,,10/18/2017,10/18/2017,10/18/2017,IN PERSON,NO,NO,,NO,,02,008,013,155,TIFT,00225,137009,00024,30,
TIFT,01635176,TIDWELL,IDA,JANE,,921,28TH ST E, ,TIFTON,GA,31794-1523,921,28TH ST E,,TIFTON,GA,31794-1523,A,A,,11/03/2017,11/03/2017,11/03/2017,IN PERSON,NO,NO,,NO,TIF,12,008,013,170,TIFT,00221,137009,00262,274,
TIFT,01638233,PURGASON,DONALD,T,,3903,COVENTRY WAY, ,TIFTON,GA,31793-8121,3903,COVENTRY WAY,,TIFTON,GA,31793-8121,A,A,,11/03/2017,11/03/2017,11/03/2017,IN PERSON,NO,NO,,NO,,10,008,013,172,TIFT,00211,137009,00238,250,
TIFT,01635953,MARTIN,LAMAR,GILBERT,,625,HULUS KEY CT, ,TIFTON,GA,31794-1307,625,HULUS KEY CT,,TIFTON,GA,31794-1307,A,A,,11/02/2017,11/02/2017,11/02/2017,IN PERSON,NO,NO,,NO,TIF,09,008,013,155,TIFT,00229,137009,00166,178,
TIFT,01631148,CUMMINGS,KAREN,H,,1404,MURRAY AVE, ,TIFTON,GA,31794-3333,1404,MURRAY AVE,,TIFTON,GA,31794-3333,A,A,,11/03/2017,11/03/2017,11/03/2017,IN PERSON,NO,NO,,NO,TIF,01,008,013,170,TIFT,00204,137009,00231,243,
TIFT,01631435,DREXLER,WYLENE,L,,256,CARRINGTON DREXLER RD, ,TIFTON,GA,31794-1844,256,CARRINGTON DREXLER RD,,TIFTON,GA,31794-1844,A,A,,11/03/2017,11/03/2017,11/03/2017,IN PERSON,NO,NO,,NO,,12,008,013,155,TIFT,00228,137009,00223,235,
TIFT,06089504,GRIFFIN,DUSTIN,LAMAR,,12,EDINBURGH DR, ,TIFTON,GA,31793-8447,12,EDINBURGH DR,,TIFTON,GA,31793-8447,A,A,,11/03/2017,11/03/2017,11/03/2017,IN PERSON,NO,NO,,NO,,06,008,013,172,TIFT,00211,137009,00273,285,
TIFT,01634582,SELPH,GERALDINE,S,,1705,SARAH DR, ,TIFTON,GA,31793-7825,1705,SARAH DR,,TIFTON,GA,31793-7825,A,A,,10/19/2017,10/19/2017,10/19/2017,IN PERSON,NO,NO,,NO,,09,008,013,155,TIFT,00210,137009,00047,53,
TIFT,01636200,GANN,MARIE,S,,5,RIGDON AULTMAN RD, ,TIFTON,GA,31793-5640,5,RIGDON AULTMAN RD,,TIFTON,GA,31793-5640,A,A,,10/24/2017,10/24/2017,10/24/2017,IN PERSON,NO,NO,,NO,,09,008,013,155,TIFT,00210,137009,00074,82,
TIFT,01634790,SOWELL,CRAIG,F,,2053,FERRY LAKE RD, ,TIFTON,GA,31794-9116,2053,FERRY LAKE RD,,TIFTON,GA,31794-9116,A,A,,10/31/2017,10/31/2017,10/31/2017,IN PERSON,NO,NO,,NO,,02,008,013,155,TIFT,00225,137009,00128,140,
TIFT,01635773,WISEMAN,GLADYS,M,,217,FULWOOD BLVD, ,TIFTON,GA,31794-3828,217,FULWOOD BLVD,,TIFTON,GA,31794-3828,A,A,,11/03/2017,11/03/2017,11/03/2017,IN PERSON,NO,NO,,NO,TIF,09,008,013,155,TIFT,00216,137009,00243,255,
TIFT,01634534,SCARBOROUGH,LYNDA,R,,24,POST OAK PL, ,TIFTON,GA,31793-5508,24,POST OAK PL,,TIFTON,GA,31793-5508,A,A,,10/24/2017,10/24/2017,10/24/2017,IN PERSON,NO,NO,,NO,,09,008,013,155,TIFT,00210,137009,00072,80,
TIFT,01632179,HANKINS,LARRY,EUGENE,,2417,CHESNUTT AVE, ,TIFTON,GA,31794,2417,CHESNUTT AVE,,TIFTON,GA,31794,A,A,,11/03/2017,11/03/2017,11/03/2017,IN PERSON,NO,NO,,NO,TIF,12,008,013,170,TIFT,00202,137009,00285,297,
TIFT,01632137,HAMM,JOHN,J,,209,FULWOOD BLVD, ,TIFTON,GA,31794-3828,209,FULWOOD BLVD,,TIFTON,GA,31794-3828,A,A,,11/03/2017,11/03/2017,11/03/2017,IN PERSON,NO,NO,,NO,TIF,09,008,013,155,TIFT,00216,137009,00230,242,
TIFT,00871060,COLE,JAMES,NED,JR,1419,MISSOURI AVE, ,TIFTON,GA,31794,1419,MISSOURI AVE,,TIFTON,GA,31794,A,A,,10/23/2017,10/23/2017,10/23/2017,IN PERSON,NO,NO,,NO,TIF,09,008,013,170,TIFT,00233,137009,00068,74,
TIFT,01635328,VANBRACKLE,NITA,JUNE,,811,48TH ST, ,TIFTON,GA,31794-1565,811,48TH ST,,TIFTON,GA,31794-1565,A,A,,11/03/2017,11/03/2017,11/03/2017,IN PERSON,NO,NO,,NO,TIF,12,008,013,170,TIFT,00221,137009,00228,240,
TIFT,01634211,QUINNEY,ANTHONY,,,906,6TH ST W, ,TIFTON,GA,31794-4276,906,6TH ST W,,TIFTON,GA,31794-4276,A,A,,11/03/2017,11/03/2017,11/03/2017,IN PERSON,NO,NO,,NO,TIF,09,008,013,155,TIFT,00216,137009,00221,233,
TIFT,01641659,WILLIS,JOYCE,M,,2217,MEADOWBROOK DR, ,TIFTON,GA,31794-3026,2217,MEADOWBROOK DR,,TIFTON,GA,31794-3026,A,A,,10/27/2017,10/27/2017,10/27/2017,IN PERSON,NO,NO,,NO,TIF,12,008,013,170,TIFT,00221,137009,00113,123,
TIFT,01637614,LANG,LARRY,R,II,19,KAY CIR, ,TIFTON,GA,31793-5162,19,KAY CIR,,TIFTON,GA,31793-5162,A,A,,11/02/2017,11/02/2017,11/02/2017,IN PERSON,NO,NO,,NO,,09,008,013,155,TIFT,00210,137009,00195,207,
TIFT,01630994,CONNELL,JASON,,,1601,US HIGHWAY 82 E, ,TIFTON,GA,31794-9356,1601,US HIGHWAY 82 E,,TIFTON,GA,31794-9356,A,A,,11/03/2017,11/03/2017,11/03/2017,IN PERSON,NO,NO,,NO,,03,008,013,170,TIFT,00209,137009,00294,306,
TIFT,04996569,HUGHES,MILEY,MAE,,2708,SOUTHERN AVE, ,TIFTON,GA,31794-5720,2708,SOUTHERN AVE,,TIFTON,GA,31794-5720,A,A,,10/18/2017,10/18/2017,10/18/2017,IN PERSON,NO,NO,,NO,,11,008,013,170,TIFT,00208,137009,00022,28,
TIFT,01561240,STEPHENSON,ALTON,L,III,41,MOUNT OLIVE CHURCH RD, ,TIFTON,GA,31794-2100,41,MOUNT OLIVE CHURCH RD,,TIFTON,GA,31794-2100,A,A,,10/17/2017,10/17/2017,10/17/2017,IN PERSON,NO,NO,,NO,,02,008,013,155,TIFT,00225,137009,00012,17,
TIFT,01046253,MARSH,WILLIAM,EDMUND,,2609,EMORY DR, ,TIFTON,GA,31794-2741,2609,EMORY DR,,TIFTON,GA,31794-2741,A,A,,11/03/2017,11/03/2017,11/03/2017,IN PERSON,NO,NO,,NO,TIF,01,008,013,170,TIFT,00204,137009,00200,212,
TIFT,01631144,CRUMLEY,SUE,,,131,OWEN MEDFORD RD, ,TIFTON,GA,31794-8706,131,OWEN MEDFORD RD,,TIFTON,GA,31794-8706,A,A,,10/24/2017,10/24/2017,10/24/2017,IN PERSON,NO,NO,,NO,,06,008,013,172,TIFT,00207,137009,00079,88,
TIFT,04233135,CLARKE,THOMAS,J,,822,42ND ST E, ,TIFTON,GA,31794-1511,822,42ND ST E,,TIFTON,GA,31794-1511,A,A,,10/18/2017,10/18/2017,10/18/2017,IN PERSON,NO,NO,,NO,TIF,12,008,013,170,TIFT,00221,137009,00020,26,
TIFT,01631238,DAVIS,SARA,J,,7209,NORTHGATE DR E, ,TIFTON,GA,31794,7209,NORTHGATE DR E,,TIFTON,GA,31794,A,A,,10/24/2017,10/24/2017,10/24/2017,IN PERSON,NO,NO,,NO,,04,008,013,155,TIFT,00225,137009,00081,90,
TIFT,01635647,WILBON,JOHNNY,LEE,,2323,DORMINEY ST, ,TIFTON,GA,31794-5433,2323,DORMINEY ST,,TIFTON,GA,31794-5433,A,A,,11/03/2017,11/03/2017,11/03/2017,IN PERSON,NO,NO,,NO,,10,008,013,172,TIFT,00211,137009,00306,318,
TIFT,08415216,KIRBY,CHRYS,LYNDA,,909,20TH ST W,APT E6,TIFTON,GA,31794,909,20TH ST W,APT E6,TIFTON,GA,31794-3395,A,A,,11/01/2017,11/01/2017,11/01/2017,IN PERSON,NO,NO,,NO,TIF,01,008,013,170,TIFT,00204,137009,00155,167,
TIFT,01636824,WALKER,RAY,EDWARD,,1411,RUTLAND RD, ,TIFTON,GA,31793-5020,1411,RUTLAND RD,,TIFTON,GA,31793-5020,A,A,,10/31/2017,10/31/2017,10/31/2017,IN PERSON,NO,NO,,NO,,09,008,013,155,TIFT,00210,137009,00136,148,
TIFT,01636323,MATULICH,FRANK,PETER,,315,ALLISONS WAY, ,TIFTON,GA,31794-1870,315,ALLISONS WAY,,TIFTON,GA,31794-1870,A,A,,11/03/2017,11/03/2017,11/03/2017,IN PERSON,NO,NO,,NO,TIF,12,008,013,170,TIFT,00202,137009,00204,216,
TIFT,01633226,MARCHANT,SHIRLEY,H,,155,ALABAMA DR, ,TIFTON,GA,31794-3848,155,ALABAMA DR,,TIFTON,GA,31794-3848,A,A,,10/16/2017,10/16/2017,10/16/2017,IN PERSON,NO,NO,,NO,TIF,09,008,013,155,TIFT,00216,137009,00010,14,
TIFT,01630068,BARGERON,CHARLES,T,III,721,12TH ST W, ,TIFTON,GA,31794-3365,721,12TH ST W,,TIFTON,GA,31794-3365,A,A,,11/03/2017,11/03/2017,11/03/2017,IN PERSON,NO,NO,,NO,TIF,01,008,013,170,TIFT,00204,137009,00198,210,
TIFT,01631487,DUTCHER,HELENE,MARIA,,6012,EASTLAKE DR, ,TIFTON,GA,31794-2208,6012,EASTLAKE DR,,TIFTON,GA,31794-2208,A,A,,11/01/2017,11/01/2017,11/01/2017,IN PERSON,NO,NO,,NO,,02,008,013,155,TIFT,00225,137009,00153,165,
TIFT,01632878,KELLEY,KATHRYN,ELAINE,,359,CARPENTER RD N, ,TIFTON,GA,31793-5538,359,CARPENTER RD N,,TIFTON,GA,31793-5538,A,A,,11/03/2017,11/03/2017,11/03/2017,IN PERSON,NO,NO,,NO,,09,008,013,155,TIFT,00210,137009,00199,211,
TIFT,03470173,LUDDEN,CLARA,NELL,,44,PERTILLA PL,UNIT 18,TIFTON,GA,31794-9677,44,PERTILLA PL,UNIT 18,TIFTON,GA,31794-9677,A,A,,11/03/2017,11/03/2017,11/03/2017,IN PERSON,NO,NO,,NO,TIF,11,008,013,170,TIFT,00220,137009,00239,251,
TIFT,01635139,THOMPSON,GRADY,MILTON,,21,CONNELL RAY RD, ,TIFTON,GA,31794-8759,21,CONNELL RAY RD,,TIFTON,GA,31794-8759,A,A,,11/03/2017,11/03/2017,11/03/2017,IN PERSON,NO,NO,,NO,,06,008,013,172,TIFT,00207,137009,00281,293,
TIFT,01636176,WILLIS,GLENN,PAIT,JR,4006,SANDY CIR, ,TIFTON,GA,31793,,P O BOX 7135,,TIFTON,GA,31793,A,A,,11/01/2017,11/01/2017,11/01/2017,IN PERSON,NO,NO,,NO,,09,008,013,155,TIFT,00210,137009,00150,162,
TIFT,01639833,SMITH,JULIE,B,,610,COLLEGE AVE N, ,TIFTON,GA,31794-4316,610,COLLEGE AVE N,,TIFTON,GA,31794-4316,A,A,,10/23/2017,10/23/2017,10/23/2017,IN PERSON,NO,NO,,NO,TIF,01,008,013,170,TIFT,00203,137009,00070,76,
TIFT,01634041,PETTIFORD,ALONZA,,III,119,KENNEDY AVE, ,TIFTON,GA,31794-0001,119,KENNEDY AVE,,TIFTON,GA,31794-0001,A,A,,10/20/2017,10/20/2017,10/20/2017,IN PERSON,NO,NO,,NO,,10,008,013,172,TIFT,00211,137009,00054,60,
TIFT,01631147,CUMMINGS,JOHNNY,T,,1404,MURRAY AVE, ,TIFTON,GA,31794-3333,1404,MURRAY AVE,,TIFTON,GA,31794-3333,A,A,,11/03/2017,11/03/2017,11/03/2017,IN PERSON,NO,NO,,NO,TIF,01,008,013,170,TIFT,00204,137009,00232,244,
TIFT,01634452,PATE,DONNA,L,,1455,DAVIS AVE, ,TIFTON,GA,31794-3619,,PO BOX 301,,TIFTON,GA,31793-0030,A,A,,11/03/2017,11/03/2017,11/03/2017,IN PERSON,NO,NO,,NO,TIF,12,008,013,170,TIFT,00203,137009,00236,248,
TIFT,01632333,HENDERSON,TEENA,H,,2606,CENTRAL AVE N, ,TIFTON,GA,31794,2606,CENTRAL AVE N,,TIFTON,GA,31794-2869,A,A,,11/03/2017,11/03/2017,11/03/2017,IN PERSON,NO,NO,,NO,TIF,01,008,013,170,TIFT,00204,137009,00272,284,
TIFT,04182259,WAGENHORST,BRET,BOUTON,,403,PARK AVE N, ,TIFTON,GA,31794,,PO BOX 2202,,TIFTON,GA,31793-0220,A,A,,11/03/2017,11/03/2017,11/03/2017,IN PERSON,NO,NO,,NO,TIF,01,008,013,170,TIFT,00203,137009,00275,287,
TIFT,00946850,BAXLEY,HAL,L,,73,EAGLE DR, ,TIFTON,GA,31793-6838,73,EAGLE DR,,TIFTON,GA,31793-6838,A,A,,11/02/2017,11/02/2017,11/02/2017,IN PERSON,NO,NO,,NO,,05,008,013,172,TIFT,00207,137009,00157,169,
TIFT,01631766,GAINES,WANDA,L,,1412,MURRAY AVE, ,TIFTON,GA,31794-3333,1412,MURRAY AVE,,TIFTON,GA,31794-3333,A,A,,10/30/2017,10/30/2017,10/30/2017,IN PERSON,NO,NO,,NO,TIF,01,008,013,170,TIFT,00204,137009,00121,131,
TIFT,01632708,HOPWOOD,JANIE,D,,1006,DAVIS AVE, ,TIFTON,GA,31794-4050,1006,DAVIS AVE,,TIFTON,GA,31794-4050,A,A,,10/17/2017,10/17/2017,10/17/2017,IN PERSON,NO,NO,,NO,TIF,01,008,013,170,TIFT,00203,137009,00018,23,
TIFT,01634634,FOLK,MELANIE,SUMNER,,109,28TH ST W, ,TIFTON,GA,31794,109,28TH ST W,,TIFTON,GA,31794,A,A,,10/19/2017,10/19/2017,10/19/2017,IN PERSON,NO,NO,,NO,TIF,01,008,013,170,TIFT,00204,137009,00048,54,
TIFT,01630784,SCARBOROUGH,MARGARET,,,1140,OQUINN DR, ,TIFTON,GA,31794-3729,1140,OQUINN DR,,TIFTON,GA,31794-3729,A,A,,11/03/2017,11/03/2017,11/03/2017,IN PERSON,NO,NO,,NO,,12,008,013,170,TIFT,00209,137009,00206,218,
TIFT,01639646,SMITH,IRIS,F,,811,42ND ST E, ,TIFTON,GA,31794-1508,811,42ND ST E,,TIFTON,GA,31794-1508,A,A,,10/20/2017,10/20/2017,10/20/2017,IN PERSON,NO,NO,,NO,TIF,12,008,013,170,TIFT,00221,137009,00059,65,
TIFT,01634454,ROYAL,DOROTHY,L,,2406,DIANA AVE, ,TIFTON,GA,31794-3142,2406,DIANA AVE,,TIFTON,GA,31794-3142,A,A,,10/25/2017,10/25/2017,10/25/2017,IN PERSON,NO,NO,,NO,TIF,12,008,013,170,TIFT,00202,137009,00087,96,
TIFT,02450638,RIGGINS,EVELYN,R,,4003,ROYCE RD, ,TIFTON,GA,31793,4003,ROYCE RD,,TIFTON,GA,31793,A,A,,10/18/2017,10/18/2017,10/18/2017,IN PERSON,NO,NO,,NO,,09,008,013,155,TIFT,00210,137009,00023,29,
TIFT,01641399,EHLERS,JOHN,PHILIP,,1101,22ND ST E, ,TIFTON,GA,31794-3082,1101,22ND ST E,,TIFTON,GA,31794-3082,A,A,,10/31/2017,10/31/2017,10/31/2017,IN PERSON,NO,NO,,NO,TIF,12,008,013,170,TIFT,00221,137009,00139,151,
TIFT,00551039,GREER,FREDDY,C,,148,EDGEWATER DR, ,TIFTON,GA,31793,148,EDGEWATER DR,,TIFTON,GA,31793,A,A,,10/19/2017,10/19/2017,10/19/2017,IN PERSON,NO,NO,,NO,,05,008,013,172,TIFT,00207,137009,00035,41,
TIFT,01634579,SELPH,BILLY,F,,1705,SARAH DR, ,TIFTON,GA,31793-7825,1705,SARAH DR,,TIFTON,GA,31793-7825,A,A,,10/19/2017,10/19/2017,10/19/2017,IN PERSON,NO,NO,,NO,,09,008,013,155,TIFT,00210,137009,00040,46,
TIFT,10275160,KLESMAN,CHARLOTTE,LORD,,2209,GOFF ST, ,TIFTON,GA,31794,2209,GOFF ST,,TIFTON,GA,31794,A,A,,11/02/2017,11/02/2017,11/02/2017,IN PERSON,NO,NO,,NO,TIF,12,008,013,170,TIFT,00221,137009,00193,205,
TIFT,01637936,SMITH,NANCY,ANN,,2380,OLD OCILLA RD, ,TIFTON,GA,31794-2054,2380,OLD OCILLA RD,,TIFTON,GA,31794-2054,A,A,,11/03/2017,11/03/2017,11/03/2017,IN PERSON,NO,NO,,NO,,02,008,013,155,TIFT,00225,137009,00253,265,
TIFT,01632494,HOLLINGSWORTH,RICHARD,P,,283,NEW RIVER CHURCH RD, ,TIFTON,GA,31794-9322,283,NEW RIVER CHURCH RD,,TIFTON,GA,31794-9322,A,A,,11/03/2017,11/03/2017,11/03/2017,IN PERSON,NO,NO,,NO,,12,008,013,170,TIFT,00208,137009,00284,296,
TIFT,01641172,TREVELYAN,CHERYL,R,,10,HUMMINGBIRD HVN, ,TIFTON,GA,31794-2630,10,HUMMINGBIRD HVN,,TIFTON,GA,31794-2630,A,A,,10/16/2017,10/16/2017,10/16/2017,IN PERSON,NO,NO,,NO,,02,008,013,155,TIFT,00225,137009,00005,9,
TIFT,01631348,DOLLISON,RICKY,O,,306,18TH ST W, ,TIFTON,GA,31794-3455,306,18TH ST W,,TIFTON,GA,31794-3455,A,A,,11/03/2017,11/03/2017,11/03/2017,IN PERSON,NO,NO,,NO,TIF,01,008,013,170,TIFT,00204,137009,00301,313,
TIFT,01634586,SETTERS,BILLIE,DEAN,,27,WILLIAM GIBBS RD, ,TIFTON,GA,31793-6738,27,WILLIAM GIBBS RD,,TIFTON,GA,31793-6738,A,A,,11/03/2017,11/03/2017,11/03/2017,IN PERSON,NO,NO,,NO,,05,008,013,172,TIFT,00207,137009,00217,229,
TIFT,01635865,CLAYTON,ANN,M,,805,MURRAY AVE, ,TIFTON,GA,31794,805,MURRAY AVE,,TIFTON,GA,31794,A,A,,11/02/2017,11/02/2017,11/02/2017,IN PERSON,NO,NO,,NO,TIF,01,008,013,170,TIFT,00203,137009,00170,182,
TIFT,01631470,DUNN,HUGH,RONNIE,,6,PARADISE LAKE RD, ,TIFTON,GA,31794,6,PARADISE LAKE RD,,TIFTON,GA,31794,A,A,,11/02/2017,11/02/2017,11/02/2017,IN PERSON,NO,NO,,NO,,03,008,013,170,TIFT,00236,137009,00175,187,
TIFT,01639924,JORDAN,MIRIAM,B,,2212,PRINCE AVE, ,TIFTON,GA,31794,2212,PRINCE AVE,,TIFTON,GA,31794,A,A,,11/03/2017,11/03/2017,11/03/2017,IN PERSON,NO,NO,,NO,TIF,12,008,013,170,TIFT,00202,137009,00202,214,
TIFT,01639961,DAVIS,RICHARD,F,,2136,DEER RUN CIR, ,TIFTON,GA,31793-8454,2136,DEER RUN CIR,,TIFTON,GA,31793-8454,A,A,,10/19/2017,10/19/2017,10/19/2017,IN PERSON,NO,NO,,NO,,10,008,013,172,TIFT,00211,137009,00038,44,
TIFT,01633980,PEARMAN,FRANKLIN,STEVE,,711,40TH ST E, ,TIFTON,GA,31794-1527,,PO BOX 1985,,TIFTON,GA,31793-0198,A,A,,11/03/2017,11/03/2017,11/03/2017,IN PERSON,NO,NO,,NO,TIF,12,008,013,170,TIFT,00221,137009,00212,224,
TIFT,01633447,MCKEOWN,MARGARET,JORDAN,,59,WOOD DUCK WAY, ,TIFTON,GA,31794,59,WOOD DUCK WAY,,TIFTON,GA,31794,A,A,,10/16/2017,10/16/2017,10/16/2017,IN PERSON,NO,NO,,NO,,02,008,013,155,TIFT,00225,137009,00004,4,
TIFT,01633258,MARTIN,PATRICIA,B,,188,BRIGHTON RD, ,TIFTON,GA,31794-1918,188,BRIGHTON RD,,TIFTON,GA,31794-1918,A,A,,11/02/2017,11/02/2017,11/02/2017,IN PERSON,NO,NO,,NO,,12,008,013,155,TIFT,00228,137009,00173,185,
TIFT,01633181,LYNCH,ROBERT,E,,4105,COVENTRY WAY, ,TIFTON,GA,31793-8119,4105,COVENTRY WAY,,TIFTON,GA,31793-8119,A,A,,11/03/2017,11/03/2017,11/03/2017,IN PERSON,NO,NO,,NO,,10,008,013,172,TIFT,00211,137009,00237,249,
TIFT,01636271,KOEHLER,CHERYL,H,,2420,DIANA AVE, ,TIFTON,GA,31794-3142,2420,DIANA AVE,,TIFTON,GA,31794-3142,A,A,,10/27/2017,10/27/2017,10/27/2017,IN PERSON,NO,NO,,NO,TIF,12,008,013,170,TIFT,00202,137009,00109,118,
TIFT,01634966,SUMNER,DONALD,RAY,,2811,RAINWATER RD, ,TIFTON,GA,31793-5700,2811,RAINWATER RD,,TIFTON,GA,31793-5700,A,A,,11/03/2017,11/03/2017,11/03/2017,IN PERSON,NO,NO,,NO,,09,008,013,155,TIFT,00210,137009,00264,276,
TIFT,01636120,KEA,WILLIAM,HENRY,,101,22ND ST W, ,TIFTON,GA,31794-2801,101,22ND ST W,,TIFTON,GA,31794-2801,A,A,,11/03/2017,11/03/2017,11/03/2017,IN PERSON,NO,NO,,NO,TIF,01,008,013,170,TIFT,00202,137009,00277,289,
TIFT,01630366,BOYETTE,J,GILBERT,,619,40TH ST E, ,TIFTON,GA,31794-1528,619,40TH ST E,,TIFTON,GA,31794-1528,A,A,,11/03/2017,11/03/2017,11/03/2017,IN PERSON,NO,NO,,NO,TIF,12,008,013,170,TIFT,00221,137009,00260,272,
TIFT,01639699,WAID,REBECCA,A,,121,LEWIS ST, ,TIFTON,GA,31794-3231,121,LEWIS ST,,TIFTON,GA,31794-3231,A,A,,10/23/2017,10/23/2017,10/23/2017,IN PERSON,NO,NO,,NO,TIF,09,008,013,155,TIFT,00216,137009,00062,68,
TIFT,01323796,JOHNSON,BRYCE,ALAN,,34,WOODGATE DR, ,TIFTON,GA,31793,34,WOODGATE DR,,TIFTON,GA,31793,A,A,,10/17/2017,10/17/2017,10/17/2017,IN PERSON,NO,NO,,NO,,05,008,013,172,TIFT,00207,137009,00011,16,
TIFT,01641186,NICHOLSON,DAVID,F,,30,ENIGMA TURNER CHURCH RD, ,ENIGMA,GA,31749-6847,30,ENIGMA TURNER ,,ENIGMA,GA,31749-6847,A,A,,11/03/2017,11/03/2017,11/03/2017,IN PERSON,NO,NO,,NO,,03,008,013,170,TIFT,00209,137009,00216,228,
TIFT,06283458,DELK,LUCILE,W,,1222,RIDGE AVE N, ,TIFTON,GA,31794-3956,1222,RIDGE AVE N,,TIFTON,GA,31794-3956,A,A,,10/12/2017,10/16/2017,11/01/2017,MAILED,NO,NO,ELDERLY,NO,TIF,01,008,013,170,TIFT,00203,,00001,6,
TIFT,01636216,RICHARDSON,FREDA,,,80,FREDRICK DR, ,ENIGMA,GA,31749-6806,80,FREDRICK DR,,ENIGMA,GA,31749-6806,A,A,,10/19/2017,10/19/2017,10/19/2017,IN PERSON,NO,NO,,NO,,03,008,013,170,TIFT,00236,137009,00042,48,
TIFT,01642070,GRIFFIN,CHARLES,WILLIAM,,2402,MURRAY AVE, ,TIFTON,GA,31794-2821,2402,MURRAY AVE,,TIFTON,GA,31794-2821,A,A,,11/02/2017,11/02/2017,11/02/2017,IN PERSON,NO,NO,,NO,TIF,01,008,013,170,TIFT,00204,137009,00185,197,
TIFT,01632602,HUTCHINSON,BETTY,ROSE,,2002,BELMONT AVE, ,TIFTON,GA,31794-3126,2002,BELMONT AVE,,TIFTON,GA,31794-3126,A,A,,11/03/2017,11/03/2017,11/03/2017,IN PERSON,NO,NO,,NO,TIF,12,008,013,170,TIFT,00202,137009,00278,290,
TIFT,01633733,NASH,LAURIE,D,,195,WILLIS RD, ,TIFTON,GA,31793,195,WILLIS RD,,TIFTON,GA,31793,A,A,,10/19/2017,10/19/2017,10/19/2017,IN PERSON,NO,NO,,NO,,05,008,013,172,TIFT,00207,137009,00052,58,
TIFT,01631747,FULP,JAMES,RAYMOND,,3,GASTON AVE, ,TIFTON,GA,31794-2075,3,GASTON AVE,,TIFTON,GA,31794-2075,A,A,,11/03/2017,11/03/2017,11/03/2017,IN PERSON,NO,NO,,NO,,02,008,013,155,TIFT,00225,137009,00249,261,
TIFT,01632349,HERRING,JAMES,HOLMES,,36,DEER AVE, ,TIFTON,GA,31794,36,DEER AVE,,TIFTON,GA,31794,A,A,,11/02/2017,11/02/2017,11/02/2017,IN PERSON,NO,NO,,NO,,02,008,013,155,TIFT,00225,137009,00181,193,
TIFT,01632348,HERRING,HARRIET,H,,1810,EMORY DR, ,TIFTON,GA,31794-3350,1810,EMORY DR,,TIFTON,GA,31794-3350,A,A,,10/19/2017,10/19/2017,10/19/2017,IN PERSON,NO,NO,,NO,TIF,01,008,013,170,TIFT,00204,137009,00044,50,
TIFT,03840246,RILEY,DAVID,GERARD,,329,30TH ST E, ,TIFTON,GA,31794-1428,329,30TH ST E,,TIFTON,GA,31794-1428,A,A,,10/20/2017,10/20/2017,10/20/2017,IN PERSON,NO,NO,,NO,TIF,12,008,013,170,TIFT,00221,137009,00057,63,
TIFT,08086920,THOMAS,BARBARA,ANNE,,1801,RED FOX TRL, ,TIFTON,GA,31793-7817,1801,RED FOX TRL,,TIFTON,GA,31793-7817,A,A,,10/31/2017,10/31/2017,10/31/2017,IN PERSON,NO,NO,,NO,TIF,09,008,013,155,TIFT,00215,137009,00137,149,
TIFT,01629920,ALEXANDER,WILLIE,FRANK,,509,WOODCREST DR, ,TIFTON,GA,31794-6173,509,WOODCREST DR,,TIFTON,GA,31794-6173,A,A,,10/27/2017,10/27/2017,10/27/2017,IN PERSON,NO,NO,,NO,,11,008,013,172,TIFT,00227,137009,00102,111,
TIFT,01634138,POTTS,SARANELLE,T,,1449,TYSON AVE, ,TIFTON,GA,31794-3679,1449,TYSON AVE,,TIFTON,GA,31794-3679,A,A,,11/02/2017,11/02/2017,11/02/2017,IN PERSON,NO,NO,,NO,TIF,12,008,013,170,TIFT,00203,137009,00164,176,
TIFT,01635329,VANBRACKLE,MARK,R,,811,48TH ST, ,TIFTON,GA,31794-1565,811,48TH ST,,TIFTON,GA,31794-1565,A,A,,11/03/2017,11/03/2017,11/03/2017,IN PERSON,NO,NO,,NO,TIF,12,008,013,170,TIFT,00221,137009,00229,241,
TIFT,01634799,SPEARMAN,JAMES,TYRON,,2210,RIDGE AVE N, ,TIFTON,GA,31794-2835,2210,RIDGE AVE N,,TIFTON,GA,31794-2835,A,A,,10/30/2017,10/30/2017,10/30/2017,IN PERSON,NO,NO,,NO,TIF,01,008,013,170,TIFT,00204,137009,00126,138,
TIFT,01641125,NORMAN,MICHAEL,DEAN,JR,601,46TH ST E, ,TIFTON,GA,31794-1558,601,46TH ST E,,TIFTON,GA,31794-1558,A,A,,10/23/2017,10/23/2017,10/23/2017,IN PERSON,NO,NO,,NO,TIF,12,008,013,170,TIFT,00221,137009,00069,75,
TIFT,02370146,KIMBROUGH,AMOS,,,56,PECAN ST, ,TIFTON,GA,31794-5929,56,PECAN ST,,TIFTON,GA,31794-5929,A,A,,10/23/2017,10/23/2017,10/23/2017,IN PERSON,NO,NO,,NO,,11,008,013,172,TIFT,00211,137009,00071,79,
TIFT,10607167,MARTIN,ROYCE,H,,3108,4TH AVE, ,TIFTON,GA,31794,3108,4TH AVE,,TIFTON,GA,31794,A,A,,10/25/2017,10/25/2017,10/25/2017,IN PERSON,NO,NO,,NO,,11,008,013,172,TIFT,00211,137009,00086,95,
TIFT,00588196,HEARD,RENDER,MAX,JR,76,LOGAN DR, ,TIFTON,GA,31793-6878,,PO BOX 1414,,TIFTON,GA,31793-0141,A,A,,11/03/2017,11/03/2017,11/03/2017,IN PERSON,NO,NO,,NO,,05,008,013,172,TIFT,00207,137009,00270,282,
TIFT,01630191,BELL,MARY,ALICE,,4124,EMERSON O BYNES AVE, ,TIFTON,GA,31794-6156,4124,EMERSON O BYNES AVE,,TIFTON,GA,31794-6156,A,A,,11/03/2017,11/03/2017,11/03/2017,IN PERSON,NO,NO,,NO,,11,008,013,172,TIFT,00227,137009,00302,314,
TIFT,01637937,FULP,NANCY,,,3,GASTON AVE, ,TIFTON,GA,31794-2075,3,GASTON AVE,,TIFTON,GA,31794-2075,A,A,,11/03/2017,11/03/2017,11/03/2017,IN PERSON,NO,NO,,NO,,02,008,013,155,TIFT,00225,137009,00250,262,
TIFT,01632481,ARCHIE,ALICE,HOLIDAY,,2910,WILTON AVE, ,TIFTON,GA,31794-5828,2910,WILTON AVE,,TIFTON,GA,31794-5828,A,A,,10/25/2017,10/25/2017,10/25/2017,IN PERSON,NO,NO,,NO,,11,008,013,170,TIFT,00208,137009,00089,98,
TIFT,03534040,WADE,RITA,JANET,,223,2ND ST E,UNIT 3,TIFTON,GA,31794-4494,1802,LEE AVE,UNIT 339,TIFTON,GA,31794-0363,A,A,,11/03/2017,11/03/2017,11/03/2017,IN PERSON,NO,NO,,NO,TIF,01,008,013,170,TIFT,00203,137009,00288,300,
TIFT,01641832,EHLERS,DEBRAH,L,,1101,22ND ST E, ,TIFTON,GA,31794-3082,1101,22ND ST E,,TIFTON,GA,31794-3082,A,A,,11/01/2017,11/01/2017,11/01/2017,IN PERSON,NO,NO,,NO,TIF,12,008,013,170,TIFT,00221,137009,00148,160,
TIFT,01632758,JOINER,CECILE,ELAINE,,317,MITCHELL DR, ,TIFTON,GA,31794-3400,317,MITCHELL DR,,TIFTON,GA,31794-3400,A,A,,10/23/2017,10/23/2017,10/30/2017,MAILED,NO,NO,ELDERLY,NO,TIF,01,008,013,170,TIFT,00204,,00004,78,
TIFT,01641589,WILLIS,KAREN,S,,4006,SANDY CIR, ,TIFTON,GA,31793-6910,4006,SANDY CIR,,TIFTON,GA,31793-6910,A,A,,11/02/2017,11/02/2017,11/02/2017,IN PERSON,NO,NO,,NO,,09,008,013,155,TIFT,00210,137009,00192,204,
TIFT,01631488,DUTCHER,JAMES,DWIGHT,,6012,EASTLAKE DR, ,TIFTON,GA,31794-2208,6012,EASTLAKE DR,,TIFTON,GA,31794-2208,A,A,,11/01/2017,11/01/2017,11/01/2017,IN PERSON,NO,NO,,NO,,02,008,013,155,TIFT,00225,137009,00154,166,
TIFT,05950564,TAYLOR,CHARLES,R,,314,LAKEWOOD DR, ,TIFTON,GA,31793-8002,314,LAKEWOOD DR,,TIFTON,GA,31793-8002,A,A,,10/27/2017,10/27/2017,10/27/2017,IN PERSON,NO,NO,,NO,TIF,09,008,013,155,TIFT,00218,137009,00110,120,
TIFT,01631054,COPELAND,SANDRA,FAYE,,444,TIFTON ELDORADO RD, ,TIFTON,GA,31794-8905,444,TIFTON ELDORADO RD,,TIFTON,GA,31794-8905,A,A,,11/03/2017,11/03/2017,11/03/2017,IN PERSON,NO,NO,,NO,,11,008,013,170,TIFT,00208,137009,00263,275,
TIFT,03481623,WILLIS,DINA,LIZZETTE,,2221,MADISON AVE, ,TIFTON,GA,31794-3020,2221,MADISON AVE,,TIFTON,GA,31794-3020,A,A,,11/03/2017,11/03/2017,11/03/2017,IN PERSON,NO,NO,,NO,TIF,12,008,013,170,TIFT,00221,137009,00282,294,
TIFT,01630329,BOWEN,CAROL,D,,104,16TH ST E, ,TIFTON,GA,31794-3565,104,16TH ST E,,TIFTON,GA,31794-3565,A,A,,10/19/2017,10/19/2017,10/19/2017,IN PERSON,NO,NO,,NO,TIF,01,008,013,170,TIFT,00203,137009,00050,56,
TIFT,06208700,MCCURDY,ALANA,NOELLE,,552,OSPREY CIR, ,TIFTON,GA,31794,552,OSPREY CIR,,TIFTON,GA,31794,A,A,,11/03/2017,11/03/2017,11/03/2017,IN PERSON,NO,NO,,NO,TIF,12,008,013,170,TIFT,00221,137009,00299,311,
TIFT,04789384,MCKEOWN,BRANDY,SMITH,,6004,EASTLAKE DR, ,TIFTON,GA,31794-2208,6004,EASTLAKE DR,,TIFTON,GA,31794-2208,A,A,,10/27/2017,10/27/2017,10/27/2017,IN PERSON,NO,NO,,NO,,02,008,013,155,TIFT,00225,137009,00112,122,
TIFT,01636825,WALKER,MARY,BARBER,,1411,RUTLAND RD, ,TIFTON,GA,31793-5020,1411,RUTLAND RD,,TIFTON,GA,31793-5020,A,A,,11/02/2017,11/02/2017,11/02/2017,IN PERSON,NO,NO,,NO,,09,008,013,155,TIFT,00210,137009,00177,189,
TIFT,01637013,CATES,SARA,B,,2614,KAYCEE DR, ,TIFTON,GA,31793-5707,2614,KAYCEE DR,,TIFTON,GA,31793-5707,A,A,,11/03/2017,11/03/2017,11/03/2017,IN PERSON,NO,NO,,NO,TIF,09,008,013,155,TIFT,00215,137009,00219,231,
TIFT,01636275,HARRIS,JUDITH,ANN,,902,38TH ST E, ,TIFTON,GA,31794-1517,902,38TH ST E,,TIFTON,GA,31794-1517,A,A,,10/31/2017,10/31/2017,10/31/2017,IN PERSON,NO,NO,,NO,TIF,12,008,013,170,TIFT,00221,137009,00132,144,
TIFT,01635002,SUTTON,ANN,BISHOP,,1015,PARK AVE N,APT 14,TIFTON,GA,31794,1015,PARK AVE N,APT 14,TIFTON,GA,31794,A,A,,11/03/2017,11/03/2017,11/03/2017,IN PERSON,NO,NO,,NO,TIF,01,008,013,170,TIFT,00203,137009,00280,292,
TIFT,01631004,CONNOR,MARGARET,R,,2224,TYSON AVE, ,TIFTON,GA,31794-3031,2224,TYSON AVE,,TIFTON,GA,31794-3031,A,A,,10/24/2017,10/24/2017,10/24/2017,IN PERSON,NO,NO,,NO,TIF,12,008,013,170,TIFT,00202,137009,00084,93,
TIFT,04003321,WILLIAMS,DAVID,,,3111,HALE AVE, ,TIFTON,GA,31794-5943,402,GILLIARD ST,,TIFTON,GA,31794-0590,A,A,,10/16/2017,10/16/2017,10/16/2017,IN PERSON,NO,NO,,NO,,11,008,013,172,TIFT,00211,137009,00007,11,
TIFT,06746064,HORSLEY,DONNA,L,,2402,DAVIS AVE, ,TIFTON,GA,31794-3136,2402,DAVIS AVE,,TIFTON,GA,31794-3136,A,A,,11/03/2017,11/03/2017,11/03/2017,IN PERSON,NO,NO,,NO,TIF,12,008,013,170,TIFT,00202,137009,00296,308,
TIFT,05210803,NEVIN,CHRISTINE,ROGEL,,138,VIKING WAY, ,TIFTON,GA,31794,138,VIKING WAY,,TIFTON,GA,31794,A,A,,10/31/2017,10/31/2017,10/31/2017,IN PERSON,NO,NO,,NO,TIF,12,008,013,170,TIFT,00221,137009,00140,152,
TIFT,01635478,WARREN,W,L,JR,90,JACOB GIBBS RD, ,TY TY,GA,31795-3216,90,JACOB GIBBS RD,,TY TY,GA,31795-3216,A,A,,10/19/2017,10/19/2017,10/19/2017,IN PERSON,NO,NO,,NO,,08,008,013,155,TIFT,00210,137009,00037,43,
TIFT,01631328,DIXON,SYLVIA,MAUREEN,,27,ER WILLIS RD, ,TIFTON,GA,31793-6628,27,ER WILLIS RD,,TIFTON,GA,31793-6628,A,A,,11/03/2017,11/03/2017,11/03/2017,IN PERSON,NO,NO,,NO,,05,008,013,172,TIFT,00211,137009,00267,279,
TIFT,05764078,VANAGS,JANET,FINNANCE,,136,EAGLE DR, ,TIFTON,GA,31793-6833,136,EAGLE DR,,TIFTON,GA,31793-6833,A,A,,11/03/2017,11/03/2017,11/03/2017,IN PERSON,NO,NO,,NO,,05,008,013,172,TIFT,00207,137009,00248,260,
TIFT,01630332,BOWEN,DOUGLAS,,JR,104,16TH ST E, ,TIFTON,GA,31794-3565,104,16TH ST E,,TIFTON,GA,31794-3565,A,A,,11/03/2017,11/03/2017,11/03/2017,IN PERSON,NO,NO,,NO,TIF,01,008,013,170,TIFT,00203,137009,00209,221,
TIFT,05705279,VANWORMER,BETTY,B,,531,OSPREY CIR, ,TIFTON,GA,31794-1673,531,OSPREY CIR,,TIFTON,GA,31794-1673,A,A,,11/02/2017,11/02/2017,11/02/2017,IN PERSON,NO,NO,,NO,TIF,12,008,013,170,TIFT,00221,137009,00165,177,
TIFT,01641930,GRIFFIN,TAMMY,STEPHENS,,2402,MURRAY AVE, ,TIFTON,GA,31794-2821,,PO BOX 1485,,TIFTON,GA,31793-0148,A,A,,11/02/2017,11/02/2017,11/02/2017,IN PERSON,NO,NO,,NO,TIF,01,008,013,170,TIFT,00204,137009,00186,198,
TIFT,01630347,BOWEN,WILLIAM,I,JR,2606,MURRAY AVE, ,TIFTON,GA,31794-2823,2606,MURRAY AVE,,TIFTON,GA,31794-2823,A,A,,10/18/2017,10/18/2017,10/18/2017,IN PERSON,NO,NO,,NO,TIF,01,008,013,170,TIFT,00204,137009,00029,35,
TIFT,01320803,HOBBS,ANNETTE,SWAIN,,16,GWEN DR, ,TIFTON,GA,31793-5159,16,GWEN DR,,TIFTON,GA,31793-5159,A,A,,10/19/2017,10/19/2017,10/19/2017,IN PERSON,NO,NO,,NO,,09,008,013,155,TIFT,00210,137009,00033,39,
TIFT,01634323,RIGDON,JEANNIE,GODLEY,,820,MURRAY AVE, ,TIFTON,GA,31794-3327,820,MURRAY AVE,,TIFTON,GA,31794-3327,A,A,,10/23/2017,10/23/2017,10/23/2017,IN PERSON,NO,NO,,NO,TIF,01,008,013,170,TIFT,00203,137009,00061,67,
TIFT,06216361,KENNARD,DONNA,L,,219,CYPRESS RIDGE RD, ,TIFTON,GA,31794,219,CYPRESS RIDGE RD,,TIFTON,GA,31794,A,A,,11/03/2017,11/03/2017,11/03/2017,IN PERSON,NO,NO,,NO,TIF,12,008,013,170,TIFT,00221,137009,00257,269,
TIFT,01631636,FLANDERS,LEE,HOLLIS,,3027,ORCHARD CIR, ,TIFTON,GA,31794-1368,3027,ORCHARD CIR,,TIFTON,GA,31794-1368,A,A,,11/03/2017,11/03/2017,11/03/2017,IN PERSON,NO,NO,,NO,TIF,01,008,013,170,TIFT,00204,137009,00242,254,
TIFT,06376431,EHLERS,JOHN,WESLEY,,913,44TH ST E, ,TIFTON,GA,31794-1540,913,44TH ST E,,TIFTON,GA,31794-1540,A,A,,10/18/2017,10/18/2017,10/18/2017,IN PERSON,NO,NO,,NO,TIF,12,008,013,170,TIFT,00221,137009,00026,32,
TIFT,01632885,KELLEY,WILLIAM,CLARKSON,,606,20TH ST E, ,TIFTON,GA,31794-3612,606,20TH ST E,,TIFTON,GA,31794-3612,A,A,,10/18/2017,10/18/2017,10/18/2017,IN PERSON,NO,NO,,NO,TIF,12,008,013,170,TIFT,00203,137009,00025,31,
TIFT,01633826,OGLETREE,MARGARET,H,,474,TIFTON ELDORADO RD, ,TIFTON,GA,31794-8905,474,TIFTON ELDORADO RD,,TIFTON,GA,31794-8905,A,A,,10/27/2017,10/27/2017,10/27/2017,IN PERSON,NO,NO,,NO,,11,008,013,170,TIFT,00208,137009,00106,115,
TIFT,01635952,MARTIN,ELIZABETH,R,,625,HULUS KEY CT, ,TIFTON,GA,31794-1307,625,HULUS KEY CT,,TIFTON,GA,31794-1307,A,A,,11/02/2017,11/02/2017,11/02/2017,IN PERSON,NO,NO,,NO,TIF,09,008,013,155,TIFT,00229,137009,00180,192,
TIFT,03243367,CLARK,SHAUNDRA,NICOLETTE,,12,GLENEAGLES, ,TIFTON,GA,31793,12,GLENEAGLES,,TIFTON,GA,31793,A,A,,11/02/2017,11/02/2017,11/02/2017,IN PERSON,NO,NO,,NO,,05,008,013,172,TIFT,00207,137009,00167,179,
TIFT,00014129,SHEPPARD,MARY,LEE,,2006,RUTLAND RD, ,TIFTON,GA,31793-5032,2006,RUTLAND RD,,TIFTON,GA,31793-5032,A,A,,10/27/2017,10/27/2017,10/27/2017,IN PERSON,NO,NO,,NO,,09,008,013,155,TIFT,00210,137009,00115,125,
TIFT,07730158,STONE,IRIS,WALKER,,2417,BELMONT AVE, ,TIFTON,GA,31794-3129,2417,BELMONT AVE,,TIFTON,GA,31794-3129,A,A,,10/24/2017,10/27/2017,11/06/2017,MAILED,NO,NO,ELDERLY,NO,TIF,12,008,013,170,TIFT,00202,,00001,119,
TIFT,05764080,VANAGS,VALDIS,,,136,EAGLE DR, ,TIFTON,GA,31793-6833,136,EAGLE DR,,TIFTON,GA,31793-6833,A,A,,10/19/2017,10/19/2017,10/19/2017,IN PERSON,NO,NO,,NO,,05,008,013,172,TIFT,00207,137009,00043,49,
TIFT,10093801,ROYCE,FRANCIS,ARTHUR,SR,220,CYPRESS RIDGE RD, ,TIFTON,GA,31794,220,CYPRESS RIDGE RD,,TIFTON,GA,31794,A,A,,10/17/2017,10/17/2017,10/17/2017,IN PERSON,NO,NO,,NO,TIF,12,008,013,170,TIFT,00221,137009,00017,22,
TIFT,01632020,GRIFFIN,JESSE,DANIEL,SR,22,TIFTON ELDORADO RD, ,TIFTON,GA,31794-5033,22,TIFTON ELDORADO RD,,TIFTON,GA,31794-5033,A,A,,11/02/2017,11/02/2017,11/02/2017,IN PERSON,NO,NO,,NO,TIF,11,008,013,170,TIFT,00220,137009,00171,183,
TIFT,01638977,WAID,DOUGLAS,DALE,,121,LEWIS ST, ,TIFTON,GA,31794-3231,121,LEWIS ST,,TIFTON,GA,31794-3231,A,A,,10/23/2017,10/23/2017,10/23/2017,IN PERSON,NO,NO,,NO,TIF,09,008,013,155,TIFT,00216,137009,00063,69,
TIFT,07214746,ROWE,LOREN,ROYAL,,1427,MARY ANN AVE, ,TIFTON,GA,31794-4162,1427,MARY ANN AVE,,TIFTON,GA,31794-4162,A,A,,10/24/2017,10/24/2017,10/24/2017,IN PERSON,NO,NO,,NO,TIF,12,008,013,170,TIFT,00202,137009,00083,92,
TIFT,07966258,LOVE,GREGORY,SCOTT,,602,44TH ST E, ,TIFTON,GA,31794,602,44TH ST E,,TIFTON,GA,31794,A,A,,10/17/2017,10/17/2017,10/17/2017,IN PERSON,NO,NO,,NO,TIF,12,008,013,170,TIFT,00221,137009,00015,20,
TIFT,01631749,FULWOOD,PAUL,D,III,2629,PARK AVE N, ,TIFTON,GA,31794-2830,2629,PARK AVE N,,TIFTON,GA,31794-2830,A,A,,10/19/2017,10/19/2017,10/19/2017,IN PERSON,NO,NO,,NO,TIF,01,008,013,170,TIFT,00204,137009,00036,42,
TIFT,05010721,WRIGHT,MARY,BELLAMY,,2617,EMMETT DR, ,TIFTON,GA,31794,2617,EMMETT DR,,TIFTON,GA,31794,A,A,,10/10/2017,10/16/2017,10/30/2017,MAILED,NO,NO,ELDERLY,NO,TIF,01,008,013,170,TIFT,00204,,00003,8,
TIFT,01632539,HORTON,ALVER,HARRELL,JR,3148,FERRY LAKE RD, ,ENIGMA,GA,31749-6836,,PO BOX 362,,OCILLA,GA,31774-0036,A,A,,10/31/2017,10/31/2017,10/31/2017,IN PERSON,NO,NO,,NO,,03,008,013,170,TIFT,00209,137009,00127,139,
TIFT,01631765,GAINES,TINSLEY,POWELL,,1412,MURRAY AVE, ,TIFTON,GA,31794-3333,1412,MURRAY AVE,,TIFTON,GA,31794-3333,A,A,,10/30/2017,10/30/2017,10/30/2017,IN PERSON,NO,NO,,NO,TIF,01,008,013,170,TIFT,00204,137009,00125,137,
TIFT,06384792,SINGLETON,SANTANA,RENEE',,325,OLD OMEGA RD,UNIT 31,TIFTON,GA,31794-5258,325,OLD OMEGA RD,UNIT 31,TIFTON,GA,31794-5258,A,A,,10/25/2017,10/25/2017,10/25/2017,IN PERSON,NO,NO,,NO,TIF,10,008,013,172,TIFT,00226,137009,00092,101,
TIFT,08080573,THOMAS,ARTHUR,CRAIG,,1801,RED FOX TRL, ,TIFTON,GA,31793-7817,1801,RED FOX TRL,,TIFTON,GA,31793-7817,A,A,,10/31/2017,10/31/2017,10/31/2017,IN PERSON,NO,NO,,NO,TIF,09,008,013,155,TIFT,00215,137009,00138,150,
TIFT,06571064,HORST,VICTORIA,ANN,,4425,FRAZIER CIR, ,TIFTON,GA,31793-6917,4425,FRAZIER CIR,,TIFTON,GA,31793-6917,A,A,,11/01/2017,11/01/2017,11/01/2017,IN PERSON,NO,NO,,NO,,09,008,013,155,TIFT,00210,137009,00147,159,
TIFT,01632746,JOHNSON,SANDRA,P,,2335,WHIDDON MILL RD, ,TIFTON,GA,31793-5541,2335,WHIDDON MILL RD,,TIFTON,GA,31793-5541,A,A,,10/20/2017,10/20/2017,10/20/2017,IN PERSON,NO,NO,,NO,,09,008,013,155,TIFT,00210,137009,00055,61,
TIFT,01631380,DORSETT,THOMAS,HOWARD,,57,EAGLE DR, ,TIFTON,GA,31793-6838,57,EAGLE DR,,TIFTON,GA,31793-6838,A,A,,11/03/2017,11/03/2017,11/03/2017,IN PERSON,NO,NO,,NO,,05,008,013,172,TIFT,00207,137009,00276,288,
TIFT,01638644,PHILLIPS,VIRLIN,W,,7022,CONOLY WAY, ,TIFTON,GA,31794-1953,7022,CONOLY WAY,,TIFTON,GA,31794-1953,A,A,,10/20/2017,10/20/2017,10/20/2017,IN PERSON,NO,NO,,NO,,04,008,013,155,TIFT,00225,137009,00056,62,
TIFT,01632426,HILL,SOLOMON,,,281,DAVE HOGAN RD, ,CHULA,GA,31733-4231,281,DAVE HOGAN RD,,CHULA,GA,31733-4231,A,A,,10/30/2017,10/30/2017,10/30/2017,IN PERSON,NO,NO,,NO,,04,008,013,155,TIFT,00225,137009,00124,136,
TIFT,01209910,MORRELL,BETTY,PILCHER,,104,CYPRESS RIDGE RD, ,TIFTON,GA,31794-1670,104,CYPRESS RIDGE RD,,TIFTON,GA,31794-1670,A,A,,10/26/2017,10/26/2017,10/26/2017,IN PERSON,NO,NO,,NO,TIF,12,008,013,170,TIFT,00221,137009,00094,103,
TIFT,01633093,WILLIAMS,EMMA,B,,402,GILLIARD ST, ,TIFTON,GA,31794-5908,402,GILLIARD ST,,TIFTON,GA,31794-5908,A,A,,10/16/2017,10/16/2017,10/16/2017,IN PERSON,NO,NO,,NO,,11,008,013,172,TIFT,00211,137009,00006,10,
TIFT,01632462,HOBBS,WILLIAM,WENDELL,,16,GWEN DR, ,TIFTON,GA,31793-5159,16,GWEN DR,,TIFTON,GA,31793-5159,A,A,,10/19/2017,10/19/2017,10/19/2017,IN PERSON,NO,NO,,NO,,09,008,013,155,TIFT,00210,137009,00034,40,
TIFT,01634538,SCARBROUGH,MELBA,J,,49,MOSSEY OAK TRL, ,TIFTON,GA,31793-8493,49,MOSSEY OAK TRL,,TIFTON,GA,31793-8493,A,A,,11/02/2017,11/02/2017,11/02/2017,IN PERSON,NO,NO,,NO,,06,008,013,172,TIFT,00211,137009,00184,196,
TIFT,01631129,CROMER,SANDRA,ANN,,242,RED OAK RD, ,TIFTON,GA,31793-5304,242,RED OAK RD,,TIFTON,GA,31793-5304,A,A,,11/01/2017,11/01/2017,11/01/2017,IN PERSON,NO,NO,,NO,,04,008,013,155,TIFT,00210,137009,00145,157,
TIFT,01633904,JONES,NAZALENE,C,,30,FIRETOWER RD, ,TY TY,GA,31795,30,FIRETOWER RD,,TY TY,GA,31795,A,A,,10/30/2017,10/30/2017,10/30/2017,IN PERSON,NO,NO,,NO,,08,008,013,155,TIFT,00223,137009,00122,132,
TIFT,01635091,TAYLOR,TERRY,L,,7222,NORTHGATE DR E, ,TIFTON,GA,31794-1902,7222,NORTHGATE DR E,,TIFTON,GA,31794-1902,A,A,,10/19/2017,10/19/2017,10/19/2017,IN PERSON,NO,NO,,NO,,04,008,013,155,TIFT,00225,137009,00046,52,
TIFT,01636247,BROWN,LISA,S,,201,28TH ST W, ,TIFTON,GA,31794-1325,201,28TH ST W,,TIFTON,GA,31794-1325,A,A,,11/03/2017,11/03/2017,11/03/2017,IN PERSON,NO,NO,,NO,TIF,01,008,013,170,TIFT,00204,137009,00210,222,
TIFT,01637948,CARTER,REBECCA,C,,113,CAROLINA DR, ,TIFTON,GA,31794-3818,113,CAROLINA DR,,TIFTON,GA,31794-3818,A,A,,11/03/2017,11/03/2017,11/03/2017,IN PERSON,NO,NO,,NO,TIF,09,008,013,155,TIFT,00216,137009,00268,280,
TIFT,01340492,CARTER,CHARLESTON,LARON,,220,2ND ST E,APT F,TIFTON,GA,31794,220,2ND ST E,APT F,TIFTON,GA,31794,A,A,,10/18/2017,10/18/2017,10/18/2017,IN PERSON,NO,NO,,NO,TIF,11,008,013,170,TIFT,00219,137009,00021,27,
TIFT,00617507,MARLOWE,BRIAN,PHILLIP,,30,SPRINGHILL DR W, ,TIFTON,GA,31793-6869,30,SPRINGHILL DR W,,TIFTON,GA,31793-6869,A,A,,10/24/2017,10/24/2017,10/24/2017,IN PERSON,NO,NO,,NO,,05,008,013,172,TIFT,00207,137009,00075,83,
TIFT,01635772,WISEMAN,BILLY,R,,217,FULWOOD BLVD, ,TIFTON,GA,31794-3828,217,FULWOOD BLVD,,TIFTON,GA,31794-3828,A,A,,11/03/2017,11/03/2017,11/03/2017,IN PERSON,NO,NO,,NO,TIF,09,008,013,155,TIFT,00216,137009,00244,256,
TIFT,01639252,BYRD,MATTIE,M,,4967,GA HIGHWAY 125 N, ,CHULA,GA,31733-4309,4967,GA HIGHWAY 125 N,,CHULA,GA,31733-4309,A,A,,11/01/2017,11/01/2017,11/01/2017,IN PERSON,NO,NO,,NO,,04,008,013,155,TIFT,00225,137009,00152,164,
TIFT,01635946,BOZEMAN,CONSTANCE,P,,4406,MEDFORD LN, ,TIFTON,GA,31793-6921,4406,MEDFORD LN,,TIFTON,GA,31793-6921,A,A,,11/03/2017,11/03/2017,11/03/2017,IN PERSON,NO,NO,,NO,,09,008,013,155,TIFT,00210,137009,00235,247,
TIFT,01630027,BAKER,YOLANDA,M,,805,8TH ST W, ,TIFTON,GA,31794-3845,805,8TH ST W,,TIFTON,GA,31794-3845,A,A,,10/16/2017,10/16/2017,10/16/2017,IN PERSON,NO,NO,,NO,TIF,09,008,013,155,TIFT,00216,137009,00003,3,
TIFT,01631347,DOLLISON,LEILA,EVANS,,306,18TH ST W, ,TIFTON,GA,31794-3455,306,18TH ST W,,TIFTON,GA,31794-3455,A,A,,10/16/2017,10/16/2017,10/16/2017,IN PERSON,NO,NO,,NO,TIF,01,008,013,170,TIFT,00204,137009,00001,1,
TIFT,10577626,LINDSEY,MALLORY,C,,614,WILSON AVE N, ,TIFTON,GA,31794,73,ORANGE ST,UNIT C,ST AUGUSTINE,FL,32084,A,A,,10/18/2017,10/18/2017,10/27/2017,MAILED,NO,NO,,NO,TIF,01,008,013,170,TIFT,00203,,00002,25,
TIFT,01632236,HARRIS,BILLY,JOE,,902,38TH ST E, ,TIFTON,GA,31794-1517,902,38TH ST E,,TIFTON,GA,31794-1517,A,A,,10/31/2017,10/31/2017,10/31/2017,IN PERSON,NO,NO,,NO,TIF,12,008,013,170,TIFT,00221,137009,00131,143,
TIFT,07638691,TERRELL,DIANE,,,114,13TH ST W, ,TIFTON,GA,31794,114,13TH ST W,,TIFTON,GA,31794,A,A,,10/24/2017,10/24/2017,10/24/2017,IN PERSON,NO,NO,,NO,TIF,10,008,013,172,TIFT,00226,137009,00077,85,
TIFT,01631702,FOSTER,EDDIE,LEE,,2114,CENTRAL AVE S, ,TIFTON,GA,31794-5628,2114,CENTRAL AVE S,,TIFTON,GA,31794-5628,A,A,,11/03/2017,11/03/2017,11/03/2017,IN PERSON,NO,NO,,NO,,10,008,013,172,TIFT,00211,137009,00240,252,
TIFT,01631202,DAVIS,DEBORAH,KAYE,,4703,BROOKWOOD DR, ,TIFTON,GA,31794-9271,4703,BROOKWOOD DR,,TIFTON,GA,31794-9271,A,A,,11/03/2017,11/03/2017,11/03/2017,IN PERSON,NO,NO,,NO,,02,008,013,155,TIFT,00225,137009,00241,253,
TIFT,01634724,SMITH,DON,TERREL,JR,2380,OLD OCILLA RD, ,TIFTON,GA,31794-2054,2380,OLD OCILLA RD,,TIFTON,GA,31794-2054,A,A,,11/03/2017,11/03/2017,11/03/2017,IN PERSON,NO,NO,,NO,,02,008,013,155,TIFT,00225,137009,00252,264,
TIFT,01633828,OGLETREE,HAROLD,BARON,,474,TIFTON ELDORADO RD, ,TIFTON,GA,31794-8905,474,TIFTON ELDORADO RD,,TIFTON,GA,31794-8905,A,A,,10/27/2017,10/27/2017,10/27/2017,IN PERSON,NO,NO,,NO,,11,008,013,170,TIFT,00208,137009,00105,114,
TIFT,03459922,TAYLOR,CHARLES,LARRY,,115,PINEWOOD DR, ,TIFTON,GA,31793,,P O BOX 3,,TIFTON,GA,31793,A,A,,11/01/2017,11/01/2017,11/01/2017,IN PERSON,NO,NO,,NO,TIF,09,008,013,155,TIFT,00215,137009,00142,154,
TIFT,05843761,BRITT,ASHLEY,MAY,,2620,BELMONT AVE, ,TIFTON,GA,31794-1410,2620,BELMONT AVE,,TIFTON,GA,31794-1410,A,A,,11/02/2017,11/02/2017,11/02/2017,IN PERSON,NO,NO,,NO,TIF,12,008,013,170,TIFT,00202,137009,00196,208,
TIFT,10023411,HARRIS,EDWIN,JOSEPH,,45,GLORY LN, ,TIFTON,GA,31793,45,GLORY LN,,TIFTON,GA,31793,A,A,,10/24/2017,10/24/2017,10/30/2017,MAILED,NO,NO,DISABLED,NO,,06,008,013,172,TIFT,00207,,00001,87,
TIFT,01632955,KOEHLER,DONALD,EDGAR,,2420,DIANA AVE, ,TIFTON,GA,31794-3142,2420,DIANA AVE,,TIFTON,GA,31794-3142,A,A,,10/30/2017,10/30/2017,10/30/2017,IN PERSON,NO,NO,,NO,TIF,12,008,013,170,TIFT,00202,137009,00119,129,
TIFT,05317759,WRIGHT,BETTY,ROWELL,,4390,US HIGHWAY 319 S, ,TIFTON,GA,31793-8414,4390,US HIGHWAY 319 S,,TIFTON,GA,31793-8414,A,A,,10/27/2017,10/27/2017,10/27/2017,IN PERSON,NO,NO,,NO,,10,008,013,172,TIFT,00211,137009,00104,113,
TIFT,01632008,GRIFFIN,BARBARA,B,,2299,US HIGHWAY 82 E, ,TIFTON,GA,31794-9243,2299,US HIGHWAY 82 E,,TIFTON,GA,31794-9243,A,A,,10/23/2017,10/23/2017,10/23/2017,IN PERSON,NO,NO,,NO,,03,008,013,170,TIFT,00209,137009,00066,72,
TIFT,11000493,CLARKE,CHRISTOPHER,,,822,42ND ST E, ,TIFTON,GA,31794,822,42ND ST E,,TIFTON,GA,31794,A,A,,10/27/2017,10/27/2017,10/27/2017,IN PERSON,NO,NO,,NO,TIF,12,008,013,170,TIFT,00221,137009,00103,112,
TIFT,01637308,PFLEDDERER,RAYMOND,E,,1401,LARKIN AVE, ,TIFTON,GA,31794-4104,1401,LARKIN AVE,,TIFTON,GA,31794-4104,A,A,,11/02/2017,11/02/2017,11/02/2017,IN PERSON,NO,NO,,NO,TIF,12,008,013,170,TIFT,00202,137009,00169,181,
TIFT,01633734,NASH,THOMAS,W,,195,WILLIS RD, ,TIFTON,GA,31793-6449,195,WILLIS RD,,TIFTON,GA,31793-6449,A,A,,10/31/2017,10/31/2017,10/31/2017,IN PERSON,NO,NO,,NO,,05,008,013,172,TIFT,00207,137009,00129,141,
TIFT,06120117,MYDDELTON,MARXANN,WELLS,,2211,PARK AVE N, ,TIFTON,GA,31794,2211,PARK AVE N,,TIFTON,GA,31794,A,A,,10/19/2017,10/19/2017,10/19/2017,IN PERSON,NO,NO,,NO,TIF,01,008,013,170,TIFT,00202,137009,00031,37,
TIFT,01638452,WILLKOMM,MARY,ELAINE,,718,42ND ST E, ,TIFTON,GA,31794-1546,718,42ND ST E,,TIFTON,GA,31794-1546,A,A,,10/18/2017,10/18/2017,10/18/2017,IN PERSON,NO,NO,,NO,TIF,12,008,013,170,TIFT,00221,137009,00028,34,
TIFT,00582359,STALNAKER,STANLEY,ALAN,,4,THOMAS DR, ,TIFTON,GA,31794-2919,4,THOMAS DR,,TIFTON,GA,31794-2919,A,A,,10/25/2017,10/25/2017,10/25/2017,IN PERSON,NO,NO,,NO,,03,008,013,170,TIFT,00209,137009,00090,99,
TIFT,01322028,GIPSON,CURREY,DEWAYNE,,905,44TH ST E, ,TIFTON,GA,31794-1540,905,44TH ST E,,TIFTON,GA,31794-1540,A,A,,10/27/2017,10/27/2017,10/27/2017,IN PERSON,NO,NO,,NO,TIF,12,008,013,170,TIFT,00221,137009,00117,127,
TIFT,01630386,BRANCH,BETTY,JUNE,,4025,US HIGHWAY 319 S, ,TIFTON,GA,31793-8217,4025,US HIGHWAY 319 S,,TIFTON,GA,31793-8217,A,A,,10/26/2017,10/26/2017,10/26/2017,IN PERSON,NO,NO,,NO,,10,008,013,172,TIFT,00211,137009,00098,107,
TIFT,06216347,KENNARD,WILLIAM,F,,219,CYPRESS RIDGE RD, ,TIFTON,GA,31794,219,CYPRESS RIDGE RD,,TIFTON,GA,31794,A,A,,11/03/2017,11/03/2017,11/03/2017,IN PERSON,NO,NO,,NO,TIF,12,008,013,170,TIFT,00221,137009,00258,270,
TIFT,01630135,BATTLE,MAJOR,,III,1311,PARK AVE S, ,TIFTON,GA,31794-5245,1311,PARK AVE S,,TIFTON,GA,31794-5245,A,A,,11/03/2017,11/03/2017,11/03/2017,IN PERSON,NO,NO,,NO,TIF,10,008,013,172,TIFT,00226,137009,00295,307,
TIFT,01634258,REDDICK,RUBY,JOHNSON,,411,RUTHERFORD ST, ,TIFTON,GA,31794-5930,411,RUTHERFORD ST,,TIFTON,GA,31794-5930,A,R,Ballot Not Returned By Election Day,10/30/2017,10/30/2017,11/09/2017,MAILED,NO,NO,ELDERLY,NO,,11,008,013,172,TIFT,00211,,00001,134,
TIFT,01631071,COTTLE,CHARLES,F,,250,COTTLE RD, ,TY TY,GA,31795-3210,250,COTTLE RD,,TY TY,GA,31795-3210,A,A,,11/02/2017,11/02/2017,11/02/2017,IN PERSON,NO,NO,,NO,,08,008,013,155,TIFT,00210,137009,00178,190,
TIFT,01637097,CATES,JAMES,CROSWELL,,2614,KAYCEE DR, ,TIFTON,GA,31793-5707,2614,KAYCEE DR,,TIFTON,GA,31793-5707,A,A,,11/03/2017,11/03/2017,11/03/2017,IN PERSON,NO,NO,,NO,TIF,09,008,013,155,TIFT,00215,137009,00220,232,
TIFT,01634587,SETTERS,JOHN,ROBERT,,27,WILLIAM GIBBS RD, ,TIFTON,GA,31793-6738,27,WILLIAM GIBBS RD,,TIFTON,GA,31793-6738,A,A,,11/03/2017,11/03/2017,11/03/2017,IN PERSON,NO,NO,,NO,,05,008,013,172,TIFT,00207,137009,00218,230,
TIFT,01635626,GREGORY,MILDRED,GRIFFIS,,525,OSPREY CIR, ,TIFTON,GA,31794-1673,525,OSPREY CIR,,TIFTON,GA,31794-1673,A,A,,11/01/2017,11/01/2017,11/01/2017,IN PERSON,NO,NO,,NO,TIF,12,008,013,170,TIFT,00221,137009,00151,163,
TIFT,00261118,CROMER,BILLY,RONALD,,242,RED OAK RD, ,TIFTON,GA,31793-5304,242,RED OAK RD,,TIFTON,GA,31793-5304,A,A,,11/01/2017,11/01/2017,11/01/2017,IN PERSON,NO,NO,,NO,,04,008,013,155,TIFT,00210,137009,00144,156,
TIFT,01634687,SKLANY,THOMAS,EDMOND,,2010,PRINCE AVE, ,TIFTON,GA,31794-3112,2010,PRINCE AVE,,TIFTON,GA,31794-3112,A,A,,10/23/2017,10/23/2017,10/23/2017,IN PERSON,NO,NO,,NO,TIF,12,008,013,170,TIFT,00202,137009,00065,71,
TIFT,01634015,PERRY,CAROLINE,SUE,,2216,MURRAY AVE, ,TIFTON,GA,31794-2819,2216,MURRAY AVE,,TIFTON,GA,31794-2819,A,A,,10/31/2017,10/31/2017,10/31/2017,IN PERSON,NO,NO,,NO,TIF,01,008,013,170,TIFT,00204,137009,00135,147,
TIFT,01633433,MCGRIFF,WILLIAM,DALE,,803,COLLEGE AVE N, ,TIFTON,GA,31794-3939,803,COLLEGE AVE N,,TIFTON,GA,31794-3939,A,A,,11/03/2017,11/03/2017,11/03/2017,IN PERSON,NO,NO,,NO,TIF,01,008,013,170,TIFT,00203,137009,00222,234,
TIFT,01635074,TAYLOR,JANELLE,H,,7222,NORTHGATE DR E, ,TIFTON,GA,31794-1902,7222,NORTHGATE DR E,,TIFTON,GA,31794-1902,A,A,,11/03/2017,11/03/2017,11/03/2017,IN PERSON,NO,NO,,NO,,04,008,013,155,TIFT,00225,137009,00290,302,
TIFT,04014247,NASWORTHY,WENDY,MICHELLE,,169,SALEM CHURCH RD, ,TIFTON,GA,31793-6747,169,SALEM CHURCH RD,,TIFTON,GA,31793-6747,A,A,,10/20/2017,10/20/2017,10/20/2017,IN PERSON,NO,NO,,NO,,05,008,013,172,TIFT,00211,137009,00060,66,
TIFT,06681449,SMITH,DOUGLAS,B,,610,COLLEGE AVE N, ,TIFTON,GA,31794-4316,610,COLLEGE AVE N,,TIFTON,GA,31794-4316,A,A,,10/18/2017,10/18/2017,10/18/2017,IN PERSON,NO,NO,,NO,TIF,01,008,013,170,TIFT,00203,137009,00027,33,
TIFT,01874806,WRIGHT,HELEN,F,,261,MOUNT OLIVE CHURCH RD, ,TIFTON,GA,31794-2243,261,MOUNT OLIVE CHURCH RD,,TIFTON,GA,31794-2243,A,A,,10/20/2017,10/20/2017,10/20/2017,IN PERSON,NO,NO,,NO,,02,008,013,155,TIFT,00225,137009,00058,64,
TIFT,01637112,WEST,JOY,CLAY,,4905,WOODLAND CT, ,TIFTON,GA,31794-2305,4905,WOODLAND CT,,TIFTON,GA,31794-2305,A,A,,11/03/2017,11/03/2017,11/03/2017,IN PERSON,NO,NO,,NO,,02,008,013,155,TIFT,00225,137009,00251,263,
TIFT,01634975,SUMNER,JOANN,T,,2811,RAINWATER RD, ,TIFTON,GA,31793-5700,2811,RAINWATER RD,,TIFTON,GA,31793-5700,A,A,,11/03/2017,11/03/2017,11/03/2017,IN PERSON,NO,NO,,NO,,09,008,013,155,TIFT,00210,137009,00266,278,
TIFT,01641494,FOLDS,JAMES,WILEY,,2006,TURNER TRL, ,TIFTON,GA,31793-6918,2006,TURNER TRL,,TIFTON,GA,31793-6918,A,A,,10/31/2017,10/31/2017,10/31/2017,IN PERSON,NO,NO,,NO,,09,008,013,155,TIFT,00210,137009,00130,142,
TIFT,01639442,CANNON,ROBERT,EUGENE,,2010,CENTRAL AVE N, ,TIFTON,GA,31794-2849,2010,CENTRAL AVE N,,TIFTON,GA,31794-2849,A,A,,11/03/2017,11/03/2017,11/03/2017,IN PERSON,NO,NO,,NO,TIF,01,008,013,170,TIFT,00202,137009,00225,237,
TIFT,01630745,CARSON,JOHN,K,,210,ALABAMA DR, ,TIFTON,GA,31794-3809,210,ALABAMA DR,,TIFTON,GA,31794-3809,A,A,,10/16/2017,10/16/2017,10/16/2017,IN PERSON,NO,NO,,NO,TIF,09,008,013,155,TIFT,00216,137009,00008,12,
TIFT,01632609,DUNN,ANN,M,,6,PARADISE LAKE RD, ,TIFTON,GA,31794-0307,6,PARADISE LAKE RD,,TIFTON,GA,31794-0307,A,A,,11/03/2017,11/03/2017,11/03/2017,IN PERSON,NO,NO,,NO,,03,008,013,170,TIFT,00236,137009,00247,259,
TIFT,04251160,SANDIFER,TILLMAN,MARK,,74,LONG PINE RD, ,TIFTON,GA,31794-1922,74,LONG PINE RD,,TIFTON,GA,31794-1922,A,A,,10/31/2017,10/31/2017,10/31/2017,IN PERSON,NO,NO,,NO,,02,008,013,155,TIFT,00225,137009,00134,146,
TIFT,01639238,PATE,CLAYTON,LEON,,162,DOGWOOD LN, ,TIFTON,GA,31793,162,DOGWOOD LN,,TIFTON,GA,31793,A,A,,10/25/2017,10/25/2017,10/25/2017,IN PERSON,NO,NO,,NO,TIF,09,008,013,155,TIFT,00215,137009,00091,100,
TIFT,00524059,CALHOUN,WILLIAM,M,,1216,RIDGE AVE N, ,TIFTON,GA,31794-3956,,PO BOX 964,,TIFTON,GA,31793-0096,A,A,,11/03/2017,11/03/2017,11/03/2017,IN PERSON,NO,NO,,NO,TIF,01,008,013,170,TIFT,00203,137009,00254,266,
TIFT,01632655,JARNAGIN,ALICE,WILLIAMS,,312,ALLISONS WAY, ,TIFTON,GA,31794-1869,312,ALLISONS WAY,,TIFTON,GA,31794-1869,A,A,,11/01/2017,11/01/2017,11/01/2017,IN PERSON,NO,NO,,NO,TIF,12,008,013,170,TIFT,00202,137009,00146,158,
TIFT,01631740,FRESH,BARBARA,R,,2614,HALL AVE, ,TIFTON,GA,31794-2733,2614,HALL AVE,,TIFTON,GA,31794-2733,A,A,,10/19/2017,10/19/2017,10/19/2017,IN PERSON,NO,NO,,NO,TIF,01,008,013,170,TIFT,00204,137009,00032,38,
TIFT,01638981,WALKER,MICHAEL,R,,170,MOUNT ZION CHURCH RD, ,TIFTON,GA,31793-5423,170,MOUNT ZION CHURCH RD,,TIFTON,GA,31793-5423,A,A,,10/31/2017,10/31/2017,10/31/2017,IN PERSON,NO,NO,,NO,,04,008,013,155,TIFT,00210,137009,00133,145,
TIFT,01630788,CATER,JAMES,GARVIN,JR,3825,AUBREY LN, ,TIFTON,GA,31794-1506,3825,AUBREY LN,,TIFTON,GA,31794-1506,A,A,,11/03/2017,11/03/2017,11/03/2017,IN PERSON,NO,NO,,NO,TIF,12,008,013,170,TIFT,00221,137009,00215,227,
TIFT,01632062,GUILL,MARY,L,,612,10TH ST W, ,TIFTON,GA,31794-3303,612,10TH ST W,,TIFTON,GA,31794-3303,A,A,,11/02/2017,11/02/2017,11/02/2017,IN PERSON,NO,NO,,NO,TIF,01,008,013,170,TIFT,00203,137009,00160,172,
TIFT,01633289,MATHEWS,WANDA,J,,136,GOLDEN WAY, ,TIFTON,GA,31794,136,GOLDEN WAY,,TIFTON,GA,31794,A,A,,10/20/2017,10/20/2017,10/20/2017,IN PERSON,NO,NO,,NO,TIF,12,008,013,170,TIFT,00221,137009,00053,59,
TIFT,01641267,MOCK,CHARLES,OWEN,,7222,DOSS DR, ,TIFTON,GA,31794-1908,7222,DOSS DR,,TIFTON,GA,31794-1908,A,A,,10/24/2017,10/24/2017,10/24/2017,IN PERSON,NO,NO,,NO,,04,008,013,155,TIFT,00225,137009,00076,84,
TIFT,01630231,HENDERSON,MARTHA,LYNN,,1207,NEWTON DR, ,TIFTON,GA,31794-3724,1207,NEWTON DR,,TIFTON,GA,31794-3724,A,A,,10/31/2017,10/31/2017,10/31/2017,IN PERSON,NO,NO,,NO,TIF,01,008,013,170,TIFT,00202,137009,00141,153,
TIFT,05241955,COLLINS,LOWELL,RAY,,2617,EMMETT DR, ,TIFTON,GA,31794,2617,EMMETT DR,,TIFTON,GA,31794,A,A,,10/10/2017,10/16/2017,10/30/2017,MAILED,NO,NO,DISABLED,NO,TIF,01,008,013,170,TIFT,00204,,00001,5,
TIFT,04293339,WRIGHT,BENNIE,LEE,,2617,EMMETT DR, ,TIFTON,GA,31794,2617,EMMETT DR,,TIFTON,GA,31794,A,A,,10/10/2017,10/16/2017,10/30/2017,MAILED,YES,NO,DISABLED,NO,TIF,01,008,013,170,TIFT,00204,,00002,7,
TIFT,01638451,WILLKOMM,JAMES,W,,718,42ND ST E, ,TIFTON,GA,31794-1546,718,42ND ST E,,TIFTON,GA,31794-1546,A,A,,10/30/2017,10/30/2017,10/30/2017,IN PERSON,NO,NO,,NO,TIF,12,008,013,170,TIFT,00221,137009,00123,133,
TIFT,10258068,KLESMAN,NORRIS,JAY,,2209,GOFF ST, ,TIFTON,GA,31794,2209,GOFF ST,,TIFTON,GA,31794-3010,A,A,,10/17/2017,10/17/2017,10/17/2017,IN PERSON,NO,NO,,NO,TIF,12,008,013,170,TIFT,00221,137009,00019,24,
TIFT,01630677,CAMPBELL,BOBBIE,B,,1109,COLLEGE CIR S, ,TIFTON,GA,31794-5563,1109,COLLEGE CIR S,,TIFTON,GA,31794-5563,A,A,,10/23/2017,10/23/2017,10/30/2017,MAILED,NO,NO,ELDERLY,NO,TIF,10,008,013,172,TIFT,00226,,00001,77,
TIFT,01635751,WILSON,MILDRED,M,,1485,KENNEDY RD, ,TIFTON,GA,31794-4159,15,KENT RD,APT 11,TIFTON,GA,31794-4159,A,R,Ballot Not Returned By Election Day,10/27/2017,10/27/2017,11/08/2017,MAILED,YES,NO,ELDERLY,NO,TIF,12,008,013,170,TIFT,00221,,00001,135,
TIFT,01632610,HUTCHINSON,WILL,H,JR,2002,BELMONT AVE, ,TIFTON,GA,31794-3126,2002,BELMONT AVE,,TIFTON,GA,31794-3126,A,A,,11/03/2017,11/03/2017,11/03/2017,IN PERSON,NO,NO,,NO,TIF,12,008,013,170,TIFT,00202,137009,00279,291,
TIFT,02933189,DRIVER,RONNIE,D,,1308,BELLEVIEW AVE, ,TIFTON,GA,31794-5079,1308,BELLEVIEW AVE,,TIFTON,GA,31794-5079,A,A,,10/17/2017,10/17/2017,10/17/2017,IN PERSON,NO,NO,,NO,TIF,11,008,013,170,TIFT,00220,137009,00013,18,
TIFT,01638034,POTTS,ALBERT,D,,1449,TYSON AVE, ,TIFTON,GA,31794-3679,1449,TYSON AVE,,TIFTON,GA,31794-3679,A,A,,11/02/2017,11/02/2017,11/02/2017,IN PERSON,NO,NO,,NO,TIF,12,008,013,170,TIFT,00203,137009,00163,175,
TIFT,01642065,CARSON,JAMES,B,,2018,MADISON AVE, ,TIFTON,GA,31794-3019,2018,MADISON AVE,,TIFTON,GA,31794-3019,A,A,,11/03/2017,11/03/2017,11/03/2017,IN PERSON,NO,NO,,NO,TIF,12,008,013,170,TIFT,00221,137009,00201,213,
TIFT,06781846,MACDONALD,DONALD,M,,106,GOLDEN WAY, ,TIFTON,GA,31794,106,GOLDEN WAY,,TIFTON,GA,31794-1656,A,A,,11/03/2017,11/03/2017,11/03/2017,IN PERSON,NO,NO,,NO,TIF,12,008,013,170,TIFT,00221,137009,00208,220,
TIFT,02220028,HENDERSON,WAYNE,LARRY,,1207,NEWTON DR, ,TIFTON,GA,31794-3724,1207,NEWTON DR,,TIFTON,GA,31794-3724,A,A,,11/02/2017,11/02/2017,11/02/2017,IN PERSON,NO,NO,,NO,TIF,01,008,013,170,TIFT,00202,137009,00183,195,
TIFT,01635947,BOZEMAN,WALTER,ONEAL,,4406,MEDFORD LN, ,TIFTON,GA,31793-6921,4406,MEDFORD LN,,TIFTON,GA,31793-6921,A,A,,11/03/2017,11/03/2017,11/03/2017,IN PERSON,NO,NO,,NO,,09,008,013,155,TIFT,00210,137009,00234,246,
TIFT,01635637,WIDSTROM,VIRGINIA,ELDER,,971,US HIGHWAY 319 N, ,TIFTON,GA,31794-2516,971,US HIGHWAY 319 N,,TIFTON,GA,31794-2516,A,A,,10/26/2017,10/26/2017,10/26/2017,IN PERSON,NO,NO,,NO,,02,008,013,155,TIFT,00225,137009,00097,106,
TIFT,03949087,TAYLOR,TAMIE,MEEKS,,3002,WILLINGHAM WAY, ,TIFTON,GA,31794,3002,WILLINGHAM WAY,,TIFTON,GA,31794,A,A,,11/03/2017,11/03/2017,11/03/2017,IN PERSON,NO,NO,,NO,TIF,01,008,013,170,TIFT,00204,137009,00303,315,
TIFT,01636270,JORDAN,JACQUELINE,REESE,,414,PRINCE AVE,APT 3,TIFTON,GA,31794,,PO BOX 172,,TIFTON,GA,31793-0017,A,A,,11/03/2017,11/03/2017,11/03/2017,IN PERSON,NO,NO,,NO,TIF,01,008,013,170,TIFT,00203,137009,00203,215,
TIFT,01635097,TERRELL,JOHNNY,,JR,114,13TH ST W, ,TIFTON,GA,31794,114,13TH ST W,,TIFTON,GA,31794,A,A,,10/24/2017,10/24/2017,10/24/2017,IN PERSON,NO,NO,,NO,TIF,10,008,013,172,TIFT,00226,137009,00082,91,
TIFT,06788230,TUCKER,ESTON,N,III,615,PARK AVE N, ,TIFTON,GA,31794-4321,615,PARK AVE N,,TIFTON,GA,31794-4321,A,A,,11/03/2017,11/03/2017,11/03/2017,IN PERSON,NO,NO,,NO,TIF,01,008,013,170,TIFT,00203,137009,00286,298,
TIFT,01632873,KELLEY,DARROW,L,,40,EAGLE DR, ,TIFTON,GA,31793-6832,40,EAGLE DR,,TIFTON,GA,31793-6832,A,A,,11/03/2017,11/03/2017,11/03/2017,IN PERSON,NO,NO,,NO,,05,008,013,172,TIFT,00207,137009,00197,209,
TIFT,01635212,TOWSON,WILLIAM,H,III,122,BABE HALL RD, ,TIFTON,GA,31794-8932,122,BABE HALL RD,,TIFTON,GA,31794-8932,A,A,,11/02/2017,11/02/2017,11/02/2017,IN PERSON,NO,NO,,NO,,11,008,013,170,TIFT,00208,137009,00194,206,
TIFT,01631073,COTTLE,MARIANNA,W,,250,COTTLE RD, ,TY TY,GA,31795-3210,250,COTTLE RD,,TY TY,GA,31795-3210,A,A,,11/02/2017,11/02/2017,11/02/2017,IN PERSON,NO,NO,,NO,,08,008,013,155,TIFT,00210,137009,00191,203,
TIFT,06999335,MCLAIN,SARA,S,,1010,22ND ST E, ,TIFTON,GA,31794-3004,1010,22ND ST E,,TIFTON,GA,31794-3004,A,A,,10/23/2017,10/23/2017,10/23/2017,IN PERSON,NO,NO,,NO,TIF,12,008,013,170,TIFT,00221,137009,00064,70,
TIFT,01635346,VEAL,DEANNE,D,,1214,RIDGE AVE N, ,TIFTON,GA,31794-3956,1214,RIDGE AVE N,,TIFTON,GA,31794-3956,A,A,,11/03/2017,11/03/2017,11/03/2017,IN PERSON,NO,NO,,NO,TIF,01,008,013,170,TIFT,00203,137009,00224,236,
TIFT,01632324,HENDERSON,HAROLD,PAULK,,2808,PARK AVE N, ,TIFTON,GA,31794-1312,2808,PARK AVE N,,TIFTON,GA,31794-1312,A,A,,11/03/2017,11/03/2017,11/03/2017,IN PERSON,NO,NO,,NO,TIF,01,008,013,170,TIFT,00204,137009,00274,286,
TIFT,01630894,CLEMENTS,WILLIAM,JACKSON,,8,HOKE PEARMAN RD, ,TIFTON,GA,31793-5413,8,HOKE PEARMAN RD,,TIFTON,GA,31793-5413,A,A,,11/03/2017,11/03/2017,11/03/2017,IN PERSON,NO,NO,,NO,,04,008,013,155,TIFT,00210,137009,00256,268,
TIFT,02808168,HARPER,SHERRY,FARMER,,314,ALLISONS WAY, ,TIFTON,GA,31794-1869,314,ALLISONS WAY,,TIFTON,GA,31794-1869,A,A,,11/02/2017,11/02/2017,11/02/2017,IN PERSON,NO,NO,,NO,TIF,12,008,013,170,TIFT,00202,137009,00176,188,
TIFT,01633256,MARTIN,JAMES,H,,188,BRIGHTON RD, ,TIFTON,GA,31794-1918,188,BRIGHTON RD,,TIFTON,GA,31794-1918,A,A,,11/02/2017,11/02/2017,11/02/2017,IN PERSON,NO,NO,,NO,,12,008,013,155,TIFT,00228,137009,00174,186,
TIFT,01635932,YORK,MELBA,CRANFORD,,1208,PINEVIEW AVE, ,TIFTON,GA,31794-3733,1208,PINEVIEW AVE,,TIFTON,GA,31794-3733,A,A,,11/03/2017,11/03/2017,11/03/2017,IN PERSON,NO,NO,,NO,TIF,01,008,013,170,TIFT,00202,137009,00271,283,
TIFT,01631306,DILL,ROGER,C,,1499,CARPENTER RD S, ,TIFTON,GA,31793-7918,1499,CARPENTER RD S,,TIFTON,GA,31793-7918,A,A,,11/02/2017,11/02/2017,11/02/2017,IN PERSON,NO,NO,,NO,,09,008,013,155,TIFT,00210,137009,00162,174,
TIFT,01343929,HYDE,ELIZABETH,MICHELLE,,15,JENNY DR, ,TIFTON,GA,31793-6882,15,JENNY DR,,TIFTON,GA,31793-6882,A,A,,11/03/2017,11/03/2017,11/03/2017,IN PERSON,NO,NO,,NO,,05,008,013,172,TIFT,00207,137009,00259,271,
TIFT,01632009,GRIFFIN,BRENDA,JOYCE,,22,TIFTON ELDORADO RD, ,TIFTON,GA,31794-5033,22,TIFTON ELDORADO RD,,TIFTON,GA,31794-5033,A,A,,11/02/2017,11/02/2017,11/02/2017,IN PERSON,NO,NO,,NO,TIF,11,008,013,170,TIFT,00220,137009,00172,184,
TIFT,01632138,HAMM,JUDITH,DAILY,,209,FULWOOD BLVD, ,TIFTON,GA,31794-3828,209,FULWOOD BLVD,,TIFTON,GA,31794-3828,A,A,,11/03/2017,11/03/2017,11/03/2017,IN PERSON,NO,NO,,NO,TIF,09,008,013,155,TIFT,00216,137009,00233,245,
TIFT,01634533,SCARBOROUGH,LARRY,D,,1140,OQUINN DR, ,TIFTON,GA,31794-3729,1140,OQUINN DR,,TIFTON,GA,31794-3729,A,A,,11/03/2017,11/03/2017,11/03/2017,IN PERSON,NO,NO,,NO,,12,008,013,170,TIFT,00209,137009,00205,217,
TIFT,01630482,BROOKS,LUCY,ANN,,2421,TYSON AVE, ,TIFTON,GA,31794-3032,2421,TYSON AVE,,TIFTON,GA,31794-3032,A,A,,10/27/2017,10/27/2017,10/27/2017,IN PERSON,NO,NO,,NO,TIF,12,008,013,170,TIFT,00221,137009,00111,121,
TIFT,01641753,MCKEOWN,SIMEON,P,JR,6004,EASTLAKE DR, ,TIFTON,GA,31794-2208,6004,EASTLAKE DR,,TIFTON,GA,31794-2208,A,A,,10/26/2017,10/26/2017,10/26/2017,IN PERSON,NO,NO,,NO,,02,008,013,155,TIFT,00225,137009,00101,110,
TIFT,01631192,HENDERSON,BETTY,R,,3124,HILLCREST AVE, ,TIFTON,GA,31794-5934,3124,HILLCREST AVE,,TIFTON,GA,31794-5934,A,A,,10/16/2017,10/16/2017,10/25/2017,MAILED,NO,NO,ELDERLY,NO,,10,008,013,172,TIFT,00211,,00001,15,
TIFT,01638719,BOWEN,KELLY,ELIZABETH,,2606,MURRAY AVE, ,TIFTON,GA,31794-2823,2606,MURRAY AVE,,TIFTON,GA,31794-2823,A,A,,10/18/2017,10/18/2017,10/18/2017,IN PERSON,NO,NO,,NO,TIF,01,008,013,170,TIFT,00204,137009,00030,36,
TIFT,00683261,LOVETT,LYNN,,,66,LOGAN DR, ,TIFTON,GA,31793-6878,66,LOGAN DR,,TIFTON,GA,31793-6878,A,A,,11/01/2017,11/01/2017,11/01/2017,IN PERSON,NO,NO,,NO,,05,008,013,172,TIFT,00207,137009,00143,155,
TIFT,01634560,SEADROW,LONZA,,,3127,LINCOLN DR, ,TIFTON,GA,31794-5922,3127,LINCOLN DR,,TIFTON,GA,31794-5922,A,A,,10/27/2017,10/27/2017,10/27/2017,IN PERSON,NO,NO,,NO,,10,008,013,172,TIFT,00211,137009,00108,117,
TIFT,01632896,KENNEDY,MARY,ANN,,813,BELMONT AVE, ,TIFTON,GA,31794-4121,813,BELMONT AVE,,TIFTON,GA,31794-4121,A,A,,11/02/2017,11/02/2017,11/02/2017,IN PERSON,NO,NO,,NO,TIF,01,008,013,170,TIFT,00203,137009,00188,200,
TIFT,05728022,REYNOLDS,DENNY,JOSHUA,,608,46TH ST E, ,TIFTON,GA,31794,608,46TH ST E,,TIFTON,GA,31794-1554,A,A,,10/26/2017,10/26/2017,10/26/2017,IN PERSON,NO,NO,,NO,TIF,12,008,013,170,TIFT,00221,137009,00100,109,
TIFT,01631059,CORBIN,ANNIE,JEAN,,2900,HILL AVE, ,TIFTON,GA,31794-5810,2900,HILL AVE,,TIFTON,GA,31794-5810,A,A,,10/25/2017,10/25/2017,10/25/2017,IN PERSON,NO,NO,,NO,,11,008,013,170,TIFT,00208,137009,00088,97,
TIFT,00304899,JACKSON,BOBBIE,KING,,810,44TH ST E, ,TIFTON,GA,31794-1532,810,44TH ST E,,TIFTON,GA,31794-1532,A,A,,10/30/2017,10/30/2017,10/30/2017,IN PERSON,NO,NO,,NO,TIF,12,008,013,170,TIFT,00221,137009,00118,128,
TIFT,01632714,JOHNSON,JOHN,HENRY,,639,CHULA BROOKFIELD RD, ,CHULA,GA,31733,,PO BOX 701,,TIFTON,GA,31793-0070,A,A,,11/03/2017,11/03/2017,11/03/2017,IN PERSON,NO,NO,,NO,,04,008,013,155,TIFT,00225,137009,00297,309,
TIFT,03924550,HALIBURTON,TERRELL,,,3103,HALE AVE, ,TIFTON,GA,31794,3103,HALE AVE,,TIFTON,GA,31794,A,A,,10/26/2017,10/26/2017,10/26/2017,IN PERSON,NO,NO,,NO,,11,008,013,172,TIFT,00211,137009,00096,105,
TIFT,01632493,HOLLINGSWORTH,BARBARA,A,,283,NEW RIVER CHURCH RD, ,TIFTON,GA,31794-9322,283,NEW RIVER CHURCH RD,,TIFTON,GA,31794-9322,A,A,,11/03/2017,11/03/2017,11/03/2017,IN PERSON,NO,NO,,NO,,12,008,013,170,TIFT,00208,137009,00283,295,
TIFT,01630924,COLE,JUDY,D,,2010,PARK AVE N, ,TIFTON,GA,31794-2825,2010,PARK AVE N,,TIFTON,GA,31794-2825,A,A,,11/03/2017,11/03/2017,11/03/2017,IN PERSON,NO,NO,,NO,TIF,01,008,013,170,TIFT,00204,137009,00293,305,
TIFT,01637113,WEST,JOE,WILLIAMSON,,4905,WOODLAND CT, ,TIFTON,GA,31794-2305,4905,WOODLAND CT,,TIFTON,GA,31794-2305,A,A,,11/03/2017,11/03/2017,11/03/2017,IN PERSON,NO,NO,,NO,,02,008,013,155,TIFT,00225,137009,00307,319,
TIFT,06231162,MCDONALD,MARCUS,,,108,MALCOLM ST, ,OMEGA,GA,31775,,PO BOX 744,,OMEGA,GA,31775,A,A,,11/02/2017,11/02/2017,11/02/2017,IN PERSON,NO,NO,,NO,OMEGA,07,008,013,172,TIFT,00212,137009,00187,199,
TIFT,03589906,FLOYDE,LINDA,F,,814,6TH ST E,UNIT 1/2,TIFTON,GA,31794-4583,814,6TH ST E,UNIT 1/2,TIFTON,GA,31794-4583,A,A,,11/02/2017,11/02/2017,11/02/2017,IN PERSON,NO,NO,,NO,TIF,01,008,013,170,TIFT,00203,137009,00158,170,
TIFT,01636379,HUGHES,MELISSA,,,18,HUGHES LN, ,TIFTON,GA,31794,18,HUGHES LN,,TIFTON,GA,31794,A,A,,10/17/2017,10/17/2017,10/17/2017,IN PERSON,NO,NO,,NO,,11,008,013,170,TIFT,00208,137009,00014,19,
TIFT,01636312,BOWEN,FERN,FROST,,1714,SLACK DR, ,TIFTON,GA,31793-7829,1714,SLACK DR,,TIFTON,GA,31793-7829,A,A,,11/02/2017,11/02/2017,11/02/2017,IN PERSON,NO,NO,,NO,,09,008,013,155,TIFT,00210,137009,00182,194,
TIFT,01634065,PFLUG,DALE,NORMAN,,2601,MURRAY AVE, ,TIFTON,GA,31794-2822,2601,MURRAY AVE,,TIFTON,GA,31794-2822,A,A,,11/03/2017,11/03/2017,11/03/2017,IN PERSON,NO,NO,,NO,TIF,01,008,013,170,TIFT,00204,137009,00291,303,
TIFT,01633878,PARKER,JOHN,T,JR,105,SPRINGHILL DR W, ,TIFTON,GA,31793-6818,105,SPRINGHILL DR W,,TIFTON,GA,31793-6818,A,A,,11/03/2017,11/03/2017,11/03/2017,IN PERSON,NO,NO,,NO,,05,008,013,172,TIFT,00207,137009,00300,312,
TIFT,01633175,LUPO,TERRY,LAMAR,,783,BROOKFIELD TURNER , ,ENIGMA,GA,31749,783,BROOKFIELD TURNER ,,ENIGMA,GA,31749,A,A,,10/23/2017,10/23/2017,10/23/2017,IN PERSON,NO,NO,,NO,,03,008,013,170,TIFT,00209,137009,00067,73,
TIFT,01633448,MCKEOWN,SIMEON,PLYLER,SR,59,WOOD DUCK WAY, ,TIFTON,GA,31794,59,WOOD DUCK WAY,,TIFTON,GA,31794,A,A,,10/25/2017,10/25/2017,10/25/2017,IN PERSON,NO,NO,,NO,,02,008,013,155,TIFT,00225,137009,00093,102,
TIFT,01635258,TUCKER,SHIRLEE,ANN,,1013,TYSON AVE, ,TIFTON,GA,31794-4139,1013,TYSON AVE,,TIFTON,GA,31794-4139,A,A,,11/03/2017,11/03/2017,11/03/2017,IN PERSON,NO,NO,,NO,TIF,01,008,013,170,TIFT,00203,137009,00245,257,
TIFT,06781858,MACDONALD,DORIS,JEAN,,106,GOLDEN WAY, ,TIFTON,GA,31794,106,GOLDEN WAY,,TIFTON,GA,31794-1656,A,A,,11/03/2017,11/03/2017,11/03/2017,IN PERSON,NO,NO,,NO,TIF,12,008,013,170,TIFT,00221,137009,00207,219,
TIFT,01630140,BEARD,AUDREY,J,,2001,LEE AVE, ,TIFTON,GA,31794-3012,2001,LEE AVE,,TIFTON,GA,31794-3012,A,A,,11/02/2017,11/02/2017,11/02/2017,IN PERSON,NO,NO,,NO,TIF,12,008,013,170,TIFT,00221,137009,00161,173,
TIFT,10093795,ROYCE,PEGGY,DARBY,,220,CYPRESS RIDGE RD, ,TIFTON,GA,31794,220,CYPRESS RIDGE RD,,TIFTON,GA,31794,A,A,,10/17/2017,10/17/2017,10/17/2017,IN PERSON,NO,NO,,NO,TIF,12,008,013,170,TIFT,00221,137009,00016,21,
TIFT,01630021,BAKER,RICKY,,,805,8TH ST W, ,TIFTON,GA,31794-3845,805,8TH ST W,,TIFTON,GA,31794-3845,A,A,,10/16/2017,10/16/2017,10/16/2017,IN PERSON,NO,NO,,NO,TIF,09,008,013,155,TIFT,00216,137009,00002,2,
TIFT,04266669,WELDIN,WILLIAM,,,601,BRANCH CT, ,TIFTON,GA,31794-1309,601,BRANCH CT,,TIFTON,GA,31794-1309,A,A,,10/19/2017,10/19/2017,10/19/2017,IN PERSON,NO,NO,,NO,TIF,09,008,013,155,TIFT,00229,137009,00045,51,
TIFT,04839928,TIMPER,PATRICIA,,,819,46TH ST E, ,TIFTON,GA,31794-1555,819,46TH ST E,,TIFTON,GA,31794-1555,A,A,,10/19/2017,10/19/2017,10/19/2017,IN PERSON,NO,NO,,NO,TIF,12,008,013,170,TIFT,00221,137009,00051,57,
TIFT,10041397,COOLONG,KATHLEEN,MARIE,,124,CYPRESS RIDGE RD, ,TIFTON,GA,31794,124,CYPRESS RIDGE RD,,TIFTON,GA,31794-1670,A,A,,11/03/2017,11/03/2017,11/03/2017,IN PERSON,NO,NO,,NO,TIF,12,008,013,170,TIFT,00221,137009,00214,226,
TIFT,01635383,WALKER,BARBARA,OTTIS,,414,CHESNUTT AVE, ,TIFTON,GA,31794,414,CHESNUTT AVE,,TIFTON,GA,31794,A,A,,11/02/2017,11/02/2017,11/02/2017,IN PERSON,NO,NO,,NO,TIF,01,008,013,170,TIFT,00203,137009,00190,202,
TIFT,05930062,ROSS,JARED,TYSON,,556,OSPREY CIR, ,TIFTON,GA,31794-1672,556,OSPREY CIR,,TIFTON,GA,31794-1672,A,A,,11/03/2017,11/03/2017,11/03/2017,IN PERSON,NO,NO,,NO,TIF,12,008,013,170,TIFT,00221,137009,00227,239,
TIFT,01630362,BOYD,PAUL,R,,905,40TH ST E, ,TIFTON,GA,31794-1515,905,40TH ST E,,TIFTON,GA,31794-1515,A,A,,11/03/2017,11/03/2017,11/03/2017,IN PERSON,NO,NO,,NO,TIF,12,008,013,170,TIFT,00221,137009,00226,238,
TIFT,01630367,BOYETTE,JUNE,G,,619,40TH ST E, ,TIFTON,GA,31794-1528,619,40TH ST E,,TIFTON,GA,31794-1528,A,A,,11/03/2017,11/03/2017,11/03/2017,IN PERSON,NO,NO,,NO,TIF,12,008,013,170,TIFT,00221,137009,00261,273,
TIFT,01631369,DORMINEY,JOAN,T,,2019,LEE AVE, ,TIFTON,GA,31794-3012,2019,LEE AVE,,TIFTON,GA,31794-3012,A,A,,10/25/2017,10/25/2017,10/25/2017,IN PERSON,NO,NO,,NO,TIF,12,008,013,170,TIFT,00221,137009,00085,94,
TIFT,01634749,SMITH,KAREN,LYNNE,,2423,MICHAEL DR, ,TIFTON,GA,31793-5723,2423,MICHAEL DR,,TIFTON,GA,31793-5723,A,A,,11/03/2017,11/03/2017,11/03/2017,IN PERSON,NO,NO,,NO,,09,008,013,155,TIFT,00210,137009,00246,258,
TIFT,01637947,CARTER,JOSEPH,I,,113,CAROLINA DR, ,TIFTON,GA,31794-3818,113,CAROLINA DR,,TIFTON,GA,31794-3818,A,A,,11/03/2017,11/03/2017,11/03/2017,IN PERSON,NO,NO,,NO,TIF,09,008,013,155,TIFT,00216,137009,00269,281,
TIFT,01634325,RIGDON,STEVE,W,,820,MURRAY AVE, ,TIFTON,GA,31794-3327,820,MURRAY AVE,,TIFTON,GA,31794-3327,A,A,,11/01/2017,11/01/2017,11/01/2017,IN PERSON,NO,NO,,NO,TIF,01,008,013,170,TIFT,00203,137009,00156,168,
TIFT,01632880,KELLEY,MARGARET,A,,40,EAGLE DR, ,TIFTON,GA,31793-6832,40,EAGLE DR,,TIFTON,GA,31793-6832,A,A,,10/16/2017,10/16/2017,10/16/2017,IN PERSON,NO,NO,,NO,,05,008,013,172,TIFT,00207,137009,00009,13,
TIFT,05878885,PAULK,GLENN,HINES,,2343,CHULA BROOKFIELD RD, ,TIFTON,GA,31794,2343,CHULA BROOKFIELD ,,TIFTON,GA,31794,A,A,,10/27/2017,10/27/2017,10/27/2017,IN PERSON,NO,NO,,NO,,02,008,013,155,TIFT,00225,137009,00116,126,
TIFT,01632023,GRIFFIN,RITA,D,,3806,AUBREY LN, ,TIFTON,GA,31794-1505,3806,AUBREY LN,,TIFTON,GA,31794-1505,A,A,,10/24/2017,10/24/2017,10/24/2017,IN PERSON,NO,NO,,NO,TIF,12,008,013,170,TIFT,00221,137009,00073,81,
TIFT,03344534,WALKER,TERESA,CROMER,,170,MOUNT ZION CHURCH RD, ,TIFTON,GA,31793-5423,170,MOUNT ZION CHURCH RD,,TIFTON,GA,31793-5423,A,A,,11/02/2017,11/02/2017,11/02/2017,IN PERSON,NO,NO,,NO,,04,008,013,155,TIFT,00210,137009,00179,191,
