County,Voter Registration #,Last Name,First Name,Middle Name,Suffix,Street #,Street Name,Apt/Unit,City,State,Zip Code,Mailing Street #,Mailing Street Name,Mailing Apt/Unit,Mailing City,Mailing State,Mailing Zip Code,Application Status,Ballot Status,Status Reason,Application Date,Ballot Issued Date,Ballot Return Date,Ballot Style,Ballot Assisted,Challenged/Provisional,Designation/Reason Issue,ID Required,Municipal Precinct,County Precinct,CNG,SEN,HOUSE	,JUD,Combo #,Vote Center ID,Ballot ID,Post #,Party
TOWNS,03648229,GROOMS,CECIL,DOUGLAS,,534,COTTAGE HILL DR, ,HIAWASSEE,GA,30546,534,COTTAGE HILL DR,,HIAWASSEE,GA,30546,A,A,,10/18/2017,10/18/2017,10/18/2017,IN PERSON,NO,NO,,NO,HIAW,990,009,050,008,ENOT,00002,139010,00067,69,
TOWNS,01896027,BERTELSON,NANCY,L,,416,ADMIRALS PT, ,HIAWASSEE,GA,30546-3400,416,ADMIRALS PT,,HIAWASSEE,GA,30546-3400,A,A,,10/25/2017,10/25/2017,10/25/2017,IN PERSON,NO,NO,,NO,HIAW,990,009,050,008,ENOT,00002,139010,00119,128,
TOWNS,00091038,MANEY,FRANCES,J,,330,HARBOR RD, ,HIAWASSEE,GA,30546-2204,330,HARBOR RD,,HIAWASSEE,GA,30546-2204,A,A,,10/30/2017,10/30/2017,10/30/2017,IN PERSON,NO,NO,,NO,HIAW,990,009,050,008,ENOT,00002,139010,00153,163,
TOWNS,01703015,NICHOLSON,WILLIAM,LANIER,,563,OAKRIDGE DR, ,HIAWASSEE,GA,30546-2224,563,OAKRIDGE DR,,HIAWASSEE,GA,30546-2224,A,A,,10/24/2017,10/24/2017,10/24/2017,IN PERSON,NO,NO,,NO,HIAW,990,009,050,008,ENOT,00002,139010,00106,115,
TOWNS,01702812,JONES,BILLIE,B,,705,BELL CREEK RD, ,HIAWASSEE,GA,30546,705,BELL CREEK RD,,HIAWASSEE,GA,30546,A,A,,10/19/2017,10/19/2017,10/19/2017,IN PERSON,NO,NO,,NO,HIAW,990,009,050,008,ENOT,00002,139010,00084,90,
TOWNS,02832146,SILER,CHERYL,CORBETT,,534,TATER RIDGE DR, ,HIAWASSEE,GA,30546,534,TATER RIDGE DR,,HIAWASSEE,GA,30546,A,A,,10/23/2017,10/23/2017,10/23/2017,IN PERSON,NO,NO,,NO,HIAW,990,009,050,008,ENOT,00002,139010,00102,108,
TOWNS,01701633,ALLEN,JANET,C,,6,RIVER ST, ,HIAWASSEE,GA,30546-9437,6,RIVER ST,,HIAWASSEE,GA,30546-9437,A,A,,11/02/2017,11/02/2017,11/02/2017,IN PERSON,NO,NO,,NO,HIAW,990,009,050,008,ENOT,00002,139010,00198,210,
TOWNS,08049210,YANCEY,RICHARD,ALLEN,,147,MAIN ST S, ,HIAWASSEE,GA,30546,147,MAIN ST S,,HIAWASSEE,GA,30546,A,A,,11/03/2017,11/03/2017,11/03/2017,IN PERSON,NO,NO,,NO,HIAW,990,009,050,008,ENOT,00002,139010,00213,225,
TOWNS,06694274,WILSON,VANESSA,LEANN,,607,WATER VIEW DR, ,HIAWASSEE,GA,30546,607,WATER VIEW DR,,HIAWASSEE,GA,30546,A,A,,10/18/2017,10/18/2017,10/18/2017,IN PERSON,NO,NO,,NO,HIAW,990,009,050,008,ENOT,00002,139010,00068,70,
TOWNS,01703660,FLANAGAN,NORMA,BRADLEY,,553,COTTAGE HILL DR, ,HIAWASSEE,GA,30546-2341,553,COTTAGE HILL DR,,HIAWASSEE,GA,30546-2341,A,A,,10/19/2017,10/19/2017,10/31/2017,MAILED,NO,NO,,NO,HIAW,990,009,050,008,ENOT,00002,,00005,84,
TOWNS,06970997,OLIVER,ASHLEY,BROOK,,338,ROSS LLOYD RD, ,HIAWASSEE,GA,30546,338,ROSS LLOYD RD,,HIAWASSEE,GA,30546,A,A,,10/25/2017,10/25/2017,10/25/2017,IN PERSON,NO,NO,,NO,HIAW,990,009,050,008,ENOT,00002,139010,00130,139,
TOWNS,01701626,ACREE,SARA,M,,268,BERRONG ST, ,HIAWASSEE,GA,30546-2201,,PO BOX 98,,HIAWASSEE,GA,30546-0009,A,A,,10/31/2017,10/31/2017,10/31/2017,IN PERSON,NO,NO,,NO,HIAW,990,009,050,008,ENOT,00002,139010,00166,178,
TOWNS,01701625,ACREE,JOHNNY,W,,268,BERRONG ST, ,HIAWASSEE,GA,30546-2201,,PO BOX 415,,HIAWASSEE,GA,30546-0041,A,A,,11/01/2017,11/01/2017,11/01/2017,IN PERSON,NO,NO,,NO,HIAW,990,009,050,008,ENOT,00002,139010,00186,198,
TOWNS,11467442,GONZALEZ,HECTOR,,,416,BRADSHAW LN, ,HIAWASSEE,GA,30546,416,BRADSHAW LN,,HIAWASSEE,GA,30546,A,A,,10/13/2017,10/16/2017,10/24/2017,MAILED,NO,NO,,NO,HIAW,990,009,050,008,ENOT,00002,,00001,1,
TOWNS,04846335,WEST,PEGGY,ANN,,623,TATER RIDGE DR, ,HIAWASSEE,GA,30546-2235,623,TATER RIDGE DR,,HIAWASSEE,GA,30546-2235,A,A,,10/18/2017,10/18/2017,10/18/2017,IN PERSON,NO,NO,,NO,HIAW,990,009,050,008,ENOT,00002,139010,00064,66,
TOWNS,04669289,ROSS,PAUL,SHELDON,,489,HOGSED LN, ,HIAWASSEE,GA,30546-2242,489,HOGSED LN,,HIAWASSEE,GA,30546-2242,A,A,,10/17/2017,10/17/2017,10/17/2017,IN PERSON,NO,NO,,NO,HIAW,990,009,050,008,ENOT,00002,139010,00050,52,
TOWNS,00822269,HALL,CLIFFORD,JUNIOR,,446,LONGVIEW DR, ,HIAWASSEE,GA,30546-3404,446,LONGVIEW DR,,HIAWASSEE,GA,30546-3404,A,A,,10/31/2017,10/31/2017,10/31/2017,IN PERSON,NO,NO,,NO,HIAW,990,009,050,008,ENOT,00002,139010,00171,183,
TOWNS,08637858,JONES,MARVIN,K,,24,RIVER ST, ,HIAWASSEE,GA,30546-3238,24,RIVER ST,,HIAWASSEE,GA,30546-3238,A,A,,10/25/2017,10/25/2017,10/25/2017,IN PERSON,NO,NO,,NO,HIAW,990,009,050,008,ENOT,00002,139010,00124,133,
TOWNS,01703010,NOBLET,ERNEST,D,,450,PRESLEY RD, ,HIAWASSEE,GA,30546-3320,,PO BOX 7,,HIAWASSEE,GA,30546,A,A,,10/31/2017,10/31/2017,10/31/2017,IN PERSON,NO,NO,,NO,HIAW,990,009,050,008,ENOT,00002,139010,00173,185,
TOWNS,01702158,EVERETT,MARGARET,SHARON HOGSED,,700,BELL CREEK RD, ,HIAWASSEE,GA,30546,,PO BOX 241,,HIAWASSEE,GA,30546-0024,A,A,,10/25/2017,10/25/2017,10/25/2017,IN PERSON,NO,NO,,NO,HIAW,990,009,050,008,ENOT,00002,139010,00122,131,
TOWNS,10135844,MERRITT,DANA,L,,809,BELL CREEK RD, ,HIAWASSEE,GA,30546,PO,BOX 364,,HIAWASSEE,GA,30546-0364,A,A,,10/17/2017,10/17/2017,10/17/2017,IN PERSON,NO,NO,,NO,HIAW,990,009,050,008,ENOT,00002,139010,00041,43,
TOWNS,01704949,BRUMBAUGH,EUGENE,P,,420,LONGVIEW CIR, ,HIAWASSEE,GA,30546,420,LONGVIEW CIR,,HIAWASSEE,GA,30546,A,A,,10/23/2017,10/23/2017,10/23/2017,IN PERSON,NO,NO,,NO,HIAW,990,009,050,008,ENOT,00002,139010,00095,101,
TOWNS,06442256,SELLERS,OWEN,CLIFTON,,421,OMEGA WAY, ,HIAWASSEE,GA,30546-2310,421,OMEGA WAY,,HIAWASSEE,GA,30546-2310,A,A,,10/24/2017,10/24/2017,10/24/2017,IN PERSON,NO,NO,,NO,HIAW,990,009,050,008,ENOT,00002,139010,00116,125,
TOWNS,10098488,MCPEAK,LYNN,ELLEN,,347,N MAIN ST, ,HIAWASSEE,GA,30546,401,SOUTH MAIN ST,,HIAWASSEE,GA,30546-4881,A,A,,10/17/2017,10/17/2017,10/17/2017,IN PERSON,NO,NO,,NO,HIAW,990,009,050,008,ENOT,00002,139010,00029,31,
TOWNS,06097583,OWENS,LARRY,DEAN,,127,ROLLING ACRES RD, ,HIAWASSEE,GA,30546,127,ROLLING ACRES RD,,HIAWASSEE,GA,30546,A,A,,10/31/2017,10/31/2017,10/31/2017,IN PERSON,NO,NO,,NO,HIAW,990,009,050,008,ENOT,00002,139010,00163,175,
TOWNS,10083921,RING,VICTORIA,,,544,COTTAGE HILL DR, ,HIAWASSEE,GA,30546,544,COTTAGE HILL DR,,HIAWASSEE,GA,30546,A,A,,10/16/2017,10/16/2017,10/16/2017,IN PERSON,NO,NO,,NO,HIAW,990,009,050,008,ENOT,00002,139010,00020,22,
TOWNS,08698215,DESROSIERS,LAURA,ANN,,303,SKY VIEW DR,UNIT 15A,HIAWASSEE,GA,30546-2275,303,SKY VIEW DR,UNIT 15A,HIAWASSEE,GA,30546-2275,A,A,,10/16/2017,10/16/2017,10/16/2017,IN PERSON,NO,NO,,NO,HIAW,990,009,050,008,ENOT,00002,139010,00003,5,
TOWNS,01702121,OLIVA,JANET,ROSE,,357,HOGSED LN, ,HIAWASSEE,GA,30546-2241,357,HOGSED LN,,HIAWASSEE,GA,30546-2241,A,A,,10/26/2017,10/26/2017,10/26/2017,IN PERSON,NO,NO,,NO,HIAW,990,009,050,008,ENOT,00002,139010,00143,153,
TOWNS,04634167,FRICK,JOYCE,C,,597,HIAWASSEE ESTS DR, ,HIAWASSEE,GA,30546,597,HIAWASSEE ESTS DR,,HIAWASSEE,GA,30546,A,A,,10/17/2017,10/17/2017,10/17/2017,IN PERSON,NO,NO,,NO,HIAW,990,009,050,008,ENOT,00002,139010,00026,28,
TOWNS,00091040,MANEY,WILLIAM,C,,330,HARBOR RD, ,HIAWASSEE,GA,30546-2204,330,HARBOR RD,,HIAWASSEE,GA,30546-2204,A,A,,10/30/2017,10/30/2017,10/30/2017,IN PERSON,NO,NO,,NO,HIAW,990,009,050,008,ENOT,00002,139010,00154,164,
TOWNS,11435285,IZQUIERDO,MARTA,BEATRIZ,,324,BRADSHAW LN, ,HIAWASSEE,GA,30546,324,BRADSHAW LN,,HIAWASSEE,GA,30546,A,A,,10/26/2017,10/26/2017,10/26/2017,IN PERSON,NO,NO,,NO,HIAW,990,009,050,008,ENOT,00002,139010,00131,141,
TOWNS,00514571,WEDGWOOD,BARRY,R,,359,LAKE POINT LN, ,HIAWASSEE,GA,30546-2305,359,LAKE POINT LN,,HIAWASSEE,GA,30546-2305,A,A,,10/17/2017,10/17/2017,10/17/2017,IN PERSON,NO,NO,,NO,HIAW,990,009,050,008,ENOT,00002,139010,00032,34,
TOWNS,01703002,OLIVER,GENA,L,,338,ROSS LLOYD RD, ,HIAWASSEE,GA,30546-3304,,PO BOX 96,,HIAWASSEE,GA,30546,A,A,,10/20/2017,10/20/2017,10/20/2017,IN PERSON,NO,NO,,NO,HIAW,990,009,050,008,ENOT,00002,139010,00092,98,
TOWNS,05412379,MCCAMY,MARGARET,LORETTA,,602,SHORELINE DR, ,HIAWASSEE,GA,30546-3456,,PO BOX 858,,HIAWASSEE,GA,30546-0085,A,A,,10/26/2017,10/26/2017,10/26/2017,IN PERSON,NO,NO,,NO,HIAW,990,009,050,008,ENOT,00002,139010,00139,149,
TOWNS,05892122,BIGGERS,MARYANN,TERBURGH,,121,RIVER ST, ,HIAWASSEE,GA,30546,121,RIVER ST,,HIAWASSEE,GA,30546,A,A,,11/03/2017,11/03/2017,11/03/2017,IN PERSON,NO,NO,,NO,HIAW,990,009,050,008,ENOT,00002,139010,00204,216,
TOWNS,06588799,TIGER,SUSANNE,MARY,,422,LONGVIEW DR, ,HIAWASSEE,GA,30546-3404,422,LONGVIEW DR,,HIAWASSEE,GA,30546-3404,A,A,,10/27/2017,10/27/2017,10/27/2017,IN PERSON,NO,NO,,NO,HIAW,990,009,050,008,ENOT,00002,139010,00145,155,
TOWNS,04592783,CRAWFORD,ROBERT,LEE,,515,SEQUOIA DR, ,HIAWASSEE,GA,30546-3417,515,SEQUOIA DR,,HIAWASSEE,GA,30546-3417,A,A,,10/19/2017,10/19/2017,10/26/2017,MAILED,NO,NO,,NO,HIAW,990,009,050,008,ENOT,00002,,00003,74,
TOWNS,05648028,WATSON,JULIE,ANNETTE,,703,HIAWASSEE ESTS DR, ,HIAWASSEE,GA,30546-2210,703,HIAWASSEE ESTS DR,,HIAWASSEE,GA,30546-2210,A,A,,10/24/2017,10/24/2017,10/24/2017,IN PERSON,NO,NO,,NO,HIAW,990,009,050,008,ENOT,00002,139010,00117,126,
TOWNS,01702307,GRAHL- MORAN,MARY,SHIRLEY,,20,RIVER ST, ,HIAWASSEE,GA,30546,20,RIVER ST,,HIAWASSEE,GA,30546,A,A,,11/03/2017,11/03/2017,11/03/2017,IN PERSON,NO,NO,,NO,HIAW,990,009,050,008,ENOT,00002,139010,00201,213,
TOWNS,05847229,SILER,ROBERT,DOUGLAS,,534,TATER RIDGE DR, ,HIAWASSEE,GA,30546,534,TATER RIDGE DR,,HIAWASSEE,GA,30546,A,A,,10/23/2017,10/23/2017,10/23/2017,IN PERSON,NO,NO,,NO,HIAW,990,009,050,008,ENOT,00002,139010,00103,109,
TOWNS,05935957,DENTON,JOHN,MILTON,,703,HIAWASSEE ESTS DR, ,HIAWASSEE,GA,30546-2210,703,HIAWASSEE ESTS DR,,HIAWASSEE,GA,30546-2210,A,A,,10/19/2017,10/19/2017,10/19/2017,IN PERSON,NO,NO,,NO,HIAW,990,009,050,008,ENOT,00002,139010,00080,86,
TOWNS,00200140,HORTON,PATRICIA,A,,340,BELL ST, ,HIAWASSEE,GA,30546-2318,340,BELL ST,,HIAWASSEE,GA,30546-2318,A,A,,10/19/2017,10/19/2017,10/19/2017,IN PERSON,NO,NO,,NO,HIAW,990,009,050,008,ENOT,00002,139010,00074,77,
TOWNS,01703289,SWANSON,LARRY,NEAL,,557,MAIN ST N, ,HIAWASSEE,GA,30546,,POB 184,,HIAWASSEE,GA,30546,A,A,,11/01/2017,11/01/2017,11/01/2017,IN PERSON,NO,NO,,NO,HIAW,990,009,050,008,ENOT,00002,139010,00183,195,
TOWNS,03938980,ADAMS,LEIGH,CAROL,,767,THURMAN DR, ,HIAWASSEE,GA,30546,,P O BOX 899,,HIAWASSEE,GA,30546,A,A,,11/03/2017,11/03/2017,11/03/2017,IN PERSON,NO,NO,,NO,HIAW,990,009,050,008,ENOT,00002,139010,00208,220,
TOWNS,07029587,SHERB,DAVID,K,,410,LONGVIEW DR, ,HIAWASSEE,GA,30546,410,LONGVIEW DR,,HIAWASSEE,GA,30546,A,A,,11/03/2017,11/03/2017,11/03/2017,IN PERSON,NO,NO,,NO,HIAW,990,009,050,008,ENOT,00002,139010,00209,221,
TOWNS,00200139,HORTON,MICHAEL,JOHN,,340,BELL ST, ,HIAWASSEE,GA,30546-2318,340,BELL ST,,HIAWASSEE,GA,30546-2318,A,A,,10/19/2017,10/19/2017,10/19/2017,IN PERSON,NO,NO,,NO,HIAW,990,009,050,008,ENOT,00002,139010,00075,78,
TOWNS,02936824,MARLOW,PAIGE,GARNER,,345,MOUNTAIN DR N, ,HIAWASSEE,GA,30546,345,MOUNTAIN DR N,,HIAWASSEE,GA,30546,A,A,,10/16/2017,10/16/2017,10/16/2017,IN PERSON,NO,NO,,NO,HIAW,990,009,050,008,ENOT,00002,139010,00015,17,
TOWNS,04217182,DOWDY,BARBARA,JEANE,,320,OMEGA WAY, ,HIAWASSEE,GA,30546-2308,,PO BOX 224,,HIAWASSEE,GA,30546-0022,A,A,,10/31/2017,10/31/2017,10/31/2017,IN PERSON,NO,NO,,NO,HIAW,990,009,050,008,ENOT,00002,139010,00164,176,
TOWNS,01701946,ROSS,DONNA,RAYETTE,,489,HOGSED LN,A,HIAWASSEE,GA,30546-2242,489,HOGSED LN,A,HIAWASSEE,GA,30546-2242,A,A,,10/16/2017,10/16/2017,10/16/2017,IN PERSON,NO,NO,,NO,HIAW,990,009,050,008,ENOT,00002,139010,00002,4,
TOWNS,05892149,CAGLE,HENRY,WILSON,,650,WATERS EDGE CV, ,HIAWASSEE,GA,30546-3419,650,WATERS EDGE CV,,HIAWASSEE,GA,30546-3419,A,A,,10/18/2017,10/18/2017,10/18/2017,IN PERSON,NO,NO,,NO,HIAW,990,009,050,008,ENOT,00002,139010,00069,71,
TOWNS,10842845,GIBBONS,JOANN,BREWSTER,,618,SHORELINE DR, ,HIAWASSEE,GA,30546,618,SHORELINE DR,,HIAWASSEE,GA,30546,A,A,,11/01/2017,11/01/2017,11/01/2017,IN PERSON,NO,NO,,NO,HIAW,990,009,050,008,ENOT,00002,139010,00192,204,
TOWNS,01703358,SORGEN,LAWRENCE,STUART,,345,N MAIN ST, ,HIAWASSEE,GA,30546-2218,,PO BOX 67,,HIAWASSEE,GA,30546-0006,A,A,,11/01/2017,11/01/2017,11/01/2017,IN PERSON,NO,NO,,NO,HIAW,990,009,050,008,ENOT,00002,139010,00185,197,
TOWNS,02961503,THURMAN,MARY,LOUISE,,745,THURMAN DR, ,HIAWASSEE,GA,30546-2312,,PO BOX 689,,HIAWASSEE,GA,30546-0068,A,A,,10/19/2017,10/19/2017,10/19/2017,IN PERSON,NO,NO,,NO,HIAW,990,009,050,008,ENOT,00002,139010,00072,75,
TOWNS,00822272,HALL,CAROL,HARLENE,,446,LONGVIEW DR, ,HIAWASSEE,GA,30546,446,LONGVIEW DR,,HIAWASSEE,GA,30546,A,A,,10/31/2017,10/31/2017,10/31/2017,IN PERSON,NO,NO,,NO,HIAW,990,009,050,008,ENOT,00002,139010,00165,177,
TOWNS,05892147,CAGLE,LINDA,LOUISE,,650,WATERS EDGE CV, ,HIAWASSEE,GA,30546-3419,650,WATERS EDGE CV,,HIAWASSEE,GA,30546-3419,A,A,,10/18/2017,10/18/2017,10/18/2017,IN PERSON,NO,NO,,NO,HIAW,990,009,050,008,ENOT,00002,139010,00071,73,
TOWNS,01149327,FICKLE,SYBIL,R,,449,OAKMONT DR, ,HIAWASSEE,GA,30546,449,OAKMONT DR,,HIAWASSEE,GA,30546,A,A,,10/16/2017,10/16/2017,10/16/2017,IN PERSON,NO,NO,,NO,HIAW,990,009,050,008,ENOT,00002,139010,00021,23,
TOWNS,01703041,NICHOLSON,CHARLES,W,,158,BERRONG ST, ,HIAWASSEE,GA,30546-0323,,PO BOX 323,,HIAWASSEE,GA,30546-0032,A,A,,10/20/2017,10/20/2017,10/20/2017,IN PERSON,NO,NO,,NO,HIAW,990,009,050,008,ENOT,00002,139010,00089,95,
TOWNS,05589492,PERSICK,WILLIAM,THOMAS,,785,UPPER THURMAN DR, ,HIAWASSEE,GA,30546-2314,785,UPPER THURMAN DR,,HIAWASSEE,GA,30546-2314,A,A,,10/30/2017,10/30/2017,10/30/2017,IN PERSON,NO,NO,,NO,HIAW,990,009,050,008,ENOT,00002,139010,00162,172,
TOWNS,10275934,MCGRATTAN,ROBERT,,,411,ADMIRALS PT, ,HIAWASSEE,GA,30546,411,ADMIRALS PT,,HIAWASSEE,GA,30546,A,A,,10/23/2017,10/23/2017,10/23/2017,IN PERSON,NO,NO,,NO,HIAW,990,009,050,008,ENOT,00002,139010,00099,105,
TOWNS,05257466,WEDGWOOD,ROBERT,LAWRENCE,,374,OMEGA WAY, ,HIAWASSEE,GA,30546-2308,374,OMEGA WAY,,HIAWASSEE,GA,30546-2308,A,A,,10/17/2017,10/17/2017,10/17/2017,IN PERSON,NO,NO,,NO,HIAW,990,009,050,008,ENOT,00002,139010,00044,46,
TOWNS,02092448,SAVAGE,ROBERT,W,,378,BEL AIRE DR, ,HIAWASSEE,GA,30546-3313,378,BEL AIRE DR,,HIAWASSEE,GA,30546-3313,A,A,,10/18/2017,10/18/2017,10/18/2017,IN PERSON,NO,NO,,NO,HIAW,990,009,050,008,ENOT,00002,139010,00058,60,
TOWNS,02734586,SCOTT,WALTER,,,263,LAKESIDE DR, ,HIAWASSEE,GA,30546-3209,263,LAKESIDE DR,,HIAWASSEE,GA,30546-3209,A,A,,10/18/2017,10/18/2017,10/18/2017,IN PERSON,NO,NO,,NO,HIAW,990,009,050,008,ENOT,00002,139010,00062,64,
TOWNS,05944551,CYR,JODI,,,432,ADMIRALS PT, ,HIAWASSEE,GA,30546,432,ADMIRALS PT,,HIAWASSEE,GA,30546,A,A,,10/23/2017,10/23/2017,10/23/2017,IN PERSON,NO,NO,,NO,HIAW,990,009,050,008,ENOT,00002,139010,00096,102,
TOWNS,01705207,FOX,SHIRLEY,ANN,,303,SKYVIEW DR,UNIT 23A,HIAWASSEE,GA,30546,303,SKYVIEW DR,UNIT 23A,HIAWASSEE,GA,30546,A,A,,10/30/2017,10/30/2017,10/30/2017,IN PERSON,NO,NO,,NO,HIAW,990,009,050,008,ENOT,00002,139010,00156,166,
TOWNS,00514570,WEDGWOOD,ANN,R,,359,LAKE POINT LN, ,HIAWASSEE,GA,30546-2305,359,LAKE POINT LN,,HIAWASSEE,GA,30546-2305,A,A,,10/17/2017,10/17/2017,10/17/2017,IN PERSON,NO,NO,,NO,HIAW,990,009,050,008,ENOT,00002,139010,00031,33,
TOWNS,06379886,FRANK,SALLY,M,,390,BEL AIRE DR, ,HIAWASSEE,GA,30546-3313,,PO BOX 957,,HIAWASSEE,GA,30546-0095,A,A,,10/17/2017,10/17/2017,10/17/2017,IN PERSON,NO,NO,,NO,HIAW,990,009,050,008,ENOT,00002,139010,00045,47,
TOWNS,02245208,MURPHY,DORIS,L,,401,LONGVIEW DR, ,HIAWASSEE,GA,30546,401,LONGVIEW DR,,HIAWASSEE,GA,30546,A,A,,10/31/2017,10/31/2017,10/31/2017,IN PERSON,NO,NO,,NO,HIAW,990,009,050,008,ENOT,00002,139010,00168,180,
TOWNS,01705069,CROTHERS,JOAN,ELAINE,,341,BIG SKY DR, ,HIAWASSEE,GA,30546-2243,341,BIG SKY DR,,HIAWASSEE,GA,30546-2243,A,A,,10/25/2017,10/25/2017,10/25/2017,IN PERSON,NO,NO,,NO,HIAW,990,009,050,008,ENOT,00002,139010,00120,129,
TOWNS,04378109,PALLONE,LINDA,A,,355,N MAIN ST, ,HIAWASSEE,GA,30546,539,539 TIWN MTN RD,,HIAWASSEE,GA,30546,A,A,,10/16/2017,10/16/2017,10/16/2017,IN PERSON,NO,NO,,NO,HIAW,990,009,050,008,ENOT,00002,139010,00025,27,
TOWNS,02763098,ALEXANDER,JULIE,ANN,,614,WATER VIEW DR, ,HIAWASSEE,GA,30546,614,WATER VIEW DR,,HIAWASSEE,GA,30546,A,A,,10/30/2017,10/30/2017,10/30/2017,IN PERSON,NO,NO,,NO,HIAW,990,009,050,008,ENOT,00002,139010,00151,161,
TOWNS,01896025,BERTELSON,LEONARD,WILLIAM,,416,ADMIRALS PT, ,HIAWASSEE,GA,30546,416,ADMIRALS PT,,HIAWASSEE,GA,30546,A,A,,10/26/2017,10/26/2017,10/31/2017,MAILED,NO,NO,,NO,HIAW,990,009,050,008,ENOT,00002,,00010,140,
TOWNS,05531006,KITTLE,JOHANNE,SCHMELZ,,402,ADMIRALS PT, ,HIAWASSEE,GA,30546,402,ADMIRALS PT,,HIAWASSEE,GA,30546,A,A,,10/16/2017,10/16/2017,10/16/2017,IN PERSON,NO,NO,,NO,HIAW,990,009,050,008,ENOT,00002,139010,00018,20,
TOWNS,11135566,WOODAZ,CHRISTOPHER,STANLEY,,762,HIAWASSEE ESTS DR, ,HIAWASSEE,GA,30546,762,HIAWASSEE ESTS DR,,HIAWASSEE,GA,30546,A,A,,11/01/2017,11/01/2017,11/01/2017,IN PERSON,NO,NO,,NO,HIAW,990,009,050,008,ENOT,00002,139010,00178,190,
TOWNS,08946087,HENNEGAR,GILFORD,HAROLD,,735,BELL CREEK RD, ,HIAWASSEE,GA,30546,735,BELL CREEK RD,,HIAWASSEE,GA,30546,A,A,,10/16/2017,10/16/2017,10/16/2017,IN PERSON,NO,NO,,NO,HIAW,990,009,050,008,ENOT,00002,139010,00008,10,
TOWNS,04105094,PENLAND,TRUDY,,,547,COTTAGE HILL DR, ,HIAWASSEE,GA,30546,547,COTTAGE HILL DR,,HIAWASSEE,GA,30546,A,A,,10/17/2017,10/17/2017,10/17/2017,IN PERSON,NO,NO,,NO,HIAW,990,009,050,008,ENOT,00002,139010,00033,35,
TOWNS,01703090,WORTHY,JEAN,H,,609,LONGVIEW DR, ,HIAWASSEE,GA,30546-3407,609,LONGVIEW DR,,HIAWASSEE,GA,30546-3407,A,A,,11/02/2017,11/02/2017,11/02/2017,IN PERSON,NO,NO,,NO,HIAW,990,009,050,008,ENOT,00002,139010,00197,209,
TOWNS,01703364,SMITH,STEPHEN,HOMER,,593,KANUGA ST, ,HIAWASSEE,GA,30546,593,KANUGA ST,,HIAWASSEE,GA,30546,A,A,,10/20/2017,10/20/2017,10/20/2017,IN PERSON,NO,NO,,NO,HIAW,990,009,050,008,ENOT,00002,139010,00086,92,
TOWNS,01702651,MARSHALL,TERRYLYNNE,,,716,HIAWASSEE ESTS DR, ,HIAWASSEE,GA,30546,716,HIAWASSEE ESTS,,HIAWASSEE,GA,30546-2208,A,A,,10/16/2017,10/16/2017,10/16/2017,IN PERSON,NO,NO,,NO,HIAW,990,009,050,008,ENOT,00002,139010,00001,3,
TOWNS,01701798,BERRY,DON,H,,22,RIVER ST, ,HIAWASSEE,GA,30546-3238,,PO BOX 1153,,HIAWASSEE,GA,30546-0115,A,A,,10/26/2017,10/26/2017,10/26/2017,IN PERSON,NO,NO,,NO,HIAW,990,009,050,008,ENOT,00002,139010,00140,150,
TOWNS,01703244,THURMAN,DALE,E,,743,UPPER THURMAN DR, ,HIAWASSEE,GA,30546-2314,,PO BOX 145,,HIAWASSEE,GA,30546-0014,A,A,,10/17/2017,10/17/2017,10/17/2017,IN PERSON,NO,NO,,NO,HIAW,990,009,050,008,ENOT,00002,139010,00052,54,
TOWNS,07921639,BERRONG,CHELSEA,,,659,WHITE ST, ,HIAWASSEE,GA,30546,659,WHITE ST,,HIAWASSEE,GA,30546,A,A,,10/24/2017,10/24/2017,10/24/2017,IN PERSON,NO,NO,,NO,HIAW,990,009,050,008,ENOT,00002,139010,00111,120,
TOWNS,01558663,PARKMAN,RICHARD,HILL,,451,OAKMONT DR, ,HIAWASSEE,GA,30546-3430,,PO BOX 889,,HIAWASSEE,GA,30546-0088,A,A,,10/24/2017,10/24/2017,10/24/2017,IN PERSON,NO,NO,,NO,HIAW,990,009,050,008,ENOT,00002,139010,00113,122,
TOWNS,10135846,MERRITT,KENNETH,EDWARD,,809,PEARTREE LN, ,HIAWASSEE,GA,30546,,P.O BOX 364,,HIAWASSEE,GA,30546,A,A,,10/17/2017,10/17/2017,10/17/2017,IN PERSON,NO,NO,,NO,HIAW,990,009,050,008,ENOT,00002,139010,00042,44,
TOWNS,05666484,MONROE,THEODORE,WILLIAM,,292,RIVER ST N, ,HIAWASSEE,GA,30546,292,RIVER ST N,,HIAWASSEE,GA,30546,A,A,,10/18/2017,10/18/2017,10/18/2017,IN PERSON,NO,NO,,NO,HIAW,990,009,050,008,ENOT,00002,139010,00055,57,
TOWNS,02881295,WEST,JACQUELINE,SU,,420,LONGVIEW CIR, ,HIAWASSEE,GA,30546-3454,420,LONGVIEW CIR,,HIAWASSEE,GA,30546-3454,A,A,,10/23/2017,10/23/2017,10/23/2017,IN PERSON,NO,NO,,NO,HIAW,990,009,050,008,ENOT,00002,139010,00094,100,
TOWNS,08753283,ZINGALE,DONNA,VANDIVER,,62,LAKEVIEW CIR, ,HIAWASSEE,GA,30546,,PO BOX 161,,HIAWASSEE,GA,30546-0016,A,A,,10/25/2017,10/25/2017,10/25/2017,IN PERSON,NO,NO,,NO,HIAW,990,009,050,008,ENOT,00002,139010,00128,137,
TOWNS,08648527,MERCER,CAROL,HOLCOMB,,416,OAKMONT DR, ,HIAWASSEE,GA,30546,416,OAKMONT DR,,HIAWASSEE,GA,30546,A,A,,10/26/2017,10/26/2017,10/26/2017,IN PERSON,NO,NO,,NO,HIAW,990,009,050,008,ENOT,00002,139010,00138,148,
TOWNS,10844353,GIBBONS,DAVID,,,618,SHORELINE DR, ,HIAWASSEE,GA,30546,618,SHORELINE DR,,HIAWASSEE,GA,30546-3456,A,A,,11/01/2017,11/01/2017,11/01/2017,IN PERSON,NO,NO,,NO,HIAW,990,009,050,008,ENOT,00002,139010,00191,203,
TOWNS,01703035,NICHOLSON,FREDDIE,LEE,,563,OAKRIDGE DR, ,HIAWASSEE,GA,30546-2224,563,OAKRIDGE DR,,HIAWASSEE,GA,30546-2224,A,A,,10/24/2017,10/24/2017,10/24/2017,IN PERSON,NO,NO,,NO,HIAW,990,009,050,008,ENOT,00002,139010,00105,114,
TOWNS,10068699,MAHONEY,MARY,MARGARET,,605,WATER VIEW DR, ,HIAWASSEE,GA,30546,605,WATER VIEW DR,,HIAWASSEE,GA,30546,A,A,,10/23/2017,10/23/2017,10/23/2017,IN PERSON,NO,NO,,NO,HIAW,990,009,050,008,ENOT,00002,139010,00097,103,
TOWNS,07648340,FLANAGAN,CHARLES,DOUGLAS,JR,540,KANUGA ST, ,HIAWASSEE,GA,30546,540,KANUGA ST,,HIAWASSEE,GA,30546,A,A,,10/19/2017,10/19/2017,10/19/2017,IN PERSON,NO,NO,,NO,HIAW,990,009,050,008,ENOT,00002,139010,00076,79,
TOWNS,08539584,WEIBLE,JUDITH,ANNE,,388,BEL AIRE DR, ,HIAWASSEE,GA,30546-3313,388,BEL AIRE DR,,HIAWASSEE,GA,30546-3313,A,A,,10/27/2017,10/27/2017,10/27/2017,IN PERSON,NO,NO,,NO,HIAW,990,009,050,008,ENOT,00002,139010,00147,157,
TOWNS,06711577,WEIBLE,WAYNE,ARNOLD,,388,BEL AIRE DR, ,HIAWASSEE,GA,30546-3313,388,BEL AIRE DR,,HIAWASSEE,GA,30546-3313,A,A,,10/27/2017,10/27/2017,10/27/2017,IN PERSON,NO,NO,,NO,HIAW,990,009,050,008,ENOT,00002,139010,00146,156,
TOWNS,01703291,SWANSON,BRENDA,L,,557,MAIN ST N, ,HIAWASSEE,GA,30546,,PO BOX 184,,HIAWASSEE,GA,30546-0018,A,A,,11/01/2017,11/01/2017,11/01/2017,IN PERSON,NO,NO,,NO,HIAW,990,009,050,008,ENOT,00002,139010,00182,194,
TOWNS,06561707,STEELE,JEREMY,JAMES,,220,LAKESIDE DR, ,HIAWASSEE,GA,30546-3207,220,LAKESIDE DR,,HIAWASSEE,GA,30546-3207,A,A,,11/02/2017,11/02/2017,11/02/2017,IN PERSON,NO,NO,,NO,HIAW,990,009,050,008,ENOT,00002,139010,00195,207,
TOWNS,08823843,HAMMOND,REBECCA,ANN CRUM,,600,WATER VIEW DR,APT C,HIAWASSEE,GA,30546,600,WATER VIEW DR,APT C,HIAWASSEE,GA,30546,A,A,,11/03/2017,11/03/2017,11/03/2017,IN PERSON,NO,NO,,NO,HIAW,990,009,050,008,ENOT,00002,139010,00206,218,
TOWNS,01702048,DENTON,EDWARD,H,,201,ROLLING ACRES RD, ,HIAWASSEE,GA,30546,201,ROLLING ACRES RD,,HIAWASSEE,GA,30546,A,A,,10/31/2017,10/31/2017,10/31/2017,IN PERSON,NO,NO,,NO,HIAW,990,009,050,008,ENOT,00002,139010,00170,182,
TOWNS,01704828,BARRETT,DARRELL,,,339,BIG SKY DR, ,HIAWASSEE,GA,30546,339,BIG SKY DR,,HIAWASSEE,GA,30546,A,A,,10/17/2017,10/17/2017,10/17/2017,IN PERSON,NO,NO,,NO,HIAW,990,009,050,008,ENOT,00002,139010,00027,29,
TOWNS,03859429,COOPER,MARVIN,ANDREW,,443,ADMIRALS PT, ,HIAWASSEE,GA,30546,443,ADMIRALS PT,,HIAWASSEE,GA,30546,A,A,,11/03/2017,11/03/2017,11/03/2017,IN PERSON,NO,NO,,NO,HIAW,990,009,050,008,ENOT,00002,139010,00200,212,
TOWNS,01701895,BURGESS,LUCILLE,N,,686,HIAWASSEE ESTS DR, ,HIAWASSEE,GA,30546-2208,686,HIAWASSEE ESTS DR,,HIAWASSEE,GA,30546-2208,A,A,,10/17/2017,10/17/2017,10/17/2017,IN PERSON,NO,NO,,NO,HIAW,990,009,050,008,ENOT,00002,139010,00047,49,
TOWNS,01755416,HARBIN,JOSEPH,WOODROW,,439,BELL ST, ,HIAWASSEE,GA,30546,439,BELL ST,,HIAWASSEE,GA,30546,A,A,,10/24/2017,10/24/2017,10/24/2017,IN PERSON,NO,NO,,NO,HIAW,990,009,050,008,ENOT,00002,139010,00104,113,
TOWNS,08550199,COLE,DOVIE,KATHLEEN,,675,OAKRIDGE DR, ,HIAWASSEE,GA,30546-2225,675,OAKRIDGE DR,,HIAWASSEE,GA,30546-2225,A,A,,10/17/2017,10/17/2017,10/17/2017,IN PERSON,NO,NO,,NO,HIAW,990,009,050,008,ENOT,00002,139010,00039,41,
TOWNS,02371644,GIANNINI,ANGELIA,,,659,WHITE ST, ,HIAWASSEE,GA,30546,659,WHITE ST,,HIAWASSEE,GA,30546,A,A,,10/23/2017,10/23/2017,10/23/2017,IN PERSON,NO,NO,,NO,HIAW,990,009,050,008,ENOT,00002,139010,00093,99,
TOWNS,03200111,BRUCE,HERBERT,P,,530,HIAWASSEE ESTS DR,A1,HIAWASSEE,GA,30546,,PO BOX 1153,,HIAWASSEE,GA,30546-0115,A,A,,10/30/2017,10/30/2017,10/30/2017,IN PERSON,NO,NO,,NO,HIAW,990,009,050,008,ENOT,00002,139010,00159,169,
TOWNS,01702159,HOGSED,MAX,,,302,HARBOR RD, ,HIAWASSEE,GA,30546-2204,,PO BOX 92,,HIAWASSEE,GA,30546-0009,A,A,,10/17/2017,10/17/2017,10/17/2017,IN PERSON,NO,NO,,NO,HIAW,990,009,050,008,ENOT,00002,139010,00046,48,
TOWNS,01702641,MATHIS,BARBARA,A,,249,BELL ST, ,HIAWASSEE,GA,30546-2319,,PO BOX 122,,HIAWASSEE,GA,30546-0012,A,A,,10/30/2017,10/30/2017,10/30/2017,IN PERSON,NO,NO,,NO,HIAW,990,009,050,008,ENOT,00002,139010,00157,167,
TOWNS,10933354,FRANK,KATHRYN,,,379,LONGVIEW DR,APT # A,HIAWASSEE,GA,30546,379,LONGVIEW DR,APT # A,HIAWASSEE,GA,30546,A,A,,11/03/2017,11/03/2017,11/03/2017,IN PERSON,NO,NO,,NO,HIAW,990,009,050,008,ENOT,00002,139010,00203,215,
TOWNS,10184988,ADAMS,CHASE,AARON,,767,THURMAN DR, ,HIAWASSEE,GA,30546,2690,PO BOX 899,,HIAWASSEE,GA,30546,A,A,,11/03/2017,11/03/2017,11/03/2017,IN PERSON,NO,NO,,NO,HIAW,990,009,050,008,ENOT,00002,139010,00211,223,
TOWNS,10245366,COOLEY,BLONNIE,SHARRON,,108,CHURCH ST,APT 207,HIAWASSEE,GA,30546,108,CHURCH ST,APT 207,HIAWASSEE,GA,30546,A,A,,04/20/2016,10/31/2017,11/07/2017,MAILED,NO,NO,ELDERLY,NO,HIAW,990,009,050,008,ENOT,00002,,00011,173,
TOWNS,04080861,COLVARD,SUSAN,BROWN,,477,MAIN ST S, ,HIAWASSEE,GA,30546-3414,,PO BOX 762,,HIAWASSEE,GA,30546-0076,A,A,,10/31/2017,10/31/2017,10/31/2017,IN PERSON,NO,NO,,NO,HIAW,990,009,050,008,ENOT,00002,139010,00167,179,
TOWNS,08274878,BYERS,CHELSEY,AUTUMN,,490,PRESLEY RD, ,HIAWASSEE,GA,30546,490,PRESLEY RD,,HIAWASSEE,GA,30546,A,A,,11/01/2017,11/01/2017,11/01/2017,IN PERSON,NO,NO,,NO,HIAW,990,009,050,008,ENOT,00002,139010,00189,201,
TOWNS,02841559,POWELL,JAMES,RICHARD,,30,CHANCEY RIDGE RD, ,HIAWASSEE,GA,30546-2412,,P O BOX 273,,HIAWASSEE,GA,30546,A,A,,10/16/2017,10/16/2017,10/16/2017,IN PERSON,NO,NO,,NO,HIAW,990,009,050,008,ENOT,00002,139010,00012,14,
TOWNS,08530002,RICH,DARRELL,LYNN,,416,LONGVIEW CIR, ,HIAWASSEE,GA,30546-3454,416,LONGVIEW CIR,,HIAWASSEE,GA,30546-3454,A,A,,11/01/2017,11/01/2017,11/01/2017,IN PERSON,NO,NO,,NO,HIAW,990,009,050,008,ENOT,00002,139010,00175,187,
TOWNS,08911973,PRINTZ,SHIRLEY,ANN,,551,COTTAGE HILL DR, ,HIAWASSEE,GA,30546-2341,551,COTTAGE HILL DR,,HIAWASSEE,GA,30546-2341,A,A,,10/19/2017,10/19/2017,10/31/2017,MAILED,NO,NO,ELDERLY,NO,HIAW,990,009,050,008,ENOT,00002,,00006,85,
TOWNS,06631272,WENTZEL,PAUL,K,,352,BLUE SKY DR, ,HIAWASSEE,GA,30546,352,BLUE SKY DR,,HIAWASSEE,GA,30546,A,A,,10/19/2017,10/19/2017,10/19/2017,IN PERSON,NO,NO,,NO,HIAW,990,009,050,008,ENOT,00002,139010,00085,91,
TOWNS,01702045,DENTON,DONNIE,I,,703,HIAWASSEE ESTS DR, ,HIAWASSEE,GA,30546-2210,703,HIAWASSEE ESTS DR,,HIAWASSEE,GA,30546-2210,A,A,,10/19/2017,10/19/2017,10/19/2017,IN PERSON,NO,NO,,NO,HIAW,990,009,050,008,ENOT,00002,139010,00081,87,
TOWNS,06336259,SULLIVAN,PATRICIA,LOUISE,,355,LAKE POINT LN, ,HIAWASSEE,GA,30546,,PO BOX 369,,HIAWASSEE,GA,30546,A,A,,10/24/2017,10/24/2017,10/24/2017,IN PERSON,NO,NO,,NO,HIAW,990,009,050,008,ENOT,00002,139010,00110,119,
TOWNS,06474938,GAUCHER,RONALD,EVERETT,,377,LONGVIEW DR, ,HIAWASSEE,GA,30546,377,LONGVIEW DR,,HIAWASSEE,GA,30546,A,A,,10/24/2017,10/24/2017,10/24/2017,IN PERSON,NO,NO,,NO,HIAW,990,009,050,008,ENOT,00002,139010,00107,116,
TOWNS,06296199,WILSON,WILLIAM,DAVID,,1183,KANUGA ST, ,HIAWASSEE,GA,30546-2418,,PO BOX 1063,,HIAWASSEE,GA,30546-0106,A,A,,10/26/2017,10/26/2017,10/26/2017,IN PERSON,NO,NO,,NO,HIAW,990,009,050,008,ENOT,00002,139010,00136,146,
TOWNS,01702174,HOGSED,CAMILLA,R,,493,HOGSED LN, ,HIAWASSEE,GA,30546-2242,,PO BOX 211,,HIAWASSEE,GA,30546-0021,A,A,,10/30/2017,10/30/2017,10/30/2017,IN PERSON,NO,NO,,NO,HIAW,990,009,050,008,ENOT,00002,139010,00161,171,
TOWNS,10847239,BYERS,BLAKE,TANNER,,490,PRESLEY RD, ,HIAWASSEE,GA,30546,,P O BOX 642,,HIAWASSEE,GA,30546,A,A,,11/01/2017,11/01/2017,11/01/2017,IN PERSON,NO,NO,,NO,HIAW,990,009,050,008,ENOT,00002,139010,00188,200,
TOWNS,10495996,MORELLO,MARCO,,,406,ADMIRALS PT, ,HIAWASSEE,GA,30546,406,ADMIRALS PT,,HIAWASSEE,GA,30546-3400,A,A,,11/02/2017,11/02/2017,11/02/2017,IN PERSON,NO,NO,,NO,HIAW,990,009,050,008,ENOT,00002,139010,00194,206,
TOWNS,05531023,STEENERSON,BOBBIE,J,,115,BERRONG ST, ,HIAWASSEE,GA,30546,,PO BOX 81,,HIAWASSEE,GA,30546-0008,A,A,,10/31/2017,10/31/2017,10/31/2017,IN PERSON,NO,NO,,NO,HIAW,990,009,050,008,ENOT,00002,139010,00169,181,
TOWNS,01701724,BARRETT,LOUNELL,SHOOK,,339,BIG SKY DR, ,HIAWASSEE,GA,30546,339,BIG SKY DR,,HIAWASSEE,GA,30546,A,A,,10/17/2017,10/17/2017,10/17/2017,IN PERSON,NO,NO,,NO,HIAW,990,009,050,008,ENOT,00002,139010,00028,30,
TOWNS,01701632,ALLEN,HENRY,WALLACE,,230,C A DR, ,HIAWASSEE,GA,30546,,PO BOX 264,,HIAWASSEE,GA,30546-0026,A,A,,10/27/2017,10/27/2017,10/27/2017,IN PERSON,NO,NO,,NO,HIAW,990,009,050,008,ENOT,00002,139010,00149,159,
TOWNS,03499082,KIMSEY,PATRICK,RALPH,,833,HIAWASSEE ESTS DR, ,HIAWASSEE,GA,30546-2211,833,HIAWASSEE ESTS DR,,HIAWASSEE,GA,30546-2211,A,A,,10/18/2017,10/18/2017,10/18/2017,IN PERSON,NO,NO,,NO,HIAW,990,009,050,008,ENOT,00002,139010,00056,58,
TOWNS,08542108,JACKSON,WILLIAM,HARL,,436,ADMIRALS PT, ,HIAWASSEE,GA,30546,436,ADMIRALS PT,,HIAWASSEE,GA,30546,A,A,,10/25/2017,10/25/2017,10/25/2017,IN PERSON,NO,NO,,NO,HIAW,990,009,050,008,ENOT,00002,139010,00121,130,
TOWNS,05366867,SHATTLES,MARGARET,H,,568,KANUGA ST, ,HIAWASSEE,GA,30546-2410,568,KANUGA ST,,HIAWASSEE,GA,30546-2410,A,A,,10/16/2017,10/16/2017,10/16/2017,IN PERSON,NO,NO,,NO,HIAW,990,009,050,008,ENOT,00002,139010,00004,6,
TOWNS,04879309,MARLOW,THOMAS,EUGENE,,345,MOUNTAIN DR N, ,HIAWASSEE,GA,30546,345,MOUNTAIN DR N,,HIAWASSEE,GA,30546,A,A,,10/16/2017,10/16/2017,10/16/2017,IN PERSON,NO,NO,,NO,HIAW,990,009,050,008,ENOT,00002,139010,00016,18,
TOWNS,04947805,NICHOLSON,DOUGLAS,A,,124,BERRONG ST, ,HIAWASSEE,GA,30546,,PO BOX 404,,HIAWASSEE,GA,30546-0040,A,A,,10/18/2017,10/18/2017,10/18/2017,IN PERSON,NO,NO,,NO,HIAW,990,009,050,008,ENOT,00002,139010,00061,63,
TOWNS,04214925,HANCOCK,MARIE,A,,420,ADMIRALS PT, ,HIAWASSEE,GA,30546-3400,420,ADMIRALS PT,,HIAWASSEE,GA,30546-3400,A,A,,10/17/2017,10/17/2017,10/17/2017,IN PERSON,NO,NO,,NO,HIAW,990,009,050,008,ENOT,00002,139010,00036,38,
TOWNS,08312288,ABERNATHY,SUBRINA,MARIE,,324,SIMS CIR, ,HIAWASSEE,GA,30546,,P O BOX 245,,HIAWASSEE,GA,30546,A,A,,10/27/2017,10/27/2017,10/27/2017,IN PERSON,NO,NO,,NO,HIAW,990,009,050,008,ENOT,00002,139010,00150,160,
TOWNS,02274650,SCHULTZ,WAYNE,B,,418,LONGVIEW CIR, ,HIAWASSEE,GA,30546,418,LONGVIEW CIR,,HIAWASSEE,GA,30546,A,A,,11/01/2017,11/01/2017,11/01/2017,IN PERSON,NO,NO,,NO,HIAW,990,009,050,008,ENOT,00002,139010,00180,192,
TOWNS,10495994,MORELLO,FRANCO,,,406,ADMIRALS PT, ,HIAWASSEE,GA,30546,406,ADMIRALS PT,,HIAWASSEE,GA,30546-3400,A,A,,11/02/2017,11/02/2017,11/02/2017,IN PERSON,NO,NO,,NO,HIAW,990,009,050,008,ENOT,00002,139010,00193,205,
TOWNS,01944944,DRISKELL,ALLAN,EUGENE,,50,LAKEVIEW CIR, ,HIAWASSEE,GA,30546,,PO BOX 268,,HIAWASSEE,GA,30546-0026,A,A,,10/17/2017,10/17/2017,10/17/2017,IN PERSON,NO,NO,,NO,HIAW,990,009,050,008,ENOT,00002,139010,00037,39,
TOWNS,01765904,HARBIN,LAUREL,ANNE,,439,BELL ST, ,HIAWASSEE,GA,30546,439,BELL ST,,HIAWASSEE,GA,30546,A,A,,10/25/2017,10/25/2017,10/25/2017,IN PERSON,NO,NO,,NO,HIAW,990,009,050,008,ENOT,00002,139010,00123,132,
TOWNS,01702221,HEDDEN,LEILA,EILEEN,,538,BELL ST, ,HIAWASSEE,GA,30546-2320,,PO BOX 74,,HIAWASSEE,GA,30546-0007,A,A,,10/26/2017,10/26/2017,10/26/2017,IN PERSON,NO,NO,,NO,HIAW,990,009,050,008,ENOT,00002,139010,00133,143,
TOWNS,02061529,O'NEAL,SHELEILA,J,,205,ROLLING ACRES RD, ,HIAWASSEE,GA,30546,205,ROLLING ACRES RD,,HIAWASSEE,GA,30546,A,A,,10/18/2017,10/18/2017,10/18/2017,IN PERSON,NO,NO,,NO,HIAW,990,009,050,008,ENOT,00002,139010,00065,67,
TOWNS,01702444,FAIN,SCOTTY,D,,312,HARBOR RD, ,HIAWASSEE,GA,30546-2204,,PO BOX 12,,HIAWASSEE,GA,30546-0001,A,A,,10/20/2017,10/20/2017,10/20/2017,IN PERSON,NO,NO,,NO,HIAW,990,009,050,008,ENOT,00002,139010,00091,97,
TOWNS,05366859,SHATTLES,ROBERT,C,,568,KANUGA ST, ,HIAWASSEE,GA,30546-2410,568,KANUGA ST,,HIAWASSEE,GA,30546-2410,A,A,,10/16/2017,10/16/2017,10/16/2017,IN PERSON,NO,NO,,NO,HIAW,990,009,050,008,ENOT,00002,139010,00005,7,
TOWNS,11467447,GONZALEZ,LIGIA,,,416,BRADSHAW LN, ,HIAWASSEE,GA,30546,416,BRADSHAW LN,,HIAWASSEE,GA,30546,A,A,,10/13/2017,10/16/2017,10/24/2017,MAILED,NO,NO,,NO,HIAW,990,009,050,008,ENOT,00002,,00002,2,
TOWNS,08912004,COVINGTON,ELIZABETH,CANARY,,555,COTTAGE HILL DR, ,HIAWASSEE,GA,30546-2317,555,COTTAGE HILL DR,,HIAWASSEE,GA,30546-2317,A,A,,10/19/2017,10/19/2017,10/31/2017,MAILED,NO,NO,,NO,HIAW,990,009,050,008,ENOT,00002,,00004,83,
TOWNS,10046986,KAPLAN,SHERWIN,SAMUEL,,355,LAKE POINT LN, ,HIAWASSEE,GA,30546,,PO BOX 369,,HIAWASSEE,GA,30546,A,A,,10/24/2017,10/24/2017,10/24/2017,IN PERSON,NO,NO,,NO,HIAW,990,009,050,008,ENOT,00002,139010,00109,118,
TOWNS,01703012,NOBLET,NATHAN,P,,490,PRESLEY RD, ,HIAWASSEE,GA,30546-3320,,PO BOX 641,,HIAWASSEE,GA,30546-0064,A,A,,10/31/2017,10/31/2017,10/31/2017,IN PERSON,NO,NO,,NO,HIAW,990,009,050,008,ENOT,00002,139010,00172,184,
TOWNS,01149325,FICKLE,ALVIN,C,,449,OAKMONT DR, ,HIAWASSEE,GA,30546,449,OAKMONT DR,,HIAWASSEE,GA,30546,A,A,,10/16/2017,10/16/2017,10/16/2017,IN PERSON,NO,NO,,NO,HIAW,990,009,050,008,ENOT,00002,139010,00009,11,
TOWNS,07431781,LUCKENBACH,ELLEN,HESSELING,,208,ROLLING ACRES RD, ,HIAWASSEE,GA,30546,208,ROLLING ACRES RD,,HIAWASSEE,GA,30546,A,A,,10/26/2017,10/26/2017,10/26/2017,IN PERSON,NO,NO,,NO,HIAW,990,009,050,008,ENOT,00002,139010,00142,152,
TOWNS,01703367,SMITH,MARY,K,,593,KANUGA ST, ,HIAWASSEE,GA,30546,593,KANUGA ST,,HIAWASSEE,GA,30546,A,A,,11/01/2017,11/01/2017,11/01/2017,IN PERSON,NO,NO,,NO,HIAW,990,009,050,008,ENOT,00002,139010,00190,202,
TOWNS,05548374,COOPER,BETTY,MARIE,,416,OAKMONT DR,APT A,HIAWASSEE,GA,30546,416,OAKMONT DR,APT A,HIAWASSEE,GA,30546,A,A,,10/17/2017,10/17/2017,10/17/2017,IN PERSON,NO,NO,,NO,HIAW,990,009,050,008,ENOT,00002,139010,00049,51,
TOWNS,01703357,SORGEN,ANGELA,WEBB,,345,N MAIN ST, ,HIAWASSEE,GA,30546-2218,,PO BOX 67,,HIAWASSEE,GA,30546,A,A,,11/01/2017,11/01/2017,11/01/2017,IN PERSON,NO,NO,,NO,HIAW,990,009,050,008,ENOT,00002,139010,00184,196,
TOWNS,01702631,MELTON,JAMES,L,,464,KANUGA ST, ,HIAWASSEE,GA,30546-9458,464,KANUGA ST,,HIAWASSEE,GA,30546-9458,A,A,,10/16/2017,10/16/2017,10/16/2017,IN PERSON,NO,NO,,NO,HIAW,990,009,050,008,ENOT,00002,139010,00024,26,
TOWNS,08955907,KAIRNEY,ALEXANDER,JAMES,,605,WATER VIEW DR,UNIT 2C,HIAWASSEE,GA,30546,605,WATER VIEW DR,UNIT 2C,HIAWASSEE,GA,30546,A,A,,10/23/2017,10/23/2017,10/23/2017,IN PERSON,NO,NO,,NO,HIAW,990,009,050,008,ENOT,00002,139010,00098,104,
TOWNS,06813547,WAGNER,SUZANNE,SPARKS,,409,LONGVIEW CIR, ,HIAWASSEE,GA,30546,409,LONGVIEW CIR,,HIAWASSEE,GA,30546,A,A,,10/30/2017,10/30/2017,10/30/2017,IN PERSON,NO,NO,,NO,HIAW,990,009,050,008,ENOT,00002,139010,00160,170,
TOWNS,05936054,ALEXANDER,JOSHUA,JAY,,614,WATER VIEW DR, ,HIAWASSEE,GA,30546,614,WATER VIEW DR,,HIAWASSEE,GA,30546,A,A,,10/30/2017,10/30/2017,10/30/2017,IN PERSON,NO,NO,,NO,HIAW,990,009,050,008,ENOT,00002,139010,00152,162,
TOWNS,06784383,SCOTT,SUSAN,LARAINE,,404,LONGVIEW CIR, ,HIAWASSEE,GA,30546-3454,,PO BOX 542,,HIAWASSEE,GA,30546-0054,A,A,,10/24/2017,10/24/2017,10/24/2017,IN PERSON,NO,NO,,NO,HIAW,990,009,050,008,ENOT,00002,139010,00115,124,
TOWNS,01702175,HOGSED,CHARLENE,ELLER,,302,HARBOR RD, ,HIAWASSEE,GA,30546-2204,,PO BOX 92,,HIAWASSEE,GA,30546-0009,A,A,,10/17/2017,10/17/2017,10/17/2017,IN PERSON,NO,NO,,NO,HIAW,990,009,050,008,ENOT,00002,139010,00048,50,
TOWNS,01703251,THOMPSON,BARBARA,S,,561,LONGVIEW DR, ,HIAWASSEE,GA,30546-3406,561,LONGVIEW DR,,HIAWASSEE,GA,30546-3406,A,A,,10/30/2017,10/30/2017,10/30/2017,IN PERSON,NO,NO,,NO,HIAW,990,009,050,008,ENOT,00002,139010,00155,165,
TOWNS,01704831,BARRETT,LINDA,JOANNE,,339,BIG SKY DR, ,HIAWASSEE,GA,30546,339,BIG SKY DR,,HIAWASSEE,GA,30546,A,A,,10/18/2017,10/18/2017,10/18/2017,IN PERSON,NO,NO,,NO,HIAW,990,009,050,008,ENOT,00002,139010,00066,68,
TOWNS,02552838,TURNER,LAJEAN,CATRETT,,304,HARBOR RD, ,HIAWASSEE,GA,30546,,PO BOX 1101,,HIAWASSEE,GA,30546-0110,A,A,,10/16/2017,10/16/2017,10/16/2017,IN PERSON,NO,NO,,NO,HIAW,990,009,050,008,ENOT,00002,139010,00007,9,
TOWNS,02734584,SCOTT,SHARON,M,,263,LAKESIDE DR, ,HIAWASSEE,GA,30546-3209,263,LAKESIDE DR,,HIAWASSEE,GA,30546-3209,A,A,,10/18/2017,10/18/2017,10/18/2017,IN PERSON,NO,NO,,NO,HIAW,990,009,050,008,ENOT,00002,139010,00063,65,
TOWNS,01705760,NICHOLSON,LOWELL,B,,537,COTTAGE HILL DR,UNIT 537,HIAWASSEE,GA,30546-2341,537,COTTAGE HILL DR,UNIT 537,HIAWASSEE,GA,30546-2341,A,A,,10/16/2017,10/16/2017,10/16/2017,IN PERSON,NO,NO,,NO,HIAW,990,009,050,008,ENOT,00002,139010,00014,16,
TOWNS,02779340,ADAMS,CLAYTON,MARK,,767,UPPER THURMAN DR, ,HIAWASSEE,GA,30546,,PO BOX 899,,HIAWASSEE,GA,30546,A,A,,11/03/2017,11/03/2017,11/03/2017,IN PERSON,NO,NO,,NO,HIAW,990,009,050,008,ENOT,00002,139010,00207,219,
TOWNS,01702954,PAYNE,STEVE,BUD,,508,TATER RIDGE DR, ,HIAWASSEE,GA,30546-2231,,PO BOX 279,,HIAWASSEE,GA,30546-0027,A,A,,10/25/2017,10/25/2017,10/25/2017,IN PERSON,NO,NO,,NO,HIAW,990,009,050,008,ENOT,00002,139010,00127,136,
TOWNS,04592755,CRAWFORD,MERTIS,ANNE,,515,SEQUOIA DR, ,HIAWASSEE,GA,30546-3417,515,SEQUOIA DR,,HIAWASSEE,GA,30546-3417,A,A,,10/18/2017,10/18/2017,10/18/2017,IN PERSON,NO,NO,,NO,HIAW,990,009,050,008,ENOT,00002,139010,00059,61,
TOWNS,02420374,TURNER,DAVID,NOEL,,304,HARBOR RD, ,HIAWASSEE,GA,30546,,PO BOX 1101,,HIAWASSEE,GA,30546-0110,A,A,,10/19/2017,10/19/2017,10/19/2017,IN PERSON,NO,NO,,NO,HIAW,990,009,050,008,ENOT,00002,139010,00077,80,
TOWNS,01854309,SMITH,REVEL,D,,406,LONGVIEW DR, ,HIAWASSEE,GA,30546-3404,,PO BOX 643,,HIAWASSEE,GA,30546-0064,A,A,,10/16/2017,10/16/2017,10/16/2017,IN PERSON,NO,NO,,NO,HIAW,990,009,050,008,ENOT,00002,139010,00010,12,
TOWNS,02785849,POLLARD,NANCY,LYNELLE,,416,MAIN ST S, ,HIAWASSEE,GA,30546,416,MAIN ST S,,HIAWASSEE,GA,30546,A,A,,10/16/2017,10/16/2017,10/16/2017,IN PERSON,NO,NO,,NO,HIAW,990,009,050,008,ENOT,00002,139010,00017,19,
TOWNS,04914529,COLVARD,RICHARD,MALTBY,,427,ADMIRALS PT, ,HIAWASSEE,GA,30546-3401,427,ADMIRALS PT,,HIAWASSEE,GA,30546-3401,A,A,,10/26/2017,10/26/2017,10/26/2017,IN PERSON,NO,NO,,NO,HIAW,990,009,050,008,ENOT,00002,139010,00141,151,
TOWNS,11135571,WOODAZ,PATTY,KAY,,762,HIAWASSEE ESTS DR, ,HIAWASSEE,GA,30546,762,HIAWASSEE ESTS,,HIAWASSEE,GA,30546-2208,A,A,,11/01/2017,11/01/2017,11/01/2017,IN PERSON,NO,NO,,NO,HIAW,990,009,050,008,ENOT,00002,139010,00179,191,
TOWNS,02006593,JOHNSTON,FRANCES,WATTS,,662,WATERS EDGE CV, ,HIAWASSEE,GA,30546-3419,662,WATERS EDGE CV,,HIAWASSEE,GA,30546-3419,A,A,,11/02/2017,11/02/2017,11/02/2017,IN PERSON,NO,NO,,NO,HIAW,990,009,050,008,ENOT,00002,139010,00196,208,
TOWNS,01558664,PARKMAN,SHARON,DAVIS,,451,OAKMONT DR, ,HIAWASSEE,GA,30546-3430,,PO BOX 889,,HIAWASSEE,GA,30546-0088,A,A,,10/24/2017,10/24/2017,10/24/2017,IN PERSON,NO,NO,,NO,HIAW,990,009,050,008,ENOT,00002,139010,00112,121,
TOWNS,05326073,CHINNICI,JANE,JOANNE,,560,SEQUOIA DR, ,HIAWASSEE,GA,30546-3416,560,SEQUOIA DR,,HIAWASSEE,GA,30546-3416,A,A,,10/16/2017,10/16/2017,10/16/2017,IN PERSON,NO,NO,,NO,HIAW,990,009,050,008,ENOT,00002,139010,00006,8,
TOWNS,05531007,KITTLE,WILLIAM,THOMAS,,402,ADMIRALS PT, ,HIAWASSEE,GA,30546,402,ADMIRALS PT,,HIAWASSEE,GA,30546,A,A,,10/16/2017,10/16/2017,10/16/2017,IN PERSON,NO,NO,,NO,HIAW,990,009,050,008,ENOT,00002,139010,00019,21,
TOWNS,06863333,KOUNTZ,EDWARD,B,,355,MAIN ST N, ,HIAWASSEE,GA,30546,,PO BOX 524,,HIAWASSEE,GA,30546,A,A,,10/20/2017,10/20/2017,10/20/2017,IN PERSON,NO,NO,,NO,HIAW,990,009,050,008,ENOT,00002,139010,00088,94,
TOWNS,00437116,EVERETT,JERRY,,,700,BELL CREEK RD, ,HIAWASSEE,GA,30546-2331,,PO BOX 241,,HIAWASSEE,GA,30546-0024,A,A,,10/26/2017,10/26/2017,10/26/2017,IN PERSON,NO,NO,,NO,HIAW,990,009,050,008,ENOT,00002,139010,00132,142,
TOWNS,01993130,STEVENS,NANCY,H,,414,LONGVIEW CIR, ,HIAWASSEE,GA,30546-3454,414,LONGVIEW CIR,,HIAWASSEE,GA,30546-3454,A,A,,11/03/2017,11/03/2017,11/03/2017,IN PERSON,NO,NO,,NO,HIAW,990,009,050,008,ENOT,00002,139010,00212,224,
TOWNS,10550515,BARRETT,VELZA,,,386,BEL AIRE DR, ,HIAWASSEE,GA,30546,386,BEL AIRE DR,,HIAWASSEE,GA,30546,A,,,10/24/2017,10/24/2017,,MAILED,NO,NO,,NO,HIAW,990,009,050,008,ENOT,00002,,00007,110,
TOWNS,08120348,HARMON,JOHN,MARION,,385,CHANCEY DR, ,HIAWASSEE,GA,30546-2407,,PO BOX 1169,,HIAWASSEE,GA,30546-0116,A,A,,10/20/2017,10/20/2017,10/20/2017,IN PERSON,NO,NO,,NO,HIAW,990,009,050,008,ENOT,00002,139010,00087,93,
TOWNS,03666891,KIMSEY,TONYA,LYNN,,833,HIAWASSEE ESTS DR, ,HIAWASSEE,GA,30546-2211,833,HIAWASSEE ESTS DR,,HIAWASSEE,GA,30546-2211,A,A,,10/18/2017,10/18/2017,10/18/2017,IN PERSON,NO,NO,,NO,HIAW,990,009,050,008,ENOT,00002,139010,00053,55,
TOWNS,01703247,THOMPSON,ROBERT,W,,561,LONGVIEW DR, ,HIAWASSEE,GA,30546-3406,561,LONGVIEW DR,,HIAWASSEE,GA,30546-3406,A,A,,10/23/2017,10/23/2017,10/23/2017,IN PERSON,NO,NO,,NO,HIAW,990,009,050,008,ENOT,00002,139010,00101,107,
TOWNS,02843574,POWELL,KAREN,ELIZABETH,,30,CHANCEY RIDGE RD, ,HIAWASSEE,GA,30546-2412,,P O BOX 273,,HIAWASSEE,GA,30546,A,A,,10/16/2017,10/16/2017,10/16/2017,IN PERSON,NO,NO,,NO,HIAW,990,009,050,008,ENOT,00002,139010,00011,13,
TOWNS,04952521,BROWN,BENJAMIN,J,,625,OAKRIDGE DR, ,HIAWASSEE,GA,30546,625,OAKRIDGE DR,,HIAWASSEE,GA,30546,A,A,,10/24/2017,10/24/2017,11/02/2017,MAILED,NO,NO,,NO,HIAW,990,009,050,008,ENOT,00002,,00008,111,
TOWNS,04003561,FLANAGAN,ALICIA,DAWN,,540,KANUGA ST, ,HIAWASSEE,GA,30546,540,KANUGA ST,,HIAWASSEE,GA,30546-2410,A,A,,10/19/2017,10/19/2017,10/19/2017,IN PERSON,NO,NO,,NO,HIAW,990,009,050,008,ENOT,00002,139010,00073,76,
TOWNS,08542046,JACKSON,JEANNE,CAMPBELL,,436,ADMIRALS PT, ,HIAWASSEE,GA,30546-3400,436,ADMIRALS PT,,HIAWASSEE,GA,30546-3400,A,A,,10/17/2017,10/17/2017,10/17/2017,IN PERSON,NO,NO,,NO,HIAW,990,009,050,008,ENOT,00002,139010,00034,36,
TOWNS,06784389,SCOTT,WILLIAM,GEORGE,,404,LONGVIEW CIR, ,HIAWASSEE,GA,30546-3454,,PO BOX 542,,HIAWASSEE,GA,30546-0054,A,A,,10/24/2017,10/24/2017,10/24/2017,IN PERSON,NO,NO,,NO,HIAW,990,009,050,008,ENOT,00002,139010,00114,123,
TOWNS,06086420,PHILLIPS,SUSAN,GALE,,416,LONGVIEW CIR, ,HIAWASSEE,GA,30546-3454,416,LONGVIEW CIR,,HIAWASSEE,GA,30546-3454,A,A,,11/01/2017,11/01/2017,11/01/2017,IN PERSON,NO,NO,,NO,HIAW,990,009,050,008,ENOT,00002,139010,00176,188,
TOWNS,10063411,CHINNICI,JENNIFER,MICHELLE,,560,SEQUOIA DR, ,HIAWASSEE,GA,30546,560,SEQUOIA DR,,HIAWASSEE,GA,30546-3416,A,A,,10/17/2017,10/17/2017,10/17/2017,IN PERSON,NO,NO,,NO,HIAW,990,009,050,008,ENOT,00002,139010,00040,42,
TOWNS,01703225,TOMLINSON,PATRICIA,A,,415,LONGVIEW CIR, ,HIAWASSEE,GA,30546,415,LONGVIEW CIR,,HIAWASSEE,GA,30546,A,A,,10/27/2017,10/27/2017,10/27/2017,IN PERSON,NO,NO,,NO,HIAW,990,009,050,008,ENOT,00002,139010,00144,154,
TOWNS,08045091,PIERCE,FREDERICK,ELMORE,,305,SKY VIEW DR,UNIT 20B,HIAWASSEE,GA,30546-2276,305,SKY VIEW DR,UNIT 20B,HIAWASSEE,GA,30546-2276,A,A,,10/25/2017,10/25/2017,10/25/2017,IN PERSON,NO,NO,,NO,HIAW,990,009,050,008,ENOT,00002,139010,00118,127,
TOWNS,01702402,FRANK,GORDON,R,,390,BEL AIRE DR, ,HIAWASSEE,GA,30546-3313,,PO BOX 957,,HIAWASSEE,GA,30546-0095,A,A,,11/03/2017,11/03/2017,11/03/2017,IN PERSON,NO,NO,,NO,HIAW,990,009,050,008,ENOT,00002,139010,00215,227,
TOWNS,08699055,SEYFFART,SANDRA,DEE,,480,PRESLEY RD, ,HIAWASSEE,GA,30546,,PO BOX 496,,HIAWASSEE,GA,30546,A,A,,11/03/2017,11/03/2017,11/03/2017,IN PERSON,NO,NO,,NO,HIAW,990,009,050,008,ENOT,00002,139010,00202,214,
TOWNS,06440870,OWENS,PATSY,GIBSON,,127,ROLLING ACRES RD, ,HIAWASSEE,GA,30546,127,ROLLING ACRES RD,,HIAWASSEE,GA,30546,A,A,,10/27/2017,10/27/2017,10/27/2017,IN PERSON,NO,NO,,NO,HIAW,990,009,050,008,ENOT,00002,139010,00148,158,
TOWNS,01701815,BODAGER,MARY,ROSELLE,,304,OVERLOOK DR, ,HIAWASSEE,GA,30546,,PO BOX 667,,HIAWASSEE,GA,30546-0066,A,A,,10/31/2017,10/31/2017,11/06/2017,MAILED,NO,NO,,NO,HIAW,990,009,050,008,ENOT,00002,,00012,174,
TOWNS,05619425,SISSELL,CLARENCE,DALE,,351,LITELIL RD, ,HIAWASSEE,GA,30546-2428,351,LITELIL RD,,HIAWASSEE,GA,30546-2428,A,A,,10/17/2017,10/17/2017,10/17/2017,IN PERSON,NO,NO,,NO,HIAW,990,009,050,008,ENOT,00002,139010,00043,45,
TOWNS,03654048,WILSON,FELICE,S,,1183,KANUGA ST, ,HIAWASSEE,GA,30546,,PO BOX 1063,,HIAWASSEE,GA,30546,A,A,,10/26/2017,10/26/2017,10/26/2017,IN PERSON,NO,NO,,NO,HIAW,990,009,050,008,ENOT,00002,139010,00135,145,
TOWNS,08274485,SMITH,ANDREW,,,593,KANUGA ST, ,HIAWASSEE,GA,30546,593,KANUGA ST,,HIAWASSEE,GA,30546,A,A,,10/18/2017,10/18/2017,10/18/2017,IN PERSON,NO,NO,,NO,HIAW,990,009,050,008,ENOT,00002,139010,00057,59,
TOWNS,01702607,MITCHELL,ANNE,OLIVER,,448,LLOYD MTN RD, ,HIAWASSEE,GA,30546-3302,,PO BOX 280,,HIAWASSEE,GA,30546-0028,A,A,,10/17/2017,10/17/2017,10/17/2017,IN PERSON,NO,NO,,NO,HIAW,990,009,050,008,ENOT,00002,139010,00035,37,
TOWNS,08806895,MCPEAK,LESLIE,ELEANOR,,347,N MAIN ST, ,HIAWASSEE,GA,30546,401,SOUTH MAIN ST,,HIAWASSEE,GA,30546,A,A,,10/17/2017,10/17/2017,10/17/2017,IN PERSON,NO,NO,,NO,HIAW,990,009,050,008,ENOT,00002,139010,00030,32,
TOWNS,01702952,PAYNE,MARY,L,,508,TATER RIDGE DR, ,HIAWASSEE,GA,30546-2231,,PO BOX 279,,HIAWASSEE,GA,30546-0027,A,A,,10/25/2017,10/25/2017,10/25/2017,IN PERSON,NO,NO,,NO,HIAW,990,009,050,008,ENOT,00002,139010,00126,135,
TOWNS,08120332,MCCOY,CLYDE,LEDFORD,,205,BERRONG ST, ,HIAWASSEE,GA,30546-2203,,PO BOX 1214,,HIAWASSEE,GA,30546-0121,A,A,,10/16/2017,10/16/2017,10/16/2017,IN PERSON,NO,NO,,NO,HIAW,990,009,050,008,ENOT,00002,139010,00013,15,
TOWNS,00312259,MONROE,JOANN,C,,292,RIVER ST N, ,HIAWASSEE,GA,30546,292,RIVER ST N,,HIAWASSEE,GA,30546,A,A,,10/18/2017,10/18/2017,10/18/2017,IN PERSON,NO,NO,,NO,HIAW,990,009,050,008,ENOT,00002,139010,00054,56,
TOWNS,08283782,MCDONALD,ADELMA,JEAN,,305,SKY VIEW DR, ,HIAWASSEE,GA,30546-2272,305,SKY VIEW DR,,HIAWASSEE,GA,30546-2272,A,A,,10/26/2017,10/26/2017,10/26/2017,IN PERSON,NO,NO,,NO,HIAW,990,009,050,008,ENOT,00002,139010,00137,147,
TOWNS,01703000,OLIVER,FREDDA,M,,474,LLOYD MTN RD, ,HIAWASSEE,GA,30546-3302,,PO BOX 414,,HIAWASSEE,GA,30546-0041,A,A,,10/19/2017,10/19/2017,10/19/2017,IN PERSON,NO,NO,,NO,HIAW,990,009,050,008,ENOT,00002,139010,00083,89,
TOWNS,07265422,THIEM,BETTY,CHURCHWELL,,108,CHURCH ST,APT 114,HIAWASSEE,GA,30546-3211,108,CHURCH ST,APT 114,HIAWASSEE,GA,30546-3211,A,A,,10/31/2017,11/01/2017,11/06/2017,MAILED,NO,NO,ELDERLY,NO,HIAW,990,009,050,008,ENOT,00002,,00013,228,
TOWNS,01702161,HOGSED,LAKE,,,484,TATER RIDGE DR, ,HIAWASSEE,GA,30546,,PO BOX 65,,HIAWASSEE,GA,30546-0006,A,A,,10/20/2017,10/20/2017,10/20/2017,IN PERSON,NO,NO,ELDERLY,NO,HIAW,990,009,050,008,ENOT,00002,139010,00090,96,
TOWNS,08297397,SCOTT,JEFFREY,WALTER,,263,LAKESIDE DR, ,HIAWASSEE,GA,30546-3209,263,LAKESIDE DR,,HIAWASSEE,GA,30546-3209,A,A,,10/23/2017,10/23/2017,10/23/2017,IN PERSON,NO,NO,,NO,HIAW,990,009,050,008,ENOT,00002,139010,00100,106,
TOWNS,07199982,LENGNICK,MARY,DEWINKLER,,413,LONGVIEW CIR, ,HIAWASSEE,GA,30546,413,LONGVIEW CIR,,HIAWASSEE,GA,30546,A,A,,11/01/2017,11/01/2017,11/01/2017,IN PERSON,NO,NO,,NO,HIAW,990,009,050,008,ENOT,00002,139010,00181,193,
TOWNS,10656797,ADAMS,CODY,CAMERON,,767,THURMAN DR, ,HIAWASSEE,GA,30546,,PO BOX 899,,HIAWASSEE,GA,30546,A,A,,11/03/2017,11/03/2017,11/03/2017,IN PERSON,NO,NO,,NO,HIAW,990,009,050,008,ENOT,00002,139010,00210,222,
TOWNS,04507324,RICE,MICHAEL,DAVID,,209,RICE ST, ,HIAWASSEE,GA,30546-2252,209,RICE ST,,HIAWASSEE,GA,30546-2252,A,A,,10/26/2017,10/26/2017,10/26/2017,IN PERSON,NO,NO,,NO,HIAW,990,009,050,008,ENOT,00002,139010,00134,144,
TOWNS,08637869,JONES,PHYLLIS,BEST,,24,RIVER ST, ,HIAWASSEE,GA,30546-3238,24,RIVER ST,,HIAWASSEE,GA,30546-3238,A,A,,10/25/2017,10/25/2017,10/25/2017,IN PERSON,NO,NO,,NO,HIAW,990,009,050,008,ENOT,00002,139010,00125,134,
TOWNS,01702779,KIMSEY,BEVERLY,T,,534,HIAWASSEE ESTS DR,A,HIAWASSEE,GA,30546-2207,534,HIAWASSEE ESTS DR,A,HIAWASSEE,GA,30546-2207,A,A,,10/30/2017,10/30/2017,10/30/2017,IN PERSON,NO,NO,,NO,HIAW,990,009,050,008,ENOT,00002,139010,00158,168,
TOWNS,02030877,COUCH,MARY,MADDOX,,424,MOUNTAIN DR N, ,HIAWASSEE,GA,30546-3240,424,MOUNTAIN DR N,,HIAWASSEE,GA,30546-3240,A,A,,11/03/2017,11/03/2017,11/03/2017,IN PERSON,NO,NO,,NO,HIAW,990,009,050,008,ENOT,00002,139010,00214,226,
TOWNS,05374370,KONDO,STELLA,LOUISE,,303,SKY VIEW DR,UNIT 12A,HIAWASSEE,GA,30546-2275,303,SKY VIEW DR,UNIT 12A,HIAWASSEE,GA,30546-2275,A,A,,10/31/2017,10/31/2017,10/31/2017,IN PERSON,NO,NO,,NO,HIAW,990,009,050,008,ENOT,00002,139010,00174,186,
TOWNS,03151213,WENTZEL,CAROLYN,REBECCA,,352,BLUE SKY DR, ,HIAWASSEE,GA,30546,352,BLUE SKY DR,,HIAWASSEE,GA,30546,A,A,,10/17/2017,10/17/2017,10/17/2017,IN PERSON,NO,NO,,NO,HIAW,990,009,050,008,ENOT,00002,139010,00038,40,
TOWNS,06474961,GAUCHER,ANN,MARIE T,,377,LONGVIEW DR,APT A,HIAWASSEE,GA,30546,377,LONGVIEW DR,APT A,HIAWASSEE,GA,30546,A,A,,10/24/2017,10/24/2017,10/24/2017,IN PERSON,NO,NO,,NO,HIAW,990,009,050,008,ENOT,00002,139010,00108,117,
TOWNS,03295796,GRAHL,BRYAN,ROBERT,,30,RIVER ST, ,HIAWASSEE,GA,30546,1309,HWY 76 E,,HIAWASSEE,GA,30546-0073,A,A,,11/03/2017,11/03/2017,11/03/2017,IN PERSON,NO,NO,,NO,HIAW,990,009,050,008,ENOT,00002,139010,00205,217,
TOWNS,00910452,BROWN,VIOLET,A,,625,OAKRIDGE DR, ,HIAWASSEE,GA,30546,625,OAKRIDGE DR,,HIAWASSEE,GA,30546,A,A,,10/24/2017,10/24/2017,11/02/2017,MAILED,NO,NO,,NO,HIAW,990,009,050,008,ENOT,00002,,00009,112,
TOWNS,04981351,DOTSON,LOTTE,,,545,COTTAGE HILL DR, ,HIAWASSEE,GA,30546-2341,545,COTTAGE HILL DR,,HIAWASSEE,GA,30546-2341,A,A,,10/19/2017,10/19/2017,10/19/2017,IN PERSON,NO,NO,,NO,HIAW,990,009,050,008,ENOT,00002,139010,00082,88,
TOWNS,05290417,DIETSCH,CATHERINE,YVONNE,,380,BEL AIRE DR, ,HIAWASSEE,GA,30546,380,BEL AIRE DR,,HIAWASSEE,GA,30546,A,A,,10/16/2017,10/16/2017,10/16/2017,IN PERSON,NO,NO,,NO,HIAW,990,009,050,008,ENOT,00002,139010,00023,25,
TOWNS,01704518,SMITH,DAVID,PAUL,,305,BIG SKY DR,APT 16B,HIAWASSEE,GA,30546,,PO BOX 56,,HIAWASSEE,GA,30546,A,A,,10/19/2017,10/19/2017,10/19/2017,IN PERSON,NO,NO,,NO,HIAW,990,009,050,008,ENOT,00002,139010,00078,81,
TOWNS,05530757,OLIVER,ANDREW,FRED,,338,ROSS LLOYD RD, ,HIAWASSEE,GA,30546,338,ROSS LLOYD RD,,HIAWASSEE,GA,30546,A,A,,10/25/2017,10/25/2017,10/25/2017,IN PERSON,NO,NO,,NO,HIAW,990,009,050,008,ENOT,00002,139010,00129,138,
TOWNS,01705999,SMITH,PATRICIA,C,,313,OMEGA WAY, ,HIAWASSEE,GA,30546-2309,,PO BOX 94,,HIAWASSEE,GA,30546-0009,A,A,,10/19/2017,10/19/2017,10/19/2017,IN PERSON,NO,NO,,NO,HIAW,990,009,050,008,ENOT,00002,139010,00079,82,
TOWNS,01703039,NICHOLSON,FAYE,STELL,,158,BERRONG ST, ,HIAWASSEE,GA,30546-0323,,PO BOX 23,,HIAWASSEE,GA,30546-0002,A,A,,10/18/2017,10/18/2017,10/18/2017,IN PERSON,NO,NO,,NO,HIAW,990,009,050,008,ENOT,00002,139010,00060,62,
TOWNS,07345926,WILSON,JONATHAN,RANDALL,,607,WATER VIEW DR, ,HIAWASSEE,GA,30546,607,WATER VIEW DR,,HIAWASSEE,GA,30546,A,A,,10/18/2017,10/18/2017,10/18/2017,IN PERSON,NO,NO,,NO,HIAW,990,009,050,008,ENOT,00002,139010,00070,72,
TOWNS,01702776,KIMSEY,CHARLES,M,,55,BERRONG ST, ,HIAWASSEE,GA,30546-3203,,PO BOX 321,,HIAWASSEE,GA,30546-0032,A,A,,11/01/2017,11/01/2017,11/01/2017,IN PERSON,NO,NO,,NO,HIAW,990,009,050,008,ENOT,00002,139010,00187,199,
TOWNS,10717252,DECKER,WILMA,,,416,OAKMONT DR,APT J,HIAWASSEE,GA,30546,416,OAKMONT DR,APT J,HIAWASSEE,GA,30546,A,A,,11/01/2017,11/01/2017,11/01/2017,IN PERSON,NO,NO,,NO,HIAW,990,009,050,008,ENOT,00002,139010,00177,189,
TOWNS,05290421,DIETSCH,LARRY,JAMES,,380,BEL AIRE DR, ,HIAWASSEE,GA,30546,380,BEL AIRE DR,,HIAWASSEE,GA,30546,A,A,,10/16/2017,10/16/2017,10/16/2017,IN PERSON,NO,NO,,NO,HIAW,990,009,050,008,ENOT,00002,139010,00022,24,
TOWNS,01703243,THURMAN,BEATRICE,KAY,,743,UPPER THURMAN DR, ,HIAWASSEE,GA,30546-2314,,PO BOX 145,,HIAWASSEE,GA,30546-0014,A,A,,10/17/2017,10/17/2017,10/17/2017,IN PERSON,NO,NO,,NO,HIAW,990,009,050,008,ENOT,00002,139010,00051,53,
TOWNS,07670345,SMITH,TAMELA,FAYE,,443,ADMIRALS PT, ,HIAWASSEE,GA,30546,443,ADMIRALS PT,,HIAWASSEE,GA,30546,A,A,,11/03/2017,11/03/2017,11/03/2017,IN PERSON,NO,NO,,NO,HIAW,990,009,050,008,ENOT,00002,139010,00199,211,
