County,Voter Registration #,Last Name,First Name,Middle Name,Suffix,Street #,Street Name,Apt/Unit,City,State,Zip Code,Mailing Street #,Mailing Street Name,Mailing Apt/Unit,Mailing City,Mailing State,Mailing Zip Code,Application Status,Ballot Status,Status Reason,Application Date,Ballot Issued Date,Ballot Return Date,Ballot Style,Ballot Assisted,Challenged/Provisional,Designation/Reason Issue,ID Required,Municipal Precinct,County Precinct,CNG,SEN,HOUSE	,JUD,Combo #,Vote Center ID,Ballot ID,Post #,Party
TREUTLEN,00568284,KINCY,QUITMAN,,,1241,CANADY AVE, ,SOPERTON,GA,30457,1241,CANADY AVE,,SOPERTON,GA,30457,A,A,,11/03/2017,11/03/2017,11/03/2017,IN PERSON,NO,NO,,NO,CH,SOPE,012,019,150,DUBL,00213,140001,00084,88,
TREUTLEN,00569306,SMITH,RUBY,LEE,,1042,HYMAN AVE, ,SOPERTON,GA,30457,1042,HYMAN AVE,,SOPERTON,GA,30457,A,A,,10/25/2017,10/25/2017,10/25/2017,IN PERSON,NO,NO,,NO,CH,SOPE,012,019,150,DUBL,00213,140001,00063,66,
TREUTLEN,00568407,JOHNSON,ROSIE,LEE,,2436,BARWICK AVE, ,SOPERTON,GA,30457-2712,2436,BARWICK AVE,,SOPERTON,GA,30457-2712,A,A,,10/19/2017,10/19/2017,10/19/2017,IN PERSON,NO,NO,,NO,CH,SOPE,012,019,150,DUBL,00214,140001,00031,33,
TREUTLEN,04425187,FOSKEY,JAMES,DEAN,,3190,MOUNT VERNON RD, ,SOPERTON,GA,30457,3190,MOUNT VERNON RD,,SOPERTON,GA,30457,A,A,,11/03/2017,11/03/2017,11/03/2017,IN PERSON,NO,NO,,NO,CH,SOPE,012,019,150,DUBL,00210,140001,00080,84,
TREUTLEN,00568119,JACKSON,GLENN,,,2148,MARTIN LUTHER KING JR DR, ,SOPERTON,GA,30457,2148,MARTIN LUTHER KING ,,SOPERTON,GA,30457,A,A,,10/19/2017,10/19/2017,10/19/2017,IN PERSON,NO,NO,,NO,CH,SOPE,012,019,150,DUBL,00208,140001,00030,32,
TREUTLEN,00569294,SMITH,LEOTIS,,,1344,FOREST AVE, ,SOPERTON,GA,30457-2140,1344,FOREST AVE,,SOPERTON,GA,30457-2140,A,A,,10/26/2017,10/26/2017,10/26/2017,IN PERSON,NO,NO,,NO,CH,SOPE,012,019,150,DUBL,00208,140001,00067,70,
TREUTLEN,01018854,JONES,JERRY,,,1546,MISSISSIPPI AVE, ,SOPERTON,GA,30457-2644,1546,MISSISSIPPI AVE,,SOPERTON,GA,30457-2644,A,A,,10/19/2017,10/19/2017,10/19/2017,IN PERSON,NO,NO,,NO,CH,SOPE,012,019,150,DUBL,00208,140001,00036,38,
TREUTLEN,00567789,GOSS,HERBERT,,,1139,SYCAMORE DR,B,SOPERTON,GA,30457-2255,1139,SYCAMORE DR,B,SOPERTON,GA,30457-2255,A,A,,10/20/2017,10/20/2017,10/20/2017,IN PERSON,NO,NO,,NO,CH,SOPE,012,019,150,DUBL,00208,140001,00046,48,
TREUTLEN,00568060,HOWARD,FRAN,EILEEN,,1263,CANADY AVE, ,SOPERTON,GA,30457-2803,1263,CANADY AVE,,SOPERTON,GA,30457,A,R,Ballot Not Returned By Election Day,10/31/2017,10/31/2017,11/08/2017,MAILED,NO,NO,,NO,CH,SOPE,012,019,150,DUBL,00213,,00001,77,
TREUTLEN,00550499,WICKER,HENRY,LEE,,1611,SESSIONS ST,B,SOPERTON,GA,30457,1611,SESSIONS ST,B,SOPERTON,GA,30457,A,A,,10/18/2017,10/18/2017,10/18/2017,IN PERSON,NO,NO,,NO,CH,SOPE,012,019,150,DUBL,00213,140001,00022,24,
TREUTLEN,04405172,ELVINE,DERRICK,B,,870,SECOND ST, ,SOPERTON,GA,30457,870,SECOND ST,,SOPERTON,GA,30457,A,A,,10/24/2017,10/24/2017,10/24/2017,IN PERSON,NO,NO,,NO,CH,SOPE,012,019,150,DUBL,00208,140001,00057,60,
TREUTLEN,00569908,DAVIS,PAMELA,,,315,WOMMACK AVE, ,SOPERTON,GA,30457,315,WOMMACK AVE,,SOPERTON,GA,30457,A,,,08/09/2017,10/16/2017,,MAILED,NO,NO,ELDERLY,NO,CH,SOPE,012,019,150,DUBL,00207,,00001,2,
TREUTLEN,00568229,JORDAN,VERNICE,,,322,SECOND ST, ,SOPERTON,GA,30457,322,SECOND ST,,SOPERTON,GA,30457,A,A,,10/19/2017,10/19/2017,10/19/2017,IN PERSON,NO,NO,,NO,CH,SOPE,012,019,150,DUBL,00213,140001,00033,35,
TREUTLEN,00567993,JACKSON,JACQUELYN,PIERCE,,2148,MARTIN LUTHER KING JR DR, ,SOPERTON,GA,30457,2148,MARTIN LUTHER KING ,,SOPERTON,GA,30457,A,A,,10/19/2017,10/19/2017,10/19/2017,IN PERSON,NO,NO,,NO,CH,SOPE,012,019,150,DUBL,00208,140001,00037,39,
TREUTLEN,00569273,SMITH,BRENDA,,,8042,METTER RD, ,SOPERTON,GA,30457-2112,8042,METTER RD,,SOPERTON,GA,30457-2112,A,A,,10/26/2017,10/26/2017,10/26/2017,IN PERSON,NO,NO,,NO,CH,SOPE,012,019,150,DUBL,00208,140001,00066,69,
TREUTLEN,00548415,ATKINS,CONNIE,VEAN,,1147,JENNINGS LN, ,SOPERTON,GA,30457-2149,1147,JENNINGS LN,,SOPERTON,GA,30457-2149,A,A,,10/20/2017,10/20/2017,10/20/2017,IN PERSON,NO,NO,,NO,CH,SOPE,012,019,150,DUBL,00208,140001,00044,46,
TREUTLEN,07683341,GARDNER,FESHAY,,,1090,MEADOWOOD LN, ,SOPERTON,GA,30457-2150,1090,MEADOWOOD LN,,SOPERTON,GA,30457-2150,A,A,,10/30/2017,10/30/2017,10/30/2017,IN PERSON,NO,NO,,NO,CH,SOPE,012,019,150,DUBL,00208,140001,00071,74,
TREUTLEN,00569740,WILLIAMS,JOHN,L,JR,62,BERRY ST, ,SOPERTON,GA,30457-2725,62,BERRY ST,,SOPERTON,GA,30457-2725,A,A,,10/19/2017,10/19/2017,10/19/2017,IN PERSON,NO,NO,,NO,CH,SOPE,012,019,150,DUBL,00207,140001,00032,34,
TREUTLEN,01036364,PHILLIPS,ARCHIE,L,,4279,FOWLER ST, ,SOPERTON,GA,30457,4279,FOWLER ST,,SOPERTON,GA,30457,A,A,,10/23/2017,10/23/2017,10/23/2017,IN PERSON,NO,NO,,NO,CH,SOPE,012,019,150,DUBL,00213,140001,00049,51,
TREUTLEN,00567567,DORSEY,HARRELL,,,103,CANARY CIR, ,SOPERTON,GA,30457-3408,103,CANARY CIR,,SOPERTON,GA,30457-3408,A,A,,10/20/2017,10/20/2017,10/20/2017,IN PERSON,NO,NO,,NO,CH,SOPE,012,019,150,DUBL,00210,140001,00043,45,
TREUTLEN,06659848,HARDEN,ALBERT,LEE,,1298,HOLLAND PL, ,SOPERTON,GA,30457,1298,HOLLAND PL,,SOPERTON,GA,30457,A,A,,10/20/2017,10/20/2017,10/20/2017,IN PERSON,NO,NO,,NO,CH,SOPE,012,019,150,DUBL,00213,140001,00047,49,
TREUTLEN,00568767,O'NEAL,ANNIE,LOIS,,1031,MARTIN LUTHER KING JR DR, ,SOPERTON,GA,30457,1031,MARTIN LUTHER KING ,,SOPERTON,GA,30457,A,A,,10/27/2017,10/27/2017,10/27/2017,IN PERSON,NO,NO,,NO,CH,SOPE,012,019,150,DUBL,00213,140001,00068,71,
TREUTLEN,00570652,WILLIAMS,FANNIE,M,,69,OAK ST, ,SOPERTON,GA,30457-2734,69,OAK ST,,SOPERTON,GA,30457-2734,A,A,,10/18/2017,10/18/2017,10/18/2017,IN PERSON,NO,NO,,NO,CH,SOPE,012,019,150,DUBL,00207,140001,00021,23,
TREUTLEN,00570010,HARRIS,VAN,M,,195,CENTER DR, ,SOPERTON,GA,30457-2833,195,CENTER DR,,SOPERTON,GA,30457-2833,A,A,,10/20/2017,10/20/2017,10/20/2017,IN PERSON,NO,NO,,NO,CH,SOPE,012,019,150,DUBL,00214,140001,00042,44,
TREUTLEN,00569793,WREN,GEORGE,WENDELL,,1268,CALHOUN ST, ,SOPERTON,GA,30457-3736,1268,CALHOUN ST,,SOPERTON,GA,30457-3736,A,A,,11/01/2017,11/01/2017,11/01/2017,IN PERSON,NO,NO,,NO,CH,SOPE,012,019,150,DUBL,00212,140001,00077,81,
TREUTLEN,10331005,WOODS,JERRELL,DWAN,,1099,KELLY ST, ,SOPERTON,GA,30457,1099,KELLY ST,,SOPERTON,GA,30457,A,A,,10/23/2017,10/23/2017,10/23/2017,IN PERSON,NO,NO,,NO,CH,SOPE,012,019,150,DUBL,00206,140001,00051,53,
TREUTLEN,06602357,DAWSON,DEFONDA,L,,1044,COLLEGE ST, ,SOPERTON,GA,30457-3420,1044,COLLEGE ST,,SOPERTON,GA,30457-3420,A,A,,10/17/2017,10/17/2017,10/17/2017,IN PERSON,NO,NO,,NO,CH,SOPE,012,019,150,DUBL,00210,140001,00007,9,
TREUTLEN,06139092,JOHNSON,JACQUELYN,S,,1247,ALABAMA AVE, ,SOPERTON,GA,30457-2523,1247,ALABAMA AVE,,SOPERTON,GA,30457-2523,A,A,,10/17/2017,10/17/2017,10/17/2017,IN PERSON,NO,NO,,NO,CH,SOPE,012,019,150,DUBL,00208,140001,00011,13,
TREUTLEN,01005008,SHIVER,TYRONE,,,1380,CANADY AVE, ,SOPERTON,GA,30457-2804,1380,CANADY AVE,,SOPERTON,GA,30457-2804,A,A,,10/26/2017,10/26/2017,10/26/2017,IN PERSON,NO,NO,,NO,CH,SOPE,012,019,150,DUBL,00207,140001,00065,68,
TREUTLEN,04404981,MILLS,KELVIN,LEE,,1241,CANADY AVE, ,SOPERTON,GA,30457-2803,1241,CANADY AVE,,SOPERTON,GA,30457-2803,A,A,,10/27/2017,10/27/2017,10/27/2017,IN PERSON,NO,NO,,NO,CH,SOPE,012,019,150,DUBL,00213,140001,00070,73,
TREUTLEN,08209338,TAYLOR,CHANKIA,FRANQUESE,,1263,CANADY AVE, ,SOPERTON,GA,30457-2803,1263,CANADY AVE,,SOPERTON,GA,30457-2803,A,A,,10/17/2017,10/17/2017,10/17/2017,IN PERSON,NO,NO,,NO,CH,SOPE,012,019,150,DUBL,00213,140001,00017,19,
TREUTLEN,00569838,KING,SANDRA,LEWIS,,191,WOMMACK AVE, ,SOPERTON,GA,30457-2303,191,WOMMACK AVE,,SOPERTON,GA,30457-2303,A,A,,10/30/2017,10/30/2017,10/30/2017,IN PERSON,NO,NO,,NO,CH,SOPE,012,019,150,DUBL,00207,140001,00072,75,
TREUTLEN,00567932,HARRIS,SYLVIA,W,,1259,OUTLAW AVE, ,SOPERTON,GA,30457-2851,1259,OUTLAW AVE,,SOPERTON,GA,30457-2851,A,A,,10/17/2017,10/17/2017,10/17/2017,IN PERSON,NO,NO,,NO,CH,SOPE,012,019,150,DUBL,00213,140001,00014,16,
TREUTLEN,06450483,RICKS,DERRICK,LAMONT,,69,SECOND ST, ,SOPERTON,GA,30457,69,SECOND ST,,SOPERTON,GA,30457,A,A,,10/24/2017,10/24/2017,10/24/2017,IN PERSON,NO,NO,,NO,CH,SOPE,012,019,150,DUBL,00213,140001,00056,59,
TREUTLEN,00567078,BAKER,RONALD,L,,1055,STRAIGHT ST, ,SOPERTON,GA,30457-2821,1055,STRAIGHT ST,,SOPERTON,GA,30457-2821,A,A,,11/03/2017,11/03/2017,11/03/2017,IN PERSON,NO,NO,,NO,CH,SOPE,012,019,150,DUBL,00214,140001,00085,90,
TREUTLEN,07462546,SINGLETARY,ASIA,MICHELLE,,1046,JANIE RICKS CT, ,SOPERTON,GA,30457-3122,1046,JANIE RICKS CT,,SOPERTON,GA,30457-3122,A,A,,10/17/2017,10/17/2017,10/17/2017,IN PERSON,NO,NO,,NO,CH,SOPE,012,019,150,DUBL,00213,140001,00016,18,
TREUTLEN,00570539,JORDAN,TINA,,,2696,BARWICK AVE, ,SOPERTON,GA,30457-2716,2696,BARWICK AVE,,SOPERTON,GA,30457-2716,A,A,,10/24/2017,10/24/2017,10/24/2017,IN PERSON,NO,NO,,NO,CH,SOPE,012,019,150,DUBL,00217,140001,00061,64,
TREUTLEN,06373314,SHIVERS,EDDIE,D,,870,SECOND ST, ,SOPERTON,GA,30457,,PO BOX 326,,SOPERTON,GA,30457-0032,A,A,,10/31/2017,10/31/2017,10/31/2017,IN PERSON,NO,NO,,NO,CH,SOPE,012,019,150,DUBL,00208,140001,00074,78,
TREUTLEN,00568068,HILL,MENZO,NELL,,1090,MEADOWOOD LN, ,SOPERTON,GA,30457-2150,1090,MEADOWOOD LN,,SOPERTON,GA,30457-2150,A,A,,11/03/2017,11/03/2017,11/03/2017,IN PERSON,NO,NO,,NO,CH,SOPE,012,019,150,DUBL,00208,140001,00081,85,
TREUTLEN,00568512,MCLENDON,BEVERLY,,,1099,KELLY ST, ,SOPERTON,GA,30457,1099,KELLY ST,,SOPERTON,GA,30457,A,A,,10/17/2017,10/17/2017,10/17/2017,IN PERSON,NO,NO,,NO,CH,SOPE,012,019,150,DUBL,00206,140001,00010,12,
TREUTLEN,00567811,GREEN,ROY,BERNARD,,1344,FOREST AVE, ,SOPERTON,GA,30457,1344,FOREST AVE,,SOPERTON,GA,30457,A,A,,10/17/2017,10/17/2017,10/17/2017,IN PERSON,NO,NO,,NO,CH,SOPE,012,019,150,DUBL,00208,140001,00006,8,
TREUTLEN,08194642,HOWARD,JAMEASEYA,QUATWANN,,7470,EASTMAN RD, ,SOPERTON,GA,30457,7470,EASTMAN RD,,SOPERTON,GA,30457,A,A,,10/18/2017,10/18/2017,10/18/2017,IN PERSON,NO,NO,,NO,CH,SOPE,012,019,150,DUBL,00206,140001,00026,28,
TREUTLEN,00570629,BELL,SHARON,DENISE,,2028,TEXAS AVE, ,SOPERTON,GA,30457,2028,TEXAS AVE,,SOPERTON,GA,30457,A,A,,10/18/2017,10/18/2017,10/18/2017,IN PERSON,NO,NO,,NO,CH,SOPE,012,019,150,DUBL,00217,140001,00040,42,
TREUTLEN,00567571,DORSEY,MAXINE,,,103,CANARY CIR, ,SOPERTON,GA,30457-1501,103,CANARY CIR,,SOPERTON,GA,30457-1501,A,A,,10/20/2017,10/20/2017,10/20/2017,IN PERSON,NO,NO,,NO,CH,SOPE,012,019,150,DUBL,00210,140001,00059,62,
TREUTLEN,00568649,MONTGOMERY,JEROME,,,1460,CANADY AVE, ,SOPERTON,GA,30457-2806,1460,CANADY AVE,,SOPERTON,GA,30457-2806,A,A,,10/19/2017,10/19/2017,10/19/2017,IN PERSON,NO,NO,,NO,CH,SOPE,012,019,150,DUBL,00207,140001,00041,43,
TREUTLEN,00570499,BOSTIC,BONNIE,,,8211,METTER RD, ,SOPERTON,GA,30457,8211,METTER RD,,SOPERTON,GA,30457,A,A,,10/17/2017,10/17/2017,10/17/2017,IN PERSON,NO,NO,,NO,CH,SOPE,012,019,150,DUBL,00208,140001,00009,11,
TREUTLEN,07464937,LATIMER,ZACHARY,B,,1176,MARTIN LUTHER KING JR DR, ,SOPERTON,GA,30457,1176,MARTIN LUTHER KING ,,SOPERTON,GA,30457,A,A,,10/24/2017,10/24/2017,10/24/2017,IN PERSON,NO,NO,,NO,CH,SOPE,012,019,150,DUBL,00213,140001,00058,61,
TREUTLEN,07715407,HEDGECOCK,CHRISTOPHER,N,,4337,W MAIN ST, ,SOPERTON,GA,30457-2331,4337,W MAIN ST,,SOPERTON,GA,30457-2331,A,A,,10/17/2017,10/17/2017,10/19/2017,MAILED,NO,NO,,NO,CH,SOPE,012,019,150,DUBL,00208,,00001,3,
TREUTLEN,00569136,ROBINSON,ALMA,,,1059,FAIRGROUND CIR, ,SOPERTON,GA,30457-3039,1059,FAIRGROUND CIR,,SOPERTON,GA,30457-3039,A,A,,10/25/2017,10/25/2017,10/25/2017,IN PERSON,NO,NO,,NO,CH,SOPE,012,019,150,DUBL,00206,140001,00062,65,
TREUTLEN,00568283,KINCY,IRENE,,,1241,CANADY AVE, ,SOPERTON,GA,30457-2803,1241,CANADY AVE,,SOPERTON,GA,30457-2803,A,A,,11/03/2017,11/03/2017,11/03/2017,IN PERSON,NO,NO,,NO,CH,SOPE,012,019,150,DUBL,00213,140001,00083,87,
TREUTLEN,00568613,MILLS,ELDER,J,,182,PARKWAY DR, ,SOPERTON,GA,30457-2840,182,PARKWAY DR,,SOPERTON,GA,30457-2840,A,A,,10/30/2017,10/30/2017,10/30/2017,IN PERSON,NO,NO,,NO,CH,SOPE,012,019,150,DUBL,00214,140001,00073,76,
TREUTLEN,08486471,TAYLOR,SHAQUOIRYA,CHANTEL,,277,HIGHLAND AVE, ,SOPERTON,GA,30457,,PO BOX 593,,SOPERTON,GA,30457-0059,A,A,,10/17/2017,10/17/2017,10/17/2017,IN PERSON,NO,NO,,NO,CH,SOPE,012,019,150,DUBL,00214,140001,00003,5,
TREUTLEN,00570440,BROWN,DARLENE,,,1596,OUTLAW AVE, ,SOPERTON,GA,30457-2856,1596,OUTLAW AVE,,SOPERTON,GA,30457-2856,A,A,,10/24/2017,10/24/2017,10/24/2017,IN PERSON,NO,NO,,NO,CH,SOPE,012,019,150,DUBL,00206,140001,00053,55,
TREUTLEN,00570588,SNEAD,JOHNNIE,LEE,,77,SECOND ST,UNIT 109,SOPERTON,GA,30457,77,SECOND ST,UNIT 109,SOPERTON,GA,30457,A,A,,10/20/2017,10/20/2017,10/20/2017,IN PERSON,NO,NO,,NO,CH,SOPE,012,019,150,DUBL,00213,140001,00048,50,
TREUTLEN,00567525,DANIELS,JACKY,W,,1660,WOODLAND DR, ,SOPERTON,GA,30457-3508,1660,WOODLAND DR,,SOPERTON,GA,30457-3508,A,A,,10/16/2017,10/16/2017,10/16/2017,IN PERSON,NO,NO,,NO,CH,SOPE,012,019,150,DUBL,00210,140001,00008,10,
TREUTLEN,11103062,WISE,KENNETH,THERON,,113,PARKWAY DR, ,SOPERTON,GA,30457,113,PARKWAY DR,,SOPERTON,GA,30457-2841,A,A,,10/19/2017,10/19/2017,10/19/2017,IN PERSON,NO,NO,,NO,CH,SOPE,012,019,150,DUBL,00214,140001,00027,29,
TREUTLEN,00567917,HARRIS,CHRISTINE,,,1051,WELLS ST, ,SOPERTON,GA,30457-2815,1051,WELLS ST,,SOPERTON,GA,30457-2815,A,A,,10/31/2017,10/31/2017,10/31/2017,IN PERSON,NO,NO,,NO,CH,SOPE,012,019,150,DUBL,00213,140001,00076,80,
TREUTLEN,00567696,FOWLER,R,W,JR,7793,EASTMAN RD, ,SOPERTON,GA,30457-2605,7793,EASTMAN RD,,SOPERTON,GA,30457-2605,A,A,,10/17/2017,10/17/2017,10/17/2017,IN PERSON,NO,NO,,NO,CH,SOPE,012,019,150,DUBL,00208,140001,00002,4,
TREUTLEN,03656137,BELL,LOLITA,GENOLA,,1091,MEADOWOOD LN, ,SOPERTON,GA,30457-2151,1091,MEADOWOOD LN,,SOPERTON,GA,30457-2151,A,A,,11/03/2017,11/03/2017,11/03/2017,IN PERSON,NO,NO,,NO,CH,SOPE,012,019,150,DUBL,00208,140001,00082,86,
TREUTLEN,00567038,PHILLIPS,VIRGINIA,,,4279,FOWLER ST, ,SOPERTON,GA,30457-3103,4279,FOWLER ST,,SOPERTON,GA,30457-3103,A,A,,10/23/2017,10/23/2017,10/23/2017,IN PERSON,NO,NO,,NO,CH,SOPE,012,019,150,DUBL,00213,140001,00050,52,
TREUTLEN,08571695,MONTGOMERY,CECIL,,JR,1113,MARTIN LUTHER KING JR DR, ,SOPERTON,GA,30457,1113,MARTIN LUTHER KING ,,SOPERTON,GA,30457,A,A,,10/18/2017,10/18/2017,10/18/2017,IN PERSON,NO,NO,,NO,CH,SOPE,012,019,150,DUBL,00213,140001,00025,27,
TREUTLEN,04532782,WESLEY,NATONGA,SHERVETTE,,3622,MOUNT VERNON RD, ,SOPERTON,GA,30457-3028,,P.O. BOX 375,,SOPERTON,GA,30457,A,A,,10/19/2017,10/19/2017,10/19/2017,IN PERSON,NO,NO,,NO,CH,SOPE,012,019,150,DUBL,00213,140001,00035,37,
TREUTLEN,04067600,HAMILTON,MARVIN,,,93,CENTER DR, ,SOPERTON,GA,30457-2830,93,CENTER DR,,SOPERTON,GA,30457-2830,A,A,,11/02/2017,11/02/2017,11/02/2017,IN PERSON,NO,NO,,NO,CH,SOPE,012,019,150,DUBL,00214,140001,00078,82,
TREUTLEN,00569776,NOBLE,TABITHIA,MARLENE,,5126,W LOUISIANA AVE,UNIT 532,SOPERTON,GA,30457,5126,W LOUISIANA AVE,UNIT 532,SOPERTON,GA,30457,A,A,,10/19/2017,10/19/2017,10/19/2017,IN PERSON,NO,NO,,NO,CH,SOPE,012,019,150,DUBL,00208,140001,00028,30,
TREUTLEN,04004253,JORDAN,ELMO,,JR,2706,BARWICK AVE, ,SOPERTON,GA,30457-2718,2706,BARWICK AVE,,SOPERTON,GA,30457-2718,A,A,,10/27/2017,10/27/2017,10/27/2017,IN PERSON,NO,NO,,NO,CH,SOPE,012,019,150,DUBL,00217,140001,00069,72,
TREUTLEN,10729648,RICKS,DONNIE,,,1194,SARABEL AVE, ,SOPERTON,GA,30457,1194,SARABEL AVE,,SOPERTON,GA,30457,A,A,,10/18/2017,10/18/2017,10/18/2017,IN PERSON,NO,NO,,NO,CH,SOPE,012,019,150,DUBL,00208,140001,00023,25,
TREUTLEN,03570331,MILLS,RACHAEL,RENELL,,1052,SUNSET LN, ,SOPERTON,GA,30457-3423,1052,SUNSET LN,,SOPERTON,GA,30457-3423,A,A,,10/24/2017,10/24/2017,10/24/2017,IN PERSON,NO,NO,,NO,CH,SOPE,012,019,150,DUBL,00210,140001,00052,54,
TREUTLEN,00570651,WILLIAMS,WILLIAM,THOMAS,,69,OAK ST, ,SOPERTON,GA,30457-2734,69,OAK ST,,SOPERTON,GA,30457-2734,A,A,,10/18/2017,10/18/2017,10/18/2017,IN PERSON,NO,NO,,NO,CH,SOPE,012,019,150,DUBL,00207,140001,00020,22,
TREUTLEN,04841903,SHIVERS,NANCY,LEE,,1049,ARCH ST,D2,SOPERTON,GA,30457,1049,ARCH ST,D2,SOPERTON,GA,30457,A,A,,10/17/2017,10/17/2017,10/17/2017,IN PERSON,NO,NO,,NO,CH,SOPE,012,019,150,DUBL,00210,140001,00012,14,
TREUTLEN,03775889,CARTER,DOVER,,,1066,HYMAN AVE, ,SOPERTON,GA,30457-2934,1066,HYMAN AVE,,SOPERTON,GA,30457-2934,A,A,,10/25/2017,10/25/2017,10/25/2017,IN PERSON,NO,NO,,NO,CH,SOPE,012,019,150,DUBL,00213,140001,00064,67,
TREUTLEN,08826565,CROCKETT,OSWALD,KENYHEA,,88,OAK ST, ,SOPERTON,GA,30457-2735,88,OAK ST,,SOPERTON,GA,30457-2735,A,A,,10/17/2017,10/17/2017,10/17/2017,IN PERSON,NO,NO,,NO,CH,SOPE,012,019,150,DUBL,00207,140001,00019,21,
TREUTLEN,00567060,AUSTIN,PEARLIE,MAE,,2044,SYCAMORE DR, ,SOPERTON,GA,30457-2248,2044,SYCAMORE DR,,SOPERTON,GA,30457-2248,A,A,,10/17/2017,10/17/2017,10/17/2017,IN PERSON,NO,NO,,NO,CH,SOPE,012,019,150,DUBL,00208,140001,00015,17,
TREUTLEN,05426418,LABON,AMILLIA,KATESHA,,127,CENTER DR, ,SOPERTON,GA,30457,127,CENTER DR,,SOPERTON,GA,30457,A,A,,10/19/2017,10/19/2017,10/19/2017,IN PERSON,NO,NO,,NO,CH,SOPE,012,019,150,DUBL,00214,140001,00038,40,
TREUTLEN,11374161,HALL,ERIC,RYAN,,1113,ROBBY LN, ,SOPERTON,GA,30457,1113,ROBBY LN,,SOPERTON,GA,30457,A,A,,10/24/2017,10/24/2017,10/24/2017,IN PERSON,NO,NO,,NO,CH,SOPE,012,019,150,DUBL,00212,140001,00055,58,
TREUTLEN,00568399,JORDAN,DEBRA,S,,2706,BARWICK AVE, ,SOPERTON,GA,30457-2718,2706,BARWICK AVE,,SOPERTON,GA,30457-2718,A,A,,10/24/2017,10/24/2017,10/24/2017,IN PERSON,NO,NO,,NO,CH,SOPE,012,019,150,DUBL,00217,140001,00060,63,
TREUTLEN,06469786,CHATMAN,DIASHA,NIKITA,,1130,MEADOWOOD LN, ,SOPERTON,GA,30457,1130,MEADOWOOD LN,,SOPERTON,GA,30457,A,A,,10/17/2017,10/17/2017,10/17/2017,IN PERSON,NO,NO,,NO,CH,SOPE,012,019,150,DUBL,00208,140001,00013,15,
TREUTLEN,00568485,MCDANIEL,JAMES,DALE,,1252,CALHOUN ST, ,SOPERTON,GA,30457-3736,1252,CALHOUN ST,,SOPERTON,GA,30457-3736,A,A,,10/17/2017,10/17/2017,10/17/2017,IN PERSON,NO,NO,,NO,CH,SOPE,012,019,150,DUBL,00212,140001,00005,7,
TREUTLEN,07100982,WRIGHT,JOYCE,D,,1170,MISSISSIPPI AVE, ,SOPERTON,GA,30457,1170,MISSISSIPPI AVE,,SOPERTON,GA,30457,A,A,,10/17/2017,10/17/2017,10/17/2017,IN PERSON,NO,NO,,NO,CH,SOPE,012,019,150,DUBL,00206,140001,00018,20,
TREUTLEN,03570793,RICHARDS,PATRICIA,EILEEN,,1460,CANADY AVE, ,SOPERTON,GA,30457,1460,CANADY AVE,,SOPERTON,GA,30457,A,A,,10/19/2017,10/19/2017,10/19/2017,IN PERSON,NO,NO,,NO,CH,SOPE,012,019,150,DUBL,00207,140001,00034,36,
TREUTLEN,00569896,BURGESS,CONNELL,NANETTE,,2060,SYCAMORE DR, ,SOPERTON,GA,30457-2210,2060,SYCAMORE DR,,SOPERTON,GA,30457-2210,A,A,,10/20/2017,10/20/2017,10/20/2017,IN PERSON,NO,NO,,NO,CH,SOPE,012,019,150,DUBL,00208,140001,00045,47,
TREUTLEN,07492608,JOHNSON,FRANCOIS,MAGEL,,2119,KEENE DR, ,SOPERTON,GA,30457,2119,KEENE DR,,SOPERTON,GA,30457,A,A,,10/31/2017,10/31/2017,10/31/2017,IN PERSON,NO,NO,,NO,CH,SOPE,012,019,150,DUBL,00210,140001,00075,79,
TREUTLEN,08841093,SHIVERS,PENNY,DENISE,,1113,MARTIN LUTHER KING JR DR, ,SOPERTON,GA,30457,1113,MARTIN LUTHER KING ,,SOPERTON,GA,30457,A,A,,10/18/2017,10/18/2017,10/18/2017,IN PERSON,NO,NO,,NO,CH,SOPE,012,019,150,DUBL,00213,140001,00024,26,
TREUTLEN,00569138,CARTER,MARY,E,,1066,HYMAN AVE, ,SOPERTON,GA,30457-2934,1066,HYMAN AVE,,SOPERTON,GA,30457-2934,A,A,,10/24/2017,10/24/2017,10/24/2017,IN PERSON,NO,NO,,NO,CH,SOPE,012,019,150,DUBL,00213,140001,00054,56,
TREUTLEN,01312524,GRIFFIN,ROY,LEE,,60,PITUS RD, ,SOPERTON,GA,30457-2945,60,PITUS RD,,SOPERTON,GA,30457-2945,A,A,,10/17/2017,10/17/2017,10/17/2017,IN PERSON,NO,NO,,NO,CH,SOPE,012,019,150,DUBL,00214,140001,00004,6,
TREUTLEN,04700901,JONES,DOMONIQUE,ROSETTA,,1070,FAIRGROUND CIR,B,SOPERTON,GA,30457,1070,FAIRGROUND CIR,B,SOPERTON,GA,30457,A,A,,10/19/2017,10/19/2017,10/19/2017,IN PERSON,NO,NO,,NO,CH,SOPE,012,019,150,DUBL,00206,140001,00039,41,
TREUTLEN,06720528,MILLER,CRAIG,CORENZO,,1442,MARTIN LUTHER KING JR DR, ,SOPERTON,GA,30457,1442,MARTIN LUTHER KING ,,SOPERTON,GA,30457,A,A,,11/02/2017,11/02/2017,11/02/2017,IN PERSON,NO,NO,,NO,CH,SOPE,012,019,150,DUBL,00213,140001,00079,83,
TREUTLEN,00570183,TERRY,ALEASE,,,1062,WELLS ST, ,SOPERTON,GA,30457,1062,WELLS ST,,SOPERTON,GA,30457,A,A,,10/19/2017,10/19/2017,10/19/2017,IN PERSON,NO,NO,,NO,CH,SOPE,012,019,150,DUBL,00213,140001,00029,31,
TREUTLEN,00568626,MILLS,WILLIE,CARL,,2678,BARWICK AVE, ,SOPERTON,GA,30457-2716,2678,BARWICK AVE,,SOPERTON,GA,30457-2716,A,A,,10/16/2017,10/16/2017,10/16/2017,IN PERSON,NO,NO,,NO,CH,SOPE,012,019,150,DUBL,00206,140001,00001,1,
