County,Voter Registration #,Last Name,First Name,Middle Name,Suffix,Street #,Street Name,Apt/Unit,City,State,Zip Code,Mailing Street #,Mailing Street Name,Mailing Apt/Unit,Mailing City,Mailing State,Mailing Zip Code,Application Status,Ballot Status,Status Reason,Application Date,Ballot Issued Date,Ballot Return Date,Ballot Style,Ballot Assisted,Challenged/Provisional,Designation/Reason Issue,ID Required,Municipal Precinct,County Precinct,CNG,SEN,HOUSE	,JUD,Combo #,Vote Center ID,Ballot ID,Post #,Party
TURNER,10107142,HODGE,BECKY,LEE,,190,E COLLEGE ST, ,SYCAMORE,GA,31790,190,E COLLEGE ST,,SYCAMORE,GA,31790,A,A,,11/02/2017,11/02/2017,11/02/2017,IN PERSON,NO,NO,,NO,2,2,008,013,155,TIFT,00011,142001,00104,104,
TURNER,04094893,JONES,BRIAN,PAUL,,221,E DASHER ST, ,SYCAMORE,GA,31790,221,E DASHER ST,,SYCAMORE,GA,31790,A,A,,10/17/2017,10/17/2017,10/17/2017,IN PERSON,NO,NO,,NO,2,2,008,013,155,TIFT,00011,142001,00005,5,
TURNER,01321148,COATS,JACKIE,E,,75,S MATTIE AVE, ,SYCAMORE,GA,31790,,PO BOX 208,,SYCAMORE,GA,31790-0020,A,A,,10/19/2017,10/19/2017,10/19/2017,IN PERSON,NO,NO,,NO,2,2,008,013,155,TIFT,00011,142001,00017,17,
TURNER,10222123,ALBRITTON,CAITLYN,CLAIRE,,387,HONEYSUCKLE RD, ,SYCAMORE,GA,31790,387,HONEYSUCKLE RD,,SYCAMORE,GA,31790,A,A,,10/27/2017,10/27/2017,10/27/2017,IN PERSON,NO,NO,,NO,,2,008,013,155,TIFT,00005,142001,00068,68,
TURNER,08827478,VANN,BEVERLY,A,,40,E JEFFERSON ST, ,SYCAMORE,GA,31790,60,JEFFERSON ST,,SYCAMORE,GA,31790,A,A,,10/23/2017,10/23/2017,10/23/2017,IN PERSON,NO,NO,,NO,2,2,008,013,155,TIFT,00011,142001,00031,31,
TURNER,01321051,PIRKLE,GERALD,,,1121,BETHEL RD, ,SYCAMORE,GA,31790,1121,BETHEL RD,,SYCAMORE,GA,31790,A,A,,10/30/2017,10/30/2017,10/30/2017,IN PERSON,NO,NO,,NO,,2,008,013,155,TIFT,00005,142001,00082,82,
TURNER,01320183,REINHARDT,CHARNELLE,,,430,E MADISON AVE, ,ASHBURN,GA,31714-5340,430,E MADISON AVE,,ASHBURN,GA,31714-5340,A,A,,10/24/2017,10/24/2017,10/24/2017,IN PERSON,NO,NO,,NO,1,1,008,013,155,TIFT,00009,142001,00039,39,
TURNER,01319325,BEAZLY,FAYE,H,,220,LAMAR ST, ,ASHBURN,GA,31714,,P.  O.  BOX 229,,ASHBURN,GA,31714,A,A,,11/03/2017,11/03/2017,11/03/2017,IN PERSON,NO,NO,,NO,1,1,008,013,155,TIFT,00009,142001,00131,131,
TURNER,01322936,SPEARS,VERA,C,,213,BARBER AVE, ,ASHBURN,GA,31714,213,BARBER AVE,,ASHBURN,GA,31714,A,A,,10/30/2017,10/30/2017,10/30/2017,IN PERSON,NO,NO,,NO,1,1,008,013,155,TIFT,00007,142001,00078,78,
TURNER,04634221,LITTLE,JIMMY,LEE,,310,W END AVE, ,ASHBURN,GA,31714,310,W END AVE,,ASHBURN,GA,31714,A,A,,10/30/2017,10/30/2017,10/30/2017,IN PERSON,NO,NO,,NO,1,1,008,013,155,TIFT,00006,142001,00081,81,
TURNER,01323028,MASTRARIO,ELIZABETH,S,,1070,GA HIGHWAY 32 E, ,SYCAMORE,GA,31790,1070,GA HIGHWAY 32 E,,SYCAMORE,GA,31790,A,A,,10/30/2017,10/30/2017,10/30/2017,IN PERSON,NO,NO,,NO,,2,008,013,155,TIFT,00005,142001,00088,88,
TURNER,01321031,KICKLIGHTER,IRIS,L,,2311,HONEYSUCKLE RD, ,SYCAMORE,GA,31790,2311,HONEYSUCKLE RD,,SYCAMORE,GA,31790,A,A,,10/26/2017,10/26/2017,10/26/2017,IN PERSON,NO,NO,,NO,,2,008,013,155,TIFT,00005,142001,00052,52,
TURNER,05320132,HUTCHENS,ERNESTINE,MCLEMORE,,115,CREPE MYRTLE DR, ,SYCAMORE,GA,31790,,PO BOX 193,,SYCAMORE,GA,31790-0019,A,A,,11/03/2017,11/03/2017,11/03/2017,IN PERSON,NO,NO,,NO,2,2,008,013,155,TIFT,00011,142001,00130,130,
TURNER,01319327,BELL,VEVERLY,DIANNE,,124,N MATTIE AVE, ,SYCAMORE,GA,31790-2365,,PO BOX 308,,SYCAMORE,GA,31790-0030,A,A,,10/20/2017,10/20/2017,10/20/2017,IN PERSON,NO,NO,,NO,2,2,008,013,155,TIFT,00011,142001,00023,23,
TURNER,00597682,LEWIS,MARK,B,,345,N RAILROAD AVE, ,SYCAMORE,GA,31790-2205,345,N RAILROAD AVE,,SYCAMORE,GA,31790-2205,A,A,,11/01/2017,11/01/2017,11/01/2017,IN PERSON,NO,NO,,NO,2,2,008,013,155,TIFT,00011,142001,00103,103,
TURNER,01322046,JACKSON,GENEVA,,,721,W WASHINGTON AVE, ,ASHBURN,GA,31714,721,W WASHINGTON ,,ASHBURN,GA,31714,A,A,,10/25/2017,10/25/2017,10/25/2017,IN PERSON,NO,NO,,NO,1,1,008,013,155,TIFT,00006,142001,00042,42,
TURNER,01322711,WHITTLE,THOMAS,M,JR,151,S ACADEMY ST, ,REBECCA,GA,31783,151,S ACADEMY ST,,REBECCA,GA,31783,A,A,,10/30/2017,10/30/2017,10/30/2017,IN PERSON,NO,NO,,NO,3,3,008,013,155,TIFT,00010,142001,00087,87,
TURNER,08715204,MORTON,NICHOLAS,WILLIAM WINSTON,,45,S ACADEMY AVE, ,SYCAMORE,GA,31790,45,S ACADEMY AVE,,SYCAMORE,GA,31790-3581,A,A,,11/03/2017,11/03/2017,11/03/2017,IN PERSON,NO,NO,,NO,2,2,008,013,155,TIFT,00011,142001,00148,148,
TURNER,04433577,SEE,ELIZABETH,P,,552,MCLENDON ST, ,ASHBURN,GA,31714,552,MCLENDON ST,,ASHBURN,GA,31714,A,A,,10/20/2017,10/20/2017,10/20/2017,IN PERSON,NO,NO,,NO,1,1,008,013,155,TIFT,00008,142001,00021,21,
TURNER,01321158,COKER,DOROTHY,I,,130,E DASHER ST, ,SYCAMORE,GA,31790,,PO BOX 56,,SYCAMORE,GA,31790-0005,A,A,,10/19/2017,10/19/2017,10/19/2017,IN PERSON,NO,NO,,NO,2,2,008,013,155,TIFT,00011,142001,00018,18,
TURNER,01319428,CARSWELL,GAYLE,,,747,CEDAR DR, ,ASHBURN,GA,31714,,PO BOX 263,,ASHBURN,GA,31714-0026,A,A,,11/03/2017,11/03/2017,11/03/2017,IN PERSON,NO,NO,,NO,1,1,008,013,155,TIFT,00008,142001,00127,127,
TURNER,08210984,COX,DIANE,RENEE,,2453,US HIGHWAY 41 S, ,SYCAMORE,GA,31790,,P.O. BOX 304,,SYCAMORE,GA,31790,A,A,,11/02/2017,11/02/2017,11/02/2017,IN PERSON,NO,NO,,NO,2,2,008,013,155,TIFT,00011,142001,00112,112,
TURNER,04931227,SAYLOR,CHARLES,TIMOTHY,,144,BUSSEY RD, ,SYCAMORE,GA,31790-2356,,PO BOX 111,,SYCAMORE,GA,31790-0011,A,A,,10/17/2017,10/17/2017,10/17/2017,IN PERSON,NO,NO,,NO,2,2,008,013,155,TIFT,00011,142001,00001,1,
TURNER,07580818,THOMPSON,STEPHANIE,MAE,,105,YOUNGBLOOD RD, ,ASHBURN,GA,31714,105,YOUNGBLOOD RD,,ASHBURN,GA,31714,A,A,,11/03/2017,11/03/2017,11/03/2017,IN PERSON,NO,NO,,NO,,1,008,013,155,TIFT,00003,142001,00138,138,
TURNER,08046359,COOK,JUSTIN,SCOTTIE,,270,GLYNN COOK RD, ,ASHBURN,GA,31714,270,GLYNN COOK RD,,ASHBURN,GA,31714,A,A,,10/31/2017,10/31/2017,10/31/2017,IN PERSON,NO,NO,,NO,,2,008,013,155,TIFT,00002,142001,00091,91,
TURNER,01321909,HICKMAN,SHEREE,G,,133,GEOGHAGAN RD, ,ASHBURN,GA,31714-3523,133,GEOGHAGAN RD,,ASHBURN,GA,31714-3523,A,A,,10/31/2017,10/31/2017,10/31/2017,IN PERSON,NO,NO,,NO,,2,008,013,155,TIFT,00004,142001,00092,92,
TURNER,01322197,TILLMAN,ROBIN,KAY,,545,EVANS ST, ,ASHBURN,GA,31714,545,EVANS ST,,ASHBURN,GA,31714,A,A,,10/19/2017,10/19/2017,10/19/2017,IN PERSON,NO,NO,,NO,1,1,008,013,155,TIFT,00008,142001,00019,19,
TURNER,07581779,MCCORMACK,KATHY,JO,,697,CEDAR DR, ,ASHBURN,GA,31714,697,CEDAR DR,,ASHBURN,GA,31714,A,A,,11/02/2017,11/02/2017,11/02/2017,IN PERSON,NO,NO,,NO,1,1,008,013,155,TIFT,00008,142001,00108,108,
TURNER,01321005,FLOYD,DAVID,T,,4777,BUSSEY RD, ,SYCAMORE,GA,31790-6202,4777,BUSSEY RD,,SYCAMORE,GA,31790-6202,A,A,,10/19/2017,10/19/2017,10/19/2017,IN PERSON,NO,NO,,NO,,2,008,013,155,TIFT,00004,142001,00015,15,
TURNER,01321207,FARMER,BARBARA,J,,67,LABELLE AVE N, ,SYCAMORE,GA,31790,,PO BOX 82,,SYCAMORE,GA,31790-0008,A,A,,11/02/2017,11/02/2017,11/02/2017,IN PERSON,NO,NO,,NO,2,2,008,013,155,TIFT,00011,142001,00115,115,
TURNER,07785947,CLARK,FAYE,SCHWISOW,,670,CEDAR DR, ,ASHBURN,GA,31714,670,CEDAR DR,,ASHBURN,GA,31714,A,A,,10/24/2017,10/24/2017,10/24/2017,IN PERSON,NO,NO,,NO,1,1,008,013,155,TIFT,00008,142001,00038,38,
TURNER,01320039,MCMILLIAN,JURETHA,S,,818,W MADISON AVE, ,ASHBURN,GA,31714-2131,,PO BOX 534,,ASHBURN,GA,31714-0053,A,A,,10/20/2017,10/20/2017,10/20/2017,IN PERSON,NO,NO,,NO,1,1,008,013,155,TIFT,00006,142001,00022,22,
TURNER,04280079,SMITH,CAROLINE,P,,165,W COLLEGE ST, ,SYCAMORE,GA,31790,,PO BOX 41,,SYCAMORE,GA,31790-0004,A,A,,11/02/2017,11/02/2017,11/02/2017,IN PERSON,NO,NO,,NO,2,2,008,013,155,TIFT,00011,142001,00126,126,
TURNER,01321981,ALBRITTON,MICHAEL,B,,387,HONEYSUCKLE RD, ,SYCAMORE,GA,31790,387,HONEYSUCKLE RD,,SYCAMORE,GA,31790,A,A,,11/03/2017,11/03/2017,11/03/2017,IN PERSON,NO,NO,,NO,,2,008,013,155,TIFT,00005,142001,00147,147,
TURNER,03567278,REED,AUDRA,LYNN,,2901,GA HIGHWAY 90 W, ,REBECCA,GA,31783,2901,GA HIGHWAY 90 W,,REBECCA,GA,31783,A,A,,10/18/2017,10/18/2017,10/18/2017,IN PERSON,NO,NO,,NO,,3,008,013,155,TIFT,00004,142001,00012,12,
TURNER,01321939,STURDEVAN,MARY ANNE,POPE,,3304,REBECCA WATERLOO HWY, ,REBECCA,GA,31783-2707,3304,REBECCA WATERLOO ,,REBECCA,GA,31783-2707,A,A,,10/30/2017,10/30/2017,10/30/2017,IN PERSON,NO,NO,,NO,,3,008,013,155,TIFT,00004,142001,00083,83,
TURNER,01321088,WYNN,MARY,Y,,8770,BUSSEY RD, ,SYCAMORE,GA,31790-2617,8770,BUSSEY RD,,SYCAMORE,GA,31790-2617,A,A,,11/03/2017,11/03/2017,11/03/2017,IN PERSON,NO,NO,,NO,,2,008,013,155,TIFT,00005,142001,00132,132,
TURNER,08294457,MORTON,DONALD,EDWARD,,45,S ACADEMY AVE, ,SYCAMORE,GA,31790,,PO BOX 1,,SYCAMORE,GA,31790,A,A,,10/30/2017,10/30/2017,10/30/2017,IN PERSON,NO,NO,,NO,2,2,008,013,155,TIFT,00011,142001,00086,86,
TURNER,04236838,GRIFFIN,RICHARD,B,,25,S BROWN AVE, ,SYCAMORE,GA,31790,,PO BOX 358,,SYCAMORE,GA,31790-0035,A,A,,11/02/2017,11/02/2017,11/02/2017,IN PERSON,NO,NO,,NO,2,2,008,013,155,TIFT,00011,142001,00122,122,
TURNER,01321011,GODWIN,DEBRA,STORY,,995,SEARCY RD, ,SYCAMORE,GA,31790,995,SEARCY RD,,SYCAMORE,GA,31790,A,A,,11/03/2017,11/03/2017,11/03/2017,IN PERSON,NO,NO,,NO,,2,008,013,155,TIFT,00005,142001,00139,139,
TURNER,01321467,YOUNGBLOOD,WILLIAM,LARRY,,335,S MATTIE AVE, ,SYCAMORE,GA,31790,335,S MATTIE AVE,,SYCAMORE,GA,31790,A,A,,11/02/2017,11/02/2017,11/02/2017,IN PERSON,NO,NO,,NO,2,2,008,013,155,TIFT,00011,142001,00111,111,
TURNER,01319759,HOLLAND,JOHN,H,,423,N MAIN ST, ,ASHBURN,GA,31714-5127,423,N MAIN ST,,ASHBURN,GA,31714-5127,A,A,,10/26/2017,10/26/2017,10/26/2017,IN PERSON,NO,NO,,NO,1,1,008,013,155,TIFT,00008,142001,00050,50,
TURNER,04948782,MCNAIR,BRENDA,JOYCE,,66,S RAILROAD AVE, ,SYCAMORE,GA,31790,,PO BOX 345,,SYCAMORE,GA,31790-0034,A,A,,10/20/2017,10/20/2017,10/20/2017,IN PERSON,NO,NO,,NO,2,2,008,013,155,TIFT,00011,142001,00028,28,
TURNER,07201994,ELTRINGHAM,NORMAN,LESLIE,,697,CEDAR DR, ,ASHBURN,GA,31714,697,CEDAR DR,,ASHBURN,GA,31714,A,A,,11/02/2017,11/02/2017,11/02/2017,IN PERSON,NO,NO,,NO,1,1,008,013,155,TIFT,00008,142001,00107,107,
TURNER,01319706,HARVEY,MARY,ANN,,118,S JEFFERSON ST, ,ASHBURN,GA,31714-5750,,PO BOX 2602,,ASHBURN,GA,31714-0260,A,A,,11/03/2017,11/03/2017,11/03/2017,IN PERSON,NO,NO,,NO,1,1,008,013,155,TIFT,00006,142001,00146,146,
TURNER,10530757,IRELAND,KATELYN,LILLIE-MARIE,,9130,BUSSEY RD, ,SYCAMORE,GA,31790,9130,BUSSEY RD,,SYCAMORE,GA,31790,A,A,,10/25/2017,10/25/2017,10/25/2017,IN PERSON,NO,NO,,NO,,2,008,013,155,TIFT,00005,142001,00041,41,
TURNER,04789936,JORDAN,HOWARD,,,858,S LEE ST, ,ASHBURN,GA,31714-1654,858,S LEE ST,,ASHBURN,GA,31714-1654,A,A,,11/01/2017,11/01/2017,11/01/2017,IN PERSON,NO,NO,,NO,1,1,008,013,155,TIFT,00007,142001,00102,102,
TURNER,01325365,HANCOCK,ROBIN,MICHAEL,,485,N RAILROAD AVE, ,SYCAMORE,GA,31790-2252,485,N RAILROAD AVE,,SYCAMORE,GA,31790-2252,A,A,,10/17/2017,10/17/2017,10/17/2017,IN PERSON,NO,NO,,NO,2,2,008,013,155,TIFT,00011,142001,00009,9,
TURNER,01050823,THOMAS,CLENTON,WILLIAM,,626,NORTH ST, ,ASHBURN,GA,31714,626,NORTH ST,,ASHBURN,GA,31714,A,A,,11/03/2017,11/03/2017,11/03/2017,IN PERSON,NO,NO,,NO,1,1,008,013,155,TIFT,00008,142001,00137,137,
TURNER,01321366,PYLANT,JAYNE,WYNN,,484,ROBY REEVES RD, ,SYCAMORE,GA,31790,484,ROBY REEVES RD,,SYCAMORE,GA,31790,A,A,,10/27/2017,10/27/2017,10/27/2017,IN PERSON,NO,NO,,NO,,2,008,013,155,TIFT,00005,142001,00059,59,
TURNER,01320274,SPEARS,ROBERT,LEE,,213,BARBER AVE, ,ASHBURN,GA,31714,,PO BOX 612,,ASHBURN,GA,31714-0061,A,A,,10/30/2017,10/30/2017,10/30/2017,IN PERSON,NO,NO,,NO,1,1,008,013,155,TIFT,00007,142001,00077,77,
TURNER,01320738,MCNAIR,WILLIAM,ODIE,,66,S RAILROAD AVE, ,SYCAMORE,GA,31790,,PO BOX 345,,SYCAMORE,GA,31790-0034,A,A,,10/20/2017,10/20/2017,10/20/2017,IN PERSON,NO,NO,,NO,2,2,008,013,155,TIFT,00011,142001,00027,27,
TURNER,01321996,BURGESS,JOHN,LEE,,849,DETROIT AVE, ,ASHBURN,GA,31714,849,DETROIT AVE,,ASHBURN,GA,31714,A,A,,10/20/2017,10/20/2017,10/20/2017,IN PERSON,NO,NO,,NO,1,1,008,013,155,TIFT,00006,142001,00026,26,
TURNER,06120822,SMITH,MILDRED,,,99,N RAILROAD AVE, ,SYCAMORE,GA,31790,,PO BOX 215,,SYCAMORE,GA,31790-0021,A,A,,10/23/2017,10/23/2017,10/23/2017,IN PERSON,NO,NO,,NO,2,2,008,013,155,TIFT,00011,142001,00032,32,
TURNER,01321466,YOUNGBLOOD,KATHY,SMITH,,335,S MATTIE AVE, ,SYCAMORE,GA,31790,335,S MATTIE AVE,,SYCAMORE,GA,31790,A,A,,11/02/2017,11/02/2017,11/02/2017,IN PERSON,NO,NO,,NO,2,2,008,013,155,TIFT,00011,142001,00110,110,
TURNER,05227095,GEOGHAGAN,MICHAEL,STUART,,291,STANFORD RD, ,ASHBURN,GA,31714-3512,291,STANFORD RD,,ASHBURN,GA,31714-3512,A,A,,11/03/2017,11/03/2017,11/03/2017,IN PERSON,NO,NO,,NO,,1,008,013,155,TIFT,00004,142001,00150,150,
TURNER,01321052,PIRKLE,LINDA,,,1121,BETHEL RD, ,SYCAMORE,GA,31790,1121,BETHEL RD,,SYCAMORE,GA,31790,A,A,,11/02/2017,11/02/2017,11/02/2017,IN PERSON,NO,NO,,NO,,2,008,013,155,TIFT,00005,142001,00118,118,
TURNER,02913053,FOUNTAIN,SARAH,KATHLEEN,,747,MCLENDON ST, ,ASHBURN,GA,31714,747,MCLENDON ST,,ASHBURN,GA,31714,A,A,,10/31/2017,10/31/2017,10/31/2017,IN PERSON,NO,NO,,NO,1,1,008,013,155,TIFT,00008,142001,00093,93,
TURNER,01319984,MITCHELL,ROBERT,P,,243,E COLLEGE AVE, ,ASHBURN,GA,31714-5201,243,E COLLEGE AVE,,ASHBURN,GA,31714-5201,A,A,,11/03/2017,11/03/2017,11/03/2017,IN PERSON,NO,NO,,NO,1,1,008,013,155,TIFT,00008,142001,00156,156,
TURNER,01319976,MERRIWEATHER,JENNIE,,,319,E WILLIAMS AVE, ,ASHBURN,GA,31714,319,E WILLIAMS AVE,,ASHBURN,GA,31714,A,A,,10/17/2017,10/17/2017,10/17/2017,IN PERSON,NO,NO,,NO,1,1,008,013,155,TIFT,00007,142001,00007,7,
TURNER,08601278,EDGE,SHARON,,,121,S MATTIE AVE, ,SYCAMORE,GA,31790,121,S MATTIE AVE,,SYCAMORE,GA,31790,A,A,,11/02/2017,11/02/2017,11/02/2017,IN PERSON,NO,NO,,NO,2,2,008,013,155,TIFT,00011,142001,00117,117,
TURNER,01321137,BRYAN,RICHARD,KENNETH,,411,LAKEVIEW DR, ,SYCAMORE,GA,31790,411,LAKEVIEW DR,,SYCAMORE,GA,31790,A,A,,10/18/2017,10/18/2017,10/18/2017,IN PERSON,NO,NO,,NO,,2,008,013,155,TIFT,00002,142001,00014,14,
TURNER,01319742,HOBBS,H,T,,655,CEDAR DR, ,ASHBURN,GA,31714,655,CEDAR DR,,ASHBURN,GA,31714,A,A,,11/03/2017,11/03/2017,11/03/2017,IN PERSON,NO,NO,,NO,1,1,008,013,155,TIFT,00008,142001,00144,144,
TURNER,01323153,BLUE,WAYNE,,,5509,US HIGHWAY 41 S, ,SYCAMORE,GA,31790-2103,5509,US HIGHWAY 41 S,,SYCAMORE,GA,31790-2103,A,A,,10/25/2017,10/25/2017,10/25/2017,IN PERSON,NO,NO,,NO,,2,008,013,155,TIFT,00005,142001,00046,46,
TURNER,06870371,HEWITT,DIANA,LYNN,,60,E JEFFERSON ST, ,SYCAMORE,GA,31790,60,E JEFFERSON ST,,SYCAMORE,GA,31790,A,A,,10/25/2017,10/25/2017,10/25/2017,IN PERSON,NO,NO,,NO,2,2,008,013,155,TIFT,00011,142001,00045,45,
TURNER,01320551,POPE,DELORES,KEENE,,3236,REBECCA WATERLOO HWY, ,REBECCA,GA,31783-2708,3236,REBECCA WATERLOO ,,REBECCA,GA,31783-2708,A,A,,10/30/2017,10/30/2017,10/30/2017,IN PERSON,NO,NO,,NO,,3,008,013,155,TIFT,00004,142001,00072,72,
TURNER,10853812,EVITT,MISTICAL,P,,417,N MATTIE AVE, ,SYCAMORE,GA,31790,,P.O. BOX 42,,SYCAMORE,GA,31790,A,A,,11/01/2017,11/01/2017,11/01/2017,IN PERSON,NO,NO,,NO,2,2,008,013,155,TIFT,00011,142001,00101,101,
TURNER,01321533,PHELPS,BILLY,W,,861,N MAIN ST, ,ASHBURN,GA,31714-5105,861,N MAIN ST,,ASHBURN,GA,31714-5105,A,A,,11/03/2017,11/03/2017,11/03/2017,IN PERSON,NO,NO,,NO,1,1,008,013,155,TIFT,00008,142001,00158,158,
TURNER,04401414,SMITH,BRYANT,E,III,165,E COLLEGE ST, ,SYCAMORE,GA,31790,165,E COLLEGE ST,,SYCAMORE,GA,31790,A,A,,11/02/2017,11/02/2017,11/02/2017,IN PERSON,NO,NO,,NO,2,2,008,013,155,TIFT,00011,142001,00124,124,
TURNER,10761846,PRICE,PHYLLIS,ANN,,366,S BROWN AVE, ,SYCAMORE,GA,31790,,P.O. BOX 153,,SYCAMORE,GA,31790,A,A,,10/17/2017,10/17/2017,10/17/2017,IN PERSON,NO,NO,,NO,2,2,008,013,155,TIFT,00011,142001,00010,10,
TURNER,01321689,WALLER,JIMMIE,,,391,S BROWN AVE, ,SYCAMORE,GA,31790,391,S BROWN AVE,,SYCAMORE,GA,31790,A,A,,10/27/2017,10/27/2017,10/27/2017,IN PERSON,NO,NO,,NO,2,2,008,013,155,TIFT,00011,142001,00064,64,
TURNER,01322737,BEARD,CHARLIE,SHARON,,211,N RAILROAD AVE, ,SYCAMORE,GA,31790,,PO BOX 2898,,ASHBURN,GA,31714-0289,A,A,,10/20/2017,10/20/2017,10/20/2017,IN PERSON,NO,NO,,NO,2,2,008,013,155,TIFT,00011,142001,00024,24,
TURNER,07001647,BICKERS,P ALICE,,,606,N MAIN ST, ,ASHBURN,GA,31714-5125,606,N MAIN ST,,ASHBURN,GA,31714-5125,A,A,,10/18/2017,10/18/2017,10/18/2017,IN PERSON,NO,NO,,NO,1,1,008,013,155,TIFT,00008,142001,00013,13,
TURNER,01319266,ALLEN,GLORIA,ANN,,306,W MADISON AVE, ,ASHBURN,GA,31714-5726,306,W MADISON AVE,,ASHBURN,GA,31714-5726,A,A,,10/25/2017,10/25/2017,10/25/2017,IN PERSON,NO,NO,,NO,1,1,008,013,155,TIFT,00007,142001,00043,43,
TURNER,10035242,WINTER,AMBER,NICOLE,,766,N MAIN ST, ,ASHBURN,GA,31714,766,N MAIN ST,,ASHBURN,GA,31714,A,A,,10/23/2017,10/23/2017,10/23/2017,IN PERSON,NO,NO,,NO,1,1,008,013,155,TIFT,00008,142001,00034,34,
TURNER,05705266,BROWN,PEGGIE,HILL,,5393,US HIGHWAY 41 N, ,ASHBURN,GA,31714-3215,5393,US HIGHWAY 41 N,,ASHBURN,GA,31714-3215,A,A,,11/02/2017,11/02/2017,11/02/2017,IN PERSON,NO,NO,,NO,,1,008,013,155,TIFT,00003,142001,00105,105,
TURNER,01320971,BELL,OLA,MAE,,600,PERRY DR,UNIT 500J,ASHBURN,GA,31714,600,PERRY DR,UNIT 500J,ASHBURN,GA,31714,A,A,,10/31/2017,10/31/2017,10/31/2017,IN PERSON,NO,NO,,NO,1,1,008,013,155,TIFT,00007,142001,00096,96,
TURNER,01322304,PIRKLE,CLAY,E,,2445,HONEYSUCKLE RD, ,SYCAMORE,GA,31790,2445,HONEYSUCKLE RD,,SYCAMORE,GA,31790,A,A,,10/31/2017,10/31/2017,10/31/2017,IN PERSON,NO,NO,,NO,,2,008,013,155,TIFT,00005,142001,00090,90,
TURNER,05227096,GEOGHAGAN,MARY,USHER,,291,STANFORD RD, ,ASHBURN,GA,31714-3512,291,STANFORD RD,,ASHBURN,GA,31714-3512,A,A,,11/03/2017,11/03/2017,11/03/2017,IN PERSON,NO,NO,,NO,,1,008,013,155,TIFT,00004,142001,00151,151,
TURNER,01323148,BROWN,RODNEY,CLINTON,,185,SMITH LN, ,ASHBURN,GA,31714-4150,185,SMITH LN,,ASHBURN,GA,31714-4150,A,A,,10/27/2017,10/27/2017,10/27/2017,IN PERSON,NO,NO,,NO,,1,008,013,155,TIFT,00002,142001,00066,66,
TURNER,01320578,STANFORD,KAREN,,,235,S WASHINGTON ST, ,REBECCA,GA,31783,235,S WASHINGTON ST,,REBECCA,GA,31783,A,A,,10/25/2017,10/25/2017,10/25/2017,IN PERSON,NO,NO,,NO,3,3,008,013,155,TIFT,00010,142001,00048,48,
TURNER,01321019,HUDGINS,CELIE,MARIE,,9130,BUSSEY RD, ,SYCAMORE,GA,31790,9130,BUSSEY RD,,SYCAMORE,GA,31790,A,A,,10/25/2017,10/25/2017,10/25/2017,IN PERSON,NO,NO,,NO,,2,008,013,155,TIFT,00005,142001,00040,40,
TURNER,10802436,FOSTER,WILLIAM,EARL,,1060,W WASHINGTON AVE,E102,ASHBURN,GA,31714,1060,W WASHINGTON ,E102,ASHBURN,GA,31714,A,A,,10/27/2017,10/27/2017,10/27/2017,IN PERSON,NO,NO,,NO,1,1,008,013,155,TIFT,00006,142001,00062,62,
TURNER,07092923,KARCHER,KENNETH,JAMES,,415,LUMSDEN LN, ,SYCAMORE,GA,31790,415,LUMSDEN LN,,SYCAMORE,GA,31790,A,A,,11/02/2017,11/02/2017,11/02/2017,IN PERSON,NO,NO,,NO,,2,008,013,155,TIFT,00005,142001,00109,109,
TURNER,01319883,LAND,TONY,KEITH,,341,GEOGHAGAN RD, ,ASHBURN,GA,31714,341,GEOGHAGAN RD,,ASHBURN,GA,31714,A,A,,10/26/2017,10/26/2017,10/26/2017,IN PERSON,NO,NO,,NO,,2,008,013,155,TIFT,00004,142001,00055,55,
TURNER,06094528,HAWES,RALPH,,JR,4244,BUSSEY RD, ,SYCAMORE,GA,31790-2507,4244,BUSSEY RD,,SYCAMORE,GA,31790-2507,A,A,,11/03/2017,11/03/2017,11/03/2017,IN PERSON,NO,NO,,NO,,2,008,013,155,TIFT,00005,142001,00145,145,
TURNER,01321032,KICKLIGHTER,WILLIAM,KENNETH,,2311,HONEYSUCKLE RD, ,SYCAMORE,GA,31790,2311,HONEYSUCKLE RD,,SYCAMORE,GA,31790,A,A,,10/26/2017,10/26/2017,10/26/2017,IN PERSON,NO,NO,,NO,,2,008,013,155,TIFT,00005,142001,00051,51,
TURNER,01322507,JORDAN,TELESHA,LASHUN,,606,WHATLEY DR, ,ASHBURN,GA,31714,606,WHATLEY DR,,ASHBURN,GA,31714,A,A,,10/17/2017,10/17/2017,10/17/2017,IN PERSON,NO,NO,,NO,1,1,008,013,155,TIFT,00008,142001,00008,8,
TURNER,05320087,WILSON,MARY,A,,414,RANEY ST, ,ASHBURN,GA,31714,,PO BOX 2913,,ASHBURN,GA,31714-0291,A,A,,11/03/2017,11/03/2017,11/03/2017,IN PERSON,NO,NO,,NO,1,1,008,013,155,TIFT,00008,142001,00134,134,
TURNER,01322372,CARITHERS,SEDRIC,DEBAIRL,,515,LAWRENCE ST, ,ASHBURN,GA,31714,,PO BOX 591,,ASHBURN,GA,31714-0059,A,A,,10/20/2017,10/20/2017,10/20/2017,IN PERSON,NO,NO,,NO,1,1,008,013,155,TIFT,00007,142001,00025,25,
TURNER,01323029,MASTRARIO,MICHAEL,J,,1070,GA HIGHWAY 32 E, ,SYCAMORE,GA,31790,1070,GA HIGHWAY 32 E,,SYCAMORE,GA,31790,A,A,,10/30/2017,10/30/2017,10/30/2017,IN PERSON,NO,NO,,NO,,2,008,013,155,TIFT,00005,142001,00089,89,
TURNER,06045638,TAYLOR,SHARI,LYNN,,131,S ACADEMY AVE, ,SYCAMORE,GA,31790,131,S ACADEMY AVE,,SYCAMORE,GA,31790,A,A,,10/24/2017,10/24/2017,10/24/2017,IN PERSON,NO,NO,,NO,2,2,008,013,155,TIFT,00011,142001,00036,36,
TURNER,01321444,WILLIAMSON,THOMAS,B,,65,S BROWN AVE, ,SYCAMORE,GA,31790,,PO BOX 199,,SYCAMORE,GA,31790-0019,A,A,,11/03/2017,11/03/2017,11/03/2017,IN PERSON,NO,NO,,NO,2,2,008,013,155,TIFT,00011,142001,00140,140,
TURNER,01321012,GODWIN,ROBERT,DANIEL,,995,SEARCY RD, ,SYCAMORE,GA,31790,995,SEARCY RD,,SYCAMORE,GA,31790,A,A,,11/03/2017,11/03/2017,11/03/2017,IN PERSON,NO,NO,,NO,,2,008,013,155,TIFT,00005,142001,00141,141,
TURNER,01320595,WIDEMAN,DIANE,R,,444,REBECCA WATERLOO HWY, ,REBECCA,GA,31783,444,REBECCA WATERLOO ,,REBECCA,GA,31783,A,A,,11/03/2017,11/03/2017,11/03/2017,IN PERSON,NO,NO,,NO,,3,008,013,155,TIFT,00004,142001,00149,149,
TURNER,01322165,FORD,DEBRA,ELAINE,,402,HODGE KING DR, ,ASHBURN,GA,31714,402,HODGE KING DR,,ASHBURN,GA,31714,A,A,,10/31/2017,10/31/2017,10/31/2017,IN PERSON,NO,NO,,NO,1,1,008,013,155,TIFT,00006,142001,00095,95,
TURNER,01319423,CARITHERS,QUEEN,ESTHER,,657,CARLOS AVE, ,ASHBURN,GA,31714-5634,657,CARLOS AVE,,ASHBURN,GA,31714-5634,A,A,,11/02/2017,11/02/2017,11/02/2017,IN PERSON,NO,NO,,NO,1,1,008,013,155,TIFT,00006,142001,00121,121,
TURNER,01322157,FELTON,BUSTER,LEE,,211,CARLOS AVE, ,ASHBURN,GA,31714-5824,211,CARLOS AVE,,ASHBURN,GA,31714-5824,A,A,,10/23/2017,10/23/2017,10/23/2017,IN PERSON,NO,NO,,NO,1,1,008,013,155,TIFT,00007,142001,00033,33,
TURNER,01324792,HUGHES,PAUL,DOUGLAS,,1298,HARMONY RD, ,ASHBURN,GA,31714,1298,HARMONY RD,,ASHBURN,GA,31714,A,A,,10/31/2017,10/31/2017,10/31/2017,IN PERSON,NO,NO,,NO,,1,008,013,155,TIFT,00003,142001,00094,94,
TURNER,06713585,TILLMAN,GUY,EDWARD,JR,545,EVANS ST, ,ASHBURN,GA,31714,545,EVANS ST,,ASHBURN,GA,31714,A,A,,10/20/2017,10/20/2017,10/20/2017,IN PERSON,NO,NO,,NO,1,1,008,013,155,TIFT,00008,142001,00020,20,
TURNER,01308687,DANIELL,WILLIS,W,,231,LAMAR ST, ,ASHBURN,GA,31714,231,LAMAR ST,,ASHBURN,GA,31714,A,A,,10/27/2017,10/27/2017,10/27/2017,IN PERSON,NO,NO,,NO,1,1,008,013,155,TIFT,00009,142001,00069,69,
TURNER,03676271,BERNACKI,VICTOR,J,,326,E DASHER ST, ,SYCAMORE,GA,31790,326,E DASHER ST,,SYCAMORE,GA,31790,A,A,,10/30/2017,10/30/2017,10/30/2017,IN PERSON,NO,NO,,NO,2,2,008,013,155,TIFT,00011,142001,00079,79,
TURNER,01639446,LEWIS,GEORGIA,A,,345,N RAILROAD AVE, ,SYCAMORE,GA,31790,345,N RAILROAD AVE,,SYCAMORE,GA,31790,A,A,,11/02/2017,11/02/2017,11/02/2017,IN PERSON,NO,NO,,NO,2,2,008,013,155,TIFT,00011,142001,00125,125,
TURNER,01319551,ELLINGTON,CARRIE,MAE,,541,HARRISON AVE, ,ASHBURN,GA,31714,541,HARRISON AVE,,ASHBURN,GA,31714,A,A,,10/30/2017,10/30/2017,10/30/2017,IN PERSON,NO,NO,,NO,1,1,008,013,155,TIFT,00006,142001,00074,74,
TURNER,02767382,BROWN,BETTY,J,,291,W END AVE, ,ASHBURN,GA,31714,,PO BOX 2876,,ASHBURN,GA,31714-0287,A,A,,10/19/2017,10/19/2017,10/19/2017,IN PERSON,NO,NO,,NO,1,1,008,013,155,TIFT,00006,142001,00016,16,
TURNER,01321393,SMITH,BONNIE,A,,681,GA HIGHWAY 32 E, ,SYCAMORE,GA,31790-3547,681,GA HIGHWAY 32 E,,SYCAMORE,GA,31790-3547,A,A,,11/03/2017,11/03/2017,11/03/2017,IN PERSON,NO,NO,,NO,,2,008,013,155,TIFT,00005,142001,00152,152,
TURNER,01320241,SHIPP,PATRICIA,E,,323,CARLOS AVE, ,ASHBURN,GA,31714-5820,323,CARLOS AVE,,ASHBURN,GA,31714-5820,A,A,,10/26/2017,10/26/2017,10/26/2017,IN PERSON,NO,NO,,NO,1,1,008,013,155,TIFT,00007,142001,00049,49,
TURNER,00104219,MULLINS,SUSAN,W,,611,GORDAY DR,UNIT 8 A,ASHBURN,GA,31714,611,GORDAY DR,UNIT 8 A,ASHBURN,GA,31714,A,A,,11/03/2017,11/03/2017,11/03/2017,IN PERSON,NO,NO,,NO,1,1,008,013,155,TIFT,00008,142001,00133,133,
TURNER,01319265,ALLEN,FRED,,,234,W WILLIAMS AVE, ,ASHBURN,GA,31714,234,W WILLIAMS AVE,,ASHBURN,GA,31714,A,A,,10/25/2017,10/25/2017,10/25/2017,IN PERSON,NO,NO,,NO,1,1,008,013,155,TIFT,00007,142001,00044,44,
TURNER,01321059,STORY,CAROLYN,HOGAN,,2177,SEARCY RD, ,SYCAMORE,GA,31790,2177,SEARCY RD,,SYCAMORE,GA,31790,A,A,,11/03/2017,11/03/2017,11/03/2017,IN PERSON,NO,NO,,NO,,2,008,013,155,TIFT,00005,142001,00155,155,
TURNER,00194427,WOODRUFF,MELISSA,FAITH,,597,N RAILROAD AVE, ,SYCAMORE,GA,31790,597,N RAILROAD AVE,,SYCAMORE,GA,31790,A,A,,10/17/2017,10/17/2017,10/17/2017,IN PERSON,NO,NO,,NO,2,2,008,013,155,TIFT,00011,142001,00004,4,
TURNER,01323147,BROWN,JO ANNE,M,,185,SMITH LN, ,ASHBURN,GA,31714-4150,185,SMITH LN,,ASHBURN,GA,31714-4150,A,A,,10/27/2017,10/27/2017,10/27/2017,IN PERSON,NO,NO,,NO,,1,008,013,155,TIFT,00002,142001,00065,65,
TURNER,06604602,GAMET,DAVID,ROSS,,737,JONES RD, ,ASHBURN,GA,31714,737,JONES RD,,ASHBURN,GA,31714,A,A,,10/27/2017,10/27/2017,10/27/2017,IN PERSON,NO,NO,,NO,,1,008,013,155,TIFT,00003,142001,00057,57,
TURNER,05505959,OWENS,CHERYL,HAZEL,,202,S ACADEMY ST, ,REBECCA,GA,31783,,PO BOX 113,,REBECCA,GA,31783-0011,A,A,,10/17/2017,10/17/2017,10/17/2017,IN PERSON,NO,NO,,NO,3,3,008,013,155,TIFT,00010,142001,00003,3,
TURNER,08235502,PRICE,CLAY,ALEXANDER,,366,S BROWN AVE, ,SYCAMORE,GA,31790,,PO BOX 153,,SYCAMORE,GA,31790-0015,A,A,,10/24/2017,10/24/2017,10/24/2017,IN PERSON,NO,NO,,NO,2,2,008,013,155,TIFT,00011,142001,00035,35,
TURNER,02504702,BURKS,JEAN,L,,1200,W WASHINGTON AVE, ,ASHBURN,GA,31714,,PO BOX 2691,,ASHBURN,GA,31714-0269,A,A,,11/02/2017,11/02/2017,11/02/2017,IN PERSON,NO,NO,,NO,1,1,008,013,155,TIFT,00006,142001,00120,120,
TURNER,07968254,BELFLOWER,JASON,SCOTT,,1480,STANFORD RD, ,ASHBURN,GA,31714-3500,1480,STANFORD RD,,ASHBURN,GA,31714-3500,A,A,,10/30/2017,10/30/2017,10/30/2017,IN PERSON,NO,NO,,NO,,2,008,013,155,TIFT,00004,142001,00084,84,
TURNER,01320451,WISE,JEANETTE,BOBO,,741,GRAND ST, ,ASHBURN,GA,31714,741,GRAND ST,,ASHBURN,GA,31714,A,A,,11/03/2017,11/03/2017,11/03/2017,IN PERSON,NO,NO,,NO,1,1,008,013,155,TIFT,00008,142001,00143,143,
TURNER,01322631,CATON,RITA,,,465,N RAILROAD AVE, ,SYCAMORE,GA,31790,465,N RAILROAD AVE,,SYCAMORE,GA,31790,A,A,,10/26/2017,10/26/2017,10/26/2017,IN PERSON,NO,NO,,NO,2,2,008,013,155,TIFT,00011,142001,00053,53,
TURNER,01320859,BROWN,THOMAS,E,,5393,US HIGHWAY 41 N, ,ASHBURN,GA,31714-3215,5393,US HIGHWAY 41 N,,ASHBURN,GA,31714-3215,A,A,,11/02/2017,11/02/2017,11/02/2017,IN PERSON,NO,NO,,NO,,1,008,013,155,TIFT,00003,142001,00106,106,
TURNER,01321406,GRIFFIN,JERILYN,B,,25,S BROWN AVE, ,SYCAMORE,GA,31790,25,S BROWN AVE,,SYCAMORE,GA,31790,A,A,,11/01/2017,11/01/2017,11/01/2017,IN PERSON,NO,NO,,NO,2,2,008,013,155,TIFT,00011,142001,00099,99,
TURNER,04914783,MCCARD,HUMPHREY,L,III,2664,PATE RD, ,ASHBURN,GA,31714-4125,2664,PATE RD,,ASHBURN,GA,31714-4125,A,A,,11/03/2017,11/03/2017,11/03/2017,IN PERSON,NO,NO,,NO,,1,008,013,155,TIFT,00003,142001,00142,142,
TURNER,06747601,STUBBS,WILLIE,M,,415,HODGE KING DR, ,ASHBURN,GA,31714,,PO BOX 2671,,ASHBURN,GA,31714-0267,A,A,,10/30/2017,10/30/2017,10/30/2017,IN PERSON,NO,NO,,NO,1,1,008,013,155,TIFT,00006,142001,00075,75,
TURNER,01321460,WYNN,MARGENE,,,1000,DAPHNIA RD, ,SYCAMORE,GA,31790,1000,DAPHNIA RD,,SYCAMORE,GA,31790,A,A,,11/01/2017,11/01/2017,11/01/2017,IN PERSON,NO,NO,,NO,,2,008,013,155,TIFT,00005,142001,00100,100,
TURNER,01321688,WALLER,EDISON,WOLSTEIN,,391,S BROWN AVE, ,SYCAMORE,GA,31790,391,S BROWN AVE,,SYCAMORE,GA,31790,A,A,,10/27/2017,10/27/2017,10/27/2017,IN PERSON,NO,NO,,NO,2,2,008,013,155,TIFT,00011,142001,00063,63,
TURNER,01320289,LUMPKIN,SANDRA,JAMES,,425,GILMORE ST, ,ASHBURN,GA,31714,425,GILMORE ST,,ASHBURN,GA,31714,A,A,,11/02/2017,11/02/2017,11/02/2017,IN PERSON,NO,NO,,NO,1,1,008,013,155,TIFT,00008,142001,00123,123,
TURNER,00902458,MASSENGALE,MARION,EUGENE,JR,12,LAKE ESTATE DR, ,ASHBURN,GA,31714,12,LAKE ESTATE DR,,ASHBURN,GA,31714,A,A,,11/02/2017,11/02/2017,11/02/2017,IN PERSON,NO,NO,,NO,1,1,008,013,155,TIFT,00008,142001,00119,119,
TURNER,01322533,LIVINGSTON,DOLORES,D,,770,WHATLEY DR, ,ASHBURN,GA,31714,770,WHATLEY DR,,ASHBURN,GA,31714,A,A,,10/26/2017,10/26/2017,10/26/2017,IN PERSON,NO,NO,,NO,1,1,008,013,155,TIFT,00008,142001,00054,54,
TURNER,05992004,OWENS,JERRY,LEON,,202,S ACADEMY ST, ,REBECCA,GA,31783,,PO BOX 113,,REBECCA,GA,31783-0011,A,A,,10/17/2017,10/17/2017,10/17/2017,IN PERSON,NO,NO,,NO,3,3,008,013,155,TIFT,00010,142001,00002,2,
TURNER,01321060,STORY,JAMES,ROY,,2177,SEARCY RD, ,SYCAMORE,GA,31790,2177,SEARCY RD,,SYCAMORE,GA,31790,A,A,,11/03/2017,11/03/2017,11/03/2017,IN PERSON,NO,NO,,NO,,2,008,013,155,TIFT,00005,142001,00154,154,
TURNER,01319699,HARDIN,DORIS,,,546,EVANS ST, ,ASHBURN,GA,31714,546,EVANS ST,,ASHBURN,GA,31714,A,A,,11/03/2017,11/03/2017,11/03/2017,IN PERSON,NO,NO,,NO,1,1,008,013,155,TIFT,00008,142001,00128,128,
TURNER,07077666,THOMAS,MARVIN,MATTHEW,IV,4308,CANNON RD, ,ASHBURN,GA,31714-4207,4308,CANNON RD,,ASHBURN,GA,31714-4207,A,A,,10/24/2017,10/24/2017,10/24/2017,IN PERSON,NO,NO,,NO,,2,008,013,155,TIFT,00003,142001,00037,37,
TURNER,01320853,THOMAS,PENNY,ELDRIDGE,,626,NORTH ST, ,ASHBURN,GA,31714,626,NORTH ST,,ASHBURN,GA,31714,A,A,,11/02/2017,11/02/2017,11/02/2017,IN PERSON,NO,NO,,NO,1,1,008,013,155,TIFT,00008,142001,00113,113,
TURNER,01308686,DANIELL,BARBARA,J,,231,LAMAR ST, ,ASHBURN,GA,31714,231,LAMAR ST,,ASHBURN,GA,31714,A,A,,10/27/2017,10/27/2017,10/27/2017,IN PERSON,NO,NO,,NO,1,1,008,013,155,TIFT,00009,142001,00070,70,
TURNER,01319824,JOHN,DOROTHY,W,,431,REAGAN ST, ,ASHBURN,GA,31714-5633,431,REAGAN ST,,ASHBURN,GA,31714-5633,A,A,,10/30/2017,10/30/2017,10/30/2017,IN PERSON,NO,NO,,NO,1,1,008,013,155,TIFT,00007,142001,00073,73,
TURNER,01321827,LITTLE,JANICE,,,310,W END AVE, ,ASHBURN,GA,31714-5160,310,W END AVE,,ASHBURN,GA,31714-5160,A,A,,10/30/2017,10/30/2017,10/30/2017,IN PERSON,NO,NO,,NO,1,1,008,013,155,TIFT,00006,142001,00080,80,
TURNER,05961849,GALT-BROWN,JAMES,HERBERT,,505,N RAILROAD AVE, ,SYCAMORE,GA,31790-2206,505,N RAILROAD AVE,,SYCAMORE,GA,31790-2206,A,A,,10/17/2017,10/17/2017,10/17/2017,IN PERSON,NO,NO,,NO,2,2,008,013,155,TIFT,00011,142001,00006,6,
TURNER,01321367,PYLANT,WILLIAM,CURTIS,,484,ROBY REEVES RD, ,SYCAMORE,GA,31790,484,ROBY REEVES RD,,SYCAMORE,GA,31790,A,A,,10/30/2017,10/30/2017,10/30/2017,IN PERSON,NO,NO,,NO,,2,008,013,155,TIFT,00005,142001,00071,71,
TURNER,01321115,BELFLOWER,DONNA,M,,1480,STANFORD RD, ,ASHBURN,GA,31714-3500,1480,STANFORD RD,,ASHBURN,GA,31714-3500,A,A,,10/30/2017,10/30/2017,10/30/2017,IN PERSON,NO,NO,,NO,,2,008,013,155,TIFT,00004,142001,00085,85,
TURNER,06450933,WINTER,JANET,G,,766,N MAIN ST, ,ASHBURN,GA,31714,766,N MAIN ST,,ASHBURN,GA,31714,A,A,,10/23/2017,10/23/2017,10/23/2017,IN PERSON,NO,NO,,NO,1,1,008,013,155,TIFT,00008,142001,00030,30,
TURNER,01321306,HARRELL,LELIA,S,,2463,US HIGHWAY 41 S, ,SYCAMORE,GA,31790,2463,US HIGHWAY 41 S,,SYCAMORE,GA,31790,A,A,,10/30/2017,10/30/2017,10/30/2017,IN PERSON,NO,NO,,NO,2,2,008,013,155,TIFT,00011,142001,00076,76,
TURNER,01321545,BROOKS,DOUGLAS,L,,295,S ACADEMY AVE, ,SYCAMORE,GA,31790,295,S ACADEMY AVE,,SYCAMORE,GA,31790,A,A,,11/01/2017,11/01/2017,11/01/2017,IN PERSON,NO,NO,,NO,2,2,008,013,155,TIFT,00011,142001,00097,97,
TURNER,01637504,KREWER,MIKA,RIVERS,,131,E DASHER ST, ,SYCAMORE,GA,31790,131,E DASHER ST,,SYCAMORE,GA,31790,A,A,,11/03/2017,11/03/2017,11/03/2017,IN PERSON,NO,NO,,NO,2,2,008,013,155,TIFT,00011,142001,00153,153,
TURNER,01319400,GIPSON,MARY,NELL,,849,DETROIT AVE, ,ASHBURN,GA,31714,849,DETROIT AVE,,ASHBURN,GA,31714,A,A,,11/03/2017,11/03/2017,11/03/2017,IN PERSON,NO,NO,,NO,1,1,008,013,155,TIFT,00006,142001,00157,157,
TURNER,01321500,ALBRITTON,CONNIE,E,,387,HONEYSUCKLE RD, ,SYCAMORE,GA,31790,387,HONEYSUCKLE RD,,SYCAMORE,GA,31790,A,A,,10/27/2017,10/27/2017,10/27/2017,IN PERSON,NO,NO,,NO,,2,008,013,155,TIFT,00005,142001,00067,67,
TURNER,01323157,DAY,BETTY,A,,4740,REBECCA WATERLOO HWY, ,REBECCA,GA,31783-2704,4740,REBECCA WATERLOO ,,REBECCA,GA,31783-2704,A,A,,10/27/2017,10/27/2017,10/27/2017,IN PERSON,NO,NO,,NO,,3,008,013,155,TIFT,00004,142001,00061,61,
TURNER,01322001,BURKS,JAMES,ANTHONY,,1200,W WASHINGTON AVE, ,ASHBURN,GA,31714,,PO BOX 2691,,ASHBURN,GA,31714-0269,A,A,,10/23/2017,10/23/2017,10/23/2017,IN PERSON,NO,NO,,NO,1,1,008,013,155,TIFT,00006,142001,00029,29,
TURNER,01321018,HUDGINS,GREGORY,,,9130,BUSSEY RD, ,SYCAMORE,GA,31790,9130,BUSSEY RD,,SYCAMORE,GA,31790,A,A,,10/27/2017,10/27/2017,10/27/2017,IN PERSON,NO,NO,,NO,,2,008,013,155,TIFT,00005,142001,00056,56,
TURNER,04948781,LAPOINTE,DIANE,,,150,PAY CHECK LN, ,SYCAMORE,GA,31790,150,PAY CHECK LN,,SYCAMORE,GA,31790,A,A,,11/01/2017,11/01/2017,11/01/2017,IN PERSON,NO,NO,,NO,2,2,008,013,155,TIFT,00011,142001,00098,98,
TURNER,01320956,YOUNGBLOOD,LILLIAN,,,330,YOUNGBLOOD RD, ,ASHBURN,GA,31714,330,YOUNGBLOOD RD,,ASHBURN,GA,31714,A,A,,11/02/2017,11/02/2017,11/02/2017,IN PERSON,NO,NO,,NO,,1,008,013,155,TIFT,00003,142001,00114,114,
TURNER,06604597,GAMET,NANCY,LEE,,737,JONES RD, ,ASHBURN,GA,31714,737,JONES RD,,ASHBURN,GA,31714,A,A,,10/27/2017,10/27/2017,10/27/2017,IN PERSON,NO,NO,,NO,,1,008,013,155,TIFT,00003,142001,00058,58,
TURNER,10090252,OTOOLE,CHRISTINA,PAGE,,711,MCLENDON ST, ,ASHBURN,GA,31714,711,MCLENDON ST,,ASHBURN,GA,31714,A,A,,11/03/2017,11/03/2017,11/03/2017,IN PERSON,NO,NO,,NO,1,1,008,013,155,TIFT,00008,142001,00136,136,
TURNER,03281909,BAKER,BEN,R,,833,S MAIN ST, ,ASHBURN,GA,31714-5525,833,S MAIN ST,,ASHBURN,GA,31714-5525,A,A,,10/18/2017,10/18/2017,10/18/2017,IN PERSON,NO,NO,,NO,1,1,008,013,155,TIFT,00007,142001,00011,11,
TURNER,01319456,CLEVELAND,WILDA,,,133,TIPTON ST, ,ASHBURN,GA,31714,133,TIPTON ST,,ASHBURN,GA,31714,A,A,,10/27/2017,10/27/2017,10/27/2017,IN PERSON,NO,NO,,NO,1,1,008,013,155,TIFT,00006,142001,00060,60,
TURNER,01320469,YOUNGBLOOD,JESSIE,CROWE,,426,HALEY AVE, ,ASHBURN,GA,31714-5450,426,HALEY AVE,,ASHBURN,GA,31714-5450,A,A,,10/25/2017,10/25/2017,10/25/2017,IN PERSON,NO,NO,,NO,1,1,008,013,155,TIFT,00009,142001,00047,47,
TURNER,08905454,REYNOLDS,MATTHEW,FLOYD,,115,CREPE MYRTLE DR, ,SYCAMORE,GA,31790,,PO BOX 193,,SYCAMORE,GA,31790-0019,A,A,,11/03/2017,11/03/2017,11/03/2017,IN PERSON,NO,NO,,NO,2,2,008,013,155,TIFT,00011,142001,00129,129,
TURNER,00628619,SMITH,DAVID,D,,421,GREEN VALLEY RD, ,ASHBURN,GA,31714,421,GREEN VALLEY RD,,ASHBURN,GA,31714,A,A,,11/03/2017,11/03/2017,11/03/2017,IN PERSON,NO,NO,,NO,,1,008,013,155,TIFT,00004,142001,00135,135,
TURNER,01322053,BELFLOWER,DEBORAH,FAYE,,2910,BUSSEY RD, ,SYCAMORE,GA,31790-6032,2910,BUSSEY RD,,SYCAMORE,GA,31790-6032,A,A,,11/02/2017,11/02/2017,11/02/2017,IN PERSON,NO,NO,,NO,,2,008,013,155,TIFT,00005,142001,00116,116,
