County,Voter Registration #,Last Name,First Name,Middle Name,Suffix,Street #,Street Name,Apt/Unit,City,State,Zip Code,Mailing Street #,Mailing Street Name,Mailing Apt/Unit,Mailing City,Mailing State,Mailing Zip Code,Application Status,Ballot Status,Status Reason,Application Date,Ballot Issued Date,Ballot Return Date,Ballot Style,Ballot Assisted,Challenged/Provisional,Designation/Reason Issue,ID Required,Municipal Precinct,County Precinct,CNG,SEN,HOUSE	,JUD,Combo #,Vote Center ID,Ballot ID,Post #,Party
TWIGGS,00178578,SAMS,PATRICIA,WATSON,,610,BULLARD RD, ,JEFFERSONVILLE,GA,31044,610,BULLARD RD,,JEFFERSONVILLE,GA,31044,A,A,,11/01/2017,11/01/2017,11/01/2017,IN PERSON,NO,NO,,NO,JV-2,JV/W,008,026,144,DUBL,00003,143006,00131,152,
TWIGGS,00339563,WALKER,LINDA,J,,234,MATTHEW ST,UNIT 1B,JEFFERSONVILLE,GA,31044,234,MATTHEW ST,UNIT 1B,JEFFERSONVILLE,GA,31044,A,A,,11/02/2017,11/02/2017,11/07/2017,MAILED,NO,NO,,NO,JV-2,JV/W,008,026,144,DUBL,00003,,00010,169,
TWIGGS,00337094,BRIDGES,FAYE,S,,14456,US HIGHWAY 80, ,JEFFERSONVILLE,GA,31044-5606,,PO BOX 179,,JEFFERSONVILLE,GA,31044-0017,A,A,,10/30/2017,10/30/2017,10/30/2017,IN PERSON,NO,NO,,NO,JV-2,JV/W,008,026,144,DUBL,00003,143006,00098,117,
TWIGGS,00336995,ANDERSON,CAROLYN,SMITH,,5384,GA HIGHWAY 18, ,JEFFERSONVILLE,GA,31044-3402,5384,GA HIGHWAY 18,,JEFFERSONVILLE,GA,31044-3402,A,A,,10/26/2017,10/26/2017,10/26/2017,IN PERSON,NO,NO,,NO,JV-2,JV/W,008,026,144,DUBL,00003,143006,00079,94,
TWIGGS,00337155,CABINESS,ERIC,,,26,STEVENS RD, ,DANVILLE,GA,31017-9743,,PO BOX 3,,DANVILLE,GA,31017,A,A,,10/18/2017,10/18/2017,10/18/2017,IN PERSON,NO,NO,,NO,AL,HV,008,026,144,DUBL,00009,143006,00014,14,
TWIGGS,00339652,STANLEY,SABRINA,KAY,,4628,US HIGHWAY 80, ,DRY BRANCH,GA,31020-2413,4628,US HIGHWAY 80,,DRY BRANCH,GA,31020-2413,A,A,,10/25/2017,10/25/2017,10/25/2017,IN PERSON,NO,NO,,NO,,GI,008,026,144,DUBL,00006,143006,00072,87,
TWIGGS,00339749,STANLEY,SUNDRA,S,,4586,US HIGHWAY 80, ,DRY BRANCH,GA,31020-2412,4586,US HIGHWAY 80,,DRY BRANCH,GA,31020-2412,A,A,,10/24/2017,10/24/2017,10/24/2017,IN PERSON,NO,NO,,NO,,GI,008,026,144,DUBL,00006,143006,00050,61,
TWIGGS,00340414,GLOVER,BETTY,JO,,1199,NEW BULLARD RD, ,DRY BRANCH,GA,31020-4716,1199,NEW BULLARD RD,,DRY BRANCH,GA,31020-4716,A,A,,10/25/2017,10/25/2017,10/25/2017,IN PERSON,NO,NO,,NO,,GI,008,026,144,DUBL,00006,143006,00076,91,
TWIGGS,00338692,MIMS,ERNESTINE,H,,1093,DISTRICT RD, ,JEFFERSONVILLE,GA,31044,1093,DISTRICT RD,,JEFFERSONVILLE,GA,31044,A,A,,10/25/2017,10/25/2017,10/25/2017,IN PERSON,NO,NO,,NO,,SG/T,008,026,144,DUBL,00006,143006,00055,66,
TWIGGS,00338700,MIMS,SHIRLEY,LAWSON,,149,D ST, ,JEFFERSONVILLE,GA,31044-7225,,PO BOX 545,,JEFFERSONVILLE,GA,31044-0054,A,A,,10/30/2017,10/30/2017,10/30/2017,IN PERSON,NO,NO,,NO,,SG/T,008,026,144,DUBL,00006,143006,00108,129,
TWIGGS,00337434,HUGHES,SHIRLEY,ANN,,175,WIMBERLY DR, ,JEFFERSONVILLE,GA,31044,,PO BOX 316,,JEFFERSONVILLE,GA,31044-0316,A,A,,10/30/2017,10/30/2017,10/30/2017,IN PERSON,NO,NO,,NO,JV-1,JV/W,008,026,144,DUBL,00002,143006,00101,120,
TWIGGS,01042721,BLOODWORTH,WILLIAM,CLEVELAND,,653,MAIN ST, ,JEFFERSONVILLE,GA,31044-3656,,PO BOX 706,,JEFFERSONVILLE,GA,31044-0070,A,A,,11/02/2017,11/02/2017,11/02/2017,IN PERSON,NO,NO,ELDERLY,NO,JV-1,JV/W,008,026,144,DUBL,00002,143006,00150,172,
TWIGGS,00337427,HUGHES,JOHNNY,,,175,WIMBERLY DR, ,JEFFERSONVILLE,GA,31044,,PO BOX 316,,JEFFERSONVILLE,GA,31044-0031,A,A,,10/30/2017,10/30/2017,10/30/2017,IN PERSON,NO,NO,,NO,JV-1,JV/W,008,026,144,DUBL,00002,143006,00100,119,
TWIGGS,05538523,WILLIAMS,MARY,ANN,,715,SOLOMAN DR, ,JEFFERSONVILLE,GA,31044-3936,,PO BOX 337,,JEFFERSONVILLE,GA,31044-0033,A,A,,03/15/2016,10/20/2017,10/24/2017,MAILED,NO,NO,ELDERLY,NO,JV-1,JV/W,008,026,144,DUBL,00002,,00001,39,
TWIGGS,05001658,ROSE,EARL,B,,219,OAKVIEW DR E, ,MACON,GA,31217-6723,219,OAKVIEW DR E,,MACON,GA,31217-6723,A,A,,10/24/2017,10/24/2017,10/24/2017,IN PERSON,NO,NO,,NO,,DB,008,026,144,DUBL,00007,143006,00052,63,
TWIGGS,08741070,CARR,MELISSA,DOROTHY,,254,BIG OAK RD, ,MACON,GA,31217-6740,254,BIG OAK RD,,MACON,GA,31217-6740,A,A,,10/17/2017,10/17/2017,10/17/2017,IN PERSON,NO,NO,,NO,,DB,008,026,144,DUBL,00007,143006,00007,7,
TWIGGS,10193969,BOND,LACHANDRIA,RAQUEL,,209,SOLOMAN DR, ,JEFFERSONVILLE,GA,31044,209,SOLOMAN DR,,JEFFERSONVILLE,GA,31044,A,A,,10/30/2017,10/30/2017,10/30/2017,IN PERSON,NO,NO,,NO,,JV/W,008,026,144,DUBL,00010,143006,00110,131,
TWIGGS,00337048,ANDERSON,MICHELLE,LEIGH,,951,BALLS CHURCH RD, ,JEFFERSONVILLE,GA,31044-5034,951,BALLS CHURCH RD,,JEFFERSONVILLE,GA,31044-5034,A,A,,11/03/2017,11/03/2017,11/03/2017,IN PERSON,NO,NO,,NO,,JV/W,008,026,144,DUBL,00010,143006,00167,190,
TWIGGS,00337344,HAMRICK,RHONDA,N,,15752,US HIGHWAY 80, ,JEFFERSONVILLE,GA,31044-4302,,PO BOX 112,,JEFFERSONVILLE,GA,31044-0011,A,A,,10/25/2017,10/25/2017,10/25/2017,IN PERSON,NO,NO,,NO,,JV/W,008,026,144,DUBL,00010,143006,00069,82,
TWIGGS,00794541,VEAL,ELLIS,,JR,42,SOLOMAN DR, ,JEFFERSONVILLE,GA,31044-4040,,PO BOX 150,,JEFFERSONVILLE,GA,31044-0015,A,A,,10/24/2017,10/24/2017,10/24/2017,IN PERSON,NO,NO,,NO,,JV/W,008,026,144,DUBL,00010,143006,00049,58,
TWIGGS,00337135,BURNEY,WILLENE,R,,443,RAILROAD ST E, ,JEFFERSONVILLE,GA,31044-3948,,PO BOX 322,,JEFFERSONVILLE,GA,31044-0032,A,A,,10/25/2017,10/25/2017,10/25/2017,IN PERSON,NO,NO,,NO,,JV/W,008,026,144,DUBL,00010,143006,00061,72,
TWIGGS,03751908,STEPHENS,DEBRA,T,,194,FAMILY CIR, ,JEFFERSONVLLE,GA,31044-4145,,PO BOX 814,,JEFFERSONVLLE,GA,31044-0081,A,A,,10/31/2017,10/31/2017,10/31/2017,IN PERSON,NO,NO,,NO,,JV/W,008,026,144,DUBL,00010,143006,00124,145,
TWIGGS,00337685,STEPHENS,ROBIN,SHINE,,203,FAMILY CIR, ,JEFFERSONVILLE,GA,31044-4149,203,FAMILY CIR,,JEFFERSONVILLE,GA,31044-4149,A,A,,10/24/2017,10/24/2017,10/24/2017,IN PERSON,NO,NO,,NO,,JV/W,008,026,144,DUBL,00010,143006,00048,57,
TWIGGS,00341276,HEIGHT,RINNIE,ANDRE,,783,COOL SPRINGS RD, ,DANVILLE,GA,31017,,PO BOX 132,,DANVILLE,GA,31017-0013,A,A,,10/16/2017,10/16/2017,10/16/2017,IN PERSON,NO,NO,,NO,,HV,008,026,144,DUBL,00004,143006,00005,5,
TWIGGS,00338584,HART,LOUSIE,JENKINS,,2221,GA HIGHWAY 358, ,JEFFERSONVILLE,GA,31044-8350,2221,GA HIGHWAY 358,,JEFFERSONVILLE,GA,31044-8350,A,,,02/08/2016,10/27/2017,,MAILED,NO,NO,ELDERLY,NO,,SG/T,008,026,144,DUBL,00004,,00004,106,
TWIGGS,00337058,BECK,JAMES,E,JR,76,RIDGE DR, ,JEFFERSONVILLE,GA,31044,,PO BOX 365,,JEFFERSONVILLE,GA,31044-0036,A,A,,10/25/2017,10/25/2017,10/25/2017,IN PERSON,NO,NO,,NO,JV-2,JV/W,008,026,144,DUBL,00003,143006,00054,65,
TWIGGS,00337746,STEPHENS,KENNETH,,,107,MCADAMS ST, ,JEFFERSONVILLE,GA,31044-3426,107,MCADAMS ST,,JEFFERSONVILLE,GA,31044-3426,A,A,,10/20/2017,10/20/2017,10/20/2017,IN PERSON,NO,NO,,NO,JV-2,JV/W,008,026,144,DUBL,00003,143006,00031,35,
TWIGGS,00337420,HUBBARD,OTIS,,,633,GA HIGHWAY 96 W, ,JEFFERSONVILLE,GA,31044-5540,633,GA HIGHWAY 96 W,,JEFFERSONVILLE,GA,31044-5540,A,A,,11/02/2017,11/02/2017,11/02/2017,IN PERSON,NO,NO,,NO,JV-2,JV/W,008,026,144,DUBL,00003,143006,00148,170,
TWIGGS,00341693,COLLINS,RAPHAEL,URIAN,,1986,NEW BULLARD RD, ,DRY BRANCH,GA,31020-4509,1986,NEW BULLARD RD,,DRY BRANCH,GA,31020-4509,A,A,,10/20/2017,10/20/2017,10/20/2017,IN PERSON,NO,NO,,NO,,GI,008,026,144,DUBL,00006,143006,00035,40,
TWIGGS,00340422,GLOVER,JOHN,W,JR,1199,NEW BULLARD RD, ,DRY BRANCH,GA,31020-4716,1199,NEW BULLARD RD,,DRY BRANCH,GA,31020-4716,A,A,,10/23/2017,10/23/2017,10/23/2017,IN PERSON,NO,NO,,NO,,GI,008,026,144,DUBL,00006,143006,00041,46,
TWIGGS,08061217,RIGGINS,JOHN,WESLEY,,86,WILLIAMS DR, ,DRY BRANCH,GA,31020-4536,86,WILLIAMS DR,,DRY BRANCH,GA,31020-4536,A,A,,10/20/2017,10/20/2017,10/20/2017,IN PERSON,NO,NO,,NO,,GI,008,026,144,DUBL,00006,143006,00026,30,
TWIGGS,00340527,RIGGINS,FANNIE,JANE,,2501,NEW BULLARD RD, ,DRY BRANCH,GA,31020-3506,2501,NEW BULLARD RD,,DRY BRANCH,GA,31020-3506,A,A,,10/30/2017,10/30/2017,10/30/2017,IN PERSON,NO,NO,,NO,,GI,008,026,144,DUBL,00006,143006,00104,125,
TWIGGS,00338485,BURNEY,CHRISTINE,,,5924,GA HIGHWAY 96 W, ,JEFFERSONVLLE,GA,31044-7313,5924,GA HIGHWAY 96 W,,JEFFERSONVLLE,GA,31044-7313,A,A,,10/25/2017,10/25/2017,10/25/2017,IN PERSON,NO,NO,,NO,,SG/T,008,026,144,DUBL,00006,143006,00074,89,
TWIGGS,00788083,STANDARD,HERSHEL,D,,1802,OLD RICHLAND CHURCH RD, ,JEFFERSONVILLE,GA,31044-6218,1802,OLD RICHLAND CHURCH RD,,JEFFERSONVILLE,GA,31044-6218,A,A,,10/19/2017,10/19/2017,10/19/2017,IN PERSON,NO,NO,,NO,,SG/T,008,026,144,DUBL,00006,143006,00018,21,
TWIGGS,05132338,STEPHENS,WALTER,EDRED,,149,SAGEGRASS ST, ,JEFFERSONVILLE,GA,31044,,PO BOX 150,,JEFFERSONVILLE,GA,31044-0015,A,A,,10/19/2017,10/19/2017,10/19/2017,IN PERSON,NO,NO,,NO,JV-1,JV/W,008,026,144,DUBL,00002,143006,00020,23,
TWIGGS,00337490,LONG,EVELYN,BROWN,,1251,MAIN ST, ,JEFFERSONVILLE,GA,31044-3738,,PO BOX 28,,JEFFERSONVILLE,GA,31044-0002,A,A,,11/03/2017,11/03/2017,11/03/2017,IN PERSON,NO,NO,,NO,JV-1,JV/W,008,026,144,DUBL,00002,143006,00158,180,
TWIGGS,01333083,BLOODWORTH,ROBERTHA,,,653,MAIN ST, ,JEFFERSONVILLE,GA,31044-3656,,PO BOX 706,,JEFFERSONVILLE,GA,31044-0070,A,A,,10/18/2017,10/18/2017,10/18/2017,IN PERSON,NO,NO,,NO,JV-1,JV/W,008,026,144,DUBL,00002,143006,00015,15,
TWIGGS,00337859,WILLIAMS,ANNIE,B,,67,WALNUT ST, ,JEFFERSONVILLE,GA,31044,67,WALNUT ST,,JEFFERSONVILLE,GA,31044,A,A,,11/01/2017,11/01/2017,11/01/2017,IN PERSON,NO,NO,,NO,JV-1,JV/W,008,026,144,DUBL,00002,143006,00138,159,
TWIGGS,04590154,STEPHENS,CUEVAS,LARNELLE,,149,SAGEGRASS ST, ,JEFFERSONVILLE,GA,31044,149,SAGEGRASS ST,,JEFFERSONVILLE,GA,31044,A,A,,10/25/2017,10/25/2017,10/25/2017,IN PERSON,NO,NO,,NO,JV-1,JV/W,008,026,144,DUBL,00002,143006,00058,69,
TWIGGS,08268599,MOORE,DONALD,STEPHEN,,22072,US HIGHWAY 80, ,DANVILLE,GA,31017-6401,,PO BOX 66,,DANVILLE,GA,31017-0006,A,A,,10/25/2017,10/25/2017,10/25/2017,IN PERSON,NO,NO,,NO,DV,HV,008,026,144,DUBL,00008,143006,00075,90,
TWIGGS,00336991,ANDERSON,BOBBY,LEE,,10522,US HIGHWAY 80, ,JEFFERSONVILLE,GA,31044-2906,10522,US HIGHWAY 80,,JEFFERSONVILLE,GA,31044-2906,A,A,,10/24/2017,10/24/2017,10/24/2017,IN PERSON,NO,NO,,NO,,JV/W,008,026,144,DUBL,00010,143006,00045,54,
TWIGGS,06565253,WIMBERLY,JESSICA,NICOLE,,10228,US HIGHWAY 80, ,JEFFERSONVILLE,GA,31044-2903,10228,US HIGHWAY 80,,JEFFERSONVILLE,GA,31044-2903,A,A,,10/25/2017,10/25/2017,10/25/2017,IN PERSON,NO,NO,,NO,,JV/W,008,026,144,DUBL,00010,143006,00073,88,
TWIGGS,03524331,WIMBERLY,HERMAN,E,,10228,US HIGHWAY 80, ,JEFFERSONVILLE,GA,31044-2903,10228,US HIGHWAY 80,,JEFFERSONVILLE,GA,31044-2903,A,A,,11/03/2017,11/03/2017,11/03/2017,IN PERSON,NO,NO,,NO,,JV/W,008,026,144,DUBL,00010,143006,00164,187,
TWIGGS,00337749,STEPHENS,LORETTA,,,3246,MARION RIPLEY RD, ,DRY BRANCH,GA,31020-4014,3246,MARION RIPLEY RD,,DRY BRANCH,GA,31020-4014,A,A,,10/30/2017,10/30/2017,10/30/2017,IN PERSON,NO,NO,,NO,,JV/W,008,026,144,DUBL,00010,143006,00105,126,
TWIGGS,00337302,FORD,LONNIE,,,15950,US HIGHWAY 80, ,JEFFERSONVILLE,GA,31044-4304,15950,US HIGHWAY 80,,JEFFERSONVILLE,GA,31044-4304,A,A,,10/27/2017,10/27/2017,10/27/2017,IN PERSON,NO,NO,,NO,,JV/W,008,026,144,DUBL,00010,143006,00088,105,
TWIGGS,00338984,HARRELL,SARAH,FAULK,,1617,PROSPECT CHURCH RD, ,JEFFERSONVILLE,GA,31044-7650,1617,PROSPECT CHURCH RD,,JEFFERSONVILLE,GA,31044-7650,A,A,,10/30/2017,10/30/2017,10/30/2017,IN PERSON,NO,NO,,NO,,JV/W,008,026,144,DUBL,00010,143006,00107,128,
TWIGGS,00281540,DUBOIS,BRENT,L,JR,1177,MOORE RD, ,DANVILLE,GA,31017-6245,1177,MOORE RD,,DANVILLE,GA,31017-6245,A,A,,10/26/2017,10/26/2017,10/26/2017,IN PERSON,NO,NO,,NO,,HV,008,026,144,DUBL,00004,143006,00083,100,
TWIGGS,00339328,FAULK,KATHY,E,,1148,WALTERS RD, ,JEFFERSONVILLE,GA,31044-8811,1148,WALTERS RD,,JEFFERSONVILLE,GA,31044-8811,A,A,,10/27/2017,10/27/2017,10/27/2017,IN PERSON,NO,NO,,NO,,SG/T,008,026,144,DUBL,00004,143006,00089,108,
TWIGGS,07738311,MURPHY,CELLWELLAS,M,,13006,US HIGHWAY 80, ,JEFFERSONVILLE,GA,31044-3319,,PO BOX 265,,JEFFERSONVILLE,GA,31044-0026,A,A,,10/20/2017,10/20/2017,10/20/2017,IN PERSON,NO,NO,,NO,JV-2,JV/W,008,026,144,DUBL,00003,143006,00025,29,
TWIGGS,00337704,SINCLAIR,WASHINGTON,,,145,MARTIN LUTHER KING BLVD, ,JEFFERSONVILLE,GA,31044-3435,,PO BOX 24,,JEFFERSONVILLE,GA,31044-3435,A,A,,02/16/2016,10/24/2017,10/26/2017,MAILED,NO,NO,ELDERLY,NO,JV-2,JV/W,008,026,144,DUBL,00003,,00002,60,
TWIGGS,00337418,HUBBARD,BERTHA,E,,633,GA HIGHWAY 96 W, ,JEFFERSONVILLE,GA,31044-5540,633,GA HIGHWAY 96 W,,JEFFERSONVILLE,GA,31044-5540,A,A,,11/01/2017,11/01/2017,11/01/2017,IN PERSON,NO,NO,,NO,JV-2,JV/W,008,026,144,DUBL,00003,143006,00139,160,
TWIGGS,00337057,NEELY-BECK,ANNE,,,76,RIDGE DR, ,JEFFERSONVILLE,GA,31044-5721,,PO BOX 365,,JEFFERSONVILLE,GA,31044-0036,A,A,,10/30/2017,10/30/2017,10/30/2017,IN PERSON,NO,NO,,NO,JV-2,JV/W,008,026,144,DUBL,00003,143006,00096,115,
TWIGGS,00337445,JOHNSON,ESSLEAN,B,,13058,US HIGHWAY 80, ,JEFFERSONVILLE,GA,31044-3319,,PO BOX 77,,JEFFERSONVILLE,GA,31044-0007,A,A,,04/11/2016,10/30/2017,11/07/2017,MAILED,NO,NO,DISABLED,NO,JV-2,JV/W,008,026,144,DUBL,00003,,00008,123,
TWIGGS,00337792,THARPE,ELLA,DURHAM,,334,MARTIN LUTHER KING BLVD, ,JEFFERSONVILLE,GA,31044,,PO BOX 376,,JEFFERSONVILLE,GA,31044-0037,A,A,,10/02/2016,10/26/2017,10/31/2017,MAILED,NO,NO,ELDERLY,NO,JV-2,JV/W,008,026,144,DUBL,00003,,00007,99,
TWIGGS,08236826,KING,SHANICE,,,5077,GA HIGHWAY 18, ,JEFFERSONVILLE,GA,31044-5402,,PO BOX 851,,JEFFERSONVILLE,GA,31044-0085,A,A,,10/23/2017,10/23/2017,10/23/2017,IN PERSON,NO,NO,,NO,JV-2,JV/W,008,026,144,DUBL,00003,143006,00042,47,
TWIGGS,00337356,HILL,CORA,HARRIS,,91,MCADAMS ST, ,JEFFERSONVILLE,GA,31044,91,MCADAMS ST,,JEFFERSONVILLE,GA,31044,A,A,,10/26/2017,10/26/2017,10/26/2017,IN PERSON,NO,NO,,NO,JV-2,JV/W,008,026,144,DUBL,00003,143006,00084,101,
TWIGGS,00337782,TAYLOR,ALICE,BONNER,,4686,US HIGHWAY 80, ,DRY BRANCH,GA,31020-2413,4686,US HIGHWAY 80,,DRY BRANCH,GA,31020-2413,A,A,,10/25/2017,10/25/2017,10/25/2017,IN PERSON,NO,NO,,NO,,GI,008,026,144,DUBL,00006,143006,00056,67,
TWIGGS,00339840,DURHAM,CLASSIE,M,,30,DURHAM RD, ,MACON,GA,31217-8540,30,DURHAM RD,,MACON,GA,31217-8540,A,A,,10/26/2017,10/26/2017,10/26/2017,IN PERSON,NO,NO,,NO,,GI,008,026,144,DUBL,00006,143006,00077,92,
TWIGGS,00340234,ALBRITTON,SALLIE,MAE,,466,CURRY DR, ,DRY BRANCH,GA,31020-4837,466,CURRY DR,,DRY BRANCH,GA,31020-4837,A,A,,11/02/2017,11/02/2017,11/02/2017,IN PERSON,NO,NO,,NO,,GI,008,026,144,DUBL,00006,143006,00142,163,
TWIGGS,05044430,BOWDOIN,MARGERY,L,,131,SGODA CIR S, ,MACON,GA,31217-8242,131,SGODA CIR S,,MACON,GA,31217-8242,A,,,10/24/2017,10/24/2017,,MAILED,NO,NO,,NO,,GI,008,026,144,DUBL,00006,,00001,49,
TWIGGS,00750180,MIMS,LUCIUS,MCCASEY,,15023,GA HIGHWAY 129, ,DRY BRANCH,GA,31020-3542,,PO BOX 653,,JEFFERSONVILLE,GA,31044-0065,A,A,,11/03/2017,11/03/2017,11/03/2017,IN PERSON,NO,NO,,NO,,GI,008,026,144,DUBL,00006,143006,00159,182,
TWIGGS,00170525,HAWTHORNE,SARAH,BECK,,241,ASH ST N, ,JEFFERSONVILLE,GA,31044-3624,,PO BOX 188,,JEFFERSONVILLE,GA,31044-0018,A,A,,10/26/2017,10/26/2017,10/26/2017,IN PERSON,NO,NO,,NO,JV-1,JV/W,008,026,144,DUBL,00002,143006,00082,98,
TWIGGS,00337732,STEPHENS,ELLESTENE,VEAL,,149,SAGEGRASS ST, ,JEFFERSONVILLE,GA,31044-4010,,PO BOX 150,,JEFFERSONVILLE,GA,31044-0015,A,A,,10/24/2017,10/24/2017,10/24/2017,IN PERSON,NO,NO,,NO,JV-1,JV/W,008,026,144,DUBL,00002,143006,00053,64,
TWIGGS,04760417,WILLIAMS,NELSON,SHAVEZ,,67,WALNUT ST, ,JEFFERSONVILLE,GA,31044,,PO BOX 267,,JEFFERSONVILLE,GA,31044-0026,A,A,,11/01/2017,11/01/2017,11/01/2017,IN PERSON,NO,NO,,NO,JV-1,JV/W,008,026,144,DUBL,00002,143006,00137,158,
TWIGGS,00341675,SADLER,SARAH,,,310,PARK ST, ,JEFFERSONVILLE,GA,31044-4028,,PO BOX 118,,JEFFERSONVILLE,GA,31044-0011,A,A,,11/03/2017,11/03/2017,11/03/2017,IN PERSON,NO,NO,,NO,JV-1,JV/W,008,026,144,DUBL,00002,143006,00162,185,
TWIGGS,00154254,SHERLING,JUDITH,RICHARDS,,3383,PROSPECT CHURCH RD, ,JEFFERSONVILLE,GA,31044-6013,,PO BOX 155,,JEFFERSONVILLE,GA,31044-0015,A,A,,10/25/2017,10/25/2017,10/25/2017,IN PERSON,NO,NO,,NO,,JV/W,008,026,144,DUBL,00010,143006,00071,86,
TWIGGS,04069426,WASHINGTON,PEARLINE,S,,3182,MARION RIPLEY RD, ,DRY BRANCH,GA,31020-4013,3182,MARION RIPLEY RD,,DRY BRANCH,GA,31020-4013,A,A,,11/03/2017,11/03/2017,11/07/2017,MAILED,NO,NO,,NO,,JV/W,008,026,144,DUBL,00010,,00011,181,
TWIGGS,00339588,ANDERSON,LARRY,,,165,WILEY DR, ,JEFFERSONVILLE,GA,31044,165,WILEY DR,,JEFFERSONVILLE,GA,31044,A,A,,10/31/2017,10/31/2017,10/31/2017,IN PERSON,NO,NO,,NO,,JV/W,008,026,144,DUBL,00010,143006,00123,144,
TWIGGS,00341416,HUFFMAN,RUSSELL,F,,2763,GA HIGHWAY 96 W, ,JEFFERSONVILLE,GA,31044-5929,2763,GA HIGHWAY 96 W,,JEFFERSONVILLE,GA,31044-5929,A,A,,10/18/2017,10/18/2017,10/18/2017,IN PERSON,NO,NO,,NO,,JV/W,008,026,144,DUBL,00010,143006,00017,20,
TWIGGS,00340919,ROUSE,BECKY,SHERAL,,16535,US HIGHWAY 80, ,JEFFERSONVILLE,GA,31044-4335,16535,US HIGHWAY 80,,JEFFERSONVILLE,GA,31044-4335,A,A,,10/25/2017,10/25/2017,10/25/2017,IN PERSON,NO,NO,,NO,,JV/W,008,026,144,DUBL,00010,143006,00070,83,
TWIGGS,00337728,STEPHENS,CALVIN,,,203,FAMILY CIR, ,JEFFERSONVILLE,GA,31044-4149,203,FAMILY CIR,,JEFFERSONVILLE,GA,31044-4149,A,A,,10/24/2017,10/24/2017,10/24/2017,IN PERSON,NO,NO,,NO,,JV/W,008,026,144,DUBL,00010,143006,00047,56,
TWIGGS,00339129,CHANCE,NEOMIA,DUBOSE,,4034,GA HIGHWAY 358, ,DANVILLE,GA,31017-5106,4034,GA HIGHWAY 358,,DANVILLE,GA,31017-5106,A,A,,02/23/2016,10/24/2017,10/27/2017,MAILED,NO,NO,ELDERLY,NO,,HV,008,026,144,DUBL,00004,,00001,52,
TWIGGS,00339337,HUGHES,RUBY,J,,23,HUGHES DR, ,JEFFERSONVILLE,GA,31044,23,HUGHES DR,,JEFFERSONVILLE,GA,31044,A,A,,10/23/2017,10/23/2017,10/23/2017,IN PERSON,NO,NO,,NO,,HV,008,026,144,DUBL,00004,143006,00037,42,
TWIGGS,07066836,HOWELL,DEANNA,MARIE,,2278,CARDEN RD, ,DANVILLE,GA,31017,2278,CARDEN RD,,DANVILLE,GA,31017,A,A,,11/01/2017,11/01/2017,11/01/2017,IN PERSON,NO,NO,,NO,,SG/T,008,026,144,DUBL,00004,143006,00133,154,
TWIGGS,00338895,WASHINGTON,MICHAEL,,,1272,HILL AND DALE DR, ,JEFFERSONVILLE,GA,31044-8139,1272,HILL AND DALE DR,,JEFFERSONVILLE,GA,31044-8139,A,A,,10/30/2017,10/30/2017,10/30/2017,IN PERSON,NO,NO,,NO,,SG/T,008,026,144,DUBL,00004,143006,00106,127,
TWIGGS,06811348,FLOYD,CHAD,R,,1539,LONGSTREET RD, ,JEFFERSONVILLE,GA,31044,1539,LONGSTREET RD,,JEFFERSONVILLE,GA,31044,A,A,,10/25/2017,10/25/2017,10/25/2017,IN PERSON,NO,NO,,NO,,SG/T,008,026,144,DUBL,00004,143006,00067,79,
TWIGGS,00340522,RIGGINS,BERTHA,M,,523,CURRY DR, ,DRY BRANCH,GA,31020,523,CURRY DR,,DRY BRANCH,GA,31020,A,A,,10/30/2017,10/30/2017,10/30/2017,IN PERSON,NO,NO,,NO,,GI,008,026,144,DUBL,00006,143006,00099,118,
TWIGGS,00340415,GLOVER,DELLA,R,,452,SGODA RD, ,MACON,GA,31217-7918,452,SGODA RD,,MACON,GA,31217-7918,A,A,,10/20/2017,10/20/2017,10/20/2017,IN PERSON,NO,NO,,NO,,GI,008,026,144,DUBL,00006,143006,00032,36,
TWIGGS,00340577,STEPHENS,CHARLOTTE,CURRY,,887,ALTON V WHITE BLVD, ,DRY BRANCH,GA,31020,887,ALTON V WHITE BLVD,,DRY BRANCH,GA,31020,A,A,,10/31/2017,10/31/2017,10/31/2017,IN PERSON,NO,NO,,NO,,GI,008,026,144,DUBL,00006,143006,00125,146,
TWIGGS,02552616,DENNARD,LUCIOUS,H,JR,13129,GA HIGHWAY 129, ,DRY BRANCH,GA,31020-4117,13129,GA HIGHWAY 129,,DRY BRANCH,GA,31020-4117,A,A,,11/03/2017,11/03/2017,11/03/2017,IN PERSON,NO,NO,,NO,,GI,008,026,144,DUBL,00006,143006,00153,175,
TWIGGS,00341672,SAMPSON,MILTON,,,15095,GA HIGHWAY 129, ,DRY BRANCH,GA,31020-3542,15095,GA HIGHWAY 129,,DRY BRANCH,GA,31020-3542,A,A,,10/19/2017,10/19/2017,10/19/2017,IN PERSON,NO,NO,,NO,,GI,008,026,144,DUBL,00006,143006,00023,27,
TWIGGS,07802454,HOGGES,MATTIE,K,,286,KING RD, ,JEFFERSONVILLE,GA,31044-8734,286,KING RD,,JEFFERSONVILLE,GA,31044-8734,A,A,,01/26/2016,10/18/2017,10/30/2017,MAILED,NO,NO,ELDERLY,NO,,SG/T,008,026,144,DUBL,00006,,00001,17,
TWIGGS,00337567,ODOM,GLORIA,JUNE,,65,PINECREST DR, ,JEFFERSONVILLE,GA,31044-9425,65,PINECREST DR,,JEFFERSONVILLE,GA,31044-9425,A,A,,11/01/2017,11/01/2017,11/01/2017,IN PERSON,NO,NO,,NO,JV-1,JV/W,008,026,144,DUBL,00002,143006,00130,151,
TWIGGS,00340866,ANDERSON,BENNIE,B,,657,SOLOMAN DR, ,JEFFERSONVILLE,GA,31044-3935,657,SOLOMAN DR,,JEFFERSONVILLE,GA,31044-3935,A,A,,11/01/2017,11/01/2017,11/01/2017,IN PERSON,NO,NO,,NO,JV-1,JV/W,008,026,144,DUBL,00002,143006,00132,153,
TWIGGS,00341452,HEIGHT,DERRICK,BERNARD,,394,DENIS DR, ,JEFFERSONVILLE,GA,31044,,PO BOX 351,,JEFFERSONVLLE,GA,31044-0035,A,A,,10/20/2017,10/20/2017,10/20/2017,IN PERSON,NO,NO,,NO,JV-1,JV/W,008,026,144,DUBL,00002,143006,00029,33,
TWIGGS,00341072,RILEY,RICHARD,LEE,,5856,GA HIGHWAY 57, ,MACON,GA,31217-3402,5856,GA HIGHWAY 57,,MACON,GA,31217-3402,A,A,,10/16/2017,10/16/2017,10/16/2017,IN PERSON,NO,NO,,NO,,DB,008,026,144,DUBL,00007,143006,00003,3,
TWIGGS,00337119,BRYANT,TOMMIE,LEE,,65,WILEY DR, ,JEFFERSONVILLE,GA,31044-4104,,PO BOX 267,,JEFFERSONVILLE,GA,31044-0026,A,A,,10/17/2017,10/17/2017,10/17/2017,IN PERSON,NO,NO,,NO,,JV/W,008,026,144,DUBL,00010,143006,00008,8,
TWIGGS,00337845,WATSON,JAMES,STEPHEN,,12546,US HIGHWAY 80, ,JEFFERSONVILLE,GA,31044,,PO BOX 471,,JEFFERSONVILLE,GA,31044-0052,A,A,,10/20/2017,10/20/2017,10/20/2017,IN PERSON,NO,NO,,NO,,JV/W,008,026,144,DUBL,00010,143006,00033,37,
TWIGGS,00339033,MCCLINTON,IDA,B,,453,GALLIMORE MILL RD, ,JEFFERSONVILLE,GA,31044-5323,453,GALLIMORE MILL RD,,JEFFERSONVILLE,GA,31044-5323,A,A,,10/18/2017,10/18/2017,10/18/2017,IN PERSON,NO,NO,,NO,,JV/W,008,026,144,DUBL,00010,143006,00013,13,
TWIGGS,00337329,GLOVER,WAYNE,,,435,BALLS CHURCH RD, ,JEFFERSONVILLE,GA,31044,435,BALLS CHURCH RD,,JEFFERSONVILLE,GA,31044,A,A,,10/25/2017,10/25/2017,10/25/2017,IN PERSON,NO,NO,,NO,,JV/W,008,026,144,DUBL,00010,143006,00064,75,
TWIGGS,00337785,TAYLOR,EVEALENE,VEAL,,42,SOLOMAN DR, ,JEFFERSONVILLE,GA,31044-4040,,PO BOX 150,,JEFFERSONVILLE,GA,31044-0015,A,A,,10/25/2017,10/25/2017,10/25/2017,IN PERSON,NO,NO,,NO,,JV/W,008,026,144,DUBL,00010,143006,00066,78,
TWIGGS,00338982,FAULK,JOHN,GORDON,,427,PROSPECT CHURCH RD, ,JEFFERSONVILLE,GA,31044-7426,427,PROSPECT CHURCH RD,,JEFFERSONVILLE,GA,31044-7426,A,A,,10/31/2017,10/31/2017,10/31/2017,IN PERSON,NO,NO,,NO,,JV/W,008,026,144,DUBL,00010,143006,00120,141,
TWIGGS,04901832,GILDER,THOMAS,R,,2358,FOUNTAIN RD, ,GORDON,GA,31031-2943,2358,FOUNTAIN RD,,GORDON,GA,31031-2943,A,A,,10/23/2017,10/23/2017,10/23/2017,IN PERSON,NO,NO,,NO,,JV/W,008,026,144,DUBL,00010,143006,00038,43,
TWIGGS,10010932,CARDEN,BRENDA,STONE,,1283,LUCY CHAPEL RD, ,DANVILLE,GA,31017,1283,LUCY CHAPEL RD,,DANVILLE,GA,31017,A,A,,10/30/2017,10/30/2017,10/30/2017,IN PERSON,NO,NO,,NO,,HV,008,026,144,DUBL,00004,143006,00097,116,
TWIGGS,00338546,FLOYD,AMANDA,J,,267,HOMER FLOYD RD, ,JEFFERSONVILLE,GA,31044-7852,267,HOMER FLOYD RD,,JEFFERSONVILLE,GA,31044-7852,A,A,,10/25/2017,10/25/2017,10/25/2017,IN PERSON,NO,NO,,NO,,HV,008,026,144,DUBL,00004,143006,00065,76,
TWIGGS,08297146,FLOYD,MELODY,RAINEY,,1539,LONGSTREET RD, ,JEFFERSONVILLE,GA,31044,1539,LONGSTREET RD,,JEFFERSONVILLE,GA,31044,A,A,,11/01/2017,11/01/2017,11/01/2017,IN PERSON,NO,NO,,NO,,SG/T,008,026,144,DUBL,00004,143006,00140,161,
TWIGGS,00338789,ROZIER,MARY,LINDSEY,,141,ROZIER DR, ,COCHRAN,GA,31014-7251,141,ROZIER DR,,COCHRAN,GA,31014-7251,A,A,,11/01/2017,11/01/2017,11/01/2017,IN PERSON,NO,NO,,NO,,SG/T,008,026,144,DUBL,00004,143006,00134,155,
TWIGGS,06564521,BASLEY,TRAVONTAE,O,,1044,HAMLIN FLOYD RD, ,JEFFERSONVILLE,GA,31044-7612,1044,HAMLIN FLOYD RD,,JEFFERSONVILLE,GA,31044-7612,A,A,,10/30/2017,10/30/2017,10/30/2017,IN PERSON,NO,NO,,NO,,SG/T,008,026,144,DUBL,00004,143006,00114,135,
TWIGGS,00338560,FOWLER,WILLIAM,ARTHUR,,2290,CARDEN RD, ,DANVILLE,GA,31017,2290,CARDEN RD,,DANVILLE,GA,31017,A,A,,01/26/2016,10/18/2017,10/24/2017,MAILED,NO,NO,ELDERLY,NO,,SG/T,008,026,144,DUBL,00004,,00001,16,
TWIGGS,00337334,HACKLE,NEVELYN,,,112,PINE DR, ,JEFFERSONVILLE,GA,31044-5649,112,PINE DR,,JEFFERSONVILLE,GA,31044-5649,A,A,,10/25/2017,10/25/2017,10/25/2017,IN PERSON,NO,NO,,NO,JV-2,JV/W,008,026,144,DUBL,00003,143006,00057,68,
TWIGGS,00337699,SINCLAIR,EUNICE,WIGGINS,,145,MARTIN LUTHER KING BLVD, ,JEFFERSONVILLE,GA,31044-3435,,PO BOX 24,,JEFFERSONVILLE,GA,31044-3435,A,A,,04/08/2016,10/24/2017,10/26/2017,MAILED,NO,NO,ELDERLY,NO,JV-2,JV/W,008,026,144,DUBL,00003,,00001,59,
TWIGGS,00340252,BANKS,CORA,,,522,CURRY DR, ,DRY BRANCH,GA,31020-4838,522,CURRY DR,,DRY BRANCH,GA,31020-4838,A,A,,11/02/2017,11/02/2017,11/02/2017,IN PERSON,NO,NO,,NO,,GI,008,026,144,DUBL,00006,143006,00143,164,
TWIGGS,00338440,BASLEY,JOHN,S,SR,286,KING RD, ,JEFFERSONVILLE,GA,31044-9736,286,KING RD,,JEFFERSONVILLE,GA,31044-9736,A,A,,10/18/2017,10/18/2017,11/07/2017,MAILED,NO,NO,,NO,,SG/T,008,026,144,DUBL,00006,,00002,18,
TWIGGS,00146825,BASLEY,ROSE,ELOIS,,238,CRANBERRY LN, ,JEFFERSONVILLE,GA,31044-7333,238,CRANBERRY LN,,JEFFERSONVILLE,GA,31044-7333,A,A,,10/16/2017,10/16/2017,10/16/2017,IN PERSON,NO,NO,,NO,,SG/T,008,026,144,DUBL,00006,143006,00006,6,
TWIGGS,06708266,MIMS,CAMERON,LASHAWN,,1093,DISTRICT RD, ,JEFFERSONVLLE,GA,31044-7134,1093,DISTRICT RD,,JEFFERSONVLLE,GA,31044-7134,A,A,,11/03/2017,11/03/2017,11/03/2017,IN PERSON,NO,NO,,NO,,SG/T,008,026,144,DUBL,00006,143006,00160,183,
TWIGGS,10284453,LEWIS,KELVIN,CABOT,,251,MAIN ST, ,JEFFERSONVILLE,GA,31044,,P.O. BOX 304,,JEFFERSONVILLE,GA,31044,A,A,,10/16/2017,10/16/2017,10/16/2017,IN PERSON,NO,NO,,NO,JV-1,JV/W,008,026,144,DUBL,00002,143006,00004,4,
TWIGGS,04075124,BRYANT,JAVAREZ,TIANTE,,111,ELMORE DR, ,JEFFERSONVILLE,GA,31044-5739,,PO BOX 267,,JEFFERSONVILLE,GA,31044-0026,A,A,,11/02/2017,11/02/2017,11/02/2017,IN PERSON,NO,NO,,NO,JV-1,JV/W,008,026,144,DUBL,00002,143006,00149,171,
TWIGGS,00336988,ALBRITTON,KATHY,ANDERSON,,404,GA HIGHWAY 96 E, ,JEFFERSONVILLE,GA,31044-3704,,PO BOX 533,,JEFFERSONVILLE,GA,31044-0053,A,A,,10/27/2017,10/27/2017,10/27/2017,IN PERSON,NO,NO,,NO,JV-1,JV/W,008,026,144,DUBL,00002,143006,00090,109,
TWIGGS,00337875,WILLIAMS,MOSES,,,715,SOLOMAN DR, ,JEFFERSONVILLE,GA,31044-3936,,PO BOX 337,,JEFFERSONVILLE,GA,31044-0033,A,A,,10/20/2017,10/20/2017,10/20/2017,IN PERSON,NO,NO,ELDERLY,NO,JV-1,JV/W,008,026,144,DUBL,00002,143006,00034,38,
TWIGGS,00337629,REDDING,LENORA,SLAY,,281,GALLIMORE MILL RD, ,JEFFERSONVILLE,GA,31044-6005,281,GALLIMORE MILL RD,,JEFFERSONVILLE,GA,31044-6005,A,A,,10/19/2017,10/19/2017,10/19/2017,IN PERSON,NO,NO,,NO,,JV/W,008,026,144,DUBL,00010,143006,00022,26,
TWIGGS,00337323,GLOVER,JUDITH,M,,435,BALLS CHURCH RD, ,JEFFERSONVILLE,GA,31044,435,BALLS CHURCH RD,,JEFFERSONVILLE,GA,31044,A,A,,10/25/2017,10/25/2017,10/25/2017,IN PERSON,NO,NO,,NO,,JV/W,008,026,144,DUBL,00010,143006,00063,74,
TWIGGS,00164650,WIMBERLY,GRETCHEN,,,10228,US HIGHWAY 80, ,JEFFERSONVILLE,GA,31044-2903,10228,US HIGHWAY 80,,JEFFERSONVILLE,GA,31044-2903,A,A,,11/03/2017,11/03/2017,11/03/2017,IN PERSON,NO,NO,,NO,,JV/W,008,026,144,DUBL,00010,143006,00163,186,
TWIGGS,00339038,SLAY,MORGAN,,,281,GALLIMORE MILL RD, ,JEFFERSONVILLE,GA,31044-6005,281,GALLIMORE MILL RD,,JEFFERSONVILLE,GA,31044-6005,A,A,,10/27/2017,10/27/2017,10/27/2017,IN PERSON,NO,NO,,NO,,JV/W,008,026,144,DUBL,00010,143006,00091,110,
TWIGGS,00340584,STEPHENS,JACQUELYN,E,,3244,MARION RIPLEY RD, ,DRY BRANCH,GA,31020-4014,3244,MARION RIPLEY RD,,DRY BRANCH,GA,31020-4014,A,A,,11/03/2017,11/03/2017,11/03/2017,IN PERSON,NO,NO,,NO,,JV/W,008,026,144,DUBL,00010,143006,00151,173,
TWIGGS,00337397,REDDING,LEILA,M,,27,CHARLIE FLOYD SR RD, ,JEFFERSONVILLE,GA,31044,,PO BOX 150,,JEFFERSONVILLE,GA,31044-0015,A,A,,10/17/2017,10/17/2017,10/17/2017,IN PERSON,NO,NO,,NO,,JV/W,008,026,144,DUBL,00010,143006,00009,9,
TWIGGS,10315887,FLOYD,NOAH,CHAMBERS,,267,HOMER FLOYD RD, ,JEFFERSONVILLE,GA,31044,267,HOMER FLOYD RD,,JEFFERSONVILLE,GA,31044,A,A,,10/25/2017,10/25/2017,10/30/2017,MAILED,NO,NO,,NO,,HV,008,026,144,DUBL,00004,,00003,80,
TWIGGS,07676208,FLOYD,ZACHARY,DARRELL,,267,HOMER FLOYD RD, ,JEFFERSONVILLE,GA,31044-7852,267,HOMER FLOYD RD,,JEFFERSONVILLE,GA,31044-7852,A,A,,10/25/2017,10/25/2017,11/03/2017,MAILED,NO,NO,,NO,,HV,008,026,144,DUBL,00004,,00002,77,
TWIGGS,00785823,NEAL,SANDRA,CHANCE,,1113,FOWLER RD, ,DANVILLE,GA,31017-5741,1113,FOWLER RD,,DANVILLE,GA,31017-5741,A,A,,10/24/2017,10/24/2017,10/24/2017,IN PERSON,NO,NO,,NO,,HV,008,026,144,DUBL,00004,143006,00043,51,
TWIGGS,00338550,FLOYD,ROBERT,DARRELL,,267,HOMER FLOYD RD, ,JEFFERSONVILLE,GA,31044-7852,267,HOMER FLOYD RD,,JEFFERSONVILLE,GA,31044-7852,A,A,,10/27/2017,10/27/2017,10/27/2017,IN PERSON,NO,NO,,NO,,HV,008,026,144,DUBL,00004,143006,00095,114,
TWIGGS,00338757,PERRY,RESSIA,,,491,CARY RD, ,COCHRAN,GA,31014-7118,491,CARY RD,,COCHRAN,GA,31014-7118,A,A,,10/25/2017,10/25/2017,10/25/2017,IN PERSON,NO,NO,,NO,,SG/T,008,026,144,DUBL,00004,143006,00060,71,
TWIGGS,00337479,LEWIS,MARY,C,,5332,GA HIGHWAY 18, ,JEFFERSONVILLE,GA,31044-3402,,PO BOX 138,,JEFFERSONVILLE,GA,31044-0013,A,A,,10/17/2017,10/17/2017,10/17/2017,IN PERSON,NO,NO,,NO,JV-2,JV/W,008,026,144,DUBL,00003,143006,00012,12,
TWIGGS,00337915,WIMBERLY,LOUISE,B,,111,MAGNOLIA ST N, ,JEFFERSONVILLE,GA,31044-9525,,PO BOX 435,,JEFFERSONVILLE,GA,31044-0043,A,A,,11/02/2017,11/02/2017,11/02/2017,IN PERSON,NO,NO,,NO,JV-2,JV/W,008,026,144,DUBL,00003,143006,00147,168,
TWIGGS,00337750,STEPHENS,LULA,MAE,,456,MARTIN LUTHER KING BLVD, ,JEFFERSONVILLE,GA,31044-3432,,PO BOX 290,,JEFFERSONVILLE,GA,31044-0029,A,A,,10/25/2017,10/25/2017,10/25/2017,IN PERSON,NO,NO,,NO,JV-2,JV/W,008,026,144,DUBL,00003,143006,00062,73,
TWIGGS,00337089,BOYNTON,ESSLEAN,CORNELIOUS,,13058,US HIGHWAY 80, ,JEFFERSONVILLE,GA,31044-3319,,PO BOX 77,,JEFFERSONVILLE,GA,31044-0007,A,A,,04/11/2016,10/30/2017,11/07/2017,MAILED,NO,NO,ELDERLY,NO,JV-2,JV/W,008,026,144,DUBL,00003,,00009,124,
TWIGGS,00337906,WIMBERLY,FREDDIE,L,,111,MAGNOLIA ST N, ,JEFFERSONVILLE,GA,31044-5431,,PO BOX 435,,JEFFERSONVILLE,GA,31044-0043,A,A,,11/02/2017,11/02/2017,11/02/2017,IN PERSON,NO,NO,,NO,JV-2,JV/W,008,026,144,DUBL,00003,143006,00146,167,
TWIGGS,03626835,THARPE,THOMAS,LEE,,334,MARTIN LUTHER KING BLVD, ,JEFFERSONVILLE,GA,31044-3431,,PO BOX 376,,JEFFERSONVILLE,GA,31044-0037,A,A,,10/26/2017,10/26/2017,11/07/2017,MAILED,NO,NO,,NO,JV-2,JV/W,008,026,144,DUBL,00003,,00006,96,
TWIGGS,00340416,GLOVER,EMMA,LEE,,1065,NEW BULLARD RD, ,DRY BRANCH,GA,31020-4715,1065,NEW BULLARD RD,,DRY BRANCH,GA,31020-4715,A,A,,10/20/2017,10/20/2017,10/20/2017,IN PERSON,NO,NO,,NO,,GI,008,026,144,DUBL,00006,143006,00027,31,
TWIGGS,00338439,BASLEY,DOROTHY,H,,286,KING RD, ,JEFFERSONVILLE,GA,31044-9736,286,KING RD,,JEFFERSONVILLE,GA,31044-9736,A,A,,10/30/2017,10/30/2017,10/30/2017,IN PERSON,NO,NO,,NO,,SG/T,008,026,144,DUBL,00006,143006,00102,121,
TWIGGS,06485577,YOUNG,D'NETRA,LATRICE,,224,MAIN ST, ,JEFFERSONVILLE,GA,31044,,814,,JEFFERSONVLLE,GA,31044,A,A,,10/30/2017,10/30/2017,10/30/2017,IN PERSON,NO,NO,,NO,JV-1,JV/W,008,026,144,DUBL,00002,143006,00115,136,
TWIGGS,00337526,METHVIN,WILLIAM,JOSEPH,,166,RICHARD DR, ,JEFFERSONVILLE,GA,31044-3631,,PO BOX 1,,JEFFERSONVILLE,GA,31044,A,A,,11/03/2017,11/03/2017,11/03/2017,IN PERSON,NO,NO,,NO,JV-1,JV/W,008,026,144,DUBL,00002,143006,00154,176,
TWIGGS,00337719,STEELE,FRANCES,WILSON,,30,HARRELL ST, ,JEFFERSONVILLE,GA,31044-3600,,PO BOX 274,,JEFFERSONVILLE,GA,31044-0027,A,A,,11/01/2017,11/01/2017,11/01/2017,IN PERSON,NO,NO,,NO,JV-1,JV/W,008,026,144,DUBL,00002,143006,00136,157,
TWIGGS,00145348,HAWTHORNE,WILLIAM,FLEMING,JR,241,ASH ST N, ,JEFFERSONVILLE,GA,31044-3624,241,ASH ST N,,JEFFERSONVILLE,GA,31044-3624,A,A,,10/26/2017,10/26/2017,10/26/2017,IN PERSON,NO,NO,,NO,JV-1,JV/W,008,026,144,DUBL,00002,143006,00081,97,
TWIGGS,00337411,HOSKINS,AVIE,LEE,,256,WIMBERLY DR, ,JEFFERSONVILLE,GA,31044-4018,,PO BOX 492,,JEFFERSONVILLE,GA,31044-0049,A,A,,10/27/2017,10/27/2017,10/27/2017,IN PERSON,NO,NO,,NO,JV-1,JV/W,008,026,144,DUBL,00002,143006,00093,112,
TWIGGS,00338465,BROWN,MYRTICE,L,,38,STEVENS ST, ,DANVILLE,GA,31017-6429,38,STEVENS ST,,DANVILLE,GA,31017-6429,A,A,,10/17/2016,10/19/2017,10/26/2017,MAILED,NO,NO,ELDERLY,NO,DV,HV,008,026,144,DUBL,00008,,00001,25,
TWIGGS,00339290,JACKSON,DEBRA,SUE,,66,FIFTH ST, ,DANVILLE,GA,31017-9327,66,FIFTH ST,,DANVILLE,GA,31017-9327,A,A,,10/24/2017,10/24/2017,11/02/2017,MAILED,NO,NO,,NO,DV,HV,008,026,144,DUBL,00008,,00002,48,
TWIGGS,00339387,LUCAS,REX,PRESTON,,83,FOURTH ST, ,DANVILLE,GA,31017,,P.O 203,,DANVILLE,GA,31017,A,A,,10/20/2017,10/20/2017,10/20/2017,IN PERSON,NO,NO,,NO,DV,HV,008,026,144,DUBL,00008,143006,00028,32,
TWIGGS,00341858,BROWN,DAVID,LEE,,22074,US HIGHWAY 80, ,DANVILLE,GA,31017-6401,22074,US HIGHWAY 80,,DANVILLE,GA,31017-6401,A,A,,10/30/2017,10/30/2017,10/30/2017,IN PERSON,NO,NO,,NO,DV,HV,008,026,144,DUBL,00008,143006,00103,122,
TWIGGS,04965027,KELLY,PAUL,M,,6397,GA HIGHWAY 18, ,JEFFERSONVILLE,GA,31044-2727,,PO BOX 288,,JEFFERSONVILLE,GA,31044-0028,A,A,,10/30/2017,10/30/2017,10/30/2017,IN PERSON,NO,NO,,NO,,JV/W,008,026,144,DUBL,00010,143006,00111,132,
TWIGGS,00337824,KELLY,ANNETTE,H,,6397,GA HIGHWAY 18, ,JEFFERSONVILLE,GA,31044-2727,,PO BOX 288,,JEFFERSONVILLE,GA,31044-0028,A,A,,10/30/2017,10/30/2017,10/30/2017,IN PERSON,NO,NO,,NO,,JV/W,008,026,144,DUBL,00010,143006,00112,133,
TWIGGS,03647444,STEPHENS,VICKIE,L,,3246,MARION RIPLEY RD, ,DRY BRANCH,GA,31020-4014,3246,MARION RIPLEY RD,,DRY BRANCH,GA,31020-4014,A,A,,11/03/2017,11/03/2017,11/03/2017,IN PERSON,NO,NO,,NO,,JV/W,008,026,144,DUBL,00010,143006,00157,179,
TWIGGS,00337672,HICKS,VELVA,LASHUNE,,4975,MARION RIPLEY RD, ,JEFFERSONVILLE,GA,31044-2821,,PO BOX 633,,JEFFERSONVILLE,GA,31044-0063,A,A,,10/31/2017,10/31/2017,10/31/2017,IN PERSON,NO,NO,,NO,,JV/W,008,026,144,DUBL,00010,143006,00126,147,
TWIGGS,00337951,HUBBARD,LOUISE,,,9034,US HIGHWAY 80, ,JEFFERSONVILLE,GA,31044-2624,,PO BOX 805,,JEFFERSONVILLE,GA,31044-0080,A,A,,10/31/2017,10/31/2017,10/31/2017,IN PERSON,NO,NO,,NO,,JV/W,008,026,144,DUBL,00010,143006,00127,148,
TWIGGS,00337347,HAMRICK,W,E,III,15752,US HIGHWAY 80, ,JEFFERSONVILLE,GA,31044-4302,,PO BOX 112,,JEFFERSONVILLE,GA,31044-0011,A,A,,10/25/2017,10/25/2017,10/25/2017,IN PERSON,NO,NO,,NO,,JV/W,008,026,144,DUBL,00010,143006,00068,81,
TWIGGS,00787545,NEAL,TOMMIE,AARON,,1113,FOWLER RD, ,DANVILLE,GA,31017-5741,1113,FOWLER RD,,DANVILLE,GA,31017-5741,A,A,,10/24/2017,10/24/2017,10/24/2017,IN PERSON,NO,NO,,NO,,HV,008,026,144,DUBL,00004,143006,00044,53,
TWIGGS,00338572,GLOVER,JEANETTE,,,175,ROZIER DR, ,COCHRAN,GA,31014-7138,175,ROZIER DR,,COCHRAN,GA,31014-7138,A,A,,10/30/2017,10/30/2017,10/30/2017,IN PERSON,NO,NO,,NO,,SG/T,008,026,144,DUBL,00004,143006,00109,130,
TWIGGS,00341736,WALKER,TAMEKA,LESHONE,,234,MATTHEW ST,UNIT 1B,JEFFERSONVILLE,GA,31044-3457,234,MATTHEW ST,UNIT 1B,JEFFERSONVILLE,GA,31044-3457,A,A,,10/17/2017,10/17/2017,10/17/2017,IN PERSON,NO,NO,,NO,JV-2,JV/W,008,026,144,DUBL,00003,143006,00011,11,
TWIGGS,04148174,COLLINS,STEPHANIE,D,,1986,NEW BULLARD RD, ,DRY BRANCH,GA,31020-4509,1986,NEW BULLARD RD,,DRY BRANCH,GA,31020-4509,A,A,,10/20/2017,10/20/2017,10/20/2017,IN PERSON,NO,NO,,NO,,GI,008,026,144,DUBL,00006,143006,00036,41,
TWIGGS,00162491,DENNARD,EVELYN,FOWLER,,13129,GA HIGHWAY 129, ,DRY BRANCH,GA,31020-4117,13129,GA HIGHWAY 129,,DRY BRANCH,GA,31020-4117,A,A,,11/03/2017,11/03/2017,11/03/2017,IN PERSON,NO,NO,,NO,,GI,008,026,144,DUBL,00006,143006,00152,174,
TWIGGS,00340583,STEPHENS,GEORGE,ALLEN,,3815,FRIENDSHIP CHURCH RD, ,DRY BRANCH,GA,31020-3612,3815,FRIENDSHIP CHURCH RD,,DRY BRANCH,GA,31020-3612,A,A,,10/31/2017,10/31/2017,10/31/2017,IN PERSON,NO,NO,,NO,,GI,008,026,144,DUBL,00006,143006,00116,137,
TWIGGS,00340495,MIMS,LUCY,MAE,,125,STEPHENS DR, ,DRY BRANCH,GA,31020,125,STEPHENS DR,,DRY BRANCH,GA,31020,A,A,,11/02/2017,11/02/2017,11/02/2017,IN PERSON,NO,NO,,NO,,GI,008,026,144,DUBL,00006,143006,00145,166,
TWIGGS,00805594,PHILLIPS,DEETTE,ANNA,,40,REGINA DR, ,MACON,GA,31217-8900,40,REGINA DR,,MACON,GA,31217-8900,A,A,,10/26/2017,10/26/2017,10/26/2017,IN PERSON,NO,NO,,NO,,GI,008,026,144,DUBL,00006,143006,00078,93,
TWIGGS,03802709,LITTLE,FAYE,MARIE,,280,OLD LATIN RD, ,MACON,GA,31217,280,OLD LATIN RD,,MACON,GA,31217,A,A,,10/30/2017,10/30/2017,10/30/2017,IN PERSON,NO,NO,,NO,,GI,008,026,144,DUBL,00006,143006,00113,134,
TWIGGS,00338786,ROUSE,BETTY,SIMETON,,179,KING LN, ,JEFFERSONVLLE,GA,31044-8730,179,KING LN,,JEFFERSONVLLE,GA,31044-8730,A,A,,10/26/2017,10/26/2017,10/26/2017,IN PERSON,NO,NO,,NO,,SG/T,008,026,144,DUBL,00006,143006,00085,102,
TWIGGS,00340861,ALBRITTON,LUCIOUS,,JR,404,GA HIGHWAY 96 E, ,JEFFERSONVILLE,GA,31044-3704,404,GA HIGHWAY 96 E,,JEFFERSONVILLE,GA,31044-3704,A,A,,10/26/2017,10/26/2017,10/26/2017,IN PERSON,NO,NO,,NO,JV-1,JV/W,008,026,144,DUBL,00002,143006,00080,95,
TWIGGS,00337566,ODOM,CHARLES,B,,65,PINECREST DR, ,JEFFERSONVILLE,GA,31044-3828,,PO BOX 321,,JEFFERSONVILLE,GA,31044-0032,A,A,,10/26/2017,10/26/2017,10/26/2017,IN PERSON,NO,NO,,NO,JV-1,JV/W,008,026,144,DUBL,00002,143006,00087,104,
TWIGGS,00337524,METHVIN,CYNTHIA,,,166,RICHARD DR, ,JEFFERSONVILLE,GA,31044-3631,,PO BOX 1,,JEFFERSONVILLE,GA,31044,A,A,,11/03/2017,11/03/2017,11/03/2017,IN PERSON,NO,NO,,NO,JV-1,JV/W,008,026,144,DUBL,00002,143006,00155,177,
TWIGGS,00337376,HEIGHT,RHONDA,FAYE,,84,WIMBERLY DR, ,JEFFERSONVILLE,GA,31044,84,WIMBERLY DR,,JEFFERSONVILLE,GA,31044,A,A,,11/03/2017,11/03/2017,11/03/2017,IN PERSON,NO,NO,,NO,JV-1,JV/W,008,026,144,DUBL,00002,143006,00166,189,
TWIGGS,00341674,SADLER,LAMAR,,,310,PARK ST, ,JEFFERSONVILLE,GA,31044-4028,,PO BOX 118,,JEFFERSONVLLE,GA,31044-0011,A,A,,11/03/2017,11/03/2017,11/03/2017,IN PERSON,NO,NO,,NO,JV-1,JV/W,008,026,144,DUBL,00002,143006,00161,184,
TWIGGS,00337417,HOSKINS,WALTER,LEE,,256,WIMBERLY DR, ,JEFFERSONVILLE,GA,31044,,PO BOX 492,,JEFFERSONVILLE,GA,31044-0049,A,A,,10/27/2017,10/27/2017,10/27/2017,IN PERSON,NO,NO,,NO,JV-1,JV/W,008,026,144,DUBL,00002,143006,00092,111,
TWIGGS,00282801,JOBIN,GEORGE,H,III,22536,US HIGHWAY 80, ,DANVILLE,GA,31017-6407,22536,US HIGHWAY 80,,DANVILLE,GA,31017-6407,A,A,,11/01/2017,11/01/2017,11/01/2017,IN PERSON,NO,NO,,NO,DV,HV,008,026,144,DUBL,00008,143006,00129,150,
TWIGGS,00339616,HILL,BEATRICE,FITZPATRICK,,155,LANDFILL RD, ,DRY BRANCH,GA,31020-2542,155,LANDFILL RD,,DRY BRANCH,GA,31020-2542,A,A,,10/26/2017,10/26/2017,10/26/2017,IN PERSON,NO,NO,,NO,,DB,008,026,144,DUBL,00007,143006,00086,103,
TWIGGS,00337854,WILEY HUMPHRIES,LISA,ANITA,,15950,US HIGHWAY 80, ,JEFFERSONVILLE,GA,31044-4304,15950,US HIGHWAY 80,,JEFFERSONVILLE,GA,31044-4304,A,A,,10/25/2017,10/25/2017,10/25/2017,IN PERSON,NO,NO,,NO,,JV/W,008,026,144,DUBL,00010,143006,00059,70,
TWIGGS,03721147,STEPHENS,ANCHELLE,,,3246,MARION RIPLEY RD, ,DRY BRANCH,GA,31020,3246,MARION RIPLEY RD,,DRY BRANCH,GA,31020,A,A,,10/24/2017,10/24/2017,10/24/2017,IN PERSON,NO,NO,,NO,,JV/W,008,026,144,DUBL,00010,143006,00051,62,
TWIGGS,00337950,HICKS,CLARA,MAE,,8178,US HIGHWAY 80, ,JEFFERSONVILLE,GA,31044-1932,8178,US HIGHWAY 80,,JEFFERSONVILLE,GA,31044-1932,A,A,,10/31/2017,10/31/2017,10/31/2017,IN PERSON,NO,NO,,NO,,JV/W,008,026,144,DUBL,00010,143006,00128,149,
TWIGGS,00341610,STEPHENS,KENNETH,DWAIN,,129,FAMILY CIR, ,JEFFERSONVILLE,GA,31044-4148,,PO BOX 419,,JEFFERSONVILLE,GA,31044-0041,A,A,,10/23/2017,10/23/2017,10/23/2017,IN PERSON,NO,NO,,NO,,JV/W,008,026,144,DUBL,00010,143006,00040,45,
TWIGGS,00337641,ROBINSON,DIANE,,,443,RAILROAD ST E, ,JEFFERSONVILLE,GA,31044-3948,,PO BOX 322,,JEFFERSONVILLE,GA,31044-0032,A,A,,10/27/2017,10/27/2017,10/27/2017,IN PERSON,NO,NO,,NO,,JV/W,008,026,144,DUBL,00010,143006,00094,113,
TWIGGS,00337961,LASSITER,VINCENTRE,SHAWAN,,5756,BULLARD RD, ,DRY BRANCH,GA,31020,,PO BOX 164,,JEFFERSONVLLE,GA,31044-0016,A,A,,10/31/2017,10/31/2017,10/31/2017,IN PERSON,NO,NO,,NO,,JV/W,008,026,144,DUBL,00010,143006,00121,142,
TWIGGS,00339336,HUGHES,ROBERT,L,JR,23,HUGHES DR, ,JEFFERSONVILLE,GA,31044,23,HUGHES DR,,JEFFERSONVILLE,GA,31044,A,A,,10/19/2017,10/19/2017,10/19/2017,IN PERSON,NO,NO,,NO,,HV,008,026,144,DUBL,00004,143006,00024,28,
TWIGGS,03871846,WILLIAMS,SANDRA,P,,31,LAKE VALLEY RD, ,DANVILLE,GA,31017-5058,31,LAKE VALLEY RD,,DANVILLE,GA,31017-5058,A,A,,10/23/2017,10/23/2017,10/23/2017,IN PERSON,NO,NO,,NO,,HV,008,026,144,DUBL,00004,143006,00039,44,
TWIGGS,00338468,BRYANT,BARBARA,H,,2205,GA HIGHWAY 358, ,JEFFERSONVILLE,GA,31044-8350,2205,GA HIGHWAY 358,,JEFFERSONVILLE,GA,31044-8350,A,A,,10/24/2017,10/24/2017,10/24/2017,IN PERSON,NO,NO,,NO,,SG/T,008,026,144,DUBL,00004,143006,00046,55,
TWIGGS,00338586,HART,WILLIE,,,2221,GA HIGHWAY 358, ,JEFFERSONVILLE,GA,31044-8350,2221,GA HIGHWAY 358,,JEFFERSONVILLE,GA,31044-8350,A,,,02/08/2016,10/27/2017,,MAILED,NO,NO,ELDERLY,NO,,SG/T,008,026,144,DUBL,00004,,00005,107,
TWIGGS,00337846,WATSON,WILLIAM,,,570,BULLARD RD, ,JEFFERSONVILLE,GA,31044,570,BULLARD RD,,JEFFERSONVILLE,GA,31044,A,A,,11/03/2017,11/03/2017,11/03/2017,IN PERSON,NO,NO,,NO,JV-2,JV/W,008,026,144,DUBL,00003,143006,00156,178,
TWIGGS,00340940,BRYANT,EDGAR,M,,205,RAILROAD ST N, ,JEFFERSONVILLE,GA,31044-3345,,PO BOX 267,,JEFFERSONVILLE,GA,31044-0026,A,A,,10/25/2017,10/25/2017,11/02/2017,MAILED,NO,NO,,NO,JV-2,JV/W,008,026,144,DUBL,00003,,00004,84,
TWIGGS,00341552,BRANTLEY,DEBBIE,F,,68,RIDGE DR, ,JEFFERSONVILLE,GA,31044,68,RIDGE DR,,JEFFERSONVILLE,GA,31044,A,A,,10/17/2017,10/17/2017,10/17/2017,IN PERSON,NO,NO,,NO,JV-2,JV/W,008,026,144,DUBL,00003,143006,00010,10,
TWIGGS,00337551,NEWHIRTER,DONALD,E,,91,CAREY LN, ,JEFFERSONVILLE,GA,31044-5633,91,CAREY LN,,JEFFERSONVILLE,GA,31044-5633,A,A,,10/20/2017,10/20/2017,10/20/2017,IN PERSON,NO,NO,,NO,JV-2,JV/W,008,026,144,DUBL,00003,143006,00030,34,
TWIGGS,04558252,HUBBARD,DONALD,HENRY,,131,SGODA CIR S, ,MACON,GA,31217-8242,131,SGODA CIR S,,MACON,GA,31217-8242,A,,,10/24/2017,10/24/2017,,MAILED,NO,NO,,NO,,GI,008,026,144,DUBL,00006,,00002,50,
TWIGGS,03977824,HARPER,BOBBY,CARROLL,,4306,WHITE SPRINGS CHURCH RD, ,DRY BRANCH,GA,31020-3418,4306,WHITE SPRINGS ,,DRY BRANCH,GA,31020-3418,A,A,,10/18/2017,10/18/2017,10/18/2017,IN PERSON,NO,NO,,NO,,GI,008,026,144,DUBL,00006,143006,00016,19,
TWIGGS,00339705,FOUNTAIN,DEDIERE,T,,5489,CRESCENT RD, ,DRY BRANCH,GA,31020-2460,5489,CRESCENT RD,,DRY BRANCH,GA,31020-2460,A,A,,10/16/2017,10/16/2017,10/16/2017,IN PERSON,NO,NO,,NO,,GI,008,026,144,DUBL,00006,143006,00002,2,
TWIGGS,00340594,STEPHENS,MINNIE,JACKSON,,3815,FRIENDSHIP CHURCH RD, ,DRY BRANCH,GA,31020-3612,3815,FRIENDSHIP CHURCH RD,,DRY BRANCH,GA,31020-3612,A,A,,10/31/2017,10/31/2017,10/31/2017,IN PERSON,NO,NO,,NO,,GI,008,026,144,DUBL,00006,143006,00117,138,
TWIGGS,00788082,STANDARD,FRANKIE,,,1802,OLD RICHLAND CHURCH RD, ,JEFFERSONVILLE,GA,31044-6218,1802,OLD RICHLAND CHURCH RD,,JEFFERSONVILLE,GA,31044-6218,A,A,,10/19/2017,10/19/2017,10/19/2017,IN PERSON,NO,NO,,NO,,SG/T,008,026,144,DUBL,00006,143006,00019,22,
TWIGGS,00793606,REARDEN,MIRIAM,M,,1868,OLD RICHLAND CHURCH RD, ,JEFFERSONVILLE,GA,31044-6218,1868,OLD RICHLAND CHURCH RD,,JEFFERSONVILLE,GA,31044-6218,A,A,,10/31/2017,10/31/2017,10/31/2017,IN PERSON,NO,NO,,NO,,SG/T,008,026,144,DUBL,00006,143006,00122,143,
TWIGGS,00341438,WILLIAMS,CHERILYN,T,,67,WALNUT ST, ,JEFFERSONVILLE,GA,31044-4005,,PO BOX 267,,JEFFERSONVILLE,GA,31044-0026,A,A,,10/25/2017,10/25/2017,11/02/2017,MAILED,NO,NO,,NO,JV-1,JV/W,008,026,144,DUBL,00002,,00005,85,
TWIGGS,00337521,MERCER,AGNES,M,,14914,US HIGHWAY 80, ,JEFFERSONVILLE,GA,31044-3900,14914,US HIGHWAY 80,,JEFFERSONVILLE,GA,31044-3900,A,A,,10/31/2017,10/31/2017,10/31/2017,IN PERSON,NO,NO,,NO,JV-1,JV/W,008,026,144,DUBL,00002,143006,00118,139,
TWIGGS,00341253,HINSON,DENIS,R,,1240,MAIN ST, ,JEFFERSONVILLE,GA,31044-3731,,PO BOX 277,,JEFFERSONVILLE,GA,31044-0027,A,A,,10/19/2017,10/19/2017,10/19/2017,IN PERSON,NO,NO,,NO,JV-1,JV/W,008,026,144,DUBL,00002,143006,00021,24,
TWIGGS,00338983,FAULK,JOSIE,ANNETTE,,427,PROSPECT CHURCH RD, ,JEFFERSONVILLE,GA,31044-7426,427,PROSPECT CHURCH RD,,JEFFERSONVILLE,GA,31044-7426,A,A,,10/31/2017,10/31/2017,10/31/2017,IN PERSON,NO,NO,,NO,,JV/W,008,026,144,DUBL,00010,143006,00119,140,
TWIGGS,00337636,RIGGINS,CLYDE,K,,5805,BULLARD RD, ,DRY BRANCH,GA,31020-4336,5805,BULLARD RD,,DRY BRANCH,GA,31020-4336,A,A,,11/01/2017,11/01/2017,11/01/2017,IN PERSON,NO,NO,,NO,,JV/W,008,026,144,DUBL,00010,143006,00141,162,
TWIGGS,08357407,WIMBERLY,CHRISTOPHER,THOMAS,,10228,US HIGHWAY 80, ,JEFFERSONVILLE,GA,31044-2903,10228,US HIGHWAY 80,,JEFFERSONVILLE,GA,31044-2903,A,A,,11/03/2017,11/03/2017,11/03/2017,IN PERSON,NO,NO,,NO,,JV/W,008,026,144,DUBL,00010,143006,00165,188,
TWIGGS,00339451,NOBLES,GARY,,JR,558,FOWLER RD, ,DANVILLE,GA,31017-5317,558,FOWLER RD,,DANVILLE,GA,31017-5317,A,A,,11/01/2017,11/01/2017,11/01/2017,IN PERSON,NO,NO,,NO,,HV,008,026,144,DUBL,00004,143006,00135,156,
TWIGGS,00337333,GRAY,CARRIE,LEE,,365,OAKHILL RD, ,DANVILLE,GA,31017-1648,365,OAKHILL RD,,DANVILLE,GA,31017-1648,A,A,,11/02/2017,11/02/2017,11/02/2017,IN PERSON,NO,NO,,NO,,HV,008,026,144,DUBL,00004,143006,00144,165,
TWIGGS,01900269,BOOKER,GRACIE,M,,137,LONGSTREET RD, ,JEFFERSONVILLE,GA,31044-8641,137,LONGSTREET RD,,JEFFERSONVILLE,GA,31044-8641,A,A,,10/16/2017,10/16/2017,10/16/2017,IN PERSON,NO,NO,,NO,,SG/T,008,026,144,DUBL,00004,143006,00001,1,
