County,Voter Registration #,Last Name,First Name,Middle Name,Suffix,Street #,Street Name,Apt/Unit,City,State,Zip Code,Mailing Street #,Mailing Street Name,Mailing Apt/Unit,Mailing City,Mailing State,Mailing Zip Code,Application Status,Ballot Status,Status Reason,Application Date,Ballot Issued Date,Ballot Return Date,Ballot Style,Ballot Assisted,Challenged/Provisional,Designation/Reason Issue,ID Required,Municipal Precinct,County Precinct,CNG,SEN,HOUSE	,JUD,Combo #,Vote Center ID,Ballot ID,Post #,Party
WARREN,00734513,JOHNSON,GARY,DENNIS,,95,BROWN CIR, ,WARRENTON,GA,30828,95,BROWN CIR,,WARRENTON,GA,30828,A,A,,10/16/2017,10/16/2017,10/16/2017,IN PERSON,NO,NO,,NO,WARRE,1,010,023,128,TOOM,00315,149005,00024,47,
WARREN,00734883,MATHIS,JAMES,WILLIE,,539,HALL ST, ,WARRENTON,GA,30828-8021,539,HALL ST,,WARRENTON,GA,30828-8021,A,A,,10/10/2017,10/13/2017,10/20/2017,MAILED,NO,NO,ELDERLY,NO,WARRE,1,010,023,128,TOOM,00302,,00001,12,
WARREN,08191457,WILLIAMS,LAKERRIA,D'SHA,,51,EMMETT ST, ,WARRENTON,GA,30828,51,EMMETT ST,,WARRENTON,GA,30828,A,A,,10/24/2017,10/24/2017,10/24/2017,IN PERSON,NO,NO,,NO,WARRE,1,010,023,128,TOOM,00315,149005,00122,147,
WARREN,04284968,RUFF,DENISE,MARCELL,,51,EMMETT ST, ,WARRENTON,GA,30828-8914,51,EMMETT ST,,WARRENTON,GA,30828-8914,A,A,,10/24/2017,10/24/2017,10/24/2017,IN PERSON,NO,NO,,NO,WARRE,1,010,023,128,TOOM,00315,149005,00121,146,
WARREN,02890486,FISHER,CHARLES,EUGENE,,234,N GIBSON ST, ,WARRENTON,GA,30828,234,N GIBSON ST,,WARRENTON,GA,30828,A,A,,10/18/2017,10/18/2017,10/18/2017,IN PERSON,NO,NO,,NO,WARRE,1,010,023,128,TOOM,00305,149005,00059,84,
WARREN,00735764,THIGPEN,BARNELL,LEWIS,,93,BEALL SPRINGS ST, ,WARRENTON,GA,30828-8907,93,BEALL SPRINGS ST,,WARRENTON,GA,30828-8907,A,A,,10/19/2017,10/19/2017,10/19/2017,IN PERSON,NO,NO,,NO,WARRE,1,010,023,128,TOOM,00315,149005,00072,97,
WARREN,00734696,KIMBROUGH,LUCIA,M,,133,N WHITEHEAD ST, ,WARRENTON,GA,30828-8240,133,N WHITEHEAD ST,,WARRENTON,GA,30828-8240,A,A,,10/18/2017,10/18/2017,10/18/2017,IN PERSON,NO,NO,,NO,WARRE,1,010,023,128,TOOM,00305,149005,00057,82,
WARREN,00735787,THOMASTON,JAMES,RONALD,,194,ACADEMY ST, ,WARRENTON,GA,30828-8304,194,ACADEMY STREET,,WARRENTON,GA,30828,A,R,Signature Match,10/11/2017,10/13/2017,10/30/2017,MAILED,NO,NO,DISABLED,NO,WARRE,1,010,023,128,TOOM,00306,,00002,16,
WARREN,10683605,GRAHAM,MAGGIE,REESE,,48,N WHITEHEAD ST, ,WARRENTON,GA,30828,48,NORTH WHITEHEAD ST,,WARRENTON,GA,30828,A,A,,10/23/2017,10/24/2017,11/01/2017,MAILED,NO,NO,,NO,WARRE,1,010,023,128,TOOM,00314,,00001,250,
WARREN,00735351,QUINN,MARY,ANNE,,189,S WHITEHEAD ST, ,WARRENTON,GA,30828-8511,189,S WHITEHEAD ST,,WARRENTON,GA,30828-8511,A,A,,10/13/2017,10/13/2017,10/26/2017,MAILED,NO,NO,ELDERLY,NO,WARRE,1,010,023,128,TOOM,00315,,00002,3,
WARREN,02280321,DAVIS,DUNCAN,JAMES,,337,MAIN ST, ,WARRENTON,GA,30828,337,MAIN ST,,WARRENTON,GA,30828,A,A,,10/19/2017,10/19/2017,10/19/2017,IN PERSON,NO,NO,,NO,WARRE,1,010,023,128,TOOM,00306,149005,00081,106,
WARREN,00356500,GIBSON,CAROL,YVONNE,,92,HUDSON ST, ,WARRENTON,GA,30828-8027,92,HUDSON ST,,WARRENTON,GA,30828-8027,A,A,,11/01/2017,11/01/2017,11/01/2017,IN PERSON,NO,NO,,NO,WARRE,1,010,023,128,TOOM,00305,149005,00240,282,
WARREN,04977190,GRISSOM,BERTHA,MAE,,105,PILCHER DR, ,WARRENTON,GA,30828-8754,105,PILCHER DR,,WARRENTON,GA,30828-8754,A,A,,11/02/2017,11/02/2017,11/02/2017,IN PERSON,NO,NO,,NO,WARRE,1,010,023,128,TOOM,00315,149005,00256,298,
WARREN,00736057,NORRIS,KATHY,,,107,N GIBSON ST, ,WARRENTON,GA,30828-8142,107,N GIBSON ST,,WARRENTON,GA,30828-8142,A,A,,10/31/2017,10/31/2017,10/31/2017,IN PERSON,NO,NO,,NO,WARRE,1,010,023,128,TOOM,00305,149005,00219,260,
WARREN,05962620,COVINGTON,ARTHUR,SCOTT,,255,MAIN ST, ,WARRENTON,GA,30828-8101,255,MAIN ST,,WARRENTON,GA,30828-8101,A,A,,10/23/2017,10/23/2017,10/23/2017,IN PERSON,NO,NO,,NO,WARRE,1,010,023,128,TOOM,00315,149005,00107,132,
WARREN,00735360,RACHELS,THOMAS,LARRY,,37,MILTON WAY, ,WARRENTON,GA,30828-2071,37,MILTON WAY,,WARRENTON,GA,30828-2071,A,A,,10/18/2017,10/18/2017,10/18/2017,IN PERSON,NO,NO,,NO,WARRE,1,010,023,128,TOOM,00306,149005,00068,93,
WARREN,00734659,JORDEN,MARGOREE,VIRGINIA,,274,OAK ST, ,WARRENTON,GA,30828-8226,274,OAK ST,,WARRENTON,GA,30828-8226,A,A,,10/13/2017,10/13/2017,10/26/2017,MAILED,NO,NO,ELDERLY,NO,WARRE,1,010,023,128,TOOM,00311,,00001,4,
WARREN,02529904,EVANS,JENNIE,E,,111,PARHAM EXT, ,WARRENTON,GA,30828,,PO BOX 61,,WARRENTON,GA,30828,A,A,,11/03/2017,11/03/2017,11/03/2017,IN PERSON,NO,NO,,NO,WARRE,1,010,023,128,TOOM,00306,149005,00278,320,
WARREN,01599476,CARTER,ROCHELLE,RENE,,219,MEADOW RD, ,WARRENTON,GA,30828-7918,,PO BOX 62,,WARRENTON,GA,30828-0006,A,A,,11/01/2017,11/01/2017,11/01/2017,IN PERSON,NO,NO,,NO,WARRE,1,010,023,128,TOOM,00305,149005,00239,281,
WARREN,00733036,ABBOTT,LAURIE,L,,71,HILL ST, ,WARRENTON,GA,30828-8257,,PO BOX 135,,WARRENTON,GA,30828-0013,A,A,,11/02/2017,11/02/2017,11/02/2017,IN PERSON,NO,NO,,NO,WARRE,1,010,023,128,TOOM,00305,149005,00257,299,
WARREN,00733611,CULVER,LORRINE,C,,146,HOPGOOD ST, ,WARRENTON,GA,30828-7954,,PO BOX 94,,WARRENTON,GA,30828-0009,A,A,,11/02/2017,11/02/2017,11/02/2017,IN PERSON,NO,NO,,NO,WARRE,1,010,023,128,TOOM,00302,149005,00259,301,
WARREN,00734017,GRIER,MARY,LOUISE,,68,CEDAR ST, ,WARRENTON,GA,30828-8025,68,CEDAR ST,,WARRENTON,GA,30828-8025,A,A,,10/30/2017,10/30/2017,10/30/2017,IN PERSON,NO,NO,,NO,WARRE,1,010,023,128,TOOM,00302,149005,00203,235,
WARREN,08307168,CHALKER,BETSY,ANNETTE,,131,AMBER RUN CT, ,WARRENTON,GA,30828-8859,131,AMBER RUN CT,,WARRENTON,GA,30828-8859,A,A,,10/30/2017,10/30/2017,10/30/2017,IN PERSON,NO,NO,,NO,WARRE,1,010,023,128,TOOM,00315,149005,00200,232,
WARREN,02278799,DAVIS,MARLYNN,STOKES,,337,MAIN ST, ,WARRENTON,GA,30828,337,MAIN ST,,WARRENTON,GA,30828,A,A,,10/19/2017,10/19/2017,10/19/2017,IN PERSON,NO,NO,,NO,WARRE,1,010,023,128,TOOM,00306,149005,00080,105,
WARREN,00733737,DUCKWORTH,PAMELA,G,,100,FULLER ST, ,WARRENTON,GA,30828-8902,100,FULLER ST,,WARRENTON,GA,30828-8902,A,A,,10/20/2017,10/20/2017,10/20/2017,IN PERSON,NO,NO,,NO,WARRE,1,010,023,128,TOOM,00315,149005,00093,118,
WARREN,00737084,BREWER,GEORGE,MAURICE,,12,SUCCESS WAY, ,WARRENTON,GA,30828-8809,12,SUCCESS WAY,,WARRENTON,GA,30828-8809,A,A,,10/23/2017,10/23/2017,10/23/2017,IN PERSON,NO,NO,,NO,WARRE,1,010,023,128,TOOM,00312,149005,00105,130,
WARREN,00737083,BREWER,CHERYL,L,,12,SUCCESS WAY, ,WARRENTON,GA,30828-8809,12,SUCCESS WAY,,WARRENTON,GA,30828-8809,A,A,,10/23/2017,10/23/2017,10/23/2017,IN PERSON,NO,NO,,NO,WARRE,1,010,023,128,TOOM,00312,149005,00104,129,
WARREN,11284255,JOHNSON,WILLIAM,SCOTT,,348,MAIN ST, ,WARRENTON,GA,30828,,PO BOX 1534,,USAF ACADEMY,CO,80841,A,A,,10/05/2017,10/13/2017,10/24/2017,MAILED,NO,NO,,NO,WARRE,1,010,023,128,TOOM,00305,,00004,11,
WARREN,08474781,REED,CAROLYN,WILHOIT,,683,ATLANTA HWY, ,WARRENTON,GA,30828-9101,683,ATLANTA HWY,,WARRENTON,GA,30828-9101,A,A,,10/17/2017,10/17/2017,10/17/2017,IN PERSON,NO,NO,,NO,WARRE,1,010,023,128,TOOM,00300,149005,00052,75,
WARREN,00734757,LANGFORD,EDITH,C,,135,WILHOIT ST, ,WARRENTON,GA,30828-8532,135,WILHOIT ST,,WARRENTON,GA,30828-8532,A,A,,10/17/2017,10/17/2017,10/17/2017,IN PERSON,NO,NO,,NO,WARRE,1,010,023,128,TOOM,00315,149005,00047,70,
WARREN,06906700,SMITH,NANCY,WARREN,,275,JOHNSON ST, ,WARRENTON,GA,30828-8524,275,JOHNSON ST,,WARRENTON,GA,30828-8524,A,A,,10/20/2017,10/20/2017,10/20/2017,IN PERSON,NO,NO,,NO,WARRE,1,010,023,128,TOOM,00315,149005,00095,120,
WARREN,00735266,PEEBLES,JOSEPH,T,,72,ENGLISH DR, ,WARRENTON,GA,30828-8956,,PO BOX 225,,WARRENTON,GA,30828-0022,A,A,,10/17/2017,10/17/2017,10/17/2017,IN PERSON,NO,NO,,NO,WARRE,1,010,023,128,TOOM,00315,149005,00037,60,
WARREN,00734932,MCCORKLE,OCIE,BLANCHE,,45,COURT SQ, ,WARRENTON,GA,30828-8440,45,COURT SQ,,WARRENTON,GA,30828-8440,A,A,,10/16/2017,10/16/2017,10/16/2017,IN PERSON,NO,NO,,NO,WARRE,1,010,023,128,TOOM,00306,149005,00017,40,
WARREN,00733930,GARNER,THENA,ANN,,280,S WHITEHEAD ST, ,WARRENTON,GA,30828-8512,280,S WHITEHEAD STREET,,WARRENTON,GA,30828,A,A,,10/11/2017,10/13/2017,10/30/2017,MAILED,NO,NO,ELDERLY,NO,WARRE,1,010,023,128,TOOM,00315,,00004,20,
WARREN,10439578,CARDEN,RYAN,ANDREW,,638,MAIN ST, ,WARRENTON,GA,30828,052 RYAN CARDEN,JTF-GTMO MAR SEC DET,,APO AE,,09522-9998,A,,,10/10/2017,10/12/2017,,MAILED,NO,NO,,NO,WARRE,1,010,023,128,TOOM,00305,,00009,248,
WARREN,00733121,BACON,MARTHA,F,,116,DAWSON ST, ,WARRENTON,GA,30828-7963,,PO BOX 169,,WARRENTON,GA,30828-0016,A,A,,10/18/2017,10/18/2017,10/18/2017,IN PERSON,NO,NO,,NO,WARRE,1,010,023,128,TOOM,00305,149005,00062,87,
WARREN,04282098,SAMUELS,SANDRA,,,102,AMBER RUN CT, ,WARRENTON,GA,30828-8858,102,AMBER RUN CT,,WARRENTON,GA,30828-8858,A,A,,10/25/2017,10/25/2017,10/25/2017,IN PERSON,NO,NO,,NO,WARRE,1,010,023,128,TOOM,00315,149005,00126,151,
WARREN,00734880,MATHIS,EVELYN,BRINKLEY,,539,HALL ST, ,WARRENTON,GA,30828,539,HALL ST,,WARRENTON,GA,30828,A,A,,10/10/2017,10/13/2017,10/20/2017,MAILED,NO,NO,ELDERLY,NO,WARRE,1,010,023,128,TOOM,00302,,00002,13,
WARREN,00733440,CALLAWAY,GAYLE,,,167,CRESTVIEW AVE, ,WARRENTON,GA,30828-9157,,PO BOX 746,,WARRENTON,GA,30828-0074,A,A,,10/26/2017,10/26/2017,10/26/2017,IN PERSON,NO,NO,,NO,WARRE,1,010,023,128,TOOM,00300,149005,00153,184,
WARREN,00733651,DAVIS,E,PURNELL,,54,BUENA VISTA AVE, ,WARRENTON,GA,30828-9151,,PO BOX 66,,WARRENTON,GA,30828-0006,A,A,,10/25/2017,10/25/2017,10/25/2017,IN PERSON,NO,NO,,NO,WARRE,1,010,023,128,TOOM,00300,149005,00145,170,
WARREN,00734445,JACKSON,SARA,C,,138,HUBERT ST, ,WARRENTON,GA,30828-8545,,PO BOX 205,,WARRENTON,GA,30828-0020,A,A,,10/24/2017,10/24/2017,10/24/2017,IN PERSON,NO,NO,,NO,WARRE,1,010,023,128,TOOM,00315,149005,00117,142,
WARREN,00734504,JOHNSON,DODGE,H,,101,LENNOX AVE, ,WARRENTON,GA,30828-9138,,PO BOX 54,,WARRENTON,GA,30828-0005,A,A,,10/30/2017,10/30/2017,10/30/2017,IN PERSON,NO,NO,,NO,WARRE,1,010,023,128,TOOM,00300,149005,00202,234,
WARREN,08570553,CARTER,MYKEIA,SHANTELL,,184,CULPEPPER ST, ,WARRENTON,GA,30828-8725,330,CRESTWOOD DR,,FORT VALLEY,GA,31030-0674,A,A,,10/17/2017,10/17/2017,10/17/2017,IN PERSON,NO,NO,,NO,WARRE,1,010,023,128,TOOM,00312,149005,00043,66,
WARREN,00734905,MAY,THOMAS,LEE,,92,S NORWOOD ST, ,WARRENTON,GA,30828-8404,,PO BOX 503,,WARRENTON,GA,30828-0050,A,A,,10/30/2017,10/30/2017,10/30/2017,IN PERSON,NO,NO,,NO,WARRE,1,010,023,128,TOOM,00306,149005,00208,240,
WARREN,00734929,MCCORKLE,CHRISTOPHER,S,,45,COURT SQ, ,WARRENTON,GA,30828-8440,45,COURT SQ,,WARRENTON,GA,30828-8440,A,A,,10/23/2017,10/23/2017,10/23/2017,IN PERSON,NO,NO,,NO,WARRE,1,010,023,128,TOOM,00306,149005,00108,133,
WARREN,08054954,GARTHRIGHT,JAMES,MATTHEW,,74,LENNOX AVE, ,WARRENTON,GA,30828,74,LENNOX AVE,,WARRENTON,GA,30828,A,A,,11/01/2017,11/01/2017,11/01/2017,IN PERSON,NO,NO,,NO,WARRE,1,010,023,128,TOOM,00300,149005,00237,279,
WARREN,00733636,DALLAS,SANDRA,,,329,S GIBSON ST, ,WARRENTON,GA,30828-8422,329,S GIBSON ST,,WARRENTON,GA,30828-8422,A,A,,10/17/2017,10/17/2017,10/17/2017,IN PERSON,NO,NO,,NO,WARRE,1,010,023,128,TOOM,00306,149005,00048,71,
WARREN,00733852,FICKLIN,WILLIE,E,,61,W BRINKLEY ST, ,WARRENTON,GA,30828-8338,61,W BRINKLEY ST,,WARRENTON,GA,30828-8338,A,A,,10/16/2017,10/16/2017,10/16/2017,IN PERSON,NO,NO,,NO,WARRE,1,010,023,128,TOOM,00306,149005,00009,32,
WARREN,11472506,GREER,MATTHEW,JOHN,,70,N WHITEHEAD ST, ,WARRENTON,GA,30828,70,N WHITEHEAD ST,,WARRENTON,GA,30828,A,A,,10/27/2017,10/27/2017,10/27/2017,IN PERSON,NO,NO,,NO,WARRE,1,010,023,128,TOOM,00314,149005,00186,218,
WARREN,10934382,PETERSON,ELEANOR,CHARD,,243,N WHITEHEAD ST, ,WARRENTON,GA,30828,243,N WHITEHEAD ST,,WARRENTON,GA,30828,A,A,,11/02/2017,11/02/2017,11/06/2017,MAILED,NO,NO,,NO,WARRE,1,010,023,128,TOOM,00305,,00012,271,
WARREN,00735811,TODD,YVONNE,S,,201,S GIBSON ST, ,WARRENTON,GA,30828-8420,201,S GIBSON ST,,WARRENTON,GA,30828-8420,A,A,,10/25/2017,10/25/2017,10/25/2017,IN PERSON,YES,NO,,NO,WARRE,1,010,023,128,TOOM,00306,149005,00134,159,
WARREN,00733301,BRAY,JOHNNY,C,,447,ATLANTA HWY, ,WARRENTON,GA,30828,447,ATLANTA HWY,,WARRENTON,GA,30828,A,A,,10/31/2017,10/31/2017,10/31/2017,IN PERSON,NO,NO,,NO,WARRE,1,010,023,128,TOOM,00300,149005,00214,255,
WARREN,00734262,HINTON,REGINALD,MULKEY,,161,ACADEMY ST, ,WARRENTON,GA,30828-8301,161,ACADEMY ST,,WARRENTON,GA,30828-8301,A,A,,10/24/2017,10/24/2017,10/24/2017,IN PERSON,NO,NO,,NO,WARRE,1,010,023,128,TOOM,00306,149005,00113,138,
WARREN,00735196,NEWSOME,JAMES,HUGH,,98,BUENA VISTA AVE, ,WARRENTON,GA,30828-9151,98,BUENA VISTA AVE,,WARRENTON,GA,30828-9151,A,A,,10/16/2017,10/16/2017,10/16/2017,IN PERSON,NO,NO,,NO,WARRE,1,010,023,128,TOOM,00300,149005,00016,39,
WARREN,04961400,BELLAMY,STELLA,NORRIS,,156,BUENA VISTA AVE, ,WARRENTON,GA,30828-9152,156,BUENA VISTA AVE,,WARRENTON,GA,30828-9152,A,A,,10/20/2017,10/20/2017,10/20/2017,IN PERSON,NO,NO,,NO,WARRE,1,010,023,128,TOOM,00300,149005,00096,121,
WARREN,06038509,MOSS,LARRY,,,724,RAILROAD ST, ,WARRENTON,GA,30828-8714,724,RAILROAD ST,,WARRENTON,GA,30828-8714,A,A,,11/01/2017,11/01/2017,11/01/2017,IN PERSON,NO,NO,,NO,WARRE,1,010,023,128,TOOM,00312,149005,00242,284,
WARREN,07318455,BEBBINGTON,VICKIE,CREED,,78,SUCCESS WAY, ,WARRENTON,GA,30828-8809,78,SUCCESS WAY,,WARRENTON,GA,30828-8809,A,A,,10/20/2017,10/20/2017,10/20/2017,IN PERSON,NO,NO,,NO,WARRE,1,010,023,128,TOOM,00312,149005,00099,124,
WARREN,01438745,WRIGHT,DIANA,,,104,AMBER RUN CT, ,WARRENTON,GA,30828-8858,104,AMBER RUN CT,,WARRENTON,GA,30828-8858,A,A,,11/03/2017,11/03/2017,11/03/2017,IN PERSON,NO,NO,,NO,WARRE,1,010,023,128,TOOM,00315,149005,00263,305,
WARREN,03200166,HUEBENER,CAROL,BRADY,,38,JOHNSON ST, ,WARRENTON,GA,30828-8437,38,JOHNSON ST,,WARRENTON,GA,30828-8437,A,A,,11/02/2017,11/02/2017,11/02/2017,IN PERSON,NO,NO,,NO,WARRE,1,010,023,128,TOOM,00306,149005,00246,288,
WARREN,01419718,EVANS,GLADYS,M,,111,PARHAM EXT, ,WARRENTON,GA,30828-8953,,PO BOX 61,,WARRENTON,GA,30828-0006,A,A,,10/31/2017,10/31/2017,10/31/2017,IN PERSON,NO,NO,,NO,WARRE,1,010,023,128,TOOM,00306,149005,00224,265,
WARREN,00734135,HARRIS,LOLA,L,,84,HAYNES ST, ,WARRENTON,GA,30828-8736,84,HAYNES ST,,WARRENTON,GA,30828-8736,A,A,,11/02/2017,11/02/2017,11/02/2017,IN PERSON,YES,NO,,NO,WARRE,1,010,023,128,TOOM,00312,149005,00252,294,
WARREN,00734164,HAYWOOD,KARL,N,,121,JOHNSON ST, ,WARRENTON,GA,30828-8518,,PO BOX 306,,WARRENTON,GA,30828-0030,A,A,,10/27/2017,10/27/2017,10/27/2017,IN PERSON,NO,NO,,NO,WARRE,1,010,023,128,TOOM,00306,149005,00191,223,
WARREN,04052096,THIGPEN,SUSAN,D,,388,MAIN ST, ,WARRENTON,GA,30828,388,MAIN ST,,WARRENTON,GA,30828,A,A,,10/25/2017,10/25/2017,10/25/2017,IN PERSON,NO,NO,,NO,WARRE,1,010,023,128,TOOM,00305,149005,00146,171,
WARREN,04563779,SMITH,JENNIFER,ROSE,,296,JOHNSON ST, ,WARRENTON,GA,30828-8523,296,JOHNSON ST,,WARRENTON,GA,30828-8523,A,A,,10/23/2017,10/23/2017,10/23/2017,IN PERSON,NO,NO,,NO,WARRE,1,010,023,128,TOOM,00315,149005,00110,135,
WARREN,04685783,RHODES,MARLON,DESHA,JR,335,CULPEPPER ST, ,WARRENTON,GA,30828-8732,335,CULPEPPER ST,,WARRENTON,GA,30828-8732,A,A,,10/30/2017,10/30/2017,10/30/2017,IN PERSON,NO,NO,,NO,WARRE,1,010,023,128,TOOM,00311,149005,00204,236,
WARREN,00214770,CRANFORD,SUSAN,VAN DYKE,,78,S GIBSON ST, ,WARRENTON,GA,30828-8414,78,S GIBSON ST,,WARRENTON,GA,30828-8414,A,A,,11/01/2017,11/01/2017,11/01/2017,IN PERSON,NO,NO,,NO,WARRE,1,010,023,128,TOOM,00306,149005,00232,274,
WARREN,01439994,LEIGHTNER,JONATHAN,EDWARD,,114,N WHITEHEAD ST, ,WARRENTON,GA,30828,114,N WHITEHEAD ST,,WARRENTON,GA,30828,A,A,,10/27/2017,10/27/2017,10/27/2017,IN PERSON,NO,NO,,NO,WARRE,1,010,023,128,TOOM,00311,149005,00192,224,
WARREN,00735628,SMITH,CAROLYN,JOHNSON,,495,ATLANTA HWY, ,WARRENTON,GA,30828-2031,495,ATLANTA HWY,,WARRENTON,GA,30828-2031,A,A,,10/26/2017,10/26/2017,10/26/2017,IN PERSON,NO,NO,,NO,WARRE,1,010,023,128,TOOM,00300,149005,00163,194,
WARREN,00735545,SCOTT,JAMES,WALLACE,,89,W BRINKLEY ST, ,WARRENTON,GA,30828-8338,89,W BRINKLEY ST,,WARRENTON,GA,30828-8338,A,A,,11/03/2017,11/03/2017,11/03/2017,IN PERSON,NO,NO,,NO,WARRE,1,010,023,128,TOOM,00306,149005,00268,310,
WARREN,00735481,RIVERS,GEORGE,W,,86,W BRINKLEY ST, ,WARRENTON,GA,30828-8339,86,W BRINKLEY ST,,WARRENTON,GA,30828-8339,A,A,,10/16/2017,10/16/2017,10/16/2017,IN PERSON,YES,NO,,NO,WARRE,1,010,023,128,TOOM,00306,149005,00005,28,
WARREN,00735489,ROBERTS,LEWIS,LEE,,143,HUDSON ST, ,WARRENTON,GA,30828-8030,,PO BOX 43,,WARRENTON,GA,30828-0004,A,A,,10/18/2017,10/18/2017,10/18/2017,IN PERSON,NO,NO,,NO,WARRE,1,010,023,128,TOOM,00302,149005,00067,92,
WARREN,02286930,GRIFFIN,ELIZABETH,DIANE C,,77,BUENA VISTA AVE, ,WARRENTON,GA,30828-9150,77,BUENA VISTA AVE,,WARRENTON,GA,30828-9150,A,A,,10/30/2017,10/30/2017,10/30/2017,IN PERSON,NO,NO,,NO,WARRE,1,010,023,128,TOOM,00300,149005,00211,243,
WARREN,00733637,DALLAS,STANLEY,MOORE,,329,S GIBSON ST, ,WARRENTON,GA,30828-8422,329,S GIBSON ST,,WARRENTON,GA,30828-8422,A,A,,10/17/2017,10/17/2017,10/17/2017,IN PERSON,NO,NO,,NO,WARRE,1,010,023,128,TOOM,00306,149005,00049,72,
WARREN,03722781,JOHNSON,RAYMOND,MATTHEW,,173,DAVIS ST, ,WARRENTON,GA,30828-8250,173,DAVIS ST,,WARRENTON,GA,30828-8250,A,A,,10/19/2017,10/19/2017,10/19/2017,IN PERSON,NO,NO,,NO,WARRE,1,010,023,128,TOOM,00314,149005,00079,104,
WARREN,00734594,JOHNSON,SAMUEL,,JR,271,MACON HWY, ,WARRENTON,GA,30828,271,MACON HWY,,WARRENTON,GA,30828,A,A,,10/27/2017,10/27/2017,10/27/2017,IN PERSON,NO,NO,,NO,WARRE,1,010,023,128,TOOM,00306,149005,00189,221,
WARREN,00734979,MCMICHAEL,SANDRA,H,,90,JOHNSON ST, ,WARRENTON,GA,30828-8515,90,JOHNSON ST,,WARRENTON,GA,30828-8515,A,A,,10/19/2017,10/19/2017,10/30/2017,MAILED,NO,NO,DISABLED,NO,WARRE,1,010,023,128,TOOM,00306,,00005,76,
WARREN,00735367,RALEY,MILDRED,W,,57,BROWN CIR, ,WARRENTON,GA,30828-8555,57,BROWN CIR,,WARRENTON,GA,30828-8555,A,A,,10/16/2017,10/16/2017,10/16/2017,IN PERSON,NO,NO,,NO,WARRE,1,010,023,128,TOOM,00315,149005,00031,54,
WARREN,00735055,MORGAN,MERVIN,J,JR,222,MAIN ST, ,WARRENTON,GA,30828-8100,3004,RIVER RUN TRAIL,,LEXINGTON,KY,40511-8100,A,,,10/23/2017,10/24/2017,,MAILED,NO,NO,,NO,WARRE,1,010,023,128,TOOM,00305,,00010,249,
WARREN,00735775,THIGPEN,ROBERT,F,JR,47,BUENA VISTA AVE, ,WARRENTON,GA,30828-9150,47,BUENA VISTA AVE,,WARRENTON,GA,30828-9150,A,A,,10/20/2017,10/20/2017,10/20/2017,IN PERSON,NO,NO,,NO,WARRE,1,010,023,128,TOOM,00300,149005,00102,127,
WARREN,00734199,HENNING,INA,SUE,,259,MAYFIELD RD, ,WARRENTON,GA,30828-2043,259,MAYFIELD RD,,WARRENTON,GA,30828-2043,A,A,,10/11/2017,10/13/2017,10/18/2017,MAILED,NO,NO,ELDERLY,NO,WARRE,1,010,023,128,TOOM,00306,,00001,15,
WARREN,00733317,BRINKLEY,MATTIE,S,,109,AMBER RUN CT, ,WARRENTON,GA,30828-3402,109,AMBER RUN CT,,WARRENTON,GA,30828-3402,A,A,,10/26/2017,10/26/2017,10/26/2017,IN PERSON,NO,NO,,NO,WARRE,1,010,023,128,TOOM,00315,149005,00167,198,
WARREN,06061949,BRAY,ARKEISHIA,SHANTA,,115,LEGION CT, ,WARRENTON,GA,30828-8861,115,LEGION CT,,WARRENTON,GA,30828-8861,A,A,,10/25/2017,10/25/2017,10/25/2017,IN PERSON,NO,NO,,NO,WARRE,1,010,023,128,TOOM,00312,149005,00127,152,
WARREN,00733622,CUMMINGS,MOZELLE,IVEY,,201,N NORWOOD ST, ,WARRENTON,GA,30828-7942,201,N NORWOOD ST,,WARRENTON,GA,30828-7942,A,A,,10/25/2017,10/25/2017,10/25/2017,IN PERSON,NO,NO,,NO,WARRE,1,010,023,128,TOOM,00305,149005,00132,157,
WARREN,05480599,PINION,MARTY,R,,267,S WHITEHEAD ST, ,WARRENTON,GA,30828-8514,,PO BOX 45,,CAMAK,GA,30807-0004,A,A,,10/24/2017,10/24/2017,10/24/2017,IN PERSON,NO,NO,,NO,WARRE,1,010,023,128,TOOM,00315,149005,00118,143,
WARREN,00733712,DOTSON,MARY,ALICE,,510,RAILROAD ST, ,WARRENTON,GA,30828-8214,510,RAILROAD ST,,WARRENTON,GA,30828-8214,A,A,,10/27/2017,10/27/2017,10/27/2017,IN PERSON,NO,NO,,NO,WARRE,1,010,023,128,TOOM,00311,149005,00187,219,
WARREN,00735033,MONFORT,BERTHA,LUE,,124,W GIBSON ST, ,WARRENTON,GA,30828-8433,124,W GIBSON ST,,WARRENTON,GA,30828-8433,A,A,,10/17/2017,10/17/2017,10/17/2017,IN PERSON,NO,NO,,NO,WARRE,1,010,023,128,TOOM,00306,149005,00035,58,
WARREN,10306961,FOWLER,JEFFREY,DOUGLAS,,255,MAIN ST, ,WARRENTON,GA,30828,255,MAIN ST,,WARRENTON,GA,30828,A,A,,10/30/2017,10/30/2017,10/30/2017,IN PERSON,NO,NO,,NO,WARRE,1,010,023,128,TOOM,00315,149005,00207,239,
WARREN,01541140,SOLIMAN,LINDA,HADWIN,,156,JOHNSON ST, ,WARRENTON,GA,30828,156,JOHNSON ST,,WARRENTON,GA,30828,A,A,,10/31/2017,10/31/2017,10/31/2017,IN PERSON,NO,NO,,NO,WARRE,1,010,023,128,TOOM,00306,149005,00279,323,
WARREN,00735787,THOMASTON,JAMES,RONALD,,194,ACADEMY ST, ,WARRENTON,GA,30828-8304,194,ACADEMY STREET,,WARRENTON,GA,30828-0013,A,A,,10/30/2017,10/30/2017,11/03/2017,MAILED,NO,NO,DISABLED,NO,WARRE,1,010,023,128,TOOM,00306,,00008,321,
WARREN,10551812,WASHINGTON,MARION,DENNIS,,178,ACADEMY ST, ,WARRENTON,GA,30828,,P. O.OX 485,,WARRENTON,GA,30828,A,A,,10/31/2017,10/31/2017,10/31/2017,IN PERSON,YES,NO,,NO,WARRE,1,010,023,128,TOOM,00306,149005,00225,266,
WARREN,00734263,HINTON,SHERRYLE,R,,161,ACADEMY ST, ,WARRENTON,GA,30828-8301,161,ACADEMY ST,,WARRENTON,GA,30828-8301,A,A,,10/27/2017,10/27/2017,10/27/2017,IN PERSON,NO,NO,,NO,WARRE,1,010,023,128,TOOM,00306,149005,00188,220,
WARREN,06446468,JONES,WILLIE,BERK,JR,464,HUDSON ST, ,WARRENTON,GA,30828-8069,464,HUDSON ST,,WARRENTON,GA,30828-8069,A,A,,11/03/2017,11/03/2017,11/03/2017,IN PERSON,NO,NO,,NO,WARRE,1,010,023,128,TOOM,00305,149005,00269,311,
WARREN,00735966,WILEY,FRANCES,K,,550,ATLANTA HWY, ,WARRENTON,GA,30828-2032,550,ATLANTA HWY,,WARRENTON,GA,30828-2032,A,A,,10/16/2017,10/16/2017,10/16/2017,IN PERSON,NO,NO,,NO,WARRE,1,010,023,128,TOOM,00305,149005,00012,35,
WARREN,10221598,WILLIAMS,TYLER,JACKSON,,100,FULLER ST, ,WARRENTON,GA,30828,104,OAK FOREST LANE,APT 4,TIFTON,GA,31793,A,,,10/16/2017,10/17/2017,,MAILED,NO,NO,,NO,WARRE,1,010,023,128,TOOM,00315,,00006,23,
WARREN,00733832,CUMMINGS,BARBARA,FICKLIN,,164,S NORWOOD ST, ,WARRENTON,GA,30828,164,S NORWOOD ST,,WARRENTON,GA,30828,A,A,,10/31/2017,10/31/2017,10/31/2017,IN PERSON,NO,NO,,NO,WARRE,1,010,023,128,TOOM,00306,149005,00222,263,
WARREN,00734977,MCMICHAEL,JAMES,H,,90,JOHNSON ST, ,WARRENTON,GA,30828-8515,90,JOHNSON ST,,WARRENTON,GA,30828-8515,A,A,,10/24/2017,10/24/2017,10/24/2017,IN PERSON,NO,NO,,NO,WARRE,1,010,023,128,TOOM,00306,149005,00120,145,
WARREN,02221602,MOSLEY,CHADWICK,BARTLEY,,34,MEMORIAL DR, ,WARRENTON,GA,30828,,P.O. BOX 7,,WARRENTON,GA,30828,A,A,,10/23/2017,10/23/2017,10/23/2017,IN PERSON,NO,NO,,NO,WARRE,1,010,023,128,TOOM,00306,149005,00109,134,
WARREN,01440003,LEIGHTNER,SANDRA,DYLENE,,114,N WHITEHEAD ST, ,WARRENTON,GA,30828,114,N WHITEHEAD ST,,WARRENTON,GA,30828,A,A,,10/27/2017,10/27/2017,10/27/2017,IN PERSON,NO,NO,,NO,WARRE,1,010,023,128,TOOM,00311,149005,00190,222,
WARREN,00735404,WHITAKER,DIANE,REESE,,35,DAVIS ST, ,WARRENTON,GA,30828-8154,35,DAVIS ST,,WARRENTON,GA,30828-8154,A,A,,10/26/2017,10/26/2017,10/26/2017,IN PERSON,NO,NO,,NO,WARRE,1,010,023,128,TOOM,00305,149005,00176,207,
WARREN,01459961,GRIFFIN,ERASMUS,E,III,77,BUENA VISTA AVE, ,WARRENTON,GA,30828-9150,77,BUENA VISTA AVE,,WARRENTON,GA,30828-9150,A,A,,10/31/2017,10/31/2017,10/31/2017,IN PERSON,NO,NO,,NO,WARRE,1,010,023,128,TOOM,00300,149005,00229,270,
WARREN,08456557,PESEK,DONALD,ARTHUR,,683,ATLANTA HWY, ,WARRENTON,GA,30828-9101,,PO BOX 447,,WARRENTON,GA,30828-0044,A,A,,10/17/2017,10/17/2017,10/17/2017,IN PERSON,NO,NO,,NO,WARRE,1,010,023,128,TOOM,00300,149005,00041,64,
WARREN,10151556,RIVERS,ALANNAH,SHELBY,,180,DAVIS ST, ,WARRENTON,GA,30828,180,DAVIS ST,,WARRENTON,GA,30828,A,A,,10/03/2017,10/13/2017,11/03/2017,MAILED,NO,NO,,NO,WARRE,1,010,023,128,TOOM,00305,,00002,9,
WARREN,08414379,SHELTON,DEMENTRIA,LAMAR,,92,HUDSON ST, ,WARRENTON,GA,30828-8027,92,HUDSON ST,,WARRENTON,GA,30828-8027,A,A,,10/31/2017,10/31/2017,10/31/2017,IN PERSON,NO,NO,,NO,WARRE,1,010,023,128,TOOM,00305,149005,00223,264,
WARREN,00735108,MOSS,ROY,,JR,81,HAYNES ST, ,WARRENTON,GA,30828-8735,81,HAYNES ST,,WARRENTON,GA,30828-8735,A,A,,10/31/2017,10/31/2017,10/31/2017,IN PERSON,NO,NO,,NO,WARRE,1,010,023,128,TOOM,00312,149005,00217,258,
WARREN,00733859,BRAY,IRIS,FICKLIN,,447,ATLANTA HWY, ,WARRENTON,GA,30828,447,ATLANTA HWY,,WARRENTON,GA,30828,A,A,,10/31/2017,10/31/2017,10/31/2017,IN PERSON,NO,NO,,NO,WARRE,1,010,023,128,TOOM,00300,149005,00215,256,
WARREN,00734049,GUNN,BARBARA,,,431,S GIBSON ST, ,WARRENTON,GA,30828-8429,431,S GIBSON ST,,WARRENTON,GA,30828-8429,A,A,,10/16/2017,10/16/2017,10/16/2017,IN PERSON,NO,NO,,NO,WARRE,1,010,023,128,TOOM,00315,149005,00006,29,
WARREN,00733041,ABBOTT,RONALD,C,,152,S WHITEHEAD ST, ,WARRENTON,GA,30828-8508,152,S WHITEHEAD ST,,WARRENTON,GA,30828-8508,A,A,,10/18/2017,10/18/2017,10/18/2017,IN PERSON,NO,NO,,NO,WARRE,1,010,023,128,TOOM,00315,149005,00055,80,
WARREN,00735547,STOKES,LOUISE,T,,244,ACADEMY ST, ,WARRENTON,GA,30828-8300,,PO BOX 404,,WARRENTON,GA,30828-0040,A,A,,10/30/2017,10/30/2017,10/30/2017,IN PERSON,NO,NO,,NO,WARRE,1,010,023,128,TOOM,00306,149005,00194,226,
WARREN,00734559,JOHNSON,LYNETTE,G,,173,DAVIS ST, ,WARRENTON,GA,30828-8250,173,DAVIS ST,,WARRENTON,GA,30828-8250,A,A,,10/19/2017,10/19/2017,10/19/2017,IN PERSON,NO,NO,,NO,WARRE,1,010,023,128,TOOM,00314,149005,00078,103,
WARREN,00734871,MARTIN,JOHN,,JR,470,ATLANTA HWY, ,WARRENTON,GA,30828-2030,,PO BOX 68,,WARRENTON,GA,30828-0006,A,A,,10/26/2017,10/26/2017,10/26/2017,IN PERSON,NO,NO,,NO,WARRE,1,010,023,128,TOOM,00305,149005,00152,183,
WARREN,06060225,BURLEY,DARLENE,FRANKLIN,,120,AMBER RUN CT, ,WARRENTON,GA,30828,120,AMBER RUN CT,,WARRENTON,GA,30828,A,A,,10/26/2017,10/26/2017,10/26/2017,IN PERSON,NO,NO,,NO,WARRE,1,010,023,128,TOOM,00315,149005,00158,189,
WARREN,00734762,LANGFORD,KATHRYN,,,115,WILHOIT ST, ,WARRENTON,GA,30828-8532,115,WILHOIT ST,,WARRENTON,GA,30828-8532,A,A,,10/13/2017,10/13/2017,11/03/2017,MAILED,NO,NO,DISABLED,NO,WARRE,1,010,023,128,TOOM,00315,,00003,5,
WARREN,03622060,DUNAWAY,AVA,CRISWELL,,148,LAKE DR, ,WARRENTON,GA,30828-9162,148,LAKE DR,,WARRENTON,GA,30828-9162,A,,,10/09/2017,10/13/2017,,MAILED,NO,NO,DISABLED,NO,WARRE,1,010,023,128,TOOM,00305,,00001,1,
WARREN,00734576,JOHNSON,PONDA,T,,57,AZALEA DR, ,WARRENTON,GA,30828-8553,57,AZALEA DR,,WARRENTON,GA,30828-8553,A,A,,10/25/2017,10/25/2017,10/25/2017,IN PERSON,NO,NO,,NO,WARRE,1,010,023,128,TOOM,00315,149005,00138,163,
WARREN,00733222,BELLAMY,ROBERT,P,SR,156,BUENA VISTA AVE, ,WARRENTON,GA,30828-9152,,PO BOX 454,,WARRENTON,GA,30828-0045,A,A,,10/19/2017,10/19/2017,10/19/2017,IN PERSON,NO,NO,,NO,WARRE,1,010,023,128,TOOM,00300,149005,00071,96,
WARREN,04753874,WICKHAM,SARA,N,,183,N WHITEHEAD ST, ,WARRENTON,GA,30828-8242,183,N WHITEHEAD ST,,WARRENTON,GA,30828-8242,A,A,,10/16/2017,10/16/2017,10/16/2017,IN PERSON,NO,NO,,NO,WARRE,1,010,023,128,TOOM,00305,149005,00020,43,
WARREN,06389808,CURRY,CYNTHIA,FAYE,,133,LEE ST, ,WARRENTON,GA,30828,133,LEE ST,,WARRENTON,GA,30828,A,A,,10/26/2017,10/26/2017,10/26/2017,IN PERSON,NO,NO,,NO,WARRE,1,010,023,128,TOOM,00306,149005,00170,201,
WARREN,00735767,THIGPEN,JEAN,M,,93,BEALL SPRINGS ST, ,WARRENTON,GA,30828-8907,93,BEALL SPRINGS ST,,WARRENTON,GA,30828-8907,A,A,,10/19/2017,10/19/2017,10/19/2017,IN PERSON,NO,NO,,NO,WARRE,1,010,023,128,TOOM,00315,149005,00073,98,
WARREN,00733591,COXWELL,JOHNNY,M,,13,HILL ST, ,WARRENTON,GA,30828-8257,13,HILL ST,,WARRENTON,GA,30828-8257,A,A,,10/17/2017,10/17/2017,10/17/2017,IN PERSON,NO,NO,,NO,WARRE,1,010,023,128,TOOM,00305,149005,00040,63,
WARREN,00236574,EMMONS,RUTH,L,,704,ATLANTA HWY, ,WARRENTON,GA,30828,704,ATLANTA HWY,,WARRENTON,GA,30828,A,A,,10/16/2017,10/16/2017,10/16/2017,IN PERSON,NO,NO,,NO,WARRE,1,010,023,128,TOOM,00305,149005,00028,51,
WARREN,00733040,ABBOTT,SUSIE,S,,71,HILL ST, ,WARRENTON,GA,30828-8257,,PO BOX 135,,WARRENTON,GA,30828-0013,A,A,,10/25/2017,10/26/2017,11/06/2017,MAILED,NO,NO,ELDERLY,NO,WARRE,1,010,023,128,TOOM,00305,,00007,245,
WARREN,08249597,CHALKER,JAMES,PRICE,,676,ATLANTA HWY, ,WARRENTON,GA,30828-9100,676,ATLANTA HWY,,WARRENTON,GA,30828-9100,A,A,,10/30/2017,10/30/2017,10/30/2017,IN PERSON,NO,NO,,NO,WARRE,1,010,023,128,TOOM,00305,149005,00206,238,
WARREN,00735358,RACHELS,JEREMY,CARROLL,,163,MAYFIELD RD, ,WARRENTON,GA,30828-2041,163,MAYFIELD RD,,WARRENTON,GA,30828-2041,A,A,,10/23/2017,10/23/2017,10/23/2017,IN PERSON,NO,NO,,NO,WARRE,1,010,023,128,TOOM,00306,149005,00106,131,
WARREN,10617532,KENT,JONATHAN,MASON,,316,JOHNSON ST, ,WARRENTON,GA,30828,316,JOHNSON ST,,WARRENTON,GA,30828,A,A,,10/23/2017,10/23/2017,10/23/2017,IN PERSON,NO,NO,,NO,WARRE,1,010,023,128,TOOM,00315,149005,00103,128,
WARREN,00734403,IVEY,ROSEMARY,,,12,MAYWOOD ST, ,WARRENTON,GA,30828-8064,12,MAYWOOD ST,,WARRENTON,GA,30828-8064,A,A,,11/01/2017,11/01/2017,11/01/2017,IN PERSON,NO,NO,,NO,WARRE,1,010,023,128,TOOM,00305,149005,00238,280,
WARREN,00735299,PINION,BECKY,C,,267,S WHITEHEAD ST, ,WARRENTON,GA,30828-8514,,PO BOX 45,,CAMAK,GA,30807-0004,A,A,,10/18/2017,10/18/2017,10/18/2017,IN PERSON,NO,NO,,NO,WARRE,1,010,023,128,TOOM,00315,149005,00060,85,
WARREN,10420234,WOODS,DEANGELO,JERMAINE,JR,394B,OAK ST, ,WARRENTON,GA,30828,394B,OAK ST,,WARRENTON,GA,30828,R,,APPL REC'D 11/6/17 AFTER CUTOFF ON 11/3/17,11/06/2017,,,MAILED,NO,NO,,NO,WARRE,1,010,023,128,TOOM,00311,,,,
WARREN,08453484,BREWER,BRANDON,EDWARD,,12,SUCCESS WAY, ,WARRENTON,GA,30828-8809,12,SUCCESS WAY,,WARRENTON,GA,30828-8809,A,A,,10/24/2017,10/24/2017,11/01/2017,MAILED,NO,NO,,NO,WARRE,1,010,023,128,TOOM,00312,,00001,251,
WARREN,10148211,O'CONNOR,JORDAN,ANNA,,130,BROWN CIR, ,WARRENTON,GA,30828,130,BROWN CIR,,WARRENTON,GA,30828,A,A,,10/30/2017,10/30/2017,11/02/2017,MAILED,NO,NO,,NO,WARRE,1,010,023,128,TOOM,00315,,00007,173,
WARREN,00734254,HINESLEY,GERALDINE,AVERITT,,251,JOHNSON ST, ,WARRENTON,GA,30828-8522,,PO BOX 224,,WARRENTON,GA,30828-0022,A,A,,10/31/2017,10/31/2017,10/31/2017,IN PERSON,YES,NO,,NO,WARRE,1,010,023,128,TOOM,00315,149005,00228,269,
WARREN,08674284,RUFF,JASMINE,NICOLE,,51,EMMETT ST, ,WARRENTON,GA,30828-8914,51,EMMETT ST,,WARRENTON,GA,30828-8914,A,A,,10/24/2017,10/24/2017,10/24/2017,IN PERSON,NO,NO,,NO,WARRE,1,010,023,128,TOOM,00315,149005,00123,148,
WARREN,00028515,BROOKS,NAHEEDE,TERESA,,320,N NORWOOD ST, ,WARRENTON,GA,30828,320,N NORWOOD ST,,WARRENTON,GA,30828,A,A,,10/19/2017,10/19/2017,10/19/2017,IN PERSON,NO,NO,,NO,WARRE,1,010,023,128,TOOM,00302,149005,00085,110,
WARREN,10801650,IRWIN,HOPE,GRACE,,197,MAIN ST, ,WARRENTON,GA,30828,197,MAIN ST,,WARRENTON,GA,30828,A,A,,10/19/2017,10/19/2017,10/19/2017,IN PERSON,NO,NO,,NO,WARRE,1,010,023,128,TOOM,00315,149005,00084,109,
WARREN,04132451,WILLIAMS,DANNY,,,134,DAWSON ST, ,WARRENTON,GA,30828-7963,,PO BOX 194,,CAMAK,GA,30807-0019,A,A,,10/16/2017,10/16/2017,10/16/2017,IN PERSON,NO,NO,,NO,WARRE,1,010,023,128,TOOM,00305,149005,00008,31,
WARREN,03781834,LAND,CATHERINE,MARY,,260,N GIBSON ST, ,WARRENTON,GA,30828-8143,260,N GIBSON ST,,WARRENTON,GA,30828-8143,A,A,,10/26/2017,10/26/2017,10/26/2017,IN PERSON,NO,NO,,NO,WARRE,1,010,023,128,TOOM,00305,149005,00174,205,
WARREN,00733136,BAKER,WILLIE,LEE,,813,ATLANTA HWY, ,WARRENTON,GA,30828,813,ATLANTA HWY,,WARRENTON,GA,30828,A,A,,11/03/2017,11/03/2017,11/03/2017,IN PERSON,YES,NO,,NO,WARRE,1,010,023,128,TOOM,00300,149005,00274,316,
WARREN,00735087,MOSS,J,W,,300,MAYFIELD RD, ,WARRENTON,GA,30828-2045,300,MAYFIELD RD,,WARRENTON,GA,30828-2045,A,A,,10/20/2017,10/20/2017,10/20/2017,IN PERSON,NO,NO,,NO,WARRE,1,010,023,128,TOOM,00300,149005,00092,117,
WARREN,00735259,PEARSON,MELBA,K,,56,FULLER ST, ,WARRENTON,GA,30828-8901,56,FULLER ST,,WARRENTON,GA,30828-8901,A,A,,11/02/2017,11/02/2017,11/02/2017,IN PERSON,NO,NO,,NO,WARRE,1,010,023,128,TOOM,00315,149005,00248,290,
WARREN,06024017,PADGETT,ALBERT,TIMMY,,216,S WHITEHEAD ST, ,WARRENTON,GA,30828-8512,216,S WHITEHEAD ST,,WARRENTON,GA,30828-8512,A,A,,11/02/2017,11/02/2017,11/02/2017,IN PERSON,NO,NO,,NO,WARRE,1,010,023,128,TOOM,00315,149005,00260,302,
WARREN,00733489,CHALKER,KATHRYN,ALLEN,,676,ATLANTA HWY, ,WARRENTON,GA,30828-9100,676,ATLANTA HWY,,WARRENTON,GA,30828-9100,A,A,,10/30/2017,10/30/2017,10/30/2017,IN PERSON,NO,NO,,NO,WARRE,1,010,023,128,TOOM,00305,149005,00205,237,
WARREN,03377773,HALL,ROY,,JR,35,TAYLOR ST, ,WARRENTON,GA,30828-7903,35,TAYLOR ST,,WARRENTON,GA,30828-7903,A,A,,10/30/2017,10/30/2017,10/30/2017,IN PERSON,NO,NO,,NO,WARRE,1,010,023,128,TOOM,00302,149005,00201,233,
WARREN,05497817,TONCRAY,ANNE,ELIZABETH,,222,MAIN ST, ,WARRENTON,GA,30828,222,MAIN ST,,WARRENTON,GA,30828,A,A,,10/17/2017,10/17/2017,10/17/2017,IN PERSON,NO,NO,,NO,WARRE,1,010,023,128,TOOM,00305,149005,00042,65,
WARREN,07318807,LANKFORD,ARTHUR,NELSON,,105,BUENA VISTA AVE, ,WARRENTON,GA,30828-9153,105,BUENA VISTA AVE,,WARRENTON,GA,30828-9153,A,A,,10/18/2017,10/18/2017,10/18/2017,IN PERSON,NO,NO,,NO,WARRE,1,010,023,128,TOOM,00300,149005,00065,90,
WARREN,07073213,IVEY,J,C,,813,ATLANTA HWY, ,WARRENTON,GA,30828,813,ATLANTA HWY,,WARRENTON,GA,30828,A,A,,11/01/2017,11/01/2017,11/01/2017,IN PERSON,YES,NO,,NO,WARRE,1,010,023,128,TOOM,00300,149005,00235,277,
WARREN,00734184,HEATH,MARY,,,618,RAILROAD ST, ,WARRENTON,GA,30828-8710,,PO BOX 95,,WARRENTON,GA,30828-0009,A,A,,10/18/2017,10/18/2017,10/18/2017,IN PERSON,NO,NO,,NO,WARRE,1,010,023,128,TOOM,00311,149005,00063,88,
WARREN,00236573,EMMONS,NEAL,LOUIS,,704,ATLANTA HWY, ,WARRENTON,GA,30828,704,ATLANTA HWY,,WARRENTON,GA,30828,A,A,,10/16/2017,10/16/2017,10/16/2017,IN PERSON,NO,NO,,NO,WARRE,1,010,023,128,TOOM,00305,149005,00027,50,
WARREN,03645794,SMITH,HOLLY,CLARE,,495,ATLANTA HWY, ,WARRENTON,GA,30828-2031,495,ATLANTA HWY,,WARRENTON,GA,30828-2031,A,A,,10/26/2017,10/26/2017,10/26/2017,IN PERSON,NO,NO,,NO,WARRE,1,010,023,128,TOOM,00300,149005,00162,193,
WARREN,00735200,NEWSOME,SUSAN,M,,98,BUENA VISTA AVE, ,WARRENTON,GA,30828-9151,98,BUENA VISTA AVE,,WARRENTON,GA,30828-9151,A,A,,10/11/2017,10/13/2017,10/23/2017,MAILED,YES,NO,,NO,WARRE,1,010,023,128,TOOM,00300,,00005,19,
WARREN,10504124,CARDEN,TYLER,MURPHY,,638,MAIN ST, ,WARRENTON,GA,30828,130,LANIER DR,APT 815(B),STATESBORO,GA,30458,A,A,,10/10/2017,10/12/2017,10/31/2017,MAILED,NO,NO,,NO,WARRE,1,010,023,128,TOOM,00305,,00008,247,
WARREN,11482496,MOSLEY,MARY,JOLANE,,34,MEMORIAL DR, ,WARRENTON,GA,30828,,P.O. BOX 7,,WARRENTON,GA,30828,A,A,,10/26/2017,10/26/2017,10/26/2017,IN PERSON,NO,NO,,NO,WARRE,1,010,023,128,TOOM,00306,149005,00160,191,
WARREN,00734432,JACKSON,GLENICE,J,,470,ATLANTA HWY, ,WARRENTON,GA,30828,470,ATLANTA HWY,,WARRENTON,GA,30828,A,A,,10/06/2017,10/13/2017,10/30/2017,MAILED,YES,NO,DISABLED,NO,WARRE,1,010,023,128,TOOM,00305,,00003,10,
WARREN,00734615,JOHNSON,WILEY,DODGE,,243,MAIN ST, ,WARRENTON,GA,30828-8101,243,MAIN ST,,WARRENTON,GA,30828-8101,A,A,,10/16/2017,10/16/2017,10/16/2017,IN PERSON,NO,NO,,NO,WARRE,1,010,023,128,TOOM,00315,149005,00010,33,
WARREN,03884330,WASSON,JOANN,GOSS,,191,ACADEMY ST, ,WARRENTON,GA,30828,,PO BOX 204,,WARRENTON,GA,30828,A,A,,10/16/2017,10/16/2017,10/16/2017,IN PERSON,NO,NO,,NO,WARRE,1,010,023,128,TOOM,00306,149005,00002,25,
WARREN,00735871,USRY,WAYNE,DOMINGUS,,117,N WHITEHEAD ST, ,WARRENTON,GA,30828-8240,117,N WHITEHEAD ST,,WARRENTON,GA,30828-8240,A,A,,10/16/2017,10/16/2017,10/16/2017,IN PERSON,NO,NO,,NO,WARRE,1,010,023,128,TOOM,00305,149005,00025,48,
WARREN,03066784,CRAWFORD,SANDRA,SHOPE,,213,JOHNSON ST, ,WARRENTON,GA,30828-8522,213,JOHNSON ST,,WARRENTON,GA,30828-8522,A,A,,10/19/2017,10/19/2017,10/19/2017,IN PERSON,NO,NO,,NO,WARRE,1,010,023,128,TOOM,00315,149005,00075,100,
WARREN,05908004,KENDRICK,ANGELA,DENISE,,706,RAILROAD ST, ,WARRENTON,GA,30828-8714,,PO BOX 55,,WARRENTON,GA,30828-0005,A,A,,10/26/2017,10/26/2017,10/26/2017,IN PERSON,NO,NO,,NO,WARRE,1,010,023,128,TOOM,00312,149005,00168,199,
WARREN,04462207,HARWELL,SUSAN,SMITH,,275,WILHOIT ST, ,WARRENTON,GA,30828-8536,275,WILHOIT ST,,WARRENTON,GA,30828-8536,A,A,,10/16/2017,10/16/2017,10/16/2017,IN PERSON,NO,NO,,NO,WARRE,1,010,023,128,TOOM,00315,149005,00014,37,
WARREN,10532722,WHITAKER,BILLY,WAYNE,,35,DAVIS ST, ,WARRENTON,GA,30828,35,DAVIS ST,,WARRENTON,GA,30828,A,A,,10/26/2017,10/26/2017,10/26/2017,IN PERSON,NO,NO,,NO,WARRE,1,010,023,128,TOOM,00305,149005,00177,208,
WARREN,06726499,ALLEN,DEVERICK,DAUNTE,,136,MEADOW CIR, ,WARRENTON,GA,30828-7907,,PO BOX 55,,WARRENTON,GA,30828-0005,A,A,,10/26/2017,10/26/2017,10/26/2017,IN PERSON,NO,NO,,NO,WARRE,1,010,023,128,TOOM,00305,149005,00172,203,
WARREN,04921466,ROLAND,DONALD,A,,9,BUENA VISTA AVE, ,WARRENTON,GA,30828-9150,9,BUENA VISTA AVE,,WARRENTON,GA,30828-9150,A,A,,10/20/2017,10/20/2017,10/20/2017,IN PERSON,NO,NO,,NO,WARRE,1,010,023,128,TOOM,00300,149005,00101,126,
WARREN,10097679,COXWELL,TAYLOR,,,307,WILHOIT ST, ,WARRENTON,GA,30828,307,WILHOIT ST,,WARRENTON,GA,30828,A,A,,10/24/2017,10/24/2017,10/30/2017,MAILED,NO,NO,,NO,WARRE,1,010,023,128,TOOM,00315,,00009,176,
WARREN,00735276,PETERSON,ANNIE,,,320,N NORWOOD ST, ,WARRENTON,GA,30828-7945,,PO BOX 492,,WARRENTON,GA,30828-0049,A,A,,10/19/2017,10/19/2017,10/19/2017,IN PERSON,YES,NO,,NO,WARRE,1,010,023,128,TOOM,00302,149005,00086,111,
WARREN,00734423,JACKSON,AMANDA,FELICIA,,252,DEPOT ST, ,WARRENTON,GA,30828-8134,252,DEPOT ST,,WARRENTON,GA,30828-8134,A,A,,10/27/2017,10/27/2017,10/27/2017,IN PERSON,NO,NO,,NO,WARRE,1,010,023,128,TOOM,00305,149005,00185,217,
WARREN,11482488,HALL,JOEL,,,73,N WHITEHEAD ST, ,WARRENTON,GA,30828,73,N WHITEHEAD ST,,WARRENTON,GA,30828,A,A,,10/16/2017,10/16/2017,10/16/2017,IN PERSON,NO,NO,,NO,WARRE,1,010,023,128,TOOM,00305,149005,00007,30,
WARREN,05359495,ELDER,OMA,ALTON,,403,S GIBSON ST, ,WARRENTON,GA,30828-8426,403,S GIBSON ST,,WARRENTON,GA,30828-8426,A,A,,11/01/2017,11/01/2017,11/01/2017,IN PERSON,NO,NO,,NO,WARRE,1,010,023,128,TOOM,00306,149005,00241,283,
WARREN,06397696,GARTHRIGHT,ASHLEY,COLEMAN,,74,LENNOX AVE, ,WARRENTON,GA,30828,74,LENNOX AVE,,WARRENTON,GA,30828,A,A,,11/01/2017,11/01/2017,11/01/2017,IN PERSON,NO,NO,,NO,WARRE,1,010,023,128,TOOM,00300,149005,00236,278,
WARREN,00903634,STANLEY,JANET,SMITH,,318,S GIBSON ST, ,WARRENTON,GA,30828-8423,318,S GIBSON ST,,WARRENTON,GA,30828-8423,A,A,,10/20/2017,10/20/2017,10/20/2017,IN PERSON,NO,NO,,NO,WARRE,1,010,023,128,TOOM,00306,149005,00088,113,
WARREN,00735748,TAYLOR,BRENDA,M,,233,S WHITEHEAD ST, ,WARRENTON,GA,30828-8514,233,S WHITEHEAD ST,,WARRENTON,GA,30828-8514,A,A,,10/25/2017,10/25/2017,10/25/2017,IN PERSON,NO,NO,,NO,WARRE,1,010,023,128,TOOM,00315,149005,00140,165,
WARREN,00733648,DAVIS,BARBARA,S,,54,BUENA VISTA AVE, ,WARRENTON,GA,30828-9151,,PO BOX 66,,WARRENTON,GA,30828-0006,A,A,,10/25/2017,10/25/2017,10/25/2017,IN PERSON,NO,NO,,NO,WARRE,1,010,023,128,TOOM,00300,149005,00144,169,
WARREN,00733774,WILKERSON,AMANDA,E,,100,EMMETT ST, ,WARRENTON,GA,30828-8916,100,EMMETT ST,,WARRENTON,GA,30828-8916,A,A,,10/25/2017,10/25/2017,10/25/2017,IN PERSON,NO,NO,,NO,WARRE,1,010,023,128,TOOM,00315,149005,00129,154,
WARREN,06105975,NORRIS,GAIL,GUY,,889,ATLANTA HWY, ,WARRENTON,GA,30828-9105,889,ATLANTA HWY,,WARRENTON,GA,30828-9105,A,A,,10/26/2017,10/26/2017,10/26/2017,IN PERSON,NO,NO,,NO,WARRE,1,010,023,128,TOOM,00300,149005,00149,180,
WARREN,06103082,CARDEN,TAMMY,LYNN,,638,MAIN ST, ,WARRENTON,GA,30828,638,MAIN ST,,WARRENTON,GA,30828,A,A,,10/27/2017,10/27/2017,10/27/2017,IN PERSON,NO,NO,,NO,WARRE,1,010,023,128,TOOM,00305,149005,00183,215,
WARREN,00733766,MARTIN,CAROLYN,EBRON,,470,ATLANTA HWY, ,WARRENTON,GA,30828-2030,,PO BOX 68,,WARRENTON,GA,30828-0006,A,A,,10/25/2017,10/25/2017,10/25/2017,IN PERSON,NO,NO,,NO,WARRE,1,010,023,128,TOOM,00305,149005,00130,155,
WARREN,05357383,THIGPEN,HOPE,CRAWFORD,,638,ATLANTA HWY, ,WARRENTON,GA,30828,638,ATLANTA HWY,,WARRENTON,GA,30828,A,A,,11/02/2017,11/02/2017,11/02/2017,IN PERSON,NO,NO,,NO,WARRE,1,010,023,128,TOOM,00305,149005,00249,291,
WARREN,04768531,BLOUNT,SHONYA,W,,275,DAVIS ST, ,WARRENTON,GA,30828-8804,,PO BOX 181,,WARRENTON,GA,30828-0018,A,A,,11/03/2017,11/03/2017,11/03/2017,IN PERSON,NO,NO,,NO,WARRE,1,010,023,128,TOOM,00315,149005,00270,312,
WARREN,00734660,JOSEPH,CLARA,P,,263,HUDSON ST, ,WARRENTON,GA,30828-8033,45,COURT SQ,,WARRENTON,GA,30828-8033,A,A,,10/19/2017,10/19/2017,11/03/2017,MAILED,NO,NO,,NO,WARRE,1,010,023,128,TOOM,00302,,00004,322,
WARREN,00733604,CRUMPTON,CHARLENE,S,,477,ATLANTA HWY, ,WARRENTON,GA,30828-2031,,PO BOX 47,,WARRENTON,GA,30828-2031,A,A,,10/27/2017,10/27/2017,11/06/2017,MAILED,NO,NO,,NO,WARRE,1,010,023,128,TOOM,00300,,00007,253,
WARREN,00226812,ROGERS,SHEILA,ADAMS,,307,JOHNSON ST, ,WARRENTON,GA,30828-8526,307,JOHNSON ST,,WARRENTON,GA,30828-8526,A,A,,11/03/2017,11/03/2017,11/03/2017,IN PERSON,NO,NO,,NO,WARRE,1,010,023,128,TOOM,00315,149005,00266,308,
WARREN,02286032,THORNHILL,PHILIP,W,,136,MAIN ST, ,WARRENTON,GA,30828,136,MAIN ST,,WARRENTON,GA,30828,A,A,,10/30/2017,10/30/2017,10/30/2017,IN PERSON,NO,NO,,NO,WARRE,1,010,023,128,TOOM,00314,149005,00199,231,
WARREN,00220949,LANGFORD,PAMELA,H,,351,S GIBSON ST, ,WARRENTON,GA,30828,351,S GIBSON ST,,WARRENTON,GA,30828,A,A,,11/01/2017,11/01/2017,11/01/2017,IN PERSON,NO,NO,,NO,WARRE,1,010,023,128,TOOM,00306,149005,00243,285,
WARREN,00735030,MOCK,CARL,BRICE,,184,CRESTVIEW AVE, ,WARRENTON,GA,30828,184,CRESTVIEW AVE,,WARRENTON,GA,30828,A,A,,10/18/2017,10/18/2017,10/18/2017,IN PERSON,NO,NO,,NO,WARRE,1,010,023,128,TOOM,00300,149005,00054,79,
WARREN,00733438,CALLAWAY,ASHLI,LOUISE,,167,CRESTVIEW AVE, ,WARRENTON,GA,30828-9157,,PO BOX 746,,WARRENTON,GA,30828-0074,A,A,,10/23/2017,10/23/2017,10/23/2017,IN PERSON,NO,NO,,NO,WARRE,1,010,023,128,TOOM,00300,149005,00111,136,
WARREN,03587674,NEWSOME,ROBERT,WILLS,,170,EMMETT ST, ,WARRENTON,GA,30828-8916,170,EMMETT ST,,WARRENTON,GA,30828-8916,A,A,,10/18/2017,10/18/2017,10/18/2017,IN PERSON,NO,NO,,NO,WARRE,1,010,023,128,TOOM,00315,149005,00058,83,
WARREN,00212795,WILKERSON,JOHN,WESLEY,JR,100,EMMETT ST, ,WARRENTON,GA,30828-8916,100,EMMETT ST,,WARRENTON,GA,30828-8916,A,A,,10/23/2017,10/23/2017,10/23/2017,IN PERSON,NO,NO,,NO,WARRE,1,010,023,128,TOOM,00315,149005,00112,137,
WARREN,08867399,WARTHEN,CANDICE,,,394,OAK ST,UNIT 4,WARRENTON,GA,30828-8228,500,N HIGHLAND AVE,,TUCSON,GA,85719-0050,R,,APPLICATION RECEIVED ON 11/6/2017 BY MAIL,11/06/2017,,,MAILED,NO,NO,,YES,WARRE,1,010,023,128,TOOM,00311,,,,
WARREN,00734614,JOHNSON,MARJORIE,H,,227,N WHITEHEAD ST, ,WARRENTON,GA,30828-8244,227,N WHITEHEAD ST,,WARRENTON,GA,30828-8244,A,A,,10/11/2017,10/13/2017,10/20/2017,MAILED,NO,NO,,NO,WARRE,1,010,023,128,TOOM,00305,,00005,18,
WARREN,10553865,CARDEN,RONALD,EUGENE,,638,MAIN ST, ,WARRENTON,GA,30828,638,MAIN ST,,WARRENTON,GA,30828,A,A,,10/27/2017,10/27/2017,10/27/2017,IN PERSON,NO,NO,,NO,WARRE,1,010,023,128,TOOM,00305,149005,00182,214,
WARREN,11479802,MILLER,RICKY,,,80,BROWN CIR, ,WARRENTON,GA,30828,80,BROWN CIR,,WARRENTON,GA,30828,A,A,,10/27/2017,10/27/2017,10/27/2017,IN PERSON,NO,NO,,NO,WARRE,1,010,023,128,TOOM,00315,149005,00181,213,
WARREN,00733898,FRANKLIN,MATTIE,BAKER,,359,SHOALS ST, ,WARRENTON,GA,30828-8359,359,SHOALS ST,,WARRENTON,GA,30828-8359,A,A,,10/26/2017,10/26/2017,10/26/2017,IN PERSON,NO,NO,,NO,WARRE,1,010,023,128,TOOM,00315,149005,00159,190,
WARREN,04650994,RACHELS,KIMBERLY,ALLEN,,163,MAYFIELD RD, ,WARRENTON,GA,30828-2041,163,MAYFIELD RD,,WARRENTON,GA,30828-2041,A,A,,10/26/2017,10/26/2017,10/26/2017,IN PERSON,NO,NO,,NO,WARRE,1,010,023,128,TOOM,00306,149005,00161,192,
WARREN,04890868,WRENN-ADKINS,MARY,C,,146,CEDAR ST, ,WARRENTON,GA,30828-8700,146,CEDAR ST,,WARRENTON,GA,30828-8700,A,A,,10/16/2017,10/16/2017,10/16/2017,IN PERSON,NO,NO,,NO,WARRE,1,010,023,128,TOOM,00302,149005,00013,36,
WARREN,00735937,WHEELER,LILLIAN,W,,403,MAIN ST, ,WARRENTON,GA,30828-8107,901,W KUHNS LANE,,LECANTO,FL,34461,A,A,,10/19/2017,10/19/2017,11/03/2017,MAILED,YES,NO,ELDERLY,NO,WARRE,1,010,023,128,TOOM,00306,,00006,77,
WARREN,00733439,CALLAWAY,DOUGLAS,,,167,CRESTVIEW AVE, ,WARRENTON,GA,30828-9157,,PO BOX 746,,WARRENTON,GA,30828-0074,A,A,,10/30/2017,10/30/2017,10/30/2017,IN PERSON,NO,NO,,NO,WARRE,1,010,023,128,TOOM,00300,149005,00195,227,
WARREN,00734756,LANGFORD,CAROLYN,A,,83,CRESTVIEW AVE, ,WARRENTON,GA,30828-9154,,PO BOX 147,,WARRENTON,GA,30828-0014,A,A,,10/18/2017,10/19/2017,10/30/2017,MAILED,NO,NO,,NO,WARRE,1,010,023,128,TOOM,00300,,00006,177,
WARREN,10891608,LOWERY,PHILLIP,MICHAEL,,144,LEE ST, ,WARRENTON,GA,30828,9705,GALENE DR,,LOUISVILLE,KY,40299,A,,,10/30/2017,10/30/2017,,MAILED,NO,NO,,NO,WARRE,1,010,023,128,TOOM,00315,,00008,175,
WARREN,00735485,ROBERTS,CLARA,B,,143,HUDSON ST, ,WARRENTON,GA,30828-8030,,PO BOX 43,,WARRENTON,GA,30828-0004,A,A,,10/18/2017,10/18/2017,10/18/2017,IN PERSON,NO,NO,,NO,WARRE,1,010,023,128,TOOM,00302,149005,00066,91,
WARREN,01545089,FRAZIER,JAMES,CURTIS,,813,ATLANTA HWY, ,WARRENTON,GA,30828,813,ATLANTA HWY,,WARRENTON,GA,30828,A,A,,10/09/2017,10/13/2017,10/30/2017,MAILED,NO,NO,DISABLED,NO,WARRE,1,010,023,128,TOOM,00300,,00002,7,
WARREN,03720206,HINTON,BENJAMIN,DANIEL,,76,ALLEN ST, ,WARRENTON,GA,30828,76,ALLEN ST,,WARRENTON,GA,30828,A,A,,10/24/2017,10/24/2017,10/24/2017,IN PERSON,NO,NO,,NO,WARRE,1,010,023,128,TOOM,00306,149005,00124,149,
WARREN,07318834,BEBBINGTON,JOHN,WILSON,,78,SUCCESS WAY, ,WARRENTON,GA,30828-8809,78,SUCCESS WAY,,WARRENTON,GA,30828-8809,A,A,,10/20/2017,10/20/2017,10/20/2017,IN PERSON,NO,NO,,NO,WARRE,1,010,023,128,TOOM,00312,149005,00098,123,
WARREN,01336078,CLARKSON,LARRY,JOE,,55,WILHOIT ST, ,WARRENTON,GA,30828-8527,55,WILHOIT ST,,WARRENTON,GA,30828-8527,A,A,,10/17/2017,10/17/2017,10/17/2017,IN PERSON,NO,NO,,NO,WARRE,1,010,023,128,TOOM,00315,149005,00034,57,
WARREN,03876780,WASSON,JIMMIE,CLAUDE,,191,ACADEMY ST, ,WARRENTON,GA,30828,,PO BOX 204,,WARRENOTN,GA,30828,A,A,,10/16/2017,10/16/2017,10/16/2017,IN PERSON,NO,NO,,NO,WARRE,1,010,023,128,TOOM,00306,149005,00004,27,
WARREN,10158763,SELLERS,JIMMY,LEE,,57,AZALEA DR, ,WARRENTON,GA,30828,57,AZALEA DR,,WARRENTON,GA,30828,A,A,,10/25/2017,10/25/2017,10/25/2017,IN PERSON,NO,NO,,NO,WARRE,1,010,023,128,TOOM,00315,149005,00139,164,
WARREN,05732753,LOTT,TIFFANY,NOELL,,159,LAKE DR, ,WARRENTON,GA,30828,159,LAKE DR,,WARRENTON,GA,30828,A,A,,10/24/2017,10/24/2017,10/24/2017,IN PERSON,NO,NO,,NO,WARRE,1,010,023,128,TOOM,00305,149005,00115,140,
WARREN,11433925,WILKERSON,JEREMY,TAYLOR,,100,EMMETT ST, ,WARRENTON,GA,30828,100,EMMETT ST,,WARRENTON,GA,30828,A,A,,10/26/2017,10/26/2017,10/26/2017,IN PERSON,NO,NO,,NO,WARRE,1,010,023,128,TOOM,00315,149005,00156,187,
WARREN,00735788,THOMASTON,MARY,J,,194,ACADEMY ST, ,WARRENTON,GA,30828-8304,194,ACADEMY STREET,,WARRENTON,GA,30828,A,A,,10/11/2017,10/13/2017,10/30/2017,MAILED,NO,NO,ELDERLY,NO,WARRE,1,010,023,128,TOOM,00306,,00003,17,
WARREN,00735291,PIERCE,CAROLYN,M,,73,BROWN CIR, ,WARRENTON,GA,30828-8555,73,BROWN CIR,,WARRENTON,GA,30828-8555,A,A,,10/16/2017,10/16/2017,10/16/2017,IN PERSON,NO,NO,,NO,WARRE,1,010,023,128,TOOM,00315,149005,00032,55,
WARREN,00734479,JOHNSON,ANNE,L,,243,MAIN ST, ,WARRENTON,GA,30828-8101,243,MAIN ST,,WARRENTON,GA,30828-8101,A,A,,10/16/2017,10/16/2017,10/16/2017,IN PERSON,NO,NO,,NO,WARRE,1,010,023,128,TOOM,00315,149005,00011,34,
WARREN,06026864,BRACKNELL,AMANDA,KITCHENS,,49,MEMORIAL DR, ,WARRENTON,GA,30828,49,MEMORIAL DR,,WARRENTON,GA,30828,A,A,,10/23/2017,10/24/2017,11/01/2017,MAILED,NO,NO,,NO,WARRE,1,010,023,128,TOOM,00306,,00007,246,
WARREN,00735810,TODD,WILLIAM,H,,201,S GIBSON ST, ,WARRENTON,GA,30828-8420,201,S GIBSON ST,,WARRENTON,GA,30828-8420,A,A,,10/25/2017,10/25/2017,10/25/2017,IN PERSON,NO,NO,,NO,WARRE,1,010,023,128,TOOM,00306,149005,00133,158,
WARREN,00734013,GRIER,HAZEL,LOU,,130,AMBER RUN CT, ,WARRENTON,GA,30828-8858,130,AMBER RUN CT,,WARRENTON,GA,30828-8858,A,A,,10/25/2017,10/25/2017,10/25/2017,IN PERSON,NO,NO,,NO,WARRE,1,010,023,128,TOOM,00315,149005,00136,161,
WARREN,00734050,GUNN,CHARLES,WALKER,,209,DAVIS ST, ,WARRENTON,GA,30828-8252,209,DAVIS ST,,WARRENTON,GA,30828-8252,A,A,,10/16/2017,10/16/2017,10/16/2017,IN PERSON,NO,NO,,NO,WARRE,1,010,023,128,TOOM,00314,149005,00001,24,
WARREN,00245077,OATMAN,LUCILLE,BROWN,,116,AMBER RUN CT, ,WARRENTON,GA,30828-8858,116,AMBER RUN CT,,WARRENTON,GA,30828-8858,A,A,,10/25/2017,10/25/2017,10/25/2017,IN PERSON,YES,NO,,NO,WARRE,1,010,023,128,TOOM,00315,149005,00135,160,
WARREN,08915234,ERWIN,QUINTAVIOUS,LADREZ,,48,HAYNES ST, ,WARRENTON,GA,30828-8736,48,HAYNES ST,,WARRENTON,GA,30828-8736,R,,APPL REC'D 11/6/17 AFTER CUTOFF ON 11/3/17,11/06/2017,,,MAILED,NO,NO,,NO,WARRE,1,010,023,128,TOOM,00312,,,,
WARREN,00733469,CARTER,LOUIS,,,53,DAWSON ST, ,WARRENTON,GA,30828-7961,,PO BOX 173,,WARRENTON,GA,30828-0017,A,A,,11/01/2017,11/01/2017,11/01/2017,IN PERSON,NO,NO,,NO,WARRE,1,010,023,128,TOOM,00305,149005,00230,272,
WARREN,00735019,MIMBS,TONY,DEAN,,69,LENNOX AVE, ,WARRENTON,GA,30828-9135,69,LENNOX AVE,,WARRENTON,GA,30828-9135,A,A,,11/03/2017,11/03/2017,11/03/2017,IN PERSON,NO,NO,,NO,WARRE,1,010,023,128,TOOM,00300,149005,00264,306,
WARREN,00733422,BURNETT,MAOMIE,NORRIS,,359,OAK ST, ,WARRENTON,GA,30828-8230,359,OAK ST,,WARRENTON,GA,30828-8230,A,A,,10/31/2017,10/31/2017,10/31/2017,IN PERSON,YES,NO,,NO,WARRE,1,010,023,128,TOOM,00311,149005,00213,254,
WARREN,03348614,PARRIS,KENNETH,MICHAEL,,351,S GIBSON ST, ,WARRENTON,GA,30828,351,S GIBSON ST,,WARRENTON,GA,30828,A,A,,11/02/2017,11/02/2017,11/02/2017,IN PERSON,NO,NO,,NO,WARRE,1,010,023,128,TOOM,00306,149005,00258,300,
WARREN,10685175,CURRY,DANIEL,HOWARD,,133,LEE ST, ,WARRENTON,GA,30828,133,LEE ST,,WARRENTON,GA,30828,A,A,,10/26/2017,10/26/2017,10/26/2017,IN PERSON,NO,NO,,NO,WARRE,1,010,023,128,TOOM,00306,149005,00169,200,
WARREN,00735870,USRY,TRACY,LYNN,,117,N WHITEHEAD ST, ,WARRENTON,GA,30828-8240,117,N WHITEHEAD ST,,WARRENTON,GA,30828-8240,A,A,,11/03/2017,11/03/2017,11/03/2017,IN PERSON,NO,NO,,NO,WARRE,1,010,023,128,TOOM,00305,149005,00262,304,
WARREN,00734507,JOHNSON,ERNEST,LEE,,399,CULPEPPER ST, ,WARRENTON,GA,30828-8732,399,CULPEPPER ST,,WARRENTON,GA,30828-8732,A,A,,11/03/2017,11/03/2017,11/03/2017,IN PERSON,NO,NO,,NO,WARRE,1,010,023,128,TOOM,00311,149005,00275,317,
WARREN,00735064,BENS,BENNIE,LEE,,132,S WHITEHEAD ST, ,WARRENTON,GA,30828-8508,,PO BOX 182,,WARRENTON,GA,30828-0018,A,A,,11/03/2017,11/03/2017,11/03/2017,IN PERSON,YES,NO,,NO,WARRE,1,010,023,128,TOOM,00315,149005,00273,315,
WARREN,10309891,KECK,SUZANNE,HOLCOMB,,112,JOHNSON ST, ,WARRENTON,GA,30828,112,JOHNSON ST,,WARRENTON,GA,30828,A,A,,10/20/2017,10/20/2017,10/20/2017,IN PERSON,NO,NO,,NO,WARRE,1,010,023,128,TOOM,00306,149005,00091,116,
WARREN,00734687,KENT,JONATHAN,W,,316,JOHNSON ST, ,WARRENTON,GA,30828-8525,316,JOHNSON ST,,WARRENTON,GA,30828-8525,A,A,,10/19/2017,10/19/2017,10/19/2017,IN PERSON,NO,NO,,NO,WARRE,1,010,023,128,TOOM,00315,149005,00074,99,
WARREN,00734071,HADDEN,LOUISE,R,,108,MAIN ST, ,WARRENTON,GA,30828-8502,108,MAIN ST,,WARRENTON,GA,30828-8502,A,A,,10/27/2017,10/27/2017,10/27/2017,IN PERSON,NO,NO,,NO,WARRE,1,010,023,128,TOOM,00315,149005,00178,210,
WARREN,04062093,KING,HENRY,,,318,HUDSON ST, ,WARRENTON,GA,30828-8065,318,HUDSON ST,,WARRENTON,GA,30828-8065,A,A,,10/20/2017,10/20/2017,10/20/2017,IN PERSON,YES,NO,,NO,WARRE,1,010,023,128,TOOM,00305,149005,00094,119,
WARREN,00735536,SCHRAM,GEORGE,WALTER,,157,N WHITEHEAD ST, ,WARRENTON,GA,30828-8240,157,N WHITEHEAD ST,,WARRENTON,GA,30828-8240,A,A,,10/18/2017,10/18/2017,10/18/2017,IN PERSON,NO,NO,,NO,WARRE,1,010,023,128,TOOM,00305,149005,00061,86,
WARREN,00217490,WASHINGTON,GLENDA,CONE,,178,ACADEMY ST, ,WARRENTON,GA,30828,,PO BOX 485,,WARRENTON,GA,30828,A,A,,10/31/2017,10/31/2017,10/31/2017,IN PERSON,NO,NO,,NO,WARRE,1,010,023,128,TOOM,00306,149005,00226,267,
WARREN,04637883,SEARS,TRACI,DENISE,,48,HAYNES ST, ,WARRENTON,GA,30828,48,HAYNES ST,,WARRENTON,GA,30828,A,A,,10/19/2017,10/19/2017,10/19/2017,IN PERSON,NO,NO,,NO,WARRE,1,010,023,128,TOOM,00312,149005,00077,102,
WARREN,00735459,RHODES,GREGORY,D,,305,HALL ST, ,WARRENTON,GA,30828-8015,305,HALL ST,,WARRENTON,GA,30828-8015,A,A,,10/16/2017,10/16/2017,10/16/2017,IN PERSON,NO,NO,,NO,WARRE,1,010,023,128,TOOM,00305,149005,00021,44,
WARREN,11303403,ROLAND,MATTHEW,RYAN,,197,MAIN ST, ,WARRENTON,GA,30828,197,MAIN ST,,WARRENTON,GA,30828,A,A,,10/19/2017,10/19/2017,10/19/2017,IN PERSON,NO,NO,,NO,WARRE,1,010,023,128,TOOM,00315,149005,00083,108,
WARREN,05409692,HINTON,DESIREE,TARANTINO,,76,ALLEN ST, ,WARRENTON,GA,30828,76,ALLEN ST,,WARRENTON,GA,30828,A,A,,10/25/2017,10/25/2017,10/25/2017,IN PERSON,NO,NO,,NO,WARRE,1,010,023,128,TOOM,00306,149005,00131,156,
WARREN,00735686,STANLEY,JULIAN,WILLIS,JR,318,S GIBSON ST, ,WARRENTON,GA,30828-8423,318,S GIBSON ST,,WARRENTON,GA,30828-8423,A,A,,10/20/2017,10/20/2017,10/20/2017,IN PERSON,NO,NO,,NO,WARRE,1,010,023,128,TOOM,00306,149005,00089,114,
WARREN,00733645,MCMICHAEL,WENDY,LAURA,,228,JOHNSON ST, ,WARRENTON,GA,30828-8521,228,JOHNSON ST,,WARRENTON,GA,30828-8521,A,A,,10/31/2017,10/31/2017,10/31/2017,IN PERSON,NO,NO,,NO,WARRE,1,010,023,128,TOOM,00315,149005,00227,268,
WARREN,03645812,CLARKSON,JULIA,ELIZABETH,,55,WILHOIT ST, ,WARRENTON,GA,30828,55,WILHOIT ST,,WARRENTON,GA,30828,A,A,,10/18/2017,10/19/2017,10/30/2017,MAILED,NO,NO,,NO,WARRE,1,010,023,128,TOOM,00315,,00010,178,
WARREN,02150162,WRIGHT,ELMA,J,,13,TAYLOR ST, ,WARRENTON,GA,30828-7903,,P. O. BOX 251,,WARRENTON,GA,30828,A,A,,10/24/2017,10/24/2017,10/24/2017,IN PERSON,NO,NO,,NO,WARRE,1,010,023,128,TOOM,00302,149005,00119,144,
WARREN,01477115,ROLAND,BRENDA,SMITH,,9,BUENA VISTA AVE, ,WARRENTON,GA,30828-9150,9,BUENA VISTA AVE,,WARRENTON,GA,30828-9150,A,A,,10/20/2017,10/20/2017,10/20/2017,IN PERSON,NO,NO,,NO,WARRE,1,010,023,128,TOOM,00300,149005,00100,125,
WARREN,00735233,NORRIS,W,F,,889,ATLANTA HWY, ,WARRENTON,GA,30828-9105,889,ATLANTA HWY,,WARRENTON,GA,30828-9105,A,A,,10/26/2017,10/26/2017,10/26/2017,IN PERSON,NO,NO,,NO,WARRE,1,010,023,128,TOOM,00300,149005,00150,181,
WARREN,01700265,CUMMINGS,CAPEL,BERNARD,,130,SHOALS ST, ,WARRENTON,GA,30828-8350,,PO BOX 465,,WARRENTON,GA,30828-0046,A,A,,10/25/2017,10/25/2017,10/25/2017,IN PERSON,NO,NO,,NO,WARRE,1,010,023,128,TOOM,00306,149005,00125,150,
WARREN,00735349,QUINN,GRANT,B,,189,S WHITEHEAD ST, ,WARRENTON,GA,30828-8511,189,S WHITEHEAD ST,,WARRENTON,GA,30828-8511,A,A,,10/13/2017,10/13/2017,11/03/2017,MAILED,NO,NO,DISABLED,NO,WARRE,1,010,023,128,TOOM,00315,,00001,2,
WARREN,03781808,LAND,WILLIAM,CHRIS,,260,N GIBSON ST, ,WARRENTON,GA,30828-8143,260,N GIBSON ST,,WARRENTON,GA,30828-8143,A,A,,10/26/2017,10/26/2017,10/26/2017,IN PERSON,NO,NO,,NO,WARRE,1,010,023,128,TOOM,00305,149005,00173,204,
WARREN,06314409,VAN DYKE,DANIEL,LOUIS,,66,S GIBSON ST, ,WARRENTON,GA,30828-8414,66,S GIBSON ST,,WARRENTON,GA,30828-8414,A,A,,10/26/2017,10/26/2017,10/26/2017,IN PERSON,NO,NO,,NO,WARRE,1,010,023,128,TOOM,00306,149005,00151,182,
WARREN,04722326,BECKWORTH,JUDY,SMITH,,80,AUSTIN RD, ,WARRENTON,GA,30828,80,AUSTIN RD,,WARRENTON,GA,30828,A,A,,10/17/2017,10/17/2017,10/17/2017,IN PERSON,NO,NO,,NO,WARRE,1,010,023,128,TOOM,00306,149005,00051,74,
WARREN,00733801,ERWIN,MALECIA,Q,,48,HAYNES ST, ,WARRENTON,GA,30828-8736,48,HAYNES ST,,WARRENTON,GA,30828-8736,A,A,,10/25/2017,10/25/2017,10/25/2017,IN PERSON,NO,NO,,NO,WARRE,1,010,023,128,TOOM,00312,149005,00143,168,
WARREN,00734574,JOHNSON,PAMELA,K,,101,LENNOX AVE, ,WARRENTON,GA,30828-9138,,PO BOX 54,,WARRENTON,GA,30828-0005,A,A,,10/27/2017,10/27/2017,10/27/2017,IN PERSON,NO,NO,,NO,WARRE,1,010,023,128,TOOM,00300,149005,00184,216,
WARREN,11482454,MILLER,PAMELA,,,80,BROWN CIR, ,WARRENTON,GA,30828,80,BROWN CIR,,WARRENTON,GA,30828,A,A,,10/27/2017,10/27/2017,10/27/2017,IN PERSON,NO,NO,,NO,WARRE,1,010,023,128,TOOM,00315,149005,00180,212,
WARREN,00734202,HENRY,RANDALL,W,,55,MAYFIELD RD, ,WARRENTON,GA,30828-2035,,PO BOX 384,,WARRENTON,GA,30828-0038,A,A,,10/17/2017,10/17/2017,10/17/2017,IN PERSON,NO,NO,,NO,WARRE,1,010,023,128,TOOM,00306,149005,00045,68,
WARREN,04693006,THIGPEN,MACY,MCCORD,,638,ATLANTA HWY, ,WARRENTON,GA,30828,638,ATLANTA HWY,,WARRENTON,GA,30828,A,A,,11/02/2017,11/02/2017,11/02/2017,IN PERSON,NO,NO,,NO,WARRE,1,010,023,128,TOOM,00305,149005,00250,292,
WARREN,00733775,ELLIS,BRENDA,S,,75,EMMETT ST, ,WARRENTON,GA,30828-8914,75,EMMETT ST,,WARRENTON,GA,30828-8914,A,A,,11/01/2017,11/01/2017,11/01/2017,IN PERSON,NO,NO,,NO,WARRE,1,010,023,128,TOOM,00315,149005,00231,273,
WARREN,00735780,THOMAS,JOSEPHINE,BATTLE,,110,SHOALS ST, ,WARRENTON,GA,30828-8350,,PO BOX 175,,WARRENTON,GA,30828-0017,A,A,,11/01/2017,11/01/2017,11/01/2017,IN PERSON,YES,NO,,NO,WARRE,1,010,023,128,TOOM,00306,149005,00234,276,
WARREN,00734072,HADDEN,RAY,PALMER,,108,MAIN ST, ,WARRENTON,GA,30828-8502,108,MAIN ST,,WARRENTON,GA,30828-8502,A,A,,10/27/2017,10/27/2017,10/27/2017,IN PERSON,NO,NO,,NO,WARRE,1,010,023,128,TOOM,00315,149005,00179,211,
WARREN,00734546,JOHNSON,KAY,S,,95,BROWN CIR, ,WARRENTON,GA,30828-8555,95,BROWN CIR,,WARRENTON,GA,30828-8555,A,A,,10/16/2017,10/16/2017,10/16/2017,IN PERSON,NO,NO,,NO,WARRE,1,010,023,128,TOOM,00315,149005,00023,46,
WARREN,00735865,USRY,JERRY,G,,117,N WHITEHEAD ST, ,WARRENTON,GA,30828-8240,117,N WHITEHEAD ST,,WARRENTON,GA,30828-8240,A,A,,10/16/2017,10/16/2017,10/16/2017,IN PERSON,NO,NO,,NO,WARRE,1,010,023,128,TOOM,00305,149005,00026,49,
WARREN,01699446,TURNER,SANDRA,THOMAS,,130,SHOALS ST, ,WARRENTON,GA,30828-8350,,PO BOX 465,,WARRENTON,GA,30828-0046,A,A,,11/01/2017,11/01/2017,11/01/2017,IN PERSON,NO,NO,,NO,WARRE,1,010,023,128,TOOM,00306,149005,00233,275,
WARREN,01459062,THOMPSON,SARA,ANN,,813,ATLANTA HWY, ,WARRENTON,GA,30828,813,ATLANTA HWY,,WARRENTON,GA,30828,A,A,,10/10/2017,10/13/2017,10/30/2017,MAILED,YES,NO,DISABLED,NO,WARRE,1,010,023,128,TOOM,00300,,00001,6,
WARREN,00734694,WAKENIGG,ELIZABETH,MORGAN,,133,N WHITEHEAD ST, ,WARRENTON,GA,30828,133,N WHITEHEAD ST,,WARRENTON,GA,30828,A,A,,10/18/2017,10/18/2017,10/18/2017,IN PERSON,NO,NO,,NO,WARRE,1,010,023,128,TOOM,00305,149005,00056,81,
WARREN,07313057,FRANKLIN,FRONIE,ANN,,112,AMBER RUN CT, ,WARRENTON,GA,30828-8858,112,AMBER RUN CT,,WARRENTON,GA,30828-8858,A,A,,10/25/2017,10/25/2017,10/25/2017,IN PERSON,NO,NO,,NO,WARRE,1,010,023,128,TOOM,00315,149005,00128,153,
WARREN,00734292,HOUSE,JACQUELINE,S,,119,AUSTIN RD, ,WARRENTON,GA,30828-2066,119,AUSTIN RD,,WARRENTON,GA,30828-2066,A,A,,10/30/2017,10/30/2017,10/30/2017,IN PERSON,NO,NO,,NO,WARRE,1,010,023,128,TOOM,00306,149005,00209,241,
WARREN,00735969,WILHOIT,WILLIAM,WIRT,,28,CRESTVIEW AVE, ,WARRENTON,GA,30828-9155,28,CRESTVIEW AVE,,WARRENTON,GA,30828-9155,A,A,,10/30/2017,10/30/2017,10/30/2017,IN PERSON,NO,NO,,NO,WARRE,1,010,023,128,TOOM,00300,149005,00197,229,
WARREN,00733702,DEBEAUGRINE,KAY,,,132,JOHNSON ST, ,WARRENTON,GA,30828-8517,132,JOHNSON ST,,WARRENTON,GA,30828-8517,A,A,,10/19/2017,10/19/2017,10/19/2017,IN PERSON,NO,NO,,NO,WARRE,1,010,023,128,TOOM,00306,149005,00082,107,
WARREN,00734875,MASSEY,EMILY,B,,64,HOPGOOD ST, ,WARRENTON,GA,30828-7959,,PO BOX 305,,WARRENTON,GA,30828-0030,A,A,,11/03/2017,11/03/2017,11/03/2017,IN PERSON,NO,NO,,NO,WARRE,1,010,023,128,TOOM,00302,149005,00265,307,
WARREN,03200196,HUEBENER,MICHAEL,ALAN,,38,JOHNSON ST, ,WARRENTON,GA,30828-8437,38,JOHNSON ST,,WARRENTON,GA,30828-8437,A,A,,11/02/2017,11/02/2017,11/02/2017,IN PERSON,NO,NO,,NO,WARRE,1,010,023,128,TOOM,00306,149005,00247,289,
WARREN,01717758,JOHNSON,ANNE,LEACH,,133,BROWN CIR, ,WARRENTON,GA,30828-8558,133,BROWN CIR,,WARRENTON,GA,30828-8558,A,A,,11/02/2017,11/02/2017,11/02/2017,IN PERSON,NO,NO,,NO,WARRE,1,010,023,128,TOOM,00315,149005,00255,297,
WARREN,10551050,PADGETT,JENNIFER,WILKERSON,,216,S WHITEHEAD ST, ,WARRENTON,GA,30828,216,S WHITEHEAD ST,,WARRENTON,GA,30828,A,A,,11/02/2017,11/02/2017,11/02/2017,IN PERSON,NO,NO,,NO,WARRE,1,010,023,128,TOOM,00315,149005,00261,303,
WARREN,00734557,JOHNSON,LOUISE,J,,15,HOPGOOD ST, ,WARRENTON,GA,30828-7971,15,HOPGOOD ST,,WARRENTON,GA,30828-7971,A,A,,10/24/2017,10/24/2017,10/24/2017,IN PERSON,NO,NO,,NO,WARRE,1,010,023,128,TOOM,00305,149005,00116,141,
WARREN,08250545,JOHNSON,REBECCA,JOY,,253,S WHITEHEAD ST, ,WARRENTON,GA,30828,253,S WHITEHEAD ST,,WARRENTON,GA,30828,A,A,,10/30/2017,10/30/2017,10/30/2017,IN PERSON,NO,NO,,NO,WARRE,1,010,023,128,TOOM,00315,149005,00212,244,
WARREN,07246228,HALL,CAROL,,,28,CRESTVIEW AVE, ,WARRENTON,GA,30828,28,CRESTVIEW AVE,,WARRENTON,GA,30828,A,A,,10/30/2017,10/30/2017,10/30/2017,IN PERSON,NO,NO,,NO,WARRE,1,010,023,128,TOOM,00300,149005,00196,228,
WARREN,00734412,IVEY,THELMA,D,,44,WILLOW ST, ,WARRENTON,GA,30828-7968,44,WILLOW ST,,WARRENTON,GA,30828-7968,A,A,,11/03/2017,11/03/2017,11/03/2017,IN PERSON,NO,NO,,NO,WARRE,1,010,023,128,TOOM,00305,149005,00272,314,
WARREN,00735086,MOSS,GROGAN,,JR,118,AMBER RUN CT, ,WARRENTON,GA,30828-8858,118,AMBER RUN CT,,WARRENTON,GA,30828-8858,A,A,,10/25/2017,10/25/2017,10/25/2017,IN PERSON,YES,NO,,NO,WARRE,1,010,023,128,TOOM,00315,149005,00137,162,
WARREN,00733703,DEBEAUGRINE,MEREE,,,132,JOHNSON ST, ,WARRENTON,GA,30828,132,JOHNSON ST,,WARRENTON,GA,30828,A,A,,10/16/2017,10/16/2017,10/16/2017,IN PERSON,NO,NO,,NO,WARRE,1,010,023,128,TOOM,00306,149005,00022,45,
WARREN,05678679,BHANUSHALI,SHANTA,NICOLE,,181,N GIBSON ST, ,WARRENTON,GA,30828,181,N GIBSON ST,,WARRENTON,GA,30828,A,A,,11/02/2017,11/02/2017,11/02/2017,IN PERSON,NO,NO,,NO,WARRE,1,010,023,128,TOOM,00305,149005,00245,287,
WARREN,00734611,JOHNSON,W,LARRY,,63,AUSTIN RD, ,WARRENTON,GA,30828-2063,63,AUSTIN RD,,WARRENTON,GA,30828-2063,A,A,,10/18/2017,10/18/2017,10/18/2017,IN PERSON,NO,NO,,NO,WARRE,1,010,023,128,TOOM,00306,149005,00053,78,
WARREN,00735465,WALKER,THELMA,HILL,,361,CULPEPPER ST, ,WARRENTON,GA,30828-8732,361,CULPEPPER ST,,WARRENTON,GA,30828-8732,A,A,,10/26/2017,10/26/2017,10/26/2017,IN PERSON,NO,NO,,NO,WARRE,1,010,023,128,TOOM,00311,149005,00157,188,
WARREN,00735641,SMITH,GENE,T,,495,ATLANTA HWY, ,WARRENTON,GA,30828-2031,495,ATLANTA HWY,,WARRENTON,GA,30828-2031,A,A,,11/03/2017,11/03/2017,11/03/2017,IN PERSON,NO,NO,,NO,WARRE,1,010,023,128,TOOM,00300,149005,00277,319,
WARREN,00735540,SCOTT,CATHERINE,BURNS,,89,W BRINKLEY ST, ,WARRENTON,GA,30828-8338,89,W BRINKLEY ST,,WARRENTON,GA,30828-8338,A,A,,11/03/2017,11/03/2017,11/03/2017,IN PERSON,NO,NO,,NO,WARRE,1,010,023,128,TOOM,00306,149005,00267,309,
WARREN,08728162,SWINT,ABIGAIL,ELIZABETH,,107,FULLER ST, ,WARRENTON,GA,30828-8903,107,FULLER ST,,WARRENTON,GA,30828-8903,A,C,"BALLOT LOST, WISH TO VOTE AT POLL ON ",10/16/2017,10/17/2017,11/07/2017,MAILED,NO,NO,,NO,WARRE,1,010,023,128,TOOM,00315,,00005,22,
WARREN,10548922,ASHLEY,AUSTIN,LUKE,,80,AUSTIN RD, ,WARRENTON,GA,30828,80,AUSTIN RD,,WARRENTON,GA,30828,A,A,,10/17/2017,10/17/2017,10/17/2017,IN PERSON,NO,NO,,NO,WARRE,1,010,023,128,TOOM,00306,149005,00050,73,
WARREN,00733738,DUCKWORTH,THOMAS,BARNELL,,100,FULLER ST, ,WARRENTON,GA,30828-8902,100,FULLER ST,,WARRENTON,GA,30828-8902,A,A,,10/20/2017,10/20/2017,10/20/2017,IN PERSON,NO,NO,,NO,WARRE,1,010,023,128,TOOM,00315,149005,00090,115,
WARREN,00212824,CHALKER,JANE,,,130,BROWN CIR, ,WARRENTON,GA,30828-8557,130,BROWN CIR,,WARRENTON,GA,30828-8557,A,A,,10/16/2017,10/16/2017,10/16/2017,IN PERSON,NO,NO,,NO,WARRE,1,010,023,128,TOOM,00315,149005,00033,56,
WARREN,00733823,FAGLIER,EVELYN,S,,47,N WHITEHEAD ST, ,WARRENTON,GA,30828-8235,47,N WHITEHEAD ST,,WARRENTON,GA,30828-8235,A,A,,10/17/2017,10/17/2017,10/17/2017,IN PERSON,NO,NO,,NO,WARRE,1,010,023,128,TOOM,00305,149005,00038,61,
WARREN,04811655,LANKFORD,MARGARET DARNELL,MILLER,,105,BUENA VISTA AVE, ,WARRENTON,GA,30828,105,BUENA VISTA AVE,,WARRENTON,GA,30828,A,A,,10/18/2017,10/18/2017,10/18/2017,IN PERSON,NO,NO,,NO,WARRE,1,010,023,128,TOOM,00300,149005,00064,89,
WARREN,03828179,YORK,MARY,ELAINE,,136,MAIN ST, ,WARRENTON,GA,30828,136,MAIN ST,,WARRENTON,GA,30828,A,A,,10/30/2017,10/30/2017,10/30/2017,IN PERSON,NO,NO,,NO,WARRE,1,010,023,128,TOOM,00314,149005,00198,230,
WARREN,00733454,CARR,EMILE,LUGAND,,34,LENNOX AVE, ,WARRENTON,GA,30828-9136,,PO BOX 28,,WARRENTON,GA,30828-0002,A,A,,10/18/2017,10/18/2017,10/18/2017,IN PERSON,NO,NO,,NO,WARRE,1,010,023,128,TOOM,00300,149005,00070,95,
WARREN,00736070,WREN,CATHERINE,V,,263,HUBERT ST, ,WARRENTON,GA,30828-8550,263,HUBERT ST,,WARRENTON,GA,30828-8550,A,A,,10/16/2017,10/16/2017,10/16/2017,IN PERSON,NO,NO,,NO,WARRE,1,010,023,128,TOOM,00315,149005,00030,53,
WARREN,00733588,COXWELL,JANE,H,,13,HILL ST, ,WARRENTON,GA,30828-8257,13,HILL ST,,WARRENTON,GA,30828-8257,A,A,,10/17/2017,10/17/2017,10/17/2017,IN PERSON,NO,NO,,NO,WARRE,1,010,023,128,TOOM,00305,149005,00039,62,
WARREN,00735766,THIGPEN,JANICE,G,,47,BUENA VISTA AVE, ,WARRENTON,GA,30828-9150,47,BUENA VISTA AVE,,WARRENTON,GA,30828-9150,A,A,,10/16/2017,10/16/2017,10/16/2017,IN PERSON,NO,NO,,NO,WARRE,1,010,023,128,TOOM,00300,149005,00003,26,
WARREN,00733418,BURNETT,DORIS,,,60,MAYWOOD ST, ,WARRENTON,GA,30828-8064,60,MAYWOOD ST,,WARRENTON,GA,30828-8064,A,A,,10/30/2017,10/30/2017,11/01/2017,MAILED,NO,NO,DISABLED,NO,WARRE,1,010,023,128,TOOM,00305,,00006,174,
WARREN,10787724,BONNER,SUSIE,MAE,,386,SHOALS ST, ,WARRENTON,GA,30828,386,SHOALS ST,,WARRENTON,GA,30828,A,A,,10/26/2017,10/26/2017,10/26/2017,IN PERSON,YES,NO,,NO,WARRE,1,010,023,128,TOOM,00306,149005,00155,186,
WARREN,10104317,MCCORKLE,CHRISTOPHER,SCOTT,II,45,COURT SQ, ,WARRENTON,GA,30828,45,COURT SQ,,WARRENTON,GA,30828,A,A,,10/16/2017,10/17/2017,10/30/2017,MAILED,NO,NO,,NO,WARRE,1,010,023,128,TOOM,00306,,00004,21,
WARREN,00734396,BUNDRAGE,PAMELA,IVEY,,188,MEADOW RD, ,WARRENTON,GA,30828-7916,188,MEADOW RD,,WARRENTON,GA,30828-7916,A,A,,10/26/2017,10/26/2017,10/26/2017,IN PERSON,NO,NO,,NO,WARRE,1,010,023,128,TOOM,00305,149005,00171,202,
WARREN,04236956,GOLDEN,CYNTHIA,JOAN,,813,ATLANTA HWY, ,WARRENTON,GA,30828,813,ATLANTA HWY,,WARRENTON,GA,30828,A,,,10/10/2017,10/13/2017,,MAILED,NO,NO,DISABLED,NO,WARRE,1,010,023,128,TOOM,00300,,00004,14,
WARREN,00734763,LANGFORD,ROBERT,A,,135,WILHOIT ST, ,WARRENTON,GA,30828-8532,135,WILHOIT ST,,WARRENTON,GA,30828-8532,A,A,,10/17/2017,10/17/2017,10/17/2017,IN PERSON,NO,NO,,NO,WARRE,1,010,023,128,TOOM,00315,149005,00046,69,
WARREN,01867546,HUNTER,JACQUELINE,DRINKARD,,30,DAVIS ST, ,WARRENTON,GA,30828,30,DAVIS ST,,WARRENTON,GA,30828,A,A,,10/16/2017,10/16/2017,10/16/2017,IN PERSON,NO,NO,,NO,WARRE,1,010,023,128,TOOM,00305,149005,00019,42,
WARREN,00734978,MCMICHAEL,JAMES,LANE,,228,JOHNSON ST, ,WARRENTON,GA,30828-8521,228,JOHNSON ST,,WARRENTON,GA,30828-8521,A,A,,10/31/2017,10/31/2017,10/31/2017,IN PERSON,NO,NO,,NO,WARRE,1,010,023,128,TOOM,00315,149005,00218,259,
WARREN,08126974,JOHNSON,ERIC,DODGE,,101,LENNOX AVE, ,WARRENTON,GA,30828-9138,,PO BOX 54,,WARRENTON,GA,30828-0005,A,A,,10/27/2017,10/27/2017,10/27/2017,IN PERSON,NO,NO,,NO,WARRE,1,010,023,128,TOOM,00300,149005,00193,225,
WARREN,01454561,PEEBLES,TOBY,R,,72,ENGLISH DR, ,WARRENTON,GA,30828-8956,,PO BOX 225,,WARRENTON,GA,30828-0022,A,A,,10/25/2017,10/25/2017,10/25/2017,IN PERSON,NO,NO,,NO,WARRE,1,010,023,128,TOOM,00315,149005,00141,166,
WARREN,08618549,SHIVERS,JOHN,HUBERT,,46,SUCCESS WAY, ,WARRENTON,GA,30828-8809,46,SUCCESS WAY,,WARRENTON,GA,30828-8809,A,A,,10/20/2017,10/20/2017,10/20/2017,IN PERSON,NO,NO,,NO,WARRE,1,010,023,128,TOOM,00312,149005,00087,112,
WARREN,00733455,CARR,KIM,S,,34,LENNOX AVE, ,WARRENTON,GA,30828-9136,,PO BOX 28,,WARRENTON,GA,30828-0002,A,A,,10/18/2017,10/18/2017,10/18/2017,IN PERSON,NO,NO,,NO,WARRE,1,010,023,128,TOOM,00300,149005,00069,94,
WARREN,10342477,LANGFORD,LAUREN,WARE,,351,S GIBSON ST, ,WARRENTON,GA,30828,351,S GIBSON ST,,WARRENTON,GA,30828,A,A,,11/01/2017,11/01/2017,11/01/2017,IN PERSON,NO,NO,,NO,WARRE,1,010,023,128,TOOM,00306,149005,00244,286,
WARREN,00736000,WILLIAMS,MARY,BRINKLEY,,220,HOPGOOD ST, ,WARRENTON,GA,30828-7956,220,HOPGOOD ST,,WARRENTON,GA,30828-7956,A,A,,10/26/2017,10/26/2017,10/26/2017,IN PERSON,YES,NO,,NO,WARRE,1,010,023,128,TOOM,00302,149005,00166,197,
WARREN,10342367,WHITAKER,MCKENZIE,CLAIRE,,35,DAVIS ST, ,WARRENTON,GA,30828,35,DAVIS ST,,WARRENTON,GA,30828,A,A,,10/26/2017,10/26/2017,10/26/2017,IN PERSON,NO,NO,,NO,WARRE,1,010,023,128,TOOM,00305,149005,00175,206,
WARREN,00734758,LANGFORD,GEORGE,P,III,164,S NORWOOD ST, ,WARRENTON,GA,30828-8408,,PO BOX 147,,WARRENTON,GA,30828-0014,A,A,,10/25/2017,10/25/2017,10/25/2017,IN PERSON,NO,NO,,NO,WARRE,1,010,023,128,TOOM,00306,149005,00147,172,
WARREN,00736104,YOUNG,MINNIE,M,,434,RAILROAD ST, ,WARRENTON,GA,30828-8213,,PO BOX 245,,WARRENTON,GA,30828-0024,A,A,,10/26/2017,10/26/2017,10/26/2017,IN PERSON,NO,NO,,NO,WARRE,1,010,023,128,TOOM,00311,149005,00148,179,
WARREN,10922040,MCMICHAEL,JAMES,CHESTER,,228,JOHNSON ST, ,WARRENTON,GA,30828,228,JOHNSON ST,,WARRENTON,GA,30828,A,A,,10/31/2017,10/31/2017,10/31/2017,IN PERSON,NO,NO,,NO,WARRE,1,010,023,128,TOOM,00315,149005,00221,262,
WARREN,00734695,KIMBROUGH,JOE,,,133,N WHITEHEAD ST, ,WARRENTON,GA,30828-8240,133,N WHITEHEAD ST,,WARRENTON,GA,30828-8240,A,A,,10/24/2017,10/24/2017,10/24/2017,IN PERSON,NO,NO,,NO,WARRE,1,010,023,128,TOOM,00305,149005,00114,139,
WARREN,03066790,CRAWFORD,WILLIAM,GRANT,,213,JOHNSON ST, ,WARRENTON,GA,30828-8522,213,JOHNSON ST,,WARRENTON,GA,30828-8522,A,A,,10/19/2017,10/19/2017,10/19/2017,IN PERSON,NO,NO,,NO,WARRE,1,010,023,128,TOOM,00315,149005,00076,101,
WARREN,00734065,GUNN,VERA,A,,86,GOLDEN ST, ,WARRENTON,GA,30828-7901,86,GOLDEN ST,,WARRENTON,GA,30828-7901,A,A,,11/03/2017,11/03/2017,11/03/2017,IN PERSON,NO,NO,,NO,WARRE,1,010,023,128,TOOM,00302,149005,00271,313,
WARREN,04468637,HALL,MARY,ROSE,,70,MAYFIELD RD, ,WARRENTON,GA,30828,70,MAYFIELD RD,,WARRENTON,GA,30828,A,A,,11/02/2017,11/02/2017,11/02/2017,IN PERSON,NO,NO,,NO,WARRE,1,010,023,128,TOOM,00300,149005,00254,296,
WARREN,00734136,HARRIS,MARY,,,84,HAYNES ST, ,WARRENTON,GA,30828-8736,84,HAYNES ST,,WARRENTON,GA,30828-8736,A,A,,11/02/2017,11/02/2017,11/02/2017,IN PERSON,NO,NO,,NO,WARRE,1,010,023,128,TOOM,00312,149005,00253,295,
WARREN,00734058,GUNN,JOHN,EDWARD,,67,MAIN ST, ,WARRENTON,GA,30828-8500,,PO BOX 647,,WARRENTON,GA,30828-0064,A,A,,11/03/2017,11/03/2017,11/03/2017,IN PERSON,NO,NO,,NO,WARRE,1,010,023,128,TOOM,00315,149005,00276,318,
WARREN,00218154,ARNOLD,BARBARA,D,,190,N WHITEHEAD ST, ,WARRENTON,GA,30828,,P. O. BOX 422,,WARREN,GA,30828,A,A,,10/25/2017,10/25/2017,10/25/2017,IN PERSON,NO,NO,,NO,WARRE,1,010,023,128,TOOM,00311,149005,00142,167,
WARREN,00734014,GRIER,JAMES,,,68,CEDAR ST, ,WARRENTON,GA,30828-8025,68,CEDAR ST,,WARRENTON,GA,30828-8025,A,A,,10/31/2017,11/01/2017,11/06/2017,MAILED,NO,NO,,NO,WARRE,1,010,023,128,TOOM,00302,,00003,209,
WARREN,08831576,ERWIN,MONTAVIOUS,DEONTE,,304,MEADOW RD, ,WARRENTON,GA,30828-7921,304,MEADOW RD,,WARRENTON,GA,30828-7921,A,A,,10/31/2017,10/31/2017,10/31/2017,IN PERSON,NO,NO,,NO,WARRE,1,010,023,128,TOOM,00305,149005,00216,257,
WARREN,08279336,SOUTH,SANDRA,HARMON,,813,ATLANTA HWY, ,WARRENTON,GA,30828,813,ATLANTA HWY,,WARRENTON,GA,30828,A,A,,10/09/2017,10/13/2017,10/30/2017,MAILED,NO,NO,,NO,WARRE,1,010,023,128,TOOM,00300,,00003,8,
WARREN,00733561,COPELAND,NINA,MAE,,372,CULPEPPER ST, ,WARRENTON,GA,30828-8731,372,CULPEPPER ST,,WARRENTON,GA,30828-8731,A,A,,10/26/2017,10/26/2017,10/26/2017,IN PERSON,NO,NO,,NO,WARRE,1,010,023,128,TOOM,00312,149005,00164,195,
WARREN,03353622,HUNTER,LYNN,CRAIG,,30,DAVIS ST, ,WARRENTON,GA,30828-8155,30,DAVIS ST,,WARRENTON,GA,30828-8155,A,A,,10/16/2017,10/16/2017,10/16/2017,IN PERSON,NO,NO,,NO,WARRE,1,010,023,128,TOOM,00305,149005,00018,41,
WARREN,00213645,ELLIS,JAMES,D,,75,EMMETT ST, ,WARRENTON,GA,30828-8914,75,EMMETT ST,,WARRENTON,GA,30828-8914,A,A,,10/26/2017,10/26/2017,10/26/2017,IN PERSON,NO,NO,,NO,WARRE,1,010,023,128,TOOM,00315,149005,00154,185,
WARREN,00735661,SMITH,MARGARET,D,,626,ATLANTA HWY, ,WARRENTON,GA,30828-9100,,PO BOX 352,,WARRENTON,GA,30828-0035,A,A,,10/20/2017,10/20/2017,10/20/2017,IN PERSON,NO,NO,,NO,WARRE,1,010,023,128,TOOM,00305,149005,00097,122,
WARREN,00735707,STORY,LINDA,L,,354,CULPEPPER ST, ,WARRENTON,GA,30828-8731,,PO BOX 25,,WARRENTON,GA,30828-0002,A,A,,11/02/2017,11/02/2017,11/02/2017,IN PERSON,NO,NO,,NO,WARRE,1,010,023,128,TOOM,00312,149005,00251,293,
WARREN,04357973,WHEELER,BRANDI,MICHELLE,,46,SUCCESS WAY, ,WARRENTON,GA,30828-8809,46,SUCCESS WAY,,WARRENTON,GA,30828-8809,A,A,,10/17/2017,10/17/2017,10/17/2017,IN PERSON,NO,NO,,NO,WARRE,1,010,023,128,TOOM,00312,149005,00044,67,
WARREN,11482188,BUNDRAGE,LAQUANDRA,,,188,MEADOW RD, ,WARRENTON,GA,30828,11935,ALBERCON ST,WGE432,SAVANNAH,GA,31419,A,A,,10/27/2017,10/27/2017,11/06/2017,MAILED,NO,NO,,NO,WARRE,1,010,023,128,TOOM,00305,,00011,252,
WARREN,00734150,HARWELL,THOMAS,B,,275,WILHOIT ST, ,WARRENTON,GA,30828-8536,275,WILHOIT ST,,WARRENTON,GA,30828-8536,A,A,,10/16/2017,10/16/2017,10/16/2017,IN PERSON,NO,NO,,NO,WARRE,1,010,023,128,TOOM,00315,149005,00015,38,
WARREN,03303541,YI,CHONG,SUK,,474,MAIN ST, ,WARRENTON,GA,30828-8108,474,MAIN ST,,WARRENTON,GA,30828-8108,A,A,,10/17/2017,10/17/2017,10/17/2017,IN PERSON,NO,NO,,NO,WARRE,1,010,023,128,TOOM,00305,149005,00036,59,
WARREN,03364153,GOMEZ,SONYA,VEBER,,149,LEE ST, ,WARRENTON,GA,30828,149,LEE ST,,WARRENTON,GA,30828,A,A,,10/26/2017,10/26/2017,10/26/2017,IN PERSON,NO,NO,,NO,WARRE,1,010,023,128,TOOM,00306,149005,00165,196,
WARREN,00734293,HOUSE,KERMIT,E,,119,AUSTIN RD, ,WARRENTON,GA,30828-2066,119,AUSTIN RD,,WARRENTON,GA,30828-2066,A,A,,10/30/2017,10/30/2017,10/30/2017,IN PERSON,YES,NO,,NO,WARRE,1,010,023,128,TOOM,00306,149005,00210,242,
WARREN,04005677,JERVEY,ELIZABETH,D,,156,MAIN ST, ,WARRENTON,GA,30828-8200,,PO BOX 84,,WARRENTON,GA,30828-0008,A,A,,10/16/2017,10/16/2017,10/16/2017,IN PERSON,NO,NO,,NO,WARRE,1,010,023,128,TOOM,00314,149005,00029,52,
WARREN,01450363,WHITFIELD,ROBERT,WALLIS,,107,N GIBSON ST, ,WARRENTON,GA,30828-8142,107,N GIBSON ST,,WARRENTON,GA,30828-8142,A,A,,10/31/2017,10/31/2017,10/31/2017,IN PERSON,NO,NO,,NO,WARRE,1,010,023,128,TOOM,00305,149005,00220,261,
