County,Voter Registration #,Last Name,First Name,Middle Name,Suffix,Street #,Street Name,Apt/Unit,City,State,Zip Code,Mailing Street #,Mailing Street Name,Mailing Apt/Unit,Mailing City,Mailing State,Mailing Zip Code,Application Status,Ballot Status,Status Reason,Application Date,Ballot Issued Date,Ballot Return Date,Ballot Style,Ballot Assisted,Challenged/Provisional,Designation/Reason Issue,ID Required,Municipal Precinct,County Precinct,CNG,SEN,HOUSE	,JUD,Combo #,Vote Center ID,Ballot ID,Post #,Party
WASHINGTON,00738919,FLOYD,DOROTHY,JAMES,,510,SMITH ST, ,TENNILLE,GA,31089,510,SMITH ST,,TENNILLE,GA,31089,A,A,,10/30/2017,10/30/2017,10/30/2017,IN PERSON,NO,NO,,NO,1488,1488,010,026,128,MIDD,00210,150014,00004,6,
WASHINGTON,00739732,HARTLEY,DAVID,B,,318,5TH ST, ,TENNILLE,GA,31089-1212,318,5TH ST,,TENNILLE,GA,31089-1212,A,A,,11/03/2017,11/03/2017,11/03/2017,IN PERSON,NO,NO,,NO,1488,1488,010,026,128,MIDD,00212,150014,00005,8,
WASHINGTON,08716657,HARTLEY,TAYLOR,ANDREW,,315,5TH ST, ,TENNILLE,GA,31089-1213,315,5TH ST,,TENNILLE,GA,31089-1213,A,A,,11/03/2017,11/03/2017,11/07/2017,MAILED,NO,NO,,NO,1488,1488,010,026,128,MIDD,00212,,00004,12,
WASHINGTON,04040376,DANIEL,KENNETH,MORRIS,,415,SMITH ST, ,TENNILLE,GA,31089,415,SMITH ST,,TENNILLE,GA,31089,A,A,,10/25/2017,10/25/2017,10/25/2017,IN PERSON,NO,NO,,NO,1488,1488,010,026,128,MIDD,00210,150014,00002,4,
WASHINGTON,07522861,HARTLEY,SARAH,OLIVIA,,315,5TH ST, ,TENNILLE,GA,31089-1213,315,5TH ST,,TENNILLE,GA,31089-1213,A,A,,11/03/2017,11/03/2017,11/07/2017,MAILED,NO,NO,,NO,1488,1488,010,026,128,MIDD,00212,,00003,11,
WASHINGTON,03691661,CUMMINGS,EARTHA,T,,312,E 2ND AVE, ,TENNILLE,GA,31089-1228,312,E 2ND AVE,,TENNILLE,GA,31089-1228,A,A,,11/03/2017,11/03/2017,11/03/2017,IN PERSON,NO,NO,,NO,1488,1488,010,026,128,MIDD,00212,150014,00006,13,
WASHINGTON,03901069,WARTHEN,LYDIA,D,,129,W MONTGOMERY ST, ,TENNILLE,GA,31089-1446,129,W MONTGOMERY ,,TENNILLE,GA,31089-1446,A,A,,10/20/2017,10/20/2017,10/30/2017,MAILED,NO,NO,DISABLED,NO,1488,1488,010,026,128,MIDD,00210,,00002,2,
WASHINGTON,00736839,BOSS,CARRIE,,,518,MARTIN LUTHER KING JR BLVD, ,TENNILLE,GA,31089,518,MARTIN LUTHER KING ,,TENNILLE,GA,31089-0034,A,A,,10/16/2017,10/16/2017,10/20/2017,MAILED,NO,NO,ELDERLY,NO,1488,1488,010,026,128,MIDD,00210,,00001,1,
WASHINGTON,00739738,HARTLEY,MADIE,L,,318,5TH ST, ,TENNILLE,GA,31089-1212,318,5TH ST,,TENNILLE,GA,31089-1212,A,A,,11/03/2016,11/03/2017,11/07/2017,MAILED,NO,NO,ELDERLY,NO,1488,1488,010,026,128,MIDD,00212,,00001,9,
WASHINGTON,00743118,RHODES,DEBORAH,E,,325,FRANKLIN ST, ,TENNILLE,GA,31089-1312,325,FRANKLIN ST,,TENNILLE,GA,31089-1312,A,A,,10/27/2017,10/27/2017,10/27/2017,IN PERSON,NO,NO,,NO,1488,1488,010,026,128,MIDD,00223,150014,00003,5,
WASHINGTON,00739737,HARTLEY,LUANNE,,,315,5TH ST, ,TENNILLE,GA,31089-1213,315,5TH ST,,TENNILLE,GA,31089-1213,A,A,,11/03/2017,11/03/2017,11/07/2017,MAILED,NO,NO,,NO,1488,1488,010,026,128,MIDD,00212,,00002,10,
WASHINGTON,03740351,HARPER,DENNIS,L,,204,E ALLEY ST, ,TENNILLE,GA,31089-1138,204,E ALLEY ST,,TENNILLE,GA,31089-1138,A,A,,10/31/2017,10/31/2017,11/06/2017,MAILED,NO,NO,,NO,1488,1488,010,026,128,MIDD,00210,,00003,7,
WASHINGTON,00738063,CRAWFORD,BERNICE,J,,217,LINCOLN DR, ,TENNILLE,GA,31089-1442,,PO BOX 157,,TENNILLE,GA,31089-0015,A,A,,10/23/2017,10/23/2017,10/23/2017,IN PERSON,NO,NO,,NO,1488,1488,010,026,128,MIDD,00210,150014,00001,3,
