County,Voter Registration #,Last Name,First Name,Middle Name,Suffix,Street #,Street Name,Apt/Unit,City,State,Zip Code,Mailing Street #,Mailing Street Name,Mailing Apt/Unit,Mailing City,Mailing State,Mailing Zip Code,Application Status,Ballot Status,Status Reason,Application Date,Ballot Issued Date,Ballot Return Date,Ballot Style,Ballot Assisted,Challenged/Provisional,Designation/Reason Issue,ID Required,Municipal Precinct,County Precinct,CNG,SEN,HOUSE	,JUD,Combo #,Vote Center ID,Ballot ID,Post #,Party
WHEELER,01643014,CRAWFORD,WILLIAM,PALMER,,26,E FIRST AVE, ,ALAMO,GA,30411,26,E FIRST AVE,,ALAMO,GA,30411,A,A,,10/18/2017,10/18/2017,10/18/2017,IN PERSON,NO,NO,,NO,1,1,012,019,149,OCON,00023,153003,00001,4,
WHEELER,00353869,ELDER,CHARLES,DENNIS,,13,SHARPTON DR, ,ALAMO,GA,30411,,PO BOX 124,,ALAMO,GA,30411-0012,A,A,,10/30/2017,10/30/2017,10/30/2017,IN PERSON,NO,NO,,NO,1,1,012,019,149,OCON,00026,153003,00036,42,
WHEELER,01643373,PRICE,LYNETTE,,,82,W LUCILLE AVE, ,ALAMO,GA,30411,,PO BOX 165,,ALAMO,GA,30411-0016,A,A,,10/18/2017,10/18/2017,10/18/2017,IN PERSON,NO,NO,,NO,1,1,012,019,149,OCON,00026,153003,00023,26,
WHEELER,01643123,HALL,WENDELL,,,22,MAPLE DR, ,ALAMO,GA,30411,,PO BOX 204,,ALAMO,GA,30411-0020,A,,,10/24/2017,10/24/2017,,MAILED,NO,NO,,NO,1,1,012,019,149,OCON,00023,,00054,38,
WHEELER,01643525,WILLIAMS,JAMES,ALEXANDER,,39,E MAIN ST, ,ALAMO,GA,30411,,PO BOX 171,,ALAMO,GA,30411-0017,A,A,,10/18/2017,10/18/2017,10/18/2017,IN PERSON,NO,NO,,NO,1,1,012,019,149,OCON,00023,153003,00015,18,
WHEELER,01645646,BESS,JESSICA,MARIE,,58,E LUCILLE AVE,12,ALAMO,GA,30411,,PO BOX 103,,ALAMO,GA,30411-0010,A,A,,10/30/2017,10/30/2017,10/30/2017,IN PERSON,NO,NO,,NO,1,1,012,019,149,OCON,00024,153003,00045,51,
WHEELER,01643258,LEWIS,RAND,TOULDS,,10,MOCKINGBIRD LN, ,ALAMO,GA,30411,,PO BOX 532,,ALAMO,GA,30411-0053,A,A,,10/30/2017,10/30/2017,10/30/2017,IN PERSON,NO,NO,,NO,1,1,012,019,149,OCON,00023,153003,00052,58,
WHEELER,01644985,GIBBS,JEANETTE,GOWAN,,57,N BROAD ST, ,ALAMO,GA,30411,,PO BOX 147,,ALAMO,GA,30411-0014,A,A,,11/02/2017,11/02/2017,11/02/2017,IN PERSON,NO,NO,,NO,1,1,012,019,149,OCON,00026,153003,00063,68,
WHEELER,01643222,JOHNSON,HOLLIS,,,48,N COMMERCE ST, ,ALAMO,GA,30411,,PO BOX 536,,ALAMO,GA,30411,A,A,,11/01/2017,11/01/2017,11/01/2017,IN PERSON,NO,NO,,NO,1,1,012,019,149,OCON,00026,153003,00059,65,
WHEELER,03878300,LEWIS,GWUNA,Y,,106,E RAILROAD ST, ,ALAMO,GA,30411,,PO BOX 718,,ALAMO,GA,30411-0071,A,A,,10/18/2017,10/18/2017,10/18/2017,IN PERSON,NO,NO,,NO,1,1,012,019,149,OCON,00023,153003,00020,23,
WHEELER,01645682,HALL,DESMOND,WILEY,,30,MAPLE DR, ,ALAMO,GA,30411,,PO BOX 814,,ALAMO,GA,30411,A,A,,10/18/2017,10/18/2017,10/18/2017,IN PERSON,NO,NO,,NO,1,1,012,019,149,OCON,00023,153003,00019,22,
WHEELER,01645015,WHITE,JEFFEREY,BRYAN,,13,W SECOND AVE, ,ALAMO,GA,30411,,PO BOX 611,,ALAMO,GA,30411,A,A,,11/03/2017,11/03/2017,11/03/2017,IN PERSON,NO,NO,,NO,1,1,012,019,149,OCON,00023,153003,00071,78,
WHEELER,01643268,MACKEY,ROY,LEE,SR,60,E SECOND AVE, ,ALAMO,GA,30411,,PO BOX 461,,ALAMO,GA,30411,A,,,11/03/2017,11/03/2017,,MAILED,NO,NO,,NO,1,1,012,019,149,OCON,00023,,00055,71,
WHEELER,01643556,BRASWELL,ROY,ORIS,JR,49,N COMMERCE ST, ,ALAMO,GA,30411,,PO BOX 119,,ALAMO,GA,30411-0011,A,A,,11/01/2017,11/01/2017,11/01/2017,IN PERSON,NO,NO,,NO,1,1,012,019,149,OCON,00026,153003,00057,63,
WHEELER,01112054,CLARK,WILLIE,LEE,JR,55,S JEFFERSON ST,APT 10,ALAMO,GA,30411,55,S JEFFERSON ST,APT 10,ALAMO,GA,30411,A,A,,10/18/2017,10/18/2017,10/18/2017,IN PERSON,NO,NO,,NO,1,1,012,019,149,OCON,00024,153003,00013,16,
WHEELER,06094265,CANNADY,JEANETTE,PAGE,,32,W FOREST AVE, ,ALAMO,GA,30411,32,W FOREST AVE,,ALAMO,GA,30411,A,A,,10/18/2017,10/18/2017,10/18/2017,IN PERSON,NO,NO,,NO,1,1,012,019,149,OCON,00026,153003,00016,19,
WHEELER,11262215,ROSADO,HENRY,,,74,N COMMERCE ST, ,ALAMO,GA,30411,,PO BOX 56,,ALAMO,GA,30411,A,A,,10/30/2017,10/30/2017,10/30/2017,IN PERSON,NO,NO,,NO,1,1,012,019,149,OCON,00026,153003,00033,39,
WHEELER,07273366,VANN,RANDY,R,,23,E RAILROAD ST, ,ALAMO,GA,30411,,PO BOX 331,,ALAMO,GA,30411-0083,A,A,,10/20/2017,10/20/2017,10/20/2017,IN PERSON,NO,NO,,NO,1,1,012,019,149,OCON,00024,153003,00026,30,
WHEELER,01642917,LEE,PAMELA,KAY,,129,E RAILROAD ST, ,ALAMO,GA,30411,,PO BOX 208,,ALAMO,GA,30411,A,A,,10/30/2017,10/30/2017,10/30/2017,IN PERSON,NO,NO,,NO,1,1,012,019,149,OCON,00023,153003,00049,55,
WHEELER,00225230,HILL,JANET,SIKES,,31,W SECOND AVE, ,ALAMO,GA,30411,,PO BOX 392,,ALAMO,GA,30411-0039,A,A,,11/03/2017,11/03/2017,11/03/2017,IN PERSON,NO,NO,,NO,1,1,012,019,149,OCON,00026,153003,00070,77,
WHEELER,05833374,MORRIS,MATTHEW,DEWITT,,10,W FIRST AVE, ,ALAMO,GA,30411,,PO BOX 730,,ALAMO,GA,30411,A,A,,11/03/2017,11/03/2017,11/03/2017,IN PERSON,NO,NO,,NO,1,1,012,019,149,OCON,00025,153003,00072,79,
WHEELER,01643252,LEGGETT,SHIRLEY,FAYE,,2,E FIRST AVE, ,ALAMO,GA,30411,,PO BOX 70,,ALAMO,GA,30411-0007,A,A,,11/03/2017,11/03/2017,11/03/2017,IN PERSON,NO,NO,,NO,1,1,012,019,149,OCON,00023,153003,00069,76,
WHEELER,01645322,NOBLES,JANICE,A,,115,E MAIN ST, ,ALAMO,GA,30411,,PO BOX 373,,ALAMO,GA,30411-0037,A,A,,10/18/2017,10/18/2017,10/18/2017,IN PERSON,NO,NO,,NO,1,1,012,019,149,OCON,00023,153003,00012,15,
WHEELER,11473256,GILDER,ROGER,BRUCE,,55,S JEFFERSON ST,APT 12,ALAMO,GA,30411,55,S JEFFERSON ST,APT 12,ALAMO,GA,30411,A,A,,11/01/2017,11/01/2017,11/01/2017,IN PERSON,NO,NO,,NO,1,1,012,019,149,OCON,00024,153003,00055,61,
WHEELER,01643410,RYALS,SHAROLENA,I,,82,W RAILROAD AVE, ,ALAMO,GA,30411,,PO BOX 201,,ALAMO,GA,30411,A,A,,10/18/2017,10/18/2017,10/18/2017,IN PERSON,NO,NO,,NO,1,1,012,019,149,OCON,00026,153003,00021,24,
WHEELER,01644938,REASE,DORIS,NOEL,,49,E MAIN ST, ,ALAMO,GA,30411,,P.O. BOX 565,,ALAMO,GA,30411,A,A,,11/03/2017,11/03/2017,11/03/2017,IN PERSON,NO,NO,,NO,1,1,012,019,149,OCON,00023,153003,00066,73,
WHEELER,02148774,WOODARD,PATRICIA,WARD,,32,W LUCILLE AVE, ,ALAMO,GA,30411,32,W LUCILLE AVE,,ALAMO,GA,30411,A,A,,10/30/2017,10/30/2017,10/30/2017,IN PERSON,NO,NO,,NO,1,1,012,019,149,OCON,00026,153003,00040,46,
WHEELER,01644908,HALL,MARY,J,,22,MAPLE DR, ,ALAMO,GA,30411,,PO BOX 204,,ALAMO,GA,30411-0020,A,A,,10/30/2017,10/30/2017,10/30/2017,IN PERSON,NO,NO,,NO,1,1,012,019,149,OCON,00023,153003,00046,52,
WHEELER,01643255,LEWIS,HARRY,D,,106,E RAILROAD ST, ,ALAMO,GA,30411,,PO BOX 718,,ALAMO,GA,30411-0071,A,A,,10/30/2017,10/30/2017,10/30/2017,IN PERSON,NO,NO,,NO,1,1,012,019,149,OCON,00023,153003,00044,50,
WHEELER,04978417,MORRIS,MARSHA,LYNN,,10,W FIRST AVE, ,ALAMO,GA,30411,,PO BOX 730,,ALAMO,GA,30411,A,A,,11/02/2017,11/02/2017,11/02/2017,IN PERSON,NO,NO,,NO,1,1,012,019,149,OCON,00025,153003,00062,67,
WHEELER,01643264,MACKEY,CHARLIE,L,,106,E MAIN ST, ,ALAMO,GA,30411,,P.O. BOX 111,,ALAMO,GA,30411,A,A,,11/03/2017,11/03/2017,11/03/2017,IN PERSON,NO,NO,,NO,1,1,012,019,149,OCON,00023,153003,00067,74,
WHEELER,01643253,LEGGETT,RONALD,MARK,,2,E FIRST AVE, ,ALAMO,GA,30411,,PO BOX 70,,ALAMO,GA,30411-0007,A,A,,11/03/2017,11/03/2017,11/03/2017,IN PERSON,NO,NO,,NO,1,1,012,019,149,OCON,00023,153003,00068,75,
WHEELER,01643511,WHITE,JAMES,ERNEST,JR,13,W SECOND AVE, ,ALAMO,GA,30411,,PO BOX 611,,ALAMO,GA,30411-0061,A,A,,11/02/2017,11/02/2017,11/02/2017,IN PERSON,NO,NO,,NO,1,1,012,019,149,OCON,00023,153003,00064,69,
WHEELER,01643256,DAY,JEWELLAVA,LEWIS,,10,MOCKINGBIRD LN, ,ALAMO,GA,30411,,PO BOX 320,,ALAMO,GA,30411,A,A,,11/01/2017,11/01/2017,11/01/2017,IN PERSON,NO,NO,,NO,1,1,012,019,149,OCON,00023,153003,00056,62,
WHEELER,01643346,TILLMAN,ROSA,EAVON,,42,E RAILROAD ST, ,ALAMO,GA,30411,,PO BOX 271,,ALAMO,GA,30411,A,A,,10/18/2017,10/18/2017,10/18/2017,IN PERSON,NO,NO,,NO,1,1,012,019,149,OCON,00023,153003,00005,8,
WHEELER,10488240,LEDFORD,ALYSSA,NICOLE,,118,E MAIN ST, ,ALAMO,GA,30411,,PO BOX 423,,ALAMO,GA,30411,A,A,,10/18/2017,10/18/2017,10/18/2017,IN PERSON,NO,NO,,NO,1,1,012,019,149,OCON,00023,153003,00009,12,
WHEELER,00254597,STAPLETON,JERI,P,,65,W FOREST AVE, ,ALAMO,GA,30411,65,W FOREST AVE,,ALAMO,GA,30411,A,A,,10/30/2017,10/30/2017,10/30/2017,IN PERSON,NO,NO,,NO,1,1,012,019,149,OCON,00026,153003,00048,54,
WHEELER,01627596,TOWNS,MAXINE,H,,74,W RAILROAD AVE, ,ALAMO,GA,30411,74,W RAILROAD AVE,,ALAMO,GA,30411,A,A,,10/30/2017,10/30/2017,10/30/2017,IN PERSON,NO,NO,,NO,1,1,012,019,149,OCON,00026,153003,00047,53,
WHEELER,00494227,JONES,GWEN,COX,,20,S PINE ST, ,ALAMO,GA,30411,,PO BOX 146,,ALAMO,GA,30411,A,A,,10/31/2017,10/31/2017,10/31/2017,IN PERSON,NO,NO,,NO,1,1,012,019,149,OCON,00026,153003,00053,59,
WHEELER,01643483,USSERY,JOHN,FREDRICK,,33,N JEFFERSON ST, ,ALAMO,GA,30411,,PO BOX 156,,ALAMO,GA,30411,A,A,,10/30/2017,10/30/2017,10/30/2017,IN PERSON,NO,NO,,NO,1,1,012,019,149,OCON,00026,153003,00042,48,
WHEELER,01643124,HALL,WILEY,,,30,MAPLE DR, ,ALAMO,GA,30411,,PO BOX 534,,ALAMO,GA,30411-0053,A,A,,10/18/2017,10/18/2017,10/18/2017,IN PERSON,NO,NO,,NO,1,1,012,019,149,OCON,00023,153003,00008,11,
WHEELER,08680480,CHIEVES,TANYA,NICHOLE,,30,MOCKINGBIRD LN, ,ALAMO,GA,30411,30,MOCKINGBIRD LN,,ALAMO,GA,30411,A,A,,10/20/2017,10/20/2017,10/20/2017,IN PERSON,NO,NO,,NO,1,1,012,019,149,OCON,00023,153003,00032,36,
WHEELER,01643397,RIVERS,JEWRELL,,,25,CHERRY DR, ,ALAMO,GA,30411,,PO BOX 523,,ALAMO,GA,30411-0052,A,A,,10/18/2017,10/18/2017,10/18/2017,IN PERSON,NO,NO,,NO,1,1,012,019,149,OCON,00023,153003,00022,25,
WHEELER,01645704,JOHNSON,CURTIS,,,39,LILLIE B JOHNSON ST, ,ALAMO,GA,30411,39,LILLIE B JOHNSON ST,,ALAMO,GA,30411,A,,,10/17/2017,10/17/2017,,MAILED,NO,NO,ELDERLY,NO,1,1,012,019,149,OCON,00023,,00052,2,
WHEELER,01643529,WILSON,CATHERINE,,,9,S STEWARD ST, ,ALAMO,GA,30411,,PO BOX 527,,ALAMO,GA,30411-0052,A,A,,10/20/2017,10/20/2017,10/20/2017,IN PERSON,NO,NO,,NO,1,1,012,019,149,OCON,00023,153003,00028,32,
WHEELER,01643389,RHODES,MARY ANN,W,,64,W FOREST AVE, ,ALAMO,GA,30411,64,W FOREST AVE,,ALAMO,GA,30411,A,A,,10/18/2017,10/18/2017,10/18/2017,IN PERSON,NO,NO,,NO,1,1,012,019,149,OCON,00026,153003,00004,7,
WHEELER,01645321,NOBLES,FREDDIE,LEE,,115,E MAIN ST, ,ALAMO,GA,30411,,PO BOX 373,,ALAMO,GA,30411-0037,A,A,,10/18/2017,10/18/2017,10/18/2017,IN PERSON,NO,NO,,NO,1,1,012,019,149,OCON,00023,153003,00011,14,
WHEELER,01643078,GETER,GLORIA,,,37,BLUEBIRD LN, ,ALAMO,GA,30411,411,37 BLUEBIRD LN,,ALAMO,GA,30411-0955,A,A,,10/18/2017,10/18/2017,10/18/2017,IN PERSON,NO,NO,,NO,1,1,012,019,149,OCON,00023,153003,00006,9,
WHEELER,08337015,SLEDGE,NORRIS,DALE,,8,CHERRY DR, ,ALAMO,GA,30411,8,CHERRY DR,,ALAMO,GA,30411,A,A,,10/18/2017,10/18/2017,10/18/2017,IN PERSON,NO,NO,,NO,1,1,012,019,149,OCON,00023,153003,00007,10,
WHEELER,01644891,WHITE,RAY,,,109,N BROAD ST, ,ALAMO,GA,30411,109,N BROAD ST,,ALAMO,GA,30411,A,A,,10/30/2017,10/30/2017,10/30/2017,IN PERSON,NO,NO,,NO,1,1,012,019,149,OCON,00026,153003,00039,45,
WHEELER,01644980,COX,CLARA,,,48,W PEARL ST, ,ALAMO,GA,30411,,P.O. BOX 498,,ALAMO,GA,30411,A,,,04/18/2016,10/17/2017,,MAILED,NO,NO,ELDERLY,NO,1,1,012,019,149,OCON,00026,,00001,3,
WHEELER,01643369,PRICE,DOUGLAS,ARTHUR,,63,N JEFFERSON ST, ,ALAMO,GA,30411,,PO BOX 132,,ALAMO,GA,30411-0013,A,A,,10/30/2017,10/30/2017,10/30/2017,IN PERSON,NO,NO,,NO,1,1,012,019,149,OCON,00026,153003,00037,43,
WHEELER,01644909,MCARTHUR,MARY,LINDA,,88,E RAILROAD ST, ,ALAMO,GA,30411,,PO BOX 162,,ALAMO,GA,30411-0016,A,A,,10/30/2017,10/30/2017,10/30/2017,IN PERSON,NO,NO,,NO,1,1,012,019,149,OCON,00023,153003,00041,47,
WHEELER,05151561,DAY,JANE,LYNETTE,,6,E FIRST AVE, ,ALAMO,GA,30411,6,E FIRST AVE,,ALAMO,GA,30411,A,A,,10/20/2017,10/20/2017,10/20/2017,IN PERSON,NO,NO,,NO,1,1,012,019,149,OCON,00023,153003,00027,31,
WHEELER,01643507,WHITE,VERSILLA,ANN,,13,W SECOND AVE, ,ALAMO,GA,30411,,PO BOX 611,,ALAMO,GA,30411-0061,A,A,,11/01/2017,11/01/2017,11/01/2017,IN PERSON,NO,NO,,NO,1,1,012,019,149,OCON,00023,153003,00058,64,
WHEELER,01643257,LEWIS,LARRY,,,98,E RAILROAD ST, ,ALAMO,GA,30411,,PO BOX 85,,ALAMO,GA,30411,A,A,,10/30/2017,10/30/2017,10/30/2017,IN PERSON,NO,NO,,NO,1,1,012,019,149,OCON,00023,153003,00051,57,
WHEELER,01645236,DAY,JIMMY,L,,6,E FIRST AVE, ,ALAMO,GA,30411,,PO BOX 539,,ALAMO,GA,30411-0539,A,A,,10/20/2017,10/20/2017,10/20/2017,IN PERSON,NO,NO,,NO,1,1,012,019,149,OCON,00023,153003,00031,35,
WHEELER,01643110,HALL,DENNIS,ODELL,,27,MAPLE DR, ,ALAMO,GA,30411,,PO BOX 204,,ALAMO,GA,30411,A,A,,10/20/2017,10/20/2017,10/20/2017,IN PERSON,NO,NO,,NO,1,1,012,019,149,OCON,00023,153003,00030,34,
WHEELER,10192776,CARSWELL,ANTHONY,FREDRICK,,26,CHERRY DR, ,ALAMO,GA,30411,,PO BOX 121,,ALAMO,GA,30411,A,A,,10/30/2017,10/30/2017,10/30/2017,IN PERSON,NO,NO,,NO,1,1,012,019,149,OCON,00023,153003,00034,40,
WHEELER,01643478,TURNER,INEZ,HARVEY,,43,E SECOND AVE, ,ALAMO,GA,30411,,PO BOX 142,,ALAMO,GA,30411-0014,A,A,,10/04/2016,10/17/2017,10/31/2017,MAILED,NO,NO,DISABLED,NO,1,1,012,019,149,OCON,00023,,00001,1,
WHEELER,00494157,JONES,BILLY,S,,20,S PINE ST, ,ALAMO,GA,30411,,PO BOX 146,,ALAMO,GA,30411-0014,A,A,,10/31/2017,10/31/2017,10/31/2017,IN PERSON,NO,NO,,NO,1,1,012,019,149,OCON,00026,153003,00054,60,
WHEELER,01644954,WILLIAMS,MAXINE,COLLINS,,39,E MAIN ST, ,ALAMO,GA,30411,39,E MAIN ST,,ALAMO,GA,30411,A,A,,10/18/2017,10/18/2017,10/18/2017,IN PERSON,NO,NO,,NO,1,1,012,019,149,OCON,00023,153003,00014,17,
WHEELER,01643106,GUINN,VERNON,,,85,E MAIN ST, ,ALAMO,GA,30411,85,E MAIN ST,,ALAMO,GA,30411,A,A,,10/18/2017,10/18/2017,10/18/2017,IN PERSON,NO,NO,,NO,1,1,012,019,149,OCON,00023,153003,00018,21,
WHEELER,01643502,WELLS,JIMMY,TAL,,41,W PEARL ST, ,ALAMO,GA,30411,,PO BOX 401,,ALAMO,GA,30411-0040,A,A,,10/30/2017,10/30/2017,10/30/2017,IN PERSON,NO,NO,,NO,1,1,012,019,149,OCON,00026,153003,00035,41,
WHEELER,01643188,HOPKINS,DOROTHY,HOLLOWAY,,26,BLUEBIRD LN, ,ALAMO,GA,30411,,PO BOX 172,,ALAMO,GA,30411-0017,A,A,,11/02/2017,11/02/2017,11/02/2017,IN PERSON,NO,NO,,NO,1,1,012,019,149,OCON,00023,153003,00065,70,
WHEELER,01643269,MACKEY,ROY,LEE,JR,55,S JEFFERSON ST,5,ALAMO,GA,30411,,PO BOX 249,,ALAMO,GA,30411,A,,,11/03/2017,11/03/2017,,MAILED,NO,NO,,NO,1,1,012,019,149,OCON,00024,,00001,72,
WHEELER,01643318,MEGUIAR,MARILEA,USSERY,,10,MCRAE ST, ,ALAMO,GA,30411,10,MCRAE ST,,ALAMO,GA,30411,A,A,,10/18/2017,10/18/2017,10/18/2017,IN PERSON,NO,NO,,NO,1,1,012,019,149,OCON,00024,153003,00017,20,
WHEELER,03517803,CLAY,SALONIA,MAE,,68,E MAIN ST, ,ALAMO,GA,30411,,PO BOX 192,,ALAMO,GA,30411-0019,A,A,,10/19/2017,10/19/2017,10/26/2017,MAILED,NO,NO,,NO,1,1,012,019,149,OCON,00023,,00053,27,
WHEELER,01643391,RHODES,SAMUEL,H,,64,W FOREST AVE, ,ALAMO,GA,30411,64,W FOREST AVE,,ALAMO,GA,30411,A,A,,10/18/2017,10/18/2017,10/18/2017,IN PERSON,NO,NO,,NO,1,1,012,019,149,OCON,00026,153003,00002,5,
WHEELER,08508809,SPIRES,AMBER,LEDFORD,,118,E MAIN ST, ,ALAMO,GA,30411,,PO BOX 423,,ALAMO,GA,30411-0042,A,A,,10/18/2017,10/18/2017,10/18/2017,IN PERSON,NO,NO,,NO,1,1,012,019,149,OCON,00023,153003,00010,13,
WHEELER,01642943,BURKE,LINDA,,,25,N JEFFERSON ST, ,ALAMO,GA,30411,,PO BOX 163,,ALAMO,GA,30411-0016,A,A,,10/30/2017,10/30/2017,10/30/2017,IN PERSON,NO,NO,,NO,1,1,012,019,149,OCON,00026,153003,00038,44,
WHEELER,01642944,BURKE,WILLIAM,W,,25,N JEFFERSON ST, ,ALAMO,GA,30411,,PO BOX 163,,ALAMO,GA,30411-0016,A,A,,10/18/2017,10/18/2017,10/18/2017,IN PERSON,NO,NO,,NO,1,1,012,019,149,OCON,00026,153003,00003,6,
WHEELER,02148737,WOODARD,CHARLES,,,32,W LUCILLE AVE, ,ALAMO,GA,30411,32,W LUCILLE AVE,,ALAMO,GA,30411,A,A,,10/19/2017,10/19/2017,10/19/2017,IN PERSON,NO,NO,,NO,1,1,012,019,149,OCON,00026,153003,00024,28,
WHEELER,05529520,SIMMONS,JOSH,,JR,68,E RAILROAD ST, ,ALAMO,GA,30411,,P O BOX 175,,WAVERLY HALL,GA,31831,A,A,,11/02/2017,11/02/2017,11/02/2017,IN PERSON,NO,NO,,NO,1,1,012,019,149,OCON,00023,153003,00061,66,
WHEELER,07742285,STRICKLAND,WALLACE,H,,12,BROAD STREET, ,ALAMO,GA,30411,,503,,ALAMO,GA,30411,A,A,,10/30/2017,10/30/2017,10/30/2017,IN PERSON,NO,NO,,NO,1,1,012,019,149,OCON,00026,153003,00050,56,
WHEELER,07275916,VANN,REBECCA,LYNN,,24,E RAILROAD ST, ,ALAMO,GA,30411,,PO BOX 331,,ALAMO,GA,30411,A,A,,10/20/2017,10/20/2017,10/20/2017,IN PERSON,NO,NO,,NO,1,1,012,019,149,OCON,00023,153003,00025,29,
WHEELER,04241171,ADAWAY,BETH,ANN,,12,S BROAD ST, ,ALAMO,GA,30411,,PO BOX 503,,ALAMO,GA,30411,A,A,,10/23/2017,11/02/2017,11/02/2017,IN PERSON,NO,NO,,NO,1,1,012,019,149,OCON,00026,153003,00060,37,
WHEELER,01643482,USSERY,GEORGIA KATE,W,,33,N JEFFERSON ST, ,ALAMO,GA,30411,,PO BOX 156,,ALAMO,GA,30411-0015,A,A,,10/30/2017,10/30/2017,10/30/2017,IN PERSON,NO,NO,,NO,1,1,012,019,149,OCON,00026,153003,00043,49,
WHEELER,03335102,LEE,JAMES,CHARLES,JR,109,E RAILROAD ST, ,ALAMO,GA,30411,,P O BOX 208,,ALAMO,GA,30411,A,A,,10/20/2017,10/20/2017,10/20/2017,IN PERSON,NO,NO,,NO,1,1,012,019,149,OCON,00023,153003,00029,33,
