County,Voter Registration #,Last Name,First Name,Middle Name,Suffix,Street #,Street Name,Apt/Unit,City,State,Zip Code,Mailing Street #,Mailing Street Name,Mailing Apt/Unit,Mailing City,Mailing State,Mailing Zip Code,Application Status,Ballot Status,Status Reason,Application Date,Ballot Issued Date,Ballot Return Date,Ballot Style,Ballot Assisted,Challenged/Provisional,Designation/Reason Issue,ID Required,Municipal Precinct,County Precinct,CNG,SEN,HOUSE	,JUD,Combo #,Vote Center ID,Ballot ID,Post #,Party
WHITE,02060004,OBERLING,ROBERT,H,,246,BER WEG, ,HELEN,GA,30545-3407,246,BER WEG,,HELEN,GA,30545-3407,A,A,,11/03/2017,11/03/2017,11/03/2017,IN PERSON,NO,NO,,NO,H,031,009,051,008,ENOT,00007,154013,00053,55,
WHITE,01647673,WILKINS,DAVID,SMITH,,620,BRUCKEN STRASSE, ,HELEN,GA,30545,,PO BOX 937,,HELEN,GA,30545-0093,A,A,,10/30/2017,10/30/2017,10/30/2017,IN PERSON,NO,NO,,NO,H,031,009,051,008,ENOT,00007,154013,00025,25,
WHITE,01647648,PRESLEY,JUDY G,VANDIVER,,100,JUDYS WAY, ,HELEN,GA,30545,,PO BOX 231,,HELEN,GA,30545-0023,A,A,,11/03/2017,11/03/2017,11/03/2017,IN PERSON,NO,NO,,NO,H,031,009,051,008,ENOT,00007,154013,00048,49,
WHITE,02813841,GARNETT,BONNIE,P,,65,KEMPTEN STRASSE, ,HELEN,GA,30545,,PO BOX 803,,HELEN,GA,30545-0080,A,A,,11/02/2017,11/02/2017,11/02/2017,IN PERSON,NO,NO,,NO,H,031,009,051,008,ENOT,00007,154013,00039,39,
WHITE,01650942,SHELNUT,MICHELLE,PAYNE,,222,ALTE BRUECKE STRASSE, ,HELEN,GA,30545,222,ALTE BRUECKE STRASSE,,HELEN,GA,30545-2812,A,A,,11/02/2017,11/02/2017,11/02/2017,IN PERSON,NO,NO,,NO,H,031,009,051,008,ENOT,00007,154013,00037,37,
WHITE,01652690,DIXON,ANNETTE,H,,1280,BAHN INNSBRUCK, ,HELEN,GA,30545,1280,BAHN INNSBRUCK,,HELEN,GA,30545,A,A,,10/24/2017,10/24/2017,10/24/2017,IN PERSON,NO,NO,,NO,H,031,009,051,008,ENOT,00007,154013,00019,19,
WHITE,10147353,MILES,MARIA,AMELIO,,162,ZEPPELIN STRASSE, ,HELEN,GA,30545,162,ZEPPELIN STRASSE,,HELEN,GA,30545-2908,A,A,,10/31/2017,10/31/2017,10/31/2017,IN PERSON,NO,NO,,NO,H,031,009,051,008,ENOT,00007,154013,00029,29,
WHITE,00842451,GARMON,ANNETTE,WHITE,,243,UNICOI ST, ,HELEN,GA,30545,,PO BOX 373,,HELEN,GA,30545-0373,A,A,,10/17/2017,10/17/2017,10/17/2017,IN PERSON,NO,NO,,NO,H,031,009,051,008,ENOT,00007,154013,00005,5,
WHITE,05356636,WHITLOCK,ANN,ROBERTA,,754,ZEPPELIN STRASSE, ,HELEN,GA,30545-2916,754,ZEPPELIN STRASSE,,HELEN,GA,30545-2916,A,A,,10/23/2017,10/23/2017,10/23/2017,IN PERSON,NO,NO,,NO,H,031,009,051,008,ENOT,00007,154013,00016,16,
WHITE,00367324,SANDERS,SUSAN,HEBERLEN,,946,EDELWEISS STRASSE,201,HELEN,GA,30545,946,EDELWEISS STRASSE,#201,HELEN,GA,30545-0000,A,A,,11/03/2017,11/03/2017,11/03/2017,IN PERSON,NO,NO,,NO,H,031,009,051,008,ENOT,00007,154013,00054,56,
WHITE,03633554,UELTSCHI,MIRIAM,S,,221,WHITE STRASSE, ,HELEN,GA,30545,PO,BOX 535,,HELEN,GA,30545-0535,A,A,,10/05/2017,10/05/2017,11/02/2017,MAILED,NO,NO,ELDERLY,NO,H,031,009,051,008,ENOT,00007,,00040,50,
WHITE,01616002,MILES,WILLIAM,GREGORY,,45,LECH WEG, ,HELEN,GA,30545,,PO BOX 664,,HELEN,GA,30545-0066,A,A,,11/02/2017,11/02/2017,11/02/2017,IN PERSON,NO,NO,,NO,H,031,009,051,008,ENOT,00007,154013,00034,34,
WHITE,01933230,STEPHENS,SHERRI,ELLEN,,327,BRUCKEN STRASSE,UNIT 307A,HELEN,GA,30545,,PO BOX 394,,HELEN,GA,30545-0394,A,A,,10/27/2017,10/27/2017,10/27/2017,IN PERSON,NO,NO,,NO,H,031,009,051,008,ENOT,00007,154013,00023,23,
WHITE,01652485,ELWELL,GENEVA,S,,205,UNICOI ST,UNIT 5,HELEN,GA,30545-3103,,PO BOX 324,,HELEN,GA,30545-0032,A,A,,11/02/2017,11/02/2017,11/02/2017,IN PERSON,NO,NO,,NO,H,031,009,051,008,ENOT,00007,154013,00043,44,
WHITE,01647675,WILKINS,MIKE,,,130,KOENING STRASSE, ,HELEN,GA,30545-2803,,PO BOX 1057,,HELEN,GA,30545-0105,A,A,,11/02/2017,11/02/2017,11/02/2017,IN PERSON,NO,NO,,NO,H,031,009,051,008,ENOT,00007,154013,00031,31,
WHITE,01647572,ASH,JEFFREY,N,SR,483,BAHN INNSBRUCK, ,HELEN,GA,30545-2902,,PO BOX 32,,HELEN,GA,30545-0003,A,A,,10/18/2017,10/18/2017,10/18/2017,IN PERSON,NO,NO,,NO,H,031,009,051,008,ENOT,00007,154013,00009,9,
WHITE,02859160,DOWNEY,GERALD,R,JR,46,ESCOWEE DR, ,HELEN,GA,30545,,PO BOX 894,,HELEN,GA,30545-0089,A,A,,11/02/2017,11/02/2017,11/02/2017,IN PERSON,NO,NO,,NO,H,031,009,051,008,ENOT,00007,154013,00032,32,
WHITE,02734799,WRIGHT,WILMA,IRENE,,234,BER WEG, ,HELEN,GA,30545,,PO BOX 821,,HELEN,GA,30545,A,A,,10/16/2017,10/16/2017,10/16/2017,IN PERSON,NO,NO,,NO,H,031,009,051,008,ENOT,00007,154013,00002,2,
WHITE,02734565,WRIGHT,DONALD,GENE,,234,BER WEG, ,HELEN,GA,30545,,PO BOX 821,,HELEN,GA,30545,A,A,,10/16/2017,10/16/2017,10/16/2017,IN PERSON,NO,NO,,NO,H,031,009,051,008,ENOT,00007,154013,00003,3,
WHITE,08250642,KINKLE,DANIEL,SHEPPARD,,581,WILFAR STRASSE, ,HELEN,GA,30545-2915,581,WILFAR STRASSE,,HELEN,GA,30545-2915,A,A,,10/20/2017,10/20/2017,10/20/2017,IN PERSON,NO,NO,,NO,H,031,009,051,008,ENOT,00007,154013,00015,15,
WHITE,08728553,ASH,KATHRYN,VICTORIA,,56,WILK STRASSE, ,HELEN,GA,30545-2953,,PO BOX 157,,HELEN,GA,30545-0015,A,A,,09/29/2017,09/29/2017,10/31/2017,MAILED,NO,NO,,NO,H,031,009,051,008,ENOT,00007,,00030,41,
WHITE,03772225,ECHOLS,AUSTIN,H,,94,YONAH ST,UNIT 1343,HELEN,GA,30545,94,YONAH ST,UNIT 1343,HELEN,GA,30545,A,A,,11/03/2017,11/03/2017,11/03/2017,IN PERSON,NO,NO,,NO,H,031,009,051,008,ENOT,00007,154013,00052,54,
WHITE,01613804,MILES,PAMELA,TINER,,45,LECH WEG, ,HELEN,GA,30545,,PO BOX 664,,HELEN,GA,30545-0066,A,A,,11/02/2017,11/02/2017,11/02/2017,IN PERSON,NO,NO,,NO,H,031,009,051,008,ENOT,00007,154013,00033,33,
WHITE,05006896,MCFALLS,GEORGIA,MAE,,8660,MAIN ST N, ,HELEN,GA,30545,,PO BOX 667,,HELEN,GA,30545,A,A,,11/03/2017,11/03/2017,11/03/2017,IN PERSON,NO,NO,,NO,H,031,009,051,008,ENOT,00007,154013,00044,45,
WHITE,02769989,GARMON,FREDDIE,LAMAR,,243,UNICOI ST, ,HELEN,GA,30545-3103,,PO BOX 373,,HELEN,GA,30545-0037,A,A,,10/16/2017,10/16/2017,11/07/2017,IN PERSON,NO,NO,,NO,H,031,009,051,008,ENOT,00007,154013,00001,1,
WHITE,08684876,KEELER,WILLIAM,CLARENCE,,319,DACH BRUECKE GASSE, ,HELEN,GA,30545,319,DACH BRUECKE ,,HELEN,GA,30545-2941,A,A,,10/18/2017,10/18/2017,10/18/2017,IN PERSON,NO,NO,,NO,H,031,009,051,008,ENOT,00007,154013,00010,10,
WHITE,02113545,STRATIGOS,RICHARD,JEFFREY,,12,LECH WEG, ,HELEN,GA,30545-0018,12,LECH WEG,,HELEN,GA,30545-0018,A,A,,10/18/2017,10/18/2017,10/18/2017,IN PERSON,NO,NO,,NO,H,031,009,051,008,ENOT,00007,154013,00007,7,
WHITE,03066783,STEPHENS,BILLY,GENE,,502,BRUCKEN STRASSE, ,HELEN,GA,30545,502,BRUCKEN STRASSE,,HELEN,GA,30545,A,A,,10/20/2017,10/20/2017,10/20/2017,IN PERSON,NO,NO,,NO,H,031,009,051,008,ENOT,00007,154013,00013,13,
WHITE,01890294,BARNES,TERRY,BRUCE,,859,EDELWEISS STRASSE,5,HELEN,GA,30545,,PO BOX 667,,HELEN,GA,30545,A,A,,11/03/2017,11/03/2017,11/03/2017,IN PERSON,NO,NO,,NO,H,031,009,051,008,ENOT,00007,154013,00045,46,
WHITE,11439540,STOUT,TRACY,ANN,,318,WILFAR STRASSE, ,HELEN,GA,30545,,PO BOX 218,,HELEN,GA,30545,A,A,,10/30/2017,10/30/2017,10/30/2017,IN PERSON,NO,NO,,NO,H,031,009,051,008,ENOT,00007,154013,00026,26,
WHITE,05037671,O'DONOVAN,ELLA,DOROTHEA,,323,ROSEN STRASSE, ,HELEN,GA,30545-2923,,PO BOX 993,,HELEN,GA,30545-0099,A,A,,10/31/2017,10/31/2017,10/31/2017,IN PERSON,NO,NO,,NO,H,031,009,051,008,ENOT,00007,154013,00030,30,
WHITE,00486837,FOWLER,SALLY,C,,333,ESCOWEE DR,B,HELEN,GA,30545,,PO BOX 759,,HELEN,GA,30545,A,A,,10/20/2017,10/20/2017,10/20/2017,IN PERSON,NO,NO,,NO,H,031,009,051,008,ENOT,00007,154013,00011,11,
WHITE,00311655,BROWN,ROBIN,B,,1650,BAHN INNSBRUCK, ,HELEN,GA,30545,1650,BAHN INNSBRUCK,,HELEN,GA,30545,A,A,,11/02/2017,11/02/2017,11/02/2017,IN PERSON,NO,NO,,NO,H,031,009,051,008,ENOT,00007,154013,00035,35,
WHITE,06664627,HARRIS,DEBORAH,DALE,,205,UNICOI ST,A,HELEN,GA,30545-3103,,PO BOX 324,,HELEN,GA,30545-0032,A,A,,11/03/2017,11/03/2017,11/03/2017,IN PERSON,NO,NO,,NO,H,031,009,051,008,ENOT,00007,154013,00047,48,
WHITE,10147352,MILES,BRUCE,EUGENE,,162,ZEPPELIN STRASSE, ,HELEN,GA,30545,162,ZEPPELIN STRASSE,,HELEN,GA,30545-2908,A,A,,10/31/2017,10/31/2017,10/31/2017,IN PERSON,NO,NO,,NO,H,031,009,051,008,ENOT,00007,154013,00028,28,
WHITE,01277998,PIERSON,SANDRA,USSERY,,7,ALM STRASSE, ,HELEN,GA,30545,,PO BOX 524,,HELEN,GA,30545,A,A,,11/03/2017,11/03/2017,11/03/2017,IN PERSON,NO,NO,,NO,H,031,009,051,008,ENOT,00007,154013,00049,51,
WHITE,04343619,TURNER,MARIA,JANNETTE,,327,BAHN INNSBRUCK, ,HELEN,GA,30545-2900,327,BAHN INNSBRUCK,,HELEN,GA,30545-2900,A,A,,11/02/2017,11/02/2017,11/02/2017,IN PERSON,NO,NO,,NO,H,031,009,051,008,ENOT,00007,154013,00041,42,
WHITE,02113542,STRATIGOS,ELIZABETH,H,,12,LECH WEG, ,HELEN,GA,30545-0018,12,LECH WEG,,HELEN,GA,30545-0018,A,A,,10/18/2017,10/18/2017,10/18/2017,IN PERSON,NO,NO,,NO,H,031,009,051,008,ENOT,00007,154013,00008,8,
WHITE,02458432,ECHOLS,ELAINE,M,,94,YONAH ST, ,HELEN,GA,30545,,PO BOX 1343,,HELEN,GA,30545-0134,A,A,,11/03/2017,11/03/2017,11/03/2017,IN PERSON,NO,NO,,NO,H,031,009,051,008,ENOT,00007,154013,00051,53,
WHITE,11441213,PIERSON,JAMES,WILLIAM,JR,7,ALM STRASSE, ,HELEN,GA,30545,7,ALM STRASSE,,HELEN,GA,30545-2946,A,A,,11/03/2017,11/03/2017,11/03/2017,IN PERSON,NO,NO,,NO,H,031,009,051,008,ENOT,00007,154013,00050,52,
WHITE,01648188,BURKE,DONA,KAY,,12,WEG KOMMEN STRASSE, ,HELEN,GA,30545,,PO BOX 619,,HELEN,GA,30545-0061,A,A,,10/26/2017,10/26/2017,10/26/2017,IN PERSON,NO,NO,,NO,H,031,009,051,008,ENOT,00007,154013,00021,21,
WHITE,05334415,TURNER,RONALD,MILTON,,327,BAHN INNSBRUCK, ,HELEN,GA,30545-2900,,PO BOX 29,,HELEN,GA,30545-0002,A,A,,11/02/2017,11/02/2017,11/02/2017,IN PERSON,NO,NO,,NO,H,031,009,051,008,ENOT,00007,154013,00042,43,
WHITE,05356629,WHITLOCK,JAMES,GILBERT,,754,ZEPPELIN STRASSE, ,HELEN,GA,30545,754,ZEPPELIN STRASSE,,HELEN,GA,30545,A,A,,10/23/2017,10/23/2017,10/23/2017,IN PERSON,NO,NO,,NO,H,031,009,051,008,ENOT,00007,154013,00017,17,
WHITE,01648736,ASH,DAVID,G,,56,WILK STRASSE,UNIT 25A,HELEN,GA,30545,,PO BOX 157,,HELEN,GA,30545-0015,A,A,,11/03/2017,11/03/2017,11/03/2017,IN PERSON,NO,NO,,NO,H,031,009,051,008,ENOT,00007,154013,00040,40,
WHITE,04303693,CAPORALE,TERESA,MAIER,,302,SCHWARZWALD STRASSE, ,HELEN,GA,30545,,PO BOX 56,,HELEN,GA,30545-0005,A,A,,11/03/2017,11/03/2017,11/03/2017,IN PERSON,NO,NO,,NO,H,031,009,051,008,ENOT,00007,154013,00055,57,
WHITE,11147021,STOUT,THOMAS,KEVIN,,318,WILFAR STRASSE, ,HELEN,GA,30545,,PO BOX 218,,HELEN,GA,30545,A,A,,10/30/2017,10/30/2017,10/30/2017,IN PERSON,NO,NO,,NO,H,031,009,051,008,ENOT,00007,154013,00027,27,
WHITE,04429282,HELTON,RONALD,RAY,,76,NARR WEG,C-6,HELEN,GA,30545,,PO BOX 459,,HELEN,GA,30545,A,A,,10/27/2017,10/27/2017,10/27/2017,IN PERSON,NO,NO,,NO,H,031,009,051,008,ENOT,00007,154013,00024,24,
WHITE,03602630,HAHN,PHYLLIS,SUE,,133,CARRIE COX DR, ,HELEN,GA,30545,133,CARRIE COX DR,,HELEN,GA,30545-3109,A,A,,10/23/2017,10/23/2017,10/23/2017,IN PERSON,NO,NO,,NO,H,031,009,051,008,ENOT,00007,154013,00018,18,
WHITE,00486842,FOWLER,STEVE,WAYNE,,333,ESCOWEE DR,B,HELEN,GA,30545,,PO BOX 759,,HELEN,GA,30545,A,A,,10/20/2017,10/20/2017,10/20/2017,IN PERSON,NO,NO,,NO,H,031,009,051,008,ENOT,00007,154013,00012,12,
WHITE,01662750,PARKER,RUGAR,CHASTINE,,205,UNICOI ST,C,HELEN,GA,30545-3103,205,UNICOI ST,C,HELEN,GA,30545-3103,A,A,,11/02/2017,11/02/2017,11/02/2017,IN PERSON,NO,NO,,NO,H,031,009,051,008,ENOT,00007,154013,00036,36,
WHITE,10275740,COCHRAN,GARY,JOSEPH,,79,TANNEN WEG,UNIT 6,HELEN,GA,30545,,PO BOX 1193,,HELEN,GA,30545,A,A,,11/03/2017,11/03/2017,11/03/2017,IN PERSON,NO,NO,,NO,H,031,009,051,008,ENOT,00007,154013,00046,47,
WHITE,02826096,GARNETT,HERMAN,CALVIN,JR,65,KEMPTEN STRASSE, ,HELEN,GA,30545,,PO BOX 803,,HELEN,GA,30545-0080,A,A,,11/02/2017,11/02/2017,11/02/2017,IN PERSON,NO,NO,,NO,H,031,009,051,008,ENOT,00007,154013,00038,38,
WHITE,02762163,LANDRESS,LEE,HALBERT,,56,ALPENROSEN STRASSE,A,HELEN,GA,30545,,PO BOX 30,,HELEN,GA,30545-0003,A,A,,10/18/2017,10/18/2017,10/18/2017,IN PERSON,NO,NO,,NO,H,031,009,051,008,ENOT,00007,154013,00006,6,
WHITE,04692859,POTTS,GARY,JAMES,,33,HOLLYTREE PL, ,HELEN,GA,30545-2707,,PO BOX 708,,HELEN,GA,30545-0070,A,A,,10/16/2017,10/16/2017,11/06/2017,IN PERSON,NO,NO,,NO,H,031,009,051,008,ENOT,00007,154013,00004,4,
WHITE,02439553,JOYNER,DONALD,RALPH,,33,MUNICH STRASSE, ,HELEN,GA,30545,,PO BOX 114,,HELEN,GA,30545-0011,A,A,,10/27/2017,10/27/2017,10/27/2017,IN PERSON,NO,NO,,NO,H,031,009,051,008,ENOT,00007,154013,00022,22,
WHITE,01390873,FORTNER,WILLIAM,DOUGLAS,,8546,MAIN ST S,UNIT 1,HELEN,GA,30545,,PO BOX 175,,HELEN,GA,30545-0017,A,A,,10/25/2017,10/25/2017,10/25/2017,IN PERSON,NO,NO,,NO,H,031,009,051,008,ENOT,00007,154013,00020,20,
WHITE,08250655,KINKLE,PAULA,WEISHEIT,,581,WILFAR STRASSE, ,HELEN,GA,30545-2915,581,WILFAR STRASSE,,HELEN,GA,30545-2915,A,A,,10/20/2017,10/20/2017,10/20/2017,IN PERSON,NO,NO,,NO,H,031,009,051,008,ENOT,00007,154013,00014,14,
