County,Voter Registration #,Last Name,First Name,Middle Name,Suffix,Street #,Street Name,Apt/Unit,City,State,Zip Code,Mailing Street #,Mailing Street Name,Mailing Apt/Unit,Mailing City,Mailing State,Mailing Zip Code,Application Status,Ballot Status,Status Reason,Application Date,Ballot Issued Date,Ballot Return Date,Ballot Style,Ballot Assisted,Challenged/Provisional,Designation/Reason Issue,ID Required,Municipal Precinct,County Precinct,CNG,SEN,HOUSE	,JUD,Combo #,Vote Center ID,Ballot ID,Post #,Party
WILCOX,00191265,BROWN,AGNES,NEOMIA,,708,MAIN ST W, ,ABBEVILLE,GA,31001-4242,708,MAIN ST W,,ABBEVILLE,GA,31001-4242,A,A,,10/17/2017,10/17/2017,10/19/2017,MAILED,NO,NO,ELDERLY,NO,ABBEV,5A,008,007,148,CORD,00108,,00001,10,
WILCOX,00194828,BOOZMAN,JOAN,MILLING,,8146,SIBBIE RD, ,ABBEVILLE,GA,31001-8024,8146,SIBBIE RD,,ABBEVILLE,GA,31001-8024,A,A,,10/16/2017,10/16/2017,10/16/2017,IN PERSON,NO,NO,,NO,,5A,008,007,148,CORD,00106,156012,00008,9,
WILCOX,00615156,PARRISH,THOMAS,W,,153,TEAL DR, ,ABBEVILLE,GA,31001-9021,153,TEAL DR,,ABBEVILLE,GA,31001-9021,A,A,,11/02/2017,11/02/2017,11/02/2017,IN PERSON,NO,NO,,NO,,5A,008,007,148,CORD,00106,156012,00046,59,
WILCOX,00194038,DWIGHT,WILLIAM,,JR,206,EASY ST, ,ABBEVILLE,GA,31001-4130,206,EASY ST,,ABBEVILLE,GA,31001-4130,A,C,Voter Requested Cancel,11/03/2017,11/03/2017,11/07/2017,MAILED,NO,NO,,NO,ABBEV,2A,008,013,148,CORD,00107,,00002,67,
WILCOX,00193721,PHILLIPS,TOMMIE,B,,5459,SIBBIE RD, ,ABBEVILLE,GA,31001-7105,5459,SIBBIE RD,,ABBEVILLE,GA,31001-7105,A,A,,10/30/2017,10/30/2017,10/30/2017,IN PERSON,NO,NO,,NO,,5A,008,007,148,CORD,00120,156012,00037,48,
WILCOX,00193675,MILLING,BILLY,JOE,,5651,SIBBIE RD, ,ABBEVILLE,GA,31001-7110,5651,SIBBIE RD,,ABBEVILLE,GA,31001-7110,A,A,,10/24/2017,10/24/2017,10/24/2017,IN PERSON,NO,NO,,NO,,5A,008,007,148,CORD,00120,156012,00018,27,
WILCOX,00191450,MCCALL,MARY,ELIZABETH,,2777,CHRISTIAN HOME RD, ,ROCHELLE,GA,31079,2777,CHRISTIAN HOME RD,,ROCHELLE,GA,31079,A,A,,10/26/2017,10/26/2017,10/26/2017,IN PERSON,NO,NO,,NO,,3A,008,013,148,CORD,00113,156012,00026,35,
WILCOX,00192141,MCKINNEY,WILLIE,AGNES,,2450,WILLINGHAM RD, ,ABBEVILLE,GA,31001-4815,2450,WILLINGHAM RD,,ABBEVILLE,GA,31001-4815,A,A,,11/03/2017,11/03/2017,11/03/2017,IN PERSON,NO,NO,,NO,,5A,008,007,148,CORD,00106,156012,00049,62,
WILCOX,00193583,KEEN,JAKE,DANIEL,,705,SIMON KEEN RD, ,ABBEVILLE,GA,31001-3916,705,SIMON KEEN RD,,ABBEVILLE,GA,31001-3916,A,A,,11/03/2017,11/03/2017,11/03/2017,IN PERSON,NO,NO,,NO,,5A,008,007,148,CORD,00106,156012,00054,70,
WILCOX,02575439,LEWIS,MADISON,L,,141,MORNING GLORY RD, ,ROCHELLE,GA,31079-8645,141,MORNING GLORY RD,,ROCHELLE,GA,31079-8645,A,A,,10/20/2017,10/20/2017,10/20/2017,IN PERSON,NO,NO,,NO,,4A,008,007,148,CORD,00119,156012,00014,21,
WILCOX,04412625,HUNTER-HILL,JOE,W,,4014,WALKER RD, ,ABBEVILLE,GA,31001-8320,4014,WALKER RD,,ABBEVILLE,GA,31001-8320,A,A,,10/20/2017,10/20/2017,10/25/2017,MAILED,NO,NO,ELDERLY,NO,,5A,008,007,148,CORD,00106,,00001,18,
WILCOX,10192867,HILLIARD,MICAELA,HOPE,,374,BROWN CIR, ,ABBEVILLE,GA,31001,374,BROWN CIR,,ABBEVILLE,GA,31001,A,A,,10/16/2017,10/16/2017,10/16/2017,IN PERSON,NO,NO,,NO,,4A,008,013,148,CORD,00115,156012,00006,6,
WILCOX,00191561,BALL,WADE,BRYANT,,2552,SIBBIE RD, ,ABBEVILLE,GA,31001,2552,SIBBIE RD,,ABBEVILLE,GA,31001,A,A,,10/16/2017,10/16/2017,10/16/2017,IN PERSON,NO,NO,,NO,,5A,008,007,148,CORD,00120,156012,00007,8,
WILCOX,00192308,OWENS,NANCY,DIANNE,,430,3RD AVE, ,ROCHELLE,GA,31079-2332,,PO BOX 956,,ROCHELLE,GA,31079-0095,A,A,,10/20/2017,10/20/2017,10/20/2017,IN PERSON,NO,NO,,NO,ROCH,4A,008,007,148,CORD,00117,156012,00013,20,
WILCOX,00192684,HOLLOWAY,JANIE,HUMPHRIES,,278,LOIS RD, ,PITTS,GA,31072-6405,278,LOIS RD,,PITTS,GA,31072-6405,A,A,,10/30/2017,10/30/2017,10/30/2017,IN PERSON,NO,NO,,NO,,3A,008,013,148,CORD,00113,156012,00035,46,
WILCOX,00194851,GAINES,EMORY,NELSON,,809,5TH AVE, ,ROCHELLE,GA,31079-2654,,PO BOX 706,,ROCHELLE,GA,31079-0070,A,A,,10/26/2017,10/26/2017,10/26/2017,IN PERSON,NO,NO,DISABLED,NO,ROCH,4A,008,007,148,CORD,00117,156012,00024,33,
WILCOX,00190866,RUTHERFORD,DERRELL,,,1885,1ST AVE, ,ROCHELLE,GA,31079-2238,,PO BOX 466,,ROCHELLE,GA,31079-0046,A,A,,11/03/2017,11/03/2017,11/03/2017,IN PERSON,NO,NO,,NO,ROCH,1A,008,013,148,CORD,00103,156012,00050,63,
WILCOX,00192036,GIBBS,LILLIE,M,,3007,AMERICAN LEGION RD, ,ABBEVILLE,GA,31001-5143,3007,AMERICAN LEGION RD,,ABBEVILLE,GA,31001-5143,A,A,,10/30/2017,10/30/2017,11/03/2017,MAILED,NO,NO,,NO,,5A,008,007,148,CORD,00106,,00006,44,
WILCOX,00194146,MILLER,SAMUEL,LEE,,306,ISABELLA ST, ,ABBEVILLE,GA,31001-4108,306,ISABELLA ST,,ABBEVILLE,GA,31001-4108,A,A,,11/03/2017,11/03/2017,11/03/2017,IN PERSON,NO,NO,,NO,ABBEV,2A,008,013,148,CORD,00107,156012,00057,73,
WILCOX,07404125,WORLEY,PHILIP,HARLOD,,1276,RUBY RD, ,CORDELE,GA,31015,1276,RUBY RD,,CORDELE,GA,31015,A,A,,10/30/2017,10/30/2017,10/30/2017,IN PERSON,NO,NO,,NO,,3A,008,013,148,CORD,00113,156012,00034,45,
WILCOX,00194071,HALL,ALFONZA,,,328,CHERRY ST E, ,ABBEVILLE,GA,31001,328,CHERRY ST E,,ABBEVILLE,GA,31001,A,A,,10/16/2017,10/16/2017,10/16/2017,IN PERSON,NO,NO,,NO,ABBEV,2A,008,013,148,CORD,00107,156012,00004,4,
WILCOX,04152619,COLSON,KATINA,KATHERIN,,237,IRWINVILLE RD,UNIT 21,ABBEVILLE,GA,31001-4642,237,IRWINVILLE RD,UNIT 21,ABBEVILLE,GA,31001-4642,A,A,,10/24/2017,10/24/2017,10/24/2017,IN PERSON,NO,NO,,NO,ABBEV,5A,008,007,148,CORD,00121,156012,00020,29,
WILCOX,04903894,WHIPPLE,QUITERIS,RENITE,,201,AIRPORT RD, ,ABBEVILLE,GA,31001,201,AIRPORT RD,,ABBEVILLE,GA,31001,A,A,,10/24/2017,10/24/2017,10/24/2017,IN PERSON,NO,NO,,NO,ABBEV,5A,008,007,148,CORD,00108,156012,00016,25,
WILCOX,03322785,HILLIARD,JAMES,E,,167,ASHLEY ST, ,ROCHELLE,GA,31079-2944,,PO BOX 669,,ROCHELLE,GA,31079-0066,A,A,,10/20/2017,10/20/2017,10/25/2017,MAILED,NO,NO,ELDERLY,NO,ROCH,4A,008,007,148,CORD,00117,,00002,17,
WILCOX,00193389,CANNON,JENNIFER,LYNN,,8260,AMERICAN LEGION RD, ,ABBEVILLE,GA,31001-5931,8260,AMERICAN LEGION RD,,ABBEVILLE,GA,31001-5931,A,A,,10/27/2017,10/27/2017,10/27/2017,IN PERSON,NO,NO,,NO,,5A,008,007,148,CORD,00120,156012,00030,39,
WILCOX,00193747,ROBERTS,DON,QUINCY,,6562,US HIGHWAY 129, ,ABBEVILLE,GA,31001-7012,6562,US HIGHWAY 129,,ABBEVILLE,GA,31001-7012,A,A,,10/16/2017,10/16/2017,10/16/2017,IN PERSON,NO,NO,,NO,,5A,008,007,148,CORD,00106,156012,00001,1,
WILCOX,00191646,BROWN,GEORGE,C,,446,BROWN CIR, ,ABBEVILLE,GA,31001-2210,446,BROWN CIR,,ABBEVILLE,GA,31001-2210,A,A,,10/17/2017,10/17/2017,10/20/2017,MAILED,NO,NO,DISABLED,NO,,4A,008,013,148,CORD,00115,,00001,11,
WILCOX,06017164,MCBRYDE,DANIEL,ALEX,,4701,US HIGHWAY 129, ,ABBEVILLE,GA,31001-7007,4701,US HIGHWAY 129,,ABBEVILLE,GA,31001-7007,A,A,,10/27/2017,10/27/2017,10/27/2017,IN PERSON,NO,NO,,NO,,5A,008,007,148,CORD,00106,156012,00033,42,
WILCOX,04412609,HUNTER-HILL,JUDY,CHARLE,,4014,WALKER RD, ,ABBEVILLE,GA,31001-8320,4014,WALKER RD,,ABBEVILLE,GA,31001-8320,A,A,,10/20/2017,10/20/2017,10/30/2017,MAILED,NO,NO,ELDERLY,NO,,5A,008,007,148,CORD,00106,,00002,19,
WILCOX,00191981,ELLICOTT,JULIE,SUE,,681,ANTIOCH RD, ,ABBEVILLE,GA,31001-5463,681,ANTIOCH RD,,ABBEVILLE,GA,31001-5463,A,A,,10/27/2017,10/27/2017,10/27/2017,IN PERSON,NO,NO,,NO,,5A,008,007,148,CORD,00106,156012,00032,41,
WILCOX,00191661,DANTLEY,BERNICE,B,,761,SANDY RD, ,ABBEVILLE,GA,31001-2232,761,SANDY RD,,ABBEVILLE,GA,31001-2232,A,A,,10/17/2017,10/17/2017,10/17/2017,IN PERSON,NO,NO,,NO,,4A,008,013,148,CORD,00115,156012,00010,13,
WILCOX,10372380,LOPEZ,PRINCE JOSEPH,ROLAND ALBERT,,746,GORDON ST, ,ROCHELLE,GA,31079,,PO BOX 0036,,ROCHELLE,GA,31079,A,A,,10/24/2017,10/24/2017,10/24/2017,IN PERSON,NO,NO,,NO,ROCH,4A,008,007,148,CORD,00117,156012,00021,30,
WILCOX,00193814,STANLEY,THOMAS,R,,122,COLLEGE ST E, ,ABBEVILLE,GA,31001-4235,122,COLLEGE ST E,,ABBEVILLE,GA,31001-4235,A,A,,11/01/2017,11/01/2017,11/01/2017,IN PERSON,NO,NO,,NO,ABBEV,5A,008,007,148,CORD,00108,156012,00042,55,
WILCOX,00194408,COBB,ANNETTE,BATTEN,,237,IRWINVILLE RD,3,ABBEVILLE,GA,31001,237,IRWINVILLE RD,3,ABBEVILLE,GA,31001,A,A,,11/03/2017,11/03/2017,11/03/2017,IN PERSON,NO,NO,,NO,ABBEV,5A,008,007,148,CORD,00121,156012,00055,71,
WILCOX,00193590,KEEN,EDDIE,LEWIS,,648,WILD CHERRY RD, ,ABBEVILLE,GA,31001-3702,648,WILD CHERRY RD,,ABBEVILLE,GA,31001-3702,A,A,,11/03/2017,11/03/2017,11/03/2017,IN PERSON,NO,NO,,NO,,5A,008,007,148,CORD,00106,156012,00058,74,
WILCOX,06194684,BAHNSEN,PATRICIA,FITZGERALD,,440,JB MCWHORTER RD, ,ROCHELLE,GA,31079,440,JB MCWHORTER ,,ROCHELLE,GA,31079,A,A,,10/16/2017,10/16/2017,10/20/2017,MAILED,NO,NO,ELDERLY,NO,,4A,008,007,148,CORD,00119,,00001,7,
WILCOX,10246515,BROCKWAY,JOSEPH,MERRILL,,6583,SIBBIE RD, ,ABBEVILLE,GA,31001,6583,SIBBIE RD,,ABBEVILLE,GA,31001,A,A,,11/03/2017,11/03/2017,11/03/2017,IN PERSON,NO,NO,,NO,,5A,008,007,148,CORD,00106,156012,00051,64,
WILCOX,00192938,COLLIER,HENRY,BERRY,,471,GORDON ST, ,ROCHELLE,GA,31079-2818,471,GORDON ST,,ROCHELLE,GA,31079-2818,A,A,,10/25/2017,10/25/2017,10/25/2017,IN PERSON,NO,NO,,NO,ROCH,4A,008,007,148,CORD,00117,156012,00023,32,
WILCOX,01323061,MCWHORTER,GILLIAN,RAPER,,2914,GA HIGHWAY 233, ,ROCHELLE,GA,31079-9133,2914,GA HIGHWAY 233,,ROCHELLE,GA,31079-9133,A,A,,10/30/2017,10/30/2017,10/30/2017,IN PERSON,NO,NO,,NO,,4A,008,007,148,CORD,00119,156012,00036,47,
WILCOX,00192106,HARVEY,JANET,ELIZABETH,,11750,US HIGHWAY 280, ,ABBEVILLE,GA,31001-4835,11750,US HIGHWAY 280,,ABBEVILLE,GA,31001-4835,A,A,,10/26/2017,10/26/2017,10/26/2017,IN PERSON,NO,NO,,NO,,4A,008,007,148,CORD,00119,156012,00027,36,
WILCOX,06476586,BROWN,HAZEL,A,,446,BROWN CIR, ,ABBEVILLE,GA,31001-2210,446,BROWN CIR,,ABBEVILLE,GA,31001-2210,A,A,,10/17/2017,10/17/2017,10/17/2017,IN PERSON,NO,NO,,NO,,4A,008,013,148,CORD,00115,156012,00009,12,
WILCOX,00194010,DAVIS,BRENDA,B,,304,CHERRY ST E, ,ABBEVILLE,GA,31001-4148,304,CHERRY ST E,,ABBEVILLE,GA,31001-4148,A,A,,11/02/2017,11/02/2017,11/02/2017,IN PERSON,NO,NO,,NO,ABBEV,2A,008,013,148,CORD,00107,156012,00048,61,
WILCOX,03687285,RENFROE,JAMES,WILSON,,389,STATHAM SHOALS RD, ,ABBEVILLE,GA,31001-6026,389,STATHAM SHOALS RD,,ABBEVILLE,GA,31001-6026,A,A,,10/26/2017,10/26/2017,10/26/2017,IN PERSON,NO,NO,,NO,,5A,008,007,148,CORD,00106,156012,00029,38,
WILCOX,04649201,CLARK,SHIRLEY,CRENSHAW,,425,JESSIE CLARK RD, ,ABBEVILLE,GA,31001-6320,425,JESSIE CLARK RD,,ABBEVILLE,GA,31001-6320,A,A,,10/23/2017,10/23/2017,10/30/2017,MAILED,NO,NO,,NO,,5A,008,007,148,CORD,00106,,00004,24,
WILCOX,07559253,LANCASTER,PEGGY,L,,6583,SIBBIE RD, ,ABBEVILLE,GA,31001,6583,SIBBIE RD,,ABBEVILLE,GA,31001,A,A,,11/03/2017,11/03/2017,11/03/2017,IN PERSON,NO,NO,,NO,,5A,008,007,148,CORD,00106,156012,00052,65,
WILCOX,00193523,GILMAN,JUDY,C,,10235,OWENSBORO RD, ,ABBEVILLE,GA,31001-4535,10235,OWENSBORO RD,,ABBEVILLE,GA,31001-4535,A,A,,10/31/2017,10/31/2017,10/31/2017,IN PERSON,NO,NO,,NO,,5A,008,007,148,CORD,00106,156012,00039,50,
WILCOX,00193674,MILLING,ALMETTA,B,,5651,SIBBIE RD, ,ABBEVILLE,GA,31001-7110,5651,SIBBIE RD,,ABBEVILLE,GA,31001-7110,A,A,,10/24/2017,10/24/2017,10/24/2017,IN PERSON,NO,NO,,NO,,5A,008,007,148,CORD,00120,156012,00017,26,
WILCOX,00615151,PARRISH,BRENDA,POPE,,153,TEAL DR, ,ABBEVILLE,GA,31001-9021,153,TEAL DR,,ABBEVILLE,GA,31001-9021,A,A,,11/02/2017,11/02/2017,11/02/2017,IN PERSON,NO,NO,,NO,,5A,008,007,148,CORD,00106,156012,00047,60,
WILCOX,01320884,HELMS,BARBARA,L,,1451,CANNONVILLE RD, ,ABBEVILLE,GA,31001-2719,1451,CANNONVILLE RD,,ABBEVILLE,GA,31001-2719,A,A,,10/26/2017,10/26/2017,10/26/2017,IN PERSON,NO,NO,,NO,,2A,008,013,148,CORD,00123,156012,00028,37,
WILCOX,00193253,TERRY,RICHARD,SUTTON,,494,GA HIGHWAY 112, ,ROCHELLE,GA,31079-9604,494,GA HIGHWAY 112,,ROCHELLE,GA,31079-9604,A,A,,10/31/2017,10/31/2017,11/07/2017,MAILED,NO,NO,,NO,,3A,008,013,148,CORD,00113,,00001,51,
WILCOX,01887173,BAILEY,BARBARA,LAWSON,,220,IRWINVILLE RD, ,ABBEVILLE,GA,31001-4614,220,IRWINVILLE RD,,ABBEVILLE,GA,31001-4614,A,A,,10/16/2017,10/16/2017,10/16/2017,IN PERSON,NO,NO,,NO,ABBEV,5A,008,007,148,CORD,00121,156012,00003,3,
WILCOX,00194253,WALLACE,LINDA,ANNE,,330,CHERRY ST E, ,ABBEVILLE,GA,31001-4148,330,CHERRY ST E,,ABBEVILLE,GA,31001-4148,A,A,,10/16/2017,10/16/2017,10/16/2017,IN PERSON,NO,NO,,NO,ABBEV,2A,008,013,148,CORD,00107,156012,00002,2,
WILCOX,00191980,ELLICOTT,ALLEN,R,,681,ANTIOCH RD, ,ABBEVILLE,GA,31001-5463,681,ANTIOCH RD,,ABBEVILLE,GA,31001-5463,A,A,,10/27/2017,10/27/2017,10/27/2017,IN PERSON,NO,NO,,NO,,5A,008,007,148,CORD,00106,156012,00031,40,
WILCOX,00193579,KEEN,ANDREW,PERRY,,212,SIMON KEEN RD, ,ABBEVILLE,GA,31001-3908,212,SIMON KEEN RD,,ABBEVILLE,GA,31001-3908,A,A,,11/03/2017,11/03/2017,11/03/2017,IN PERSON,NO,NO,,NO,,5A,008,007,148,CORD,00106,156012,00053,69,
WILCOX,00192045,GIBBS,RALIEGH,O,,3007,AMERICAN LEGION RD, ,ABBEVILLE,GA,31001-5143,3007,AMERICAN LEGION RD,,ABBEVILLE,GA,31001-5143,A,A,,10/30/2017,10/30/2017,11/03/2017,MAILED,NO,NO,,NO,,5A,008,007,148,CORD,00106,,00005,43,
WILCOX,04236155,VINSON,DEE,PILKINTON,,448,BLOSSOM RD, ,ROCHELLE,GA,31079-3245,,PO BOX 117,,PINEVIEW,GA,31071-0011,A,A,,11/02/2017,11/02/2017,11/02/2017,IN PERSON,NO,NO,,NO,,2B,008,013,148,CORD,00101,156012,00044,57,
WILCOX,00194033,DWIGHT,PEARLINE,BUTTS,,206,EASY ST, ,ABBEVILLE,GA,31001-4130,206,EASY ST,,ABBEVILLE,GA,31001-4130,A,C,Voter Requested Cancel,11/03/2017,11/03/2017,11/07/2017,MAILED,NO,NO,,NO,ABBEV,2A,008,013,148,CORD,00107,,00001,66,
WILCOX,00191662,DANTLEY,CLARENCE,EARL,,761,SANDY RD, ,ABBEVILLE,GA,31001-2232,761,SANDY RD,,ABBEVILLE,GA,31001-2232,A,A,,10/17/2017,10/17/2017,10/17/2017,IN PERSON,NO,NO,,NO,,4A,008,013,148,CORD,00115,156012,00011,14,
WILCOX,00617278,BALL,PAULA,JONES,,2552,SIBBIE RD, ,ABBEVILLE,GA,31001-5946,2552,SIBBIE RD,,ABBEVILLE,GA,31001-5946,A,A,,10/24/2017,10/24/2017,10/24/2017,IN PERSON,NO,NO,,NO,,5A,008,007,148,CORD,00120,156012,00019,28,
WILCOX,01047184,HUDSON,PATRICIA,GAYLE,,1161,PECAN RD, ,ROCHELLE,GA,31079-9242,1161,PECAN RD,,ROCHELLE,GA,31079-9242,A,A,,10/19/2017,10/19/2017,10/19/2017,IN PERSON,NO,NO,,NO,,4A,008,007,148,CORD,00119,156012,00012,15,
WILCOX,00193252,TERRY,DENICE,O,,494,GA HIGHWAY 112, ,ROCHELLE,GA,31079-9604,494,GA HIGHWAY 112,,ROCHELLE,GA,31079-9604,A,A,,10/31/2017,10/31/2017,11/07/2017,MAILED,NO,NO,,NO,,3A,008,013,148,CORD,00113,,00002,52,
WILCOX,02969537,NAYLOR,RUBY,LEE,,979,MILLING WILCOX RD, ,ABBEVILLE,GA,31001,979,MILLING WILCOX RD,,ABBEVILLE,GA,31001,A,A,,11/01/2017,11/01/2017,11/01/2017,IN PERSON,NO,NO,,NO,,5A,008,007,148,CORD,00120,156012,00041,54,
WILCOX,00192115,HILLIARD,MARY,T,,167,ASHLEY ST, ,ROCHELLE,GA,31079-2944,,PO BOX 669,,ROCHELLE,GA,31079-0066,A,A,,10/20/2017,10/20/2017,10/25/2017,MAILED,NO,NO,ELDERLY,NO,ROCH,4A,008,007,148,CORD,00117,,00001,16,
WILCOX,00194143,MILLER,BETTY,RUTH,,306,ISABELLA ST, ,ABBEVILLE,GA,31001-4108,306,ISABELLA ST,,ABBEVILLE,GA,31001-4108,A,A,,11/03/2017,11/03/2017,11/03/2017,IN PERSON,NO,NO,,NO,ABBEV,2A,008,013,148,CORD,00107,156012,00056,72,
WILCOX,04647253,CLARK,VIRGIL,HUGH,,425,JESSIE CLARK RD, ,ABBEVILLE,GA,31001-6320,425,JESSIE CLARK RD,,ABBEVILLE,GA,31001-6320,A,A,,10/23/2017,10/23/2017,10/30/2017,MAILED,NO,NO,,NO,,5A,008,007,148,CORD,00106,,00003,23,
WILCOX,00193562,HOLLINGSWORTH,JEWELL,,,701,CLARK RD, ,ABBEVILLE,GA,31001-6224,701,CLARK RD,,ABBEVILLE,GA,31001-6224,A,A,,10/26/2017,10/26/2017,10/26/2017,IN PERSON,NO,NO,,NO,,5A,008,007,148,CORD,00106,156012,00025,34,
WILCOX,00193580,KEEN,CHARLOTTE,G,,648,WILD CHERRY RD, ,ABBEVILLE,GA,31001-3702,648,WILD CHERRY RD,,ABBEVILLE,GA,31001-3702,A,A,,11/03/2017,11/03/2017,11/03/2017,IN PERSON,NO,NO,,NO,,5A,008,007,148,CORD,00106,156012,00059,75,
WILCOX,00192315,PARKS,CARLA,CAINE,,24,HERBERT DR, ,ROCHELLE,GA,31079-2207,24,HERBERT DR,,ROCHELLE,GA,31079-2207,A,A,,10/31/2017,10/31/2017,10/31/2017,IN PERSON,NO,NO,,NO,ROCH,4A,008,007,148,CORD,00117,156012,00040,53,
WILCOX,01203678,TALLEY,JESSE,DERREL,,823,MITCHELL RD, ,ROCHELLE,GA,31079-4434,823,MITCHELL RD,,ROCHELLE,GA,31079-4434,A,A,,11/02/2017,11/02/2017,11/02/2017,IN PERSON,NO,NO,,NO,,4A,008,013,148,CORD,00101,156012,00043,56,
WILCOX,00194598,PILKINTON,FAYE,,,448,BLOSSOM RD, ,ROCHELLE,GA,31079-3245,,PO BOX 117,,PINEVIEW,GA,31071-0011,A,A,,11/02/2017,11/02/2017,11/02/2017,IN PERSON,NO,NO,,NO,,2B,008,013,148,CORD,00101,156012,00045,58,
WILCOX,00194073,HALL,NORRIS,,,328,CHERRY ST E, ,ABBEVILLE,GA,31001-4148,328,CHERRY ST E,,ABBEVILLE,GA,31001-4148,A,A,,10/16/2017,10/16/2017,10/16/2017,IN PERSON,NO,NO,,NO,ABBEV,2A,008,013,148,CORD,00107,156012,00005,5,
WILCOX,00191884,CAINE,SIDNEY,P,,16,HERBERT DR, ,ROCHELLE,GA,31079-2207,16,HERBERT DR,,ROCHELLE,GA,31079-2207,A,C,Ballot was Undelivered,11/03/2017,11/03/2017,11/08/2017,MAILED,NO,NO,,NO,ROCH,4A,008,007,148,CORD,00117,,00003,68,
WILCOX,00193610,KEENE,MARTINA,ANN,,969,MUTT RD, ,ABBEVILLE,GA,31001-3303,969,MUTT RD,,ABBEVILLE,GA,31001-3303,A,A,,10/20/2017,10/20/2017,10/20/2017,IN PERSON,NO,NO,,NO,,5A,008,007,148,CORD,00106,156012,00015,22,
WILCOX,00193715,PHILLIPS,EMANUEL,CURTIS,,5459,SIBBIE RD, ,ABBEVILLE,GA,31001-7105,5459,SIBBIE RD,,ABBEVILLE,GA,31001-7105,A,A,,10/30/2017,10/30/2017,10/30/2017,IN PERSON,NO,NO,,NO,,5A,008,007,148,CORD,00120,156012,00038,49,
WILCOX,10258646,WALLACE,QUANESHA,LANORRIS,,318,CHERRY ST E, ,ABBEVILLE,GA,31001,318,CHERRY ST E,,ABBEVILLE,GA,31001,A,A,,10/24/2017,10/24/2017,10/24/2017,IN PERSON,NO,NO,,NO,ABBEV,2A,008,013,148,CORD,00107,156012,00022,31,
