County,Voter Registration #,Last Name,First Name,Middle Name,Suffix,Street #,Street Name,Apt/Unit,City,State,Zip Code,Mailing Street #,Mailing Street Name,Mailing Apt/Unit,Mailing City,Mailing State,Mailing Zip Code,Application Status,Ballot Status,Status Reason,Application Date,Ballot Issued Date,Ballot Return Date,Ballot Style,Ballot Assisted,Challenged/Provisional,Designation/Reason Issue,ID Required,Municipal Precinct,County Precinct,CNG,SEN,HOUSE	,JUD,Combo #,Vote Center ID,Ballot ID,Post #,Party
WILKINSON,00749151,KNIGHT,DENNIS,LEONARD,,145,COLLEGE ST, ,GORDON,GA,31031,145,COLLEGE ST,,GORDON,GA,31031,A,A,,10/19/2017,10/19/2017,10/19/2017,IN PERSON,NO,NO,,NO,GO,10,008,026,144,OCMU,00119,158018,00047,94,
WILKINSON,08869404,VEAL,EMERSON,,JR,118,GREEN ST,I1,GORDON,GA,31031,118,GREEN ST,I1,GORDON,GA,31031,A,A,,10/24/2017,10/25/2017,10/31/2017,MAILED,NO,NO,DISABLED,NO,GO,10,008,026,144,OCMU,00119,,00044,147,
WILKINSON,00746429,SMITH,WILLIE,M,,122,CHURCH ST, ,IRWINTON,GA,31042,122,CHURCH ST,,IRWINTON,GA,31042,A,A,,10/10/2017,10/16/2017,10/23/2017,MAILED,NO,NO,DISABLED,NO,IR,05,008,026,144,OCMU,00112,,00002,35,
WILKINSON,00749218,HARDEMAN,JOHN,W,III,154,PINE BLUFF DR, ,IVEY,GA,31031-3733,154,PINE BLUFF DR,,IVEY,GA,31031-3733,A,A,,10/03/2016,10/16/2017,10/25/2017,MAILED,NO,NO,DISABLED,NO,IV,06,008,026,144,OCMU,00113,,00003,32,
WILKINSON,00748744,BRUMBELOW,ROSLYN,M,,122,MORNINGSIDE DR, ,IVEY,GA,31031-3525,122,MORNINGSIDE DR,,IVEY,GA,31031-3525,A,A,,10/13/2017,10/16/2017,10/20/2017,MAILED,NO,NO,DISABLED,NO,IV,06,008,026,144,OCMU,00113,,00004,33,
WILKINSON,07680507,BRYANT,RONALD,,,172,HOOKS ST, ,GORDON,GA,31031-3922,172,HOOKS ST,,GORDON,GA,31031-3922,A,A,,10/31/2017,10/31/2017,10/31/2017,IN PERSON,NO,NO,,NO,GO,10,008,026,144,OCMU,00118,158018,00140,217,
WILKINSON,00749562,DRISKELL,RITA,MACHELLE,,117,POWELL ST, ,GORDON,GA,31031-3423,,PO BOX 735,,GORDON,GA,31031-0073,A,A,,10/18/2017,10/18/2017,10/18/2017,IN PERSON,NO,NO,,NO,GO,10,008,026,144,OCMU,00119,158018,00023,67,
WILKINSON,00747453,RAWLS,HOMER,C,,139,ELAM ST, ,GORDON,GA,31031-2504,139,ELAM ST,,GORDON,GA,31031-2504,A,A,,10/24/2017,10/24/2017,10/24/2017,IN PERSON,NO,NO,,NO,GO,10,008,026,144,OCMU,00118,158018,00073,130,
WILKINSON,00747014,BROWN,EMILY,CURTIS,,111,GREEN ST, ,GORDON,GA,31031-4129,,PO BOX 303,,GORDON,GA,31031-0030,A,A,,10/24/2017,10/25/2017,11/07/2017,MAILED,NO,NO,,NO,GO,10,008,026,144,OCMU,00119,,00036,139,
WILKINSON,00749128,PARKER,ELAINE,SMITH,,113,PARKER ST, ,IRWINTON,GA,31042-2605,113,PARKER ST,,IRWINTON,GA,31042-2605,A,A,,11/03/2017,11/03/2017,11/03/2017,IN PERSON,NO,NO,,NO,IR,05,008,026,144,OCMU,00111,158018,00190,274,
WILKINSON,10111301,WILSON,ELFONSO,,,111,EPPS ST, ,GORDON,GA,31031,111,EPPS ST,,GORDON,GA,31031,A,A,,10/24/2017,10/25/2017,11/03/2017,MAILED,NO,NO,,NO,GO,10,008,026,144,OCMU,00118,,00048,152,
WILKINSON,00749976,SAPPE,DONNA,G,,162,MILLEDGEVILLE HWY, ,GORDON,GA,31031-3302,162,MILLEDGEVILLE HWY,,GORDON,GA,31031-3302,A,A,,10/20/2017,10/20/2017,10/26/2017,MAILED,NO,NO,DISABLED,NO,GO,10,008,026,144,OCMU,00118,,00032,103,
WILKINSON,00397328,GRIFFIN,TERRIE,A,,155,WESTBROOK RD, ,GORDON,GA,31031,155,WESTBROOK RD,,GORDON,GA,31031,A,A,,10/16/2017,10/16/2017,10/16/2017,IN PERSON,NO,NO,,NO,GO,10,008,026,144,OCMU,00119,158018,00007,15,
WILKINSON,01094227,GURR,PATRICIA,DIANNE,,106,HILLCREST ST, ,GORDON,GA,31031-3400,,PO BOX 63,,GORDON,GA,31031-0006,A,A,,10/30/2017,10/30/2017,10/30/2017,IN PERSON,NO,NO,,NO,GO,10,008,026,144,OCMU,00119,158018,00125,201,
WILKINSON,07567377,JENKINS,MATTIE,LUE,,105,GRIMES LN, ,GORDON,GA,31031-3315,105,GRIMES LN,,GORDON,GA,31031-3315,A,A,,10/17/2017,10/18/2017,10/25/2017,MAILED,NO,NO,,NO,GO,10,008,026,144,OCMU,00119,,00024,60,
WILKINSON,08704953,CARTER,RITA,ELAINE,,121,HOLLY ST, ,GORDON,GA,31031,,PO BOX 291,,GORDON,GA,31031-0029,A,A,,10/18/2017,10/18/2017,10/18/2017,IN PERSON,NO,NO,,NO,GO,10,008,026,144,OCMU,00119,158018,00029,73,
WILKINSON,00749661,SMITH,ALBERT,GENE,,44,TIN TOP RD, ,GORDON,GA,31031,44,TIN TOP RD,,GORDON,GA,31031,A,A,,10/24/2017,10/24/2017,10/24/2017,IN PERSON,NO,NO,,NO,GO,10,008,026,144,OCMU,00119,158018,00076,133,
WILKINSON,11326034,FORDHAM,DEANDRE,RASHON,,174,IRWINTON RD, ,TOOMSBORO,GA,31090,,PO BOX 31,,TOOMSBORO,GA,31090,A,A,,10/16/2017,10/16/2017,10/16/2017,IN PERSON,NO,NO,,NO,TO,07,008,026,144,OCMU,00116,158018,00001,1,
WILKINSON,00747651,WESTBROOK,CLAUD,ERIC,JR,120,WAVERLY DR, ,GORDON,GA,31031,,PO BOX 11,,GORDON,GA,31031-0001,A,A,,10/25/2017,10/25/2017,10/25/2017,IN PERSON,NO,NO,,NO,GO,10,008,026,144,OCMU,00118,158018,00082,155,
WILKINSON,00747151,EADY,TERRY,A,,142,KENNINGTON RD, ,GORDON,GA,31031-3816,,PO BOX 646,,GORDON,GA,31031-0064,A,A,,10/23/2017,10/23/2017,10/23/2017,IN PERSON,NO,NO,,NO,GO,10,008,026,144,OCMU,00118,158018,00059,111,
WILKINSON,04770466,FARRAR,CHASTITY,HARRIS,,151,WESTBROOK RD,A,GORDON,GA,31031-4125,,PO BOX 32,,GORDON,GA,31031-0003,A,A,,10/30/2017,10/30/2017,10/30/2017,IN PERSON,NO,NO,,NO,GO,10,008,026,144,OCMU,00119,158018,00121,197,
WILKINSON,00746146,HOWELL,NAOMI,HOOKS,,201,BACON ST, ,IRWINTON,GA,31042-2527,,PO BOX 291,,IRWINTON,GA,31042-0029,A,A,,10/23/2017,10/23/2017,10/30/2017,MAILED,NO,NO,DISABLED,NO,IR,05,008,026,144,OCMU,00112,,00017,119,
WILKINSON,00750204,HARRIS,FRED,C,,106,JACKSON RD, ,IVEY,GA,31031-3549,106,JACKSON RD,,IVEY,GA,31031-3549,A,A,,10/03/2017,10/16/2017,10/25/2017,MAILED,NO,NO,ELDERLY,NO,IV,06,008,026,144,OCMU,00113,,00002,31,
WILKINSON,00750782,SCOTT,DONNA,L,,106,LAKESHORE DR S, ,IVEY,GA,31031,106,LAKESHORE DR S,,IVEY,GA,31031,A,A,,11/03/2017,11/03/2017,11/03/2017,IN PERSON,NO,NO,,NO,IV,06,008,026,144,OCMU,00113,158018,00205,290,
WILKINSON,00747007,BROOKS,BEA,ELIZABETH,,120,GA HIGHWAY 243, ,IVEY,GA,31031-3502,120,GA HIGHWAY 243,,IVEY,GA,31031-3502,A,A,,11/02/2017,11/02/2017,11/02/2017,IN PERSON,NO,NO,,NO,IV,06,008,026,144,OCMU,00113,158018,00171,253,
WILKINSON,00746879,HURST,DIANNE,LAVENDER,,112,SITTON AVE, ,GORDON,GA,31031,,PO BOX 832,,GORDON,GA,31031,A,A,,11/03/2017,11/03/2017,11/03/2017,IN PERSON,NO,NO,,NO,GO,10,008,026,144,OCMU,00118,158018,00185,269,
WILKINSON,00747578,TAYLOR,PATRICIA,W,,115,WAVERLY DR, ,GORDON,GA,31031-3913,115,WAVERLY DR,,GORDON,GA,31031-3913,A,A,,10/31/2017,10/31/2017,10/31/2017,IN PERSON,NO,NO,,NO,GO,10,008,026,144,OCMU,00118,158018,00137,214,
WILKINSON,00749584,SILSBY,ARTHUR,J,II,162,MAIN ST, ,GORDON,GA,31031-3830,162,MAIN ST,,GORDON,GA,31031-3830,A,A,,10/31/2017,10/31/2017,10/31/2017,IN PERSON,NO,NO,,NO,GO,10,008,026,144,OCMU,00119,158018,00129,205,
WILKINSON,00747226,HARDEN,CARRIE,L,,107,HOLLY ST, ,GORDON,GA,31031-3421,,PO BOX 281,,GORDON,GA,31031-0028,A,A,,10/17/2017,10/17/2017,10/17/2017,IN PERSON,NO,NO,,NO,GO,10,008,026,144,OCMU,00119,158018,00015,53,
WILKINSON,00747215,GRINSTEAD,WILLIAM,JOEL,,103,DUNCAN ST, ,GORDON,GA,31031,103,DUNCAN ST,,GORDON,GA,31031,A,A,,10/24/2017,10/24/2017,10/24/2017,IN PERSON,NO,NO,,NO,GO,10,008,026,144,OCMU,00118,158018,00075,132,
WILKINSON,00747678,WIGGINS,MAERINA,EVANS,,114,HOOKS ST, ,GORDON,GA,31031,,PO BOX 396,,GORDON,GA,31031-0039,A,A,,10/03/2017,10/16/2017,10/24/2017,MAILED,NO,NO,ELDERLY,NO,GO,10,008,026,144,OCMU,00118,,00004,10,
WILKINSON,10107731,VEAL,WILLIE,LEE,SR,118,GREEN ST, ,GORDON,GA,31031,118,GREEN ST,,GORDON,GA,31031,A,A,,10/24/2017,10/25/2017,10/31/2017,MAILED,NO,NO,DISABLED,NO,GO,10,008,026,144,OCMU,00119,,00045,149,
WILKINSON,00745875,BOONE,JOSEPH,ALEXANDER,,118,HIGH HILL ST, ,IRWINTON,GA,31042-2610,,PO BOX 525,,IRWINTON,GA,31042-0052,A,A,,10/20/2017,10/20/2017,10/20/2017,IN PERSON,NO,NO,,NO,IR,05,008,026,144,OCMU,00111,158018,00052,100,
WILKINSON,00746979,MILLS,CHRISTY,BROOKS,,136,LAKEVIEW DR N, ,IVEY,GA,31031-3533,136,LAKEVIEW DR N,,IVEY,GA,31031-3533,A,A,,11/03/2017,11/03/2017,11/03/2017,IN PERSON,NO,NO,,NO,IV,06,008,026,144,OCMU,00113,158018,00200,284,
WILKINSON,00748875,WIGGINS,RONELL,S,,105,REYNOLDS CIR, ,TOOMSBORO,GA,31090,,PO BOX 174,,TOOMSBORO,GA,31090-0017,A,A,,11/03/2017,11/03/2017,11/03/2017,IN PERSON,NO,NO,,NO,TO,07,008,026,144,OCMU,00116,158018,00199,283,
WILKINSON,00749977,SAPPE,ALLEN,NEAL,,162,MILLEDGEVILLE HWY, ,GORDON,GA,31031,162,MILLEDGEVILLE HWY,,GORDON,GA,31031,A,A,,10/20/2017,10/20/2017,10/26/2017,MAILED,NO,NO,DISABLED,NO,GO,10,008,026,144,OCMU,00118,,00033,104,
WILKINSON,00749832,MCDANIEL,CHERYL,LYNN,,124,ASBELL ST, ,IRWINTON,GA,31042-2547,,PO BOX 253,,MC INTYRE,GA,31054-0025,A,A,,10/17/2017,10/17/2017,10/17/2017,IN PERSON,NO,NO,,NO,IR,05,008,026,144,OCMU,00111,158018,00016,54,
WILKINSON,00748402,MILLS,HAROLD,PHILLIP,,136,LAKEVIEW DR N, ,IVEY,GA,31031-3533,136,LAKEVIEW DR N,,IVEY,GA,31031-3533,A,A,,10/30/2017,10/30/2017,10/30/2017,IN PERSON,NO,NO,,NO,IV,06,008,026,144,OCMU,00113,158018,00128,204,
WILKINSON,00750612,BECK,STEVEN,GLENN,,112,COLLEGE ST, ,GORDON,GA,31031-3401,,PO BOX 561,,GORDON,GA,31031-0056,A,A,,10/24/2017,10/24/2017,10/24/2017,IN PERSON,NO,NO,,NO,GO,10,008,026,144,OCMU,00118,158018,00079,137,
WILKINSON,00747203,GREEN,EVELYN,,,119,JACKSON ST, ,GORDON,GA,31031,119,JACKSON ST,,GORDON,GA,31031,A,A,,10/11/2017,10/19/2017,10/25/2017,MAILED,NO,NO,,NO,GO,10,008,026,144,OCMU,00118,,00029,97,
WILKINSON,00747576,TAYLOR,LAURIE,KIM,,115,WAVERLY DR, ,GORDON,GA,31031-8942,115,WAVERLY DR,,GORDON,GA,31031-8942,A,A,,10/31/2017,10/31/2017,10/31/2017,IN PERSON,NO,NO,,NO,GO,10,008,026,144,OCMU,00118,158018,00136,213,
WILKINSON,00751024,SMITH,RHODA,,,145,PAPERMILL RD, ,GORDON,GA,31031,,PO BOX 462,,GORDON,GA,31031-0046,A,A,,10/17/2017,10/17/2017,10/17/2017,IN PERSON,NO,NO,,NO,GO,10,008,026,144,OCMU,00119,158018,00014,52,
WILKINSON,00746144,HOWELL,MARY,A,,197,BACON ST, ,IRWINTON,GA,31042-2525,,PO BOX 633,,IRWINTON,GA,31042-0063,A,A,,10/27/2017,10/27/2017,10/27/2017,IN PERSON,NO,NO,,NO,IR,05,008,026,144,OCMU,00112,158018,00108,183,
WILKINSON,00747213,GRIMES,SALLIE,KATE,,213,COLLEGE ST, ,GORDON,GA,31031,,PO BOX 687,,GORDON,GA,31031-0068,A,A,,11/01/2017,11/01/2017,11/06/2017,MAILED,NO,NO,ELDERLY,NO,GO,10,008,026,144,OCMU,00119,,00054,241,
WILKINSON,00747025,BROWN,MARILYN,HARDEN,,189,COLLEGE ST, ,GORDON,GA,31031-3429,189,COLLEGE ST,,GORDON,GA,31031-3429,A,A,,10/17/2017,10/18/2017,10/30/2017,MAILED,NO,NO,,NO,GO,10,008,026,144,OCMU,00119,,00021,57,
WILKINSON,05811506,GURR,ASHLEY,NICOLE,,106,HILLCREST ST, ,GORDON,GA,31031-3400,,PO BOX 63,,GORDON,GA,31031-0006,A,A,,10/30/2017,10/30/2017,10/30/2017,IN PERSON,NO,NO,,NO,GO,10,008,026,144,OCMU,00119,158018,00126,202,
WILKINSON,07757226,STOWE,CURTIS,DARYL,,108,WRILEY RD, ,IRWINTON,GA,31042,108,WRILEY RD,LOT # A,IRWINTON,GA,31042,A,A,,10/04/2017,10/16/2017,10/20/2017,MAILED,NO,NO,,NO,IR,05,008,026,144,OCMU,00111,,00001,34,
WILKINSON,00747392,BROOKS,PATSY,M,,109,CHOCTAW DR, ,IVEY,GA,31031-3543,109,CHOCTAW DR,,IVEY,GA,31031-3543,A,A,,10/17/2017,10/17/2017,10/17/2017,IN PERSON,NO,NO,,NO,IV,06,008,026,144,OCMU,00113,158018,00012,50,
WILKINSON,08804982,WHIPPLE,DAVIE,J,,101,IRWINTON RD, ,TOOMSBORO,GA,31090-2007,101,IRWINTON RD,,TOOMSBORO,GA,31090-2007,A,A,,11/01/2017,11/01/2017,11/01/2017,IN PERSON,NO,NO,,NO,TO,07,008,026,144,OCMU,00116,158018,00162,243,
WILKINSON,00750501,SCHAVELAND,JACK,N,,211,PINE ST, ,GORDON,GA,31031,,PO BOX 630,,GORDON,GA,31031-0063,A,A,,11/01/2017,11/01/2017,11/01/2017,IN PERSON,NO,NO,,NO,GO,10,008,026,144,OCMU,00118,158018,00154,233,
WILKINSON,00746358,REECE,ELVIN,,JR,120,ASBELL ST, ,IRWINTON,GA,31042-2547,,PO BOX 497,,IRWINTON,GA,31042-0049,A,A,,10/27/2017,10/27/2017,10/27/2017,IN PERSON,NO,NO,,NO,IR,05,008,026,144,OCMU,00111,158018,00102,175,
WILKINSON,00949444,MOODIE,CATHERINE,B,,160,BACON LN, ,IRWINTON,GA,31042,,P.O. BOX 378,,IRWINTON,GA,31042,A,A,,10/24/2017,10/24/2017,10/24/2017,IN PERSON,NO,NO,,NO,IR,05,008,026,144,OCMU,00112,158018,00077,134,
WILKINSON,00745844,BALLARD,GLORIA,WILLIAMS,,143,ASBELL ST, ,IRWINTON,GA,31042-2548,,PO BOX 44,,IRWINTON,GA,31042-0004,A,A,,11/03/2017,11/03/2017,11/03/2017,IN PERSON,NO,NO,,NO,IR,05,008,026,144,OCMU,00112,158018,00197,281,
WILKINSON,00746100,HILL,CAROAL,ANN,,208,W MAIN ST,B,IRWINTON,GA,31042-2814,,PO BOX 3,,IRWINTON,GA,31042,A,A,,10/26/2017,10/26/2017,10/26/2017,IN PERSON,NO,NO,,NO,IR,05,008,026,144,OCMU,00112,158018,00097,170,
WILKINSON,05956241,FREEMAN,MICHAEL,CODY,,102,BRIARCLIFF TRL, ,IVEY,GA,31031,102,BRIARCLIFF TRL,,IVEY,GA,31031,A,A,,10/31/2017,10/31/2017,10/31/2017,IN PERSON,NO,NO,,NO,IV,06,008,026,144,OCMU,00113,158018,00149,228,
WILKINSON,07680517,BRYANT,GAIL,DARLENE,,172,HOOKS ST, ,GORDON,GA,31031-3922,172,HOOKS ST,,GORDON,GA,31031-3922,A,A,,10/31/2017,10/31/2017,10/31/2017,IN PERSON,NO,NO,,NO,GO,10,008,026,144,OCMU,00118,158018,00139,216,
WILKINSON,00747652,WESTBROOK,GWENDOLYN,,,120,WAVERLY DR, ,GORDON,GA,31031-8942,,PO BOX 11,,GORDON,GA,31031-0001,A,A,,10/25/2017,10/25/2017,10/25/2017,IN PERSON,NO,NO,,NO,GO,10,008,026,144,OCMU,00118,158018,00081,154,
WILKINSON,10326258,MULLINS,JAMERIA,SHANQUEL,,105,GRIMES LN, ,GORDON,GA,31031,105,GRIMES LN,,GORDON,GA,31031,A,A,,10/17/2017,10/18/2017,11/03/2017,MAILED,NO,NO,,NO,GO,10,008,026,144,OCMU,00119,,00025,61,
WILKINSON,00747045,BURNEY,WILLIE,,,111,MAJOR STEWART RD, ,GORDON,GA,31031-3021,111,MAJOR STEWART RD,,GORDON,GA,31031-3021,A,A,,10/18/2017,10/18/2017,10/18/2017,IN PERSON,NO,NO,,NO,GO,10,008,026,144,OCMU,00119,158018,00030,74,
WILKINSON,10552984,MOORE,BELINDA,FAY,,107,JONES ST, ,GORDON,GA,31031,,P.O BOX 873,,GORDON,GA,31031,A,A,,10/19/2017,10/19/2017,10/19/2017,IN PERSON,NO,NO,,NO,GO,10,008,026,144,OCMU,00118,158018,00038,83,
WILKINSON,10579021,BRINSON,ROBERT,CAIL,II,113,LAKEVIEW DR, ,GORDON,GA,31031,113,LAKEVIEW DR,,GORDON,GA,31031,A,A,,11/02/2017,11/02/2017,11/02/2017,IN PERSON,NO,NO,,NO,GO,10,008,026,144,OCMU,00118,158018,00168,250,
WILKINSON,07444101,AUSTIN,EUKITHA,SHANTA,,216,ELAM ST, ,GORDON,GA,31031-2502,,PO BOX 995,,GORDON,GA,31031-0099,A,A,,11/02/2017,11/02/2017,11/02/2017,IN PERSON,NO,NO,,NO,GO,10,008,026,144,OCMU,00119,158018,00183,266,
WILKINSON,06927154,JOHNSON,TERENCE,SHELTON,,174,WESTBROOK RD, ,GORDON,GA,31031,174,WESTBROOK RD,,GORDON,GA,31031,A,A,,10/18/2017,10/18/2017,10/18/2017,IN PERSON,NO,NO,,NO,GO,10,008,026,144,OCMU,00119,158018,00033,77,
WILKINSON,00746093,HATCHER,PATRICIA,PLAYER,,144,BACON ST, ,IRWINTON,GA,31042-2512,144,BACON ST,,IRWINTON,GA,31042-2512,A,A,,11/03/2017,11/03/2017,11/03/2017,IN PERSON,NO,NO,,NO,IR,05,008,026,144,OCMU,00112,158018,00203,287,
WILKINSON,00750362,BALLINGER,LISA,ANNE,,112,LISA DR, ,IVEY,GA,31031-3714,112,LISA DR,,IVEY,GA,31031-3714,A,A,,10/23/2017,10/23/2017,10/23/2017,IN PERSON,NO,NO,,NO,IV,06,008,026,144,OCMU,00113,158018,00062,115,
WILKINSON,03315606,EDWARDS,SHERRI,LYNN,,102,STEPHENS ST, ,TOOMSBORO,GA,31090,,PO BOX 164,,TOOMSBORO,GA,31090-0016,A,A,,10/30/2017,10/30/2017,10/30/2017,IN PERSON,NO,NO,,NO,TO,07,008,026,144,OCMU,00116,158018,00118,194,
WILKINSON,00749473,HURST,DANIEL,V,,112,SITTON AVE, ,GORDON,GA,31031-4117,,PO BOX 832,,GORDON,GA,31031-0083,A,A,,11/03/2017,11/03/2017,11/03/2017,IN PERSON,NO,NO,,NO,GO,10,008,026,144,OCMU,00118,158018,00186,270,
WILKINSON,00747536,SMITH,GLORIA,AVERY,,108,PINE ST, ,GORDON,GA,31031-3832,,PO BOX 824,,GORDON,GA,31031-0082,A,A,,10/20/2017,10/20/2017,10/20/2017,IN PERSON,NO,NO,,NO,GO,10,008,026,144,OCMU,00119,158018,00053,101,
WILKINSON,00749659,MOSLEY,MYRTICE,B,,107,HARDIE ST, ,GORDON,GA,31031,107,HARDIE ST,,GORDON,GA,31031,A,A,,11/02/2017,11/02/2017,11/02/2017,IN PERSON,NO,NO,,NO,GO,10,008,026,144,OCMU,00119,158018,00177,260,
WILKINSON,01095020,INGRAM,FRANK,,,116,KNIGHT ST, ,IRWINTON,GA,31042-2832,116,KNIGHT ST,,IRWINTON,GA,31042-2832,A,A,,10/26/2017,10/26/2017,10/26/2017,IN PERSON,NO,NO,,NO,IR,05,008,026,144,OCMU,00112,158018,00091,164,
WILKINSON,00747404,MITCHINER,SHERRY,DENT,,163,HOOKS ST, ,GORDON,GA,31031,163,HOOKS ST,,GORDON,GA,31031,A,A,,11/01/2017,11/01/2017,11/01/2017,IN PERSON,NO,NO,,NO,GO,10,008,026,144,OCMU,00118,158018,00161,242,
WILKINSON,11294873,WILSON,COLE,ALEXANDER,,106,SITTON AVE, ,GORDON,GA,31031,,PO BOX 835,,GORDON,GA,31031-0835,A,A,,10/24/2017,10/25/2017,10/31/2017,MAILED,NO,NO,,NO,GO,10,008,026,144,OCMU,00118,,00049,153,
WILKINSON,00750248,MIXON,SARA,A,,125,ELM ST, ,GORDON,GA,31031-3209,125,ELM ST,,GORDON,GA,31031-3209,A,A,,10/03/2017,10/16/2017,10/23/2017,MAILED,NO,NO,ELDERLY,NO,GO,10,008,026,144,OCMU,00118,,00011,19,
WILKINSON,03307686,ROBY,WINNIE,MAE,,308,GRAY HWY, ,GORDON,GA,31031-3324,,PO BOX 455,,GORDON,GA,31031-0045,A,R,Signature Match,10/27/2017,10/27/2017,11/07/2017,MAILED,NO,NO,,NO,GO,10,008,026,144,OCMU,00118,,00050,185,
WILKINSON,00749483,WHIPPLE,LULA,M,,106,OAK ST (G), ,GORDON,GA,31031,,PO BOX 859,,GORDON,GA,31031-0085,A,A,,10/20/2017,10/20/2017,10/20/2017,IN PERSON,NO,NO,,NO,GO,10,008,026,144,OCMU,00119,158018,00054,105,
WILKINSON,04200544,SMITH,STEVEN,,,121,ALLEN ST, ,IRWINTON,GA,31042,,PO BOX 35,,IRWINTON,GA,31042-0003,A,A,,11/01/2017,11/01/2017,11/01/2017,IN PERSON,NO,NO,,NO,IR,05,008,026,144,OCMU,00112,158018,00156,236,
WILKINSON,05434289,ASHLEY,ALICIA,DANIELLE,,179,S RAILROAD ST, ,TOOMSBORO,GA,31090,,P.O BOX 51,,TOOMSBORO,GA,31090,A,A,,10/31/2017,10/31/2017,10/31/2017,IN PERSON,NO,NO,,NO,TO,07,008,026,144,OCMU,00116,158018,00130,206,
WILKINSON,03248513,BREWER,REX,ALLEN,,111,EPPS ST, ,GORDON,GA,31031,,PO BOX 31,,HULL,GA,30646-0003,A,,,10/24/2017,10/25/2017,,MAILED,NO,NO,,NO,GO,10,008,026,144,OCMU,00118,,00035,138,
WILKINSON,06132094,CARSWELL,GEORGE,,,108,COLLEGE ST, ,GORDON,GA,31031,,PO BOX 464,,GORDON,GA,31042-0034,A,A,,11/03/2017,11/03/2017,11/03/2017,IN PERSON,NO,NO,,NO,GO,10,008,026,144,OCMU,00118,158018,00206,291,
WILKINSON,00747680,WILCHER,ANTHONY,,,186,WESTBROOK RD, ,GORDON,GA,31031-4124,,PO BOX 713,,GORDON,GA,31031-0071,A,A,,10/17/2017,10/17/2017,10/17/2017,IN PERSON,NO,NO,,NO,GO,10,008,026,144,OCMU,00119,158018,00011,49,
WILKINSON,08359268,POUNDS,JESSICA,KIAMBRA,,104,BANK ST, ,IRWINTON,GA,31042,,P O BOX 94,,IRWINTON,GA,31042,A,A,,11/03/2017,11/03/2017,11/03/2017,IN PERSON,NO,NO,,NO,IR,05,008,026,144,OCMU,00111,158018,00194,278,
WILKINSON,03687858,WIGGINS,DELOIS,D,,105,KNIGHT ST, ,IRWINTON,GA,31042-2833,,PO BOX 476,,IRWINTON,GA,31042-0047,A,A,,10/30/2017,10/30/2017,10/30/2017,IN PERSON,NO,NO,,NO,IR,05,008,026,144,OCMU,00112,158018,00117,193,
WILKINSON,00745961,COLEY,WILLIE,,,163,W MAIN ST, ,IRWINTON,GA,31042-2813,,PO BOX 27,,IRWINTON,GA,31042-0002,A,A,,11/01/2017,11/01/2017,11/01/2017,IN PERSON,NO,NO,,NO,IR,05,008,026,144,OCMU,00112,158018,00152,231,
WILKINSON,02423099,HARDIE,DON,L,,220,GRAY HWY, ,GORDON,GA,31031,220,GRAY HIGWAY,,GORDON,GA,31031-3145,A,A,,01/14/2016,10/19/2017,11/06/2017,MAILED,NO,NO,DISABLED,NO,GO,10,008,026,144,OCMU,00118,,00027,85,
WILKINSON,00750921,BURNEY,BARBARA,ANNE,,215,ELAM ST, ,GORDON,GA,31031,,PO BOX 541,,GORDON,GA,31031-0054,A,A,,11/02/2017,11/02/2017,11/02/2017,IN PERSON,NO,NO,,NO,GO,10,008,026,144,OCMU,00118,158018,00182,265,
WILKINSON,10748722,BULLOCK,SHANESIA,LEONA,,153,WESTBROOK RD,APT I 7,GORDON,GA,31031,153,WESTBROOK RD,APT I 7,GORDON,GA,31031,A,A,,10/23/2017,10/23/2017,10/23/2017,IN PERSON,NO,NO,,NO,GO,10,008,026,144,OCMU,00119,158018,00067,124,
WILKINSON,00750979,MASON,LUCILLE,,,109,SHINHOLSTER ST, ,GORDON,GA,31031-3419,,PO BOX 385,,GORDON,GA,31031-0038,A,A,,10/27/2017,10/27/2017,10/27/2017,IN PERSON,NO,NO,,NO,GO,10,008,026,144,OCMU,00119,158018,00107,180,
WILKINSON,00747429,NELSON,GAIL,SAPPE,,184,ELAM ST, ,GORDON,GA,31031-2505,184,ELAM ST,,GORDON,GA,31031-2505,A,A,,10/26/2017,10/26/2017,10/26/2017,IN PERSON,NO,NO,,NO,GO,10,008,026,144,OCMU,00119,158018,00096,169,
WILKINSON,05449603,WHIPPLE,YANIKA,S,,124,HOLLY ST, ,GORDON,GA,31031-3420,124,HOLLY ST,,GORDON,GA,31031-3420,A,A,,11/03/2017,11/03/2017,11/03/2017,IN PERSON,NO,NO,,NO,GO,10,008,026,144,OCMU,00119,158018,00212,297,
WILKINSON,03477234,DAVIS,RICHARD,ERNEST,,139,MILLEDGEVILLE HWY, ,GORDON,GA,31031-3303,139,MILLEDGEVILLE HWY,,GORDON,GA,31031-3303,A,A,,11/03/2017,11/03/2017,11/03/2017,IN PERSON,NO,NO,,NO,GO,10,008,026,144,OCMU,00119,158018,00201,285,
WILKINSON,07513341,SMITH,LOGAN,MELEA,,105,CHAPPELL ST, ,GORDON,GA,31031-4120,1200,NEWNAN CROSSING ,APT 919,NEWNAN,GA,30265,A,R,Ballot Not Returned By Election Day,09/26/2017,10/16/2017,11/08/2017,MAILED,NO,NO,,NO,GO,10,008,026,144,OCMU,00118,,00007,13,
WILKINSON,00747522,SMALLWOOD,CLEVELAND,T,,104,KENNINGTON RD, ,GORDON,GA,31031,,PO BOX 531,,GORDON,GA,31031-0053,A,A,,10/09/2017,10/16/2017,10/27/2017,MAILED,NO,NO,,NO,GO,10,008,026,144,OCMU,00118,,00008,14,
WILKINSON,00749133,MURPHY,DEBORAH,S,,106,PENN ST, ,GORDON,GA,31031-4113,106,PENN ST,,GORDON,GA,31031-4113,A,A,,10/26/2017,10/26/2017,10/26/2017,IN PERSON,NO,NO,,NO,GO,10,008,026,144,OCMU,00118,158018,00093,166,
WILKINSON,00750986,MASSENGALE,ANNIE,L,,112,HARDIE ST, ,GORDON,GA,31031,104,WOODSIDE DR,,IVEY,GA,31031-0009,A,A,,09/29/2017,10/16/2017,10/20/2017,MAILED,NO,NO,,NO,GO,10,008,026,144,OCMU,00118,,00012,20,
WILKINSON,00746923,ANDERSON,BETTY,SMITH,,134,COLLEGE ST, ,GORDON,GA,31031-3426,,PO BOX 844,,GORDON,GA,31031-0084,A,A,,10/17/2017,10/17/2017,10/17/2017,IN PERSON,NO,NO,,NO,GO,10,008,026,144,OCMU,00119,158018,00017,55,
WILKINSON,00750381,RAY,CORLYN,,,279,GRAY HWY, ,GORDON,GA,31031,279,GRAY HWY,,GORDON,GA,31031,A,A,,10/16/2017,10/16/2017,10/16/2017,IN PERSON,NO,NO,,NO,GO,10,008,026,144,OCMU,00119,158018,00004,4,
WILKINSON,00747562,STARLEY,RANDY,,,115,SOLOMON ST, ,GORDON,GA,31031-3323,115,SOLOMON ST,,GORDON,GA,31031-3323,A,A,,10/30/2017,10/30/2017,10/30/2017,IN PERSON,NO,NO,,NO,GO,10,008,026,144,OCMU,00119,158018,00113,189,
WILKINSON,11259799,PEARSON,ZHANTAVIOUS,ANTWON,,104,BANK ST, ,IRWINTON,GA,31042,,PO BOX 94,,IRWINTON,GA,31042,A,A,,11/03/2017,11/03/2017,11/03/2017,IN PERSON,NO,NO,,NO,IR,05,008,026,144,OCMU,00111,158018,00195,279,
WILKINSON,00748301,CRISWELL,BETTY,R,,205,MAIN ST, ,TOOMSBORO,GA,31090-2004,205,MAIN ST,,TOOMSBORO,GA,31090-2004,A,A,,10/26/2017,10/26/2017,10/26/2017,IN PERSON,NO,NO,,NO,TO,07,008,026,144,OCMU,00116,158018,00099,172,
WILKINSON,07777144,RAY,WILLIE,F,,111,SITTON AVE, ,GORDON,GA,31031,,PO BOX 364,,GORDON,GA,31031-0036,A,A,,10/16/2017,10/16/2017,10/16/2017,IN PERSON,NO,NO,,NO,GO,10,008,026,144,OCMU,00118,158018,00006,6,
WILKINSON,04923635,BRINSON,SHANNON,CAIL,,113,LAKEVIEW DR, ,GORDON,GA,31031,,P.O. BOX 415,,GORDON,GA,31031,A,A,,11/02/2017,11/02/2017,11/02/2017,IN PERSON,NO,NO,,NO,GO,10,008,026,144,OCMU,00118,158018,00167,249,
WILKINSON,04657540,BROWN,BETHANY,LYNNE,,117,HARDIE ST, ,GORDON,GA,31031-4112,117,HARDIE ST,,GORDON,GA,31031-4112,A,A,,10/31/2017,10/31/2017,10/31/2017,IN PERSON,NO,NO,,NO,GO,10,008,026,144,OCMU,00118,158018,00142,221,
WILKINSON,03315677,OWENS,TOSHIBA,LAQUET,,108,ALLEN LN, ,IRWINTON,GA,31042,,PO BOX 420,,IRWINTON,GA,31042-0042,A,A,,10/23/2017,10/23/2017,10/23/2017,IN PERSON,NO,NO,,NO,IR,05,008,026,144,OCMU,00112,158018,00065,120,
WILKINSON,00746492,ANDERSON,ANNIE,M,,116,BEAR CAMP RD, ,IRWINTON,GA,31042,,PO BOX 134,,IRWINTON,GA,31042,A,A,,10/23/2017,10/23/2017,10/27/2017,MAILED,NO,NO,,NO,IR,05,008,026,144,OCMU,00112,,00018,121,
WILKINSON,00746937,BAGGARLY,BONNIE,B,,101,THORNWOOD DR, ,IVEY,GA,31031,101,THORNWOOD DR,,IVEY,GA,31031,A,A,,10/30/2017,10/30/2017,10/30/2017,IN PERSON,NO,NO,,NO,IV,06,008,026,144,OCMU,00113,158018,00119,195,
WILKINSON,00747656,ADSIDE,GERALDINE,WHIPPLE,,162,WESTBROOK RD, ,GORDON,GA,31031-4124,,PO BOX 854,,GORDON,GA,31031-0085,A,A,,11/02/2017,11/02/2017,11/02/2017,IN PERSON,NO,NO,,NO,GO,10,008,026,144,OCMU,00119,158018,00174,257,
WILKINSON,00746932,AUSTIN,CHARLES,,,216,ELAM ST, ,GORDON,GA,31031-2502,,PO BOX 995,,GORDON,GA,31031-0099,A,A,,10/31/2017,10/31/2017,10/31/2017,IN PERSON,NO,NO,,NO,GO,10,008,026,144,OCMU,00119,158018,00150,229,
WILKINSON,00745953,CLAYTON,JANICE,CAROL,,151,E MAIN ST, ,IRWINTON,GA,31042,151,E MAIN ST,,IRWINTON,GA,31042,A,A,,10/31/2017,10/31/2017,10/31/2017,IN PERSON,NO,NO,,NO,IR,05,008,026,144,OCMU,00111,158018,00131,207,
WILKINSON,00749016,CLARK,BEVERLY,ANN,,122,HIGH HILL ST, ,IRWINTON,GA,31042-2610,122,HIGH HILL ST,,IRWINTON,GA,31042-2610,A,A,,11/02/2017,11/02/2017,11/02/2017,IN PERSON,NO,NO,,NO,IR,05,008,026,144,OCMU,00111,158018,00170,252,
WILKINSON,00746376,ROBINSON,MELINDA,,,204,BACON ST, ,IRWINTON,GA,31042-2526,204,BACON ST,,IRWINTON,GA,31042-2526,A,A,,10/04/2017,10/17/2017,10/24/2017,MAILED,NO,NO,ELDERLY,NO,IR,05,008,026,144,OCMU,00112,,00004,37,
WILKINSON,00747263,HAWTHORNE,EDWIN,RUSSELL,,107,SITTON AVE, ,GORDON,GA,31031,107,SITTON AVE,,GORDON,GA,31031,A,A,,10/31/2017,10/31/2017,10/31/2017,IN PERSON,NO,NO,,NO,GO,10,008,026,144,OCMU,00118,158018,00148,227,
WILKINSON,04521492,HARRIS,BOBBIE,L,,233,COLLEGE ST, ,GORDON,GA,31031-3413,,PO BOX 314,,GORDON,GA,31031-0031,A,A,,10/25/2017,10/25/2017,10/25/2017,IN PERSON,NO,NO,,NO,GO,10,008,026,144,OCMU,00119,158018,00087,160,
WILKINSON,10161669,LANGSTON,MATTHEW,JAMES,,109,BANK ST, ,IRWINTON,GA,31042,1338,CENTRAL AVENUE,,ESTHERVILLE,IA,51334,A,,,10/31/2017,10/31/2017,,MAILED,NO,NO,,NO,IR,05,008,026,144,OCMU,00111,,00021,212,
WILKINSON,00748359,HUNTER,DIANNE,Y,,114,PINEVIEW CIR,A,TOOMSBORO,GA,31090,,PO BOX 163,,TOOMSBORO,GA,31090-0016,A,A,,10/31/2017,10/31/2017,10/31/2017,IN PERSON,NO,NO,,NO,TO,07,008,026,144,OCMU,00116,158018,00133,209,
WILKINSON,00747647,WEAVER,SYBIL,,,134,JACKSON ST, ,GORDON,GA,31031-3907,134,JACKSON ST,,GORDON,GA,31031-3907,A,A,,10/16/2017,10/16/2017,10/25/2017,MAILED,NO,NO,,NO,GO,10,008,026,144,OCMU,00118,,00003,9,
WILKINSON,04184158,BAZEMORE,CATHERINE,CONE,,114,GREENVIEW AVE, ,GORDON,GA,31031-3914,,PO BOX 770,,GORDON,GA,31031-0077,A,A,,10/25/2017,10/25/2017,10/25/2017,IN PERSON,NO,NO,,NO,GO,10,008,026,144,OCMU,00118,158018,00084,157,
WILKINSON,10107750,ECTOR,PAMELA,D,,213,ELAM ST, ,GORDON,GA,31031,213,ELAM ST,,GORDON,GA,31031,A,A,,11/03/2017,11/03/2017,11/03/2017,IN PERSON,NO,NO,,NO,GO,10,008,026,144,OCMU,00118,158018,00211,296,
WILKINSON,00748002,HARRIS,SHEILA,FISHER,,239,COLLEGE ST, ,GORDON,GA,31031-3413,239,COLLEGE ST,,GORDON,GA,31031-3413,A,A,,10/27/2017,10/27/2017,10/27/2017,IN PERSON,NO,NO,DISABLED,NO,GO,10,008,026,144,OCMU,00119,158018,00101,174,
WILKINSON,00750413,THOMAS,TEMEACA,DANYELL,,113,SHINHOLSTER ST, ,GORDON,GA,31031-3419,,PO BOX 385,,GORDON,GA,31031-0038,A,A,,10/27/2017,10/27/2017,10/27/2017,IN PERSON,NO,NO,,NO,GO,10,008,026,144,OCMU,00119,158018,00106,179,
WILKINSON,04387241,HAYLES,KEVIN,DEWAYNE,,145,ELAM ST, ,GORDON,GA,31031-2504,145,ELAM ST,,GORDON,GA,31031-2504,A,A,,10/12/2017,10/16/2017,10/25/2017,MAILED,NO,NO,,NO,GO,10,008,026,144,OCMU,00118,,00015,24,
WILKINSON,00750245,DENSLEY,VICKIE,,,101,MATHIS ST, ,GORDON,GA,31031-4131,,PO BOX 947,,GORDON,GA,31031-0094,A,A,,10/18/2017,10/18/2017,10/18/2017,IN PERSON,NO,NO,,NO,GO,10,008,026,144,OCMU,00119,158018,00025,69,
WILKINSON,00746574,WHIPPLE,HARRELL,,,124,HOLLY ST, ,GORDON,GA,31031-3420,124,HOLLY ST,,GORDON,GA,31031-3420,A,A,,10/17/2017,10/17/2017,10/17/2017,IN PERSON,NO,NO,,NO,GO,10,008,026,144,OCMU,00119,158018,00013,51,
WILKINSON,00746390,SCOTT,BEULAH,,,104,CHURCH ST, ,IRWINTON,GA,31042,,PO BOX 38,,IRWINTON,GA,31042-0003,A,A,,10/23/2017,10/23/2017,10/25/2017,MAILED,NO,NO,,NO,IR,05,008,026,144,OCMU,00112,,00015,113,
WILKINSON,00746250,MAY,GWENDOLYN,,,214,BACON ST, ,IRWINTON,GA,31042-2526,214,BACON ST,,IRWINTON,GA,31042-2526,A,A,,10/10/2017,10/17/2017,10/24/2017,MAILED,NO,NO,DISABLED,NO,IR,05,008,026,144,OCMU,00112,,00005,38,
WILKINSON,00747994,DENSON,JOYCE,E,,174,IRWINTON RD, ,TOOMSBORO,GA,31090,,PO BOX 31,,TOOMSBORO,GA,31090-0003,A,A,,10/16/2017,10/16/2017,10/16/2017,IN PERSON,NO,NO,,NO,TO,07,008,026,144,OCMU,00116,158018,00002,2,
WILKINSON,01839395,GETER,JUDITH,ANN,,100,PIERCE AVE, ,GORDON,GA,31031-3924,100,PIERCE AVE,,GORDON,GA,31031-3924,A,A,,11/02/2017,11/02/2017,11/02/2017,IN PERSON,NO,NO,,NO,GO,10,008,026,144,OCMU,00118,158018,00184,268,
WILKINSON,00747315,JOHNSON,GLORESTINE,,,249,GRAY HWY,A3,GORDON,GA,31031,249,GRAY HWY,A3,GORDON,GA,31031,A,A,,10/18/2017,10/18/2017,10/18/2017,IN PERSON,NO,NO,,NO,GO,10,008,026,144,OCMU,00119,158018,00034,78,
WILKINSON,03723991,USSERY,JODIE,DUPREE,,114,HARDIE ST, ,GORDON,GA,31031,,P.O. BOX 501,,MACON,GA,31202,A,A,,10/31/2017,10/31/2017,10/31/2017,IN PERSON,NO,NO,,NO,GO,10,008,026,144,OCMU,00118,158018,00141,218,
WILKINSON,05674570,BASS,CARL,LEE,III,119,JACKSON ST, ,GORDON,GA,31031,119,JACKSON ST,,GORDON,GA,31031,A,A,,11/03/2017,11/03/2017,11/03/2017,IN PERSON,NO,NO,,NO,GO,10,008,026,144,OCMU,00118,158018,00204,288,
WILKINSON,00747286,HOLT,DAVID,A,,150,COLLEGE ST, ,GORDON,GA,31031-3400,150,COLLEGE ST,,GORDON,GA,31031-3400,A,A,,10/16/2017,10/16/2017,10/16/2017,IN PERSON,NO,NO,,NO,GO,10,008,026,144,OCMU,00119,158018,00008,17,
WILKINSON,00787460,WESTBROOK,CHRISTOPHER,EUGENE,,111,EPPS ST, ,GORDON,GA,31031,111,EPPS ST,,GORDON,GA,31031,A,A,,10/23/2017,10/23/2017,10/23/2017,IN PERSON,NO,NO,,NO,GO,10,008,026,144,OCMU,00118,158018,00060,112,
WILKINSON,10111406,MCLEROY,BENITA,,,111,EPPS ST, ,GORDON,GA,31031,111,EPPS ST,,GORDON,GA,31031,A,A,,10/24/2017,10/25/2017,11/03/2017,MAILED,NO,NO,,NO,GO,10,008,026,144,OCMU,00118,,00043,146,
WILKINSON,00747041,BURNEY,MARIAN,EASON,,111,MAJOR STEWART RD, ,GORDON,GA,31031-3021,111,MAJOR STEWART RD,,GORDON,GA,31031-3021,A,A,,10/18/2017,10/18/2017,10/18/2017,IN PERSON,NO,NO,,NO,GO,10,008,026,144,OCMU,00119,158018,00031,75,
WILKINSON,00749599,WILLIAMS,DOLLIE,MAE,,112,MAPLE ST (G), ,GORDON,GA,31031,122,MAPLE ST,,GORDON,GA,31031,A,,,10/24/2017,10/25/2017,,MAILED,NO,NO,,NO,GO,10,008,026,144,OCMU,00119,,00047,151,
WILKINSON,07666277,JONES,STANLEY,R,,196,COLLEGE ST, ,GORDON,GA,31031,196,COLLEGE ST,,GORDON,GA,31031,A,A,,10/31/2017,10/31/2017,11/06/2017,MAILED,NO,NO,,NO,GO,10,008,026,144,OCMU,00119,,00051,219,
WILKINSON,10803590,SMITH,MELVIN,LOUIS,,122,CHURCH ST, ,IRWINTON,GA,31042,122,CHURCH ST,,IRWINTON,GA,31042-2557,A,A,,10/23/2017,10/23/2017,10/23/2017,IN PERSON,NO,NO,,NO,IR,05,008,026,144,OCMU,00112,158018,00070,127,
WILKINSON,00749838,CURRY,HOWARD,N,,108,KNIGHT ST, ,IRWINTON,GA,31042,,PO BOX 343,,IRWINTON,GA,31042-0034,A,A,,10/10/2017,10/17/2017,10/27/2017,MAILED,NO,NO,,NO,IR,05,008,026,144,OCMU,00112,,00014,47,
WILKINSON,00747566,STINSON,OPHELIA,M,,123,WALNUT ST, ,GORDON,GA,31031-3203,123,WALNUT ST,,GORDON,GA,31031-3203,A,A,,10/02/2017,10/16/2017,10/26/2017,MAILED,NO,NO,ELDERLY,NO,GO,10,008,026,144,OCMU,00118,,00005,11,
WILKINSON,00747050,CALVERT,ARCHIE,D,,113,GREENVIEW AVE, ,GORDON,GA,31031-3915,,PO BOX 155,,GORDON,GA,31031-0015,A,A,,10/19/2017,10/19/2017,10/19/2017,IN PERSON,NO,NO,,NO,GO,10,008,026,144,OCMU,00118,158018,00036,81,
WILKINSON,00747252,HATCHER,WILLIAM,P,,118,WAVERLY DR, ,GORDON,GA,31031-3900,118,WAVERLY DR,,GORDON,GA,31031-3900,A,A,,11/02/2017,11/02/2017,11/02/2017,IN PERSON,NO,NO,,NO,GO,10,008,026,144,OCMU,00118,158018,00164,245,
WILKINSON,00748062,ADAMS,LONZA,D,,154,HARBERSON WALKER RD, ,GORDON,GA,31031-3210,154,HARBERSON WALKER RD,,GORDON,GA,31031-3210,A,A,,10/19/2017,10/19/2017,10/19/2017,IN PERSON,NO,NO,,NO,GO,10,008,026,144,OCMU,00118,158018,00044,90,
WILKINSON,03306097,MIXON,ROBERT,LEE,,125,ELM ST, ,GORDON,GA,31031-3209,125,ELM ST,,GORDON,GA,31031-3209,A,A,,10/03/2017,10/16/2017,10/23/2017,MAILED,NO,NO,ELDERLY,NO,GO,10,008,026,144,OCMU,00118,,00010,18,
WILKINSON,00749269,MIXON,HAZEL,F,,137,HARBERSON WALKER RD, ,GORDON,GA,31031-3211,137,HARBERSON WALKER RD,,GORDON,GA,31031-3211,A,A,,10/02/2017,10/16/2017,11/03/2017,MAILED,NO,NO,ELDERLY,NO,GO,10,008,026,144,OCMU,00118,,00009,16,
WILKINSON,00747138,DRISKELL,WILLIE,JAMES,,117,POWELL ST, ,GORDON,GA,31031,,PO BOX 863,,GORDON,GA,31031-0086,A,A,,10/18/2017,10/18/2017,10/18/2017,IN PERSON,NO,NO,,NO,GO,10,008,026,144,OCMU,00119,158018,00024,68,
WILKINSON,00747241,HARRIS,JUANITA,P,,265,GRAY HWY, ,GORDON,GA,31031-4106,122,MAJOR STEWART RD,,GORDON,GA,31031-4106,A,A,,11/02/2017,11/02/2017,11/06/2017,MAILED,NO,NO,DISABLED,NO,GO,10,008,026,144,OCMU,00119,,00056,255,
WILKINSON,00747664,WHIPPLE,REGINALD,,SR,113,WESTBROOK RD, ,GORDON,GA,31031,,PO BOX 132,,GORDON,GA,31031-0013,A,A,,10/16/2017,10/16/2017,10/16/2017,IN PERSON,NO,NO,,NO,GO,10,008,026,144,OCMU,00119,158018,00009,21,
WILKINSON,03255767,HARRIS,JEMMIE,KAY,,117,WESTBROOK RD, ,GORDON,GA,31031,,PO BOX 833,,GORDON,GA,31031-0083,A,A,,10/24/2017,10/24/2017,10/24/2017,IN PERSON,NO,NO,,NO,GO,10,008,026,144,OCMU,00119,158018,00072,129,
WILKINSON,04480566,FARMER,BRIAN,WAYNE,,229,GRAY HWY, ,GORDON,GA,31031,229,GRAY HWY,,GORDON,GA,31031,A,A,,10/19/2017,10/19/2017,10/19/2017,IN PERSON,NO,NO,,NO,GO,10,008,026,144,OCMU,00119,158018,00050,98,
WILKINSON,00748896,MYRICK,SANDRA,A,,198,COLLEGE ST, ,GORDON,GA,31031-3412,198,COLLEGE ST,,GORDON,GA,31031-3412,A,A,,11/01/2017,11/01/2017,11/01/2017,IN PERSON,NO,NO,,NO,GO,10,008,026,144,OCMU,00119,158018,00160,240,
WILKINSON,00746299,PARKER,LINDSEY,EUGENE,JR,113,PARKER ST, ,IRWINTON,GA,31042-2605,113,PARKER ST,,IRWINTON,GA,31042-2605,A,A,,11/03/2017,11/03/2017,11/03/2017,IN PERSON,NO,NO,,NO,IR,05,008,026,144,OCMU,00111,158018,00191,275,
WILKINSON,07742703,BENTLEY,MICHAEL,KEVIN,JR,101,HOLLY LN, ,IRWINTON,GA,31042,101,HOLLY LANE,,IRWINTON,GA,31042-0000,A,A,,10/16/2017,10/16/2017,10/16/2017,IN PERSON,NO,NO,,NO,IR,05,008,026,144,OCMU,00111,158018,00005,5,
WILKINSON,00745890,BROWN,AUDREY,V,,158,W MAIN ST, ,IRWINTON,GA,31042-2800,158,W MAIN ST,,IRWINTON,GA,31042-2800,A,A,,11/02/2017,11/02/2017,11/02/2017,IN PERSON,NO,NO,,NO,IR,05,008,026,144,OCMU,00112,158018,00163,244,
WILKINSON,00747093,CURTIS,ROSEZENIA,M,,101,GREEN ST, ,GORDON,GA,31031-4129,101,GREEN ST,,GORDON,GA,31031-4129,A,,,10/24/2017,10/25/2017,,MAILED,NO,NO,,NO,GO,10,008,026,144,OCMU,00119,,00037,140,
WILKINSON,03477105,GRIMES,DIANE,,,125,GRIMES LN, ,GORDON,GA,31031-3315,125,GRIMES LN,,GORDON,GA,31031-3315,A,A,,11/02/2017,11/02/2017,11/02/2017,IN PERSON,NO,NO,,NO,GO,10,008,026,144,OCMU,00119,158018,00166,247,
WILKINSON,00747040,BROWN,MARY,LEE,,249,GRAY HWY,A1,GORDON,GA,31031-4135,,PO BOX 1012,,GORDON,GA,31031-0101,A,A,,10/18/2017,10/18/2017,10/18/2017,IN PERSON,NO,NO,,NO,GO,10,008,026,144,OCMU,00119,158018,00028,72,
WILKINSON,11487272,DAVIS,WILLIE,JAMES,,111,EPPS ST, ,GORDON,GA,31031,111,EPPS ST,,GORDON,GA,31031,A,A,,10/24/2017,10/25/2017,11/03/2017,MAILED,NO,NO,,YES,GO,10,008,026,144,OCMU,00118,,00038,141,
WILKINSON,00747200,GRANADE,W,EUVENNE,,117,MULBERRY ST, ,GORDON,GA,31031-3207,117,MULBERRY ST,,GORDON,GA,31031-3207,A,A,,10/02/2017,10/16/2017,10/20/2017,MAILED,NO,NO,ELDERLY,NO,GO,10,008,026,144,OCMU,00118,,00017,26,
WILKINSON,00749758,WADE-REESE,SHONDEL,R,,136,BURNEY RD, ,GORDON,GA,31031-2501,136,BURNEY RD,,GORDON,GA,31031-2501,A,A,,10/19/2017,10/19/2017,10/19/2017,IN PERSON,NO,NO,,NO,GO,10,008,026,144,OCMU,00118,158018,00043,89,
WILKINSON,00746776,SAMPSON,ISAAC,L,,131,MAIN ST, ,GORDON,GA,31031,,P.O. BOX 843,,GORDON,GA,31031,A,A,,10/30/2017,10/30/2017,10/30/2017,IN PERSON,NO,NO,,NO,GO,10,008,026,144,OCMU,00118,158018,00114,190,
WILKINSON,00747126,DENSLEY,FREDDIE,L,,266,GRAY HWY, ,GORDON,GA,31031,,PO BOX 816,,GORDON,GA,31031-0081,A,A,,10/19/2017,10/19/2017,10/19/2017,IN PERSON,NO,NO,,NO,GO,10,008,026,144,OCMU,00118,158018,00048,95,
WILKINSON,07847628,WHITE,NANCY,EVON,,111,JONES ST, ,GORDON,GA,31031,111,JONES ST,,GORDON,GA,31031,A,A,,10/31/2017,10/31/2017,10/31/2017,IN PERSON,NO,NO,,NO,GO,10,008,026,144,OCMU,00118,158018,00143,222,
WILKINSON,00746934,AUSTIN,MILDRED,CAROLYN,,147,COLLEGE ST, ,GORDON,GA,31031-3429,147,COLLEGE ST,,GORDON,GA,31031-3429,A,A,,10/12/2017,10/16/2017,10/30/2017,MAILED,NO,NO,DISABLED,NO,GO,10,008,026,144,OCMU,00119,,00019,28,
WILKINSON,00749918,AUSTIN,DEBRA,A,,216,ELAM ST, ,GORDON,GA,31031,,PO BOX 995,,GORDON,GA,31031-0099,A,A,,10/31/2017,10/31/2017,10/31/2017,IN PERSON,NO,NO,,NO,GO,10,008,026,144,OCMU,00119,158018,00151,230,
WILKINSON,00747105,DAVIS,CARLA,DIANNE HARDIE,,137,MILLEDGEVILLE HWY, ,GORDON,GA,31031,137,MILLEDGEVILLE HWY,,GORDON,GA,31031,A,A,,10/23/2017,10/23/2017,10/23/2017,IN PERSON,NO,NO,,NO,GO,10,008,026,144,OCMU,00119,158018,00064,118,
WILKINSON,00747661,WHIPPLE,MARY LIZZIE,HALL,,113,WESTBROOK RD, ,GORDON,GA,31031-4125,,PO BOX 132,,GORDON,GA,31031-0013,A,A,,10/24/2017,10/25/2017,10/31/2017,MAILED,NO,NO,,NO,GO,10,008,026,144,OCMU,00119,,00046,150,
WILKINSON,00745896,HARRIS,RALPHENE,B,,108,WRILEY RD, ,IRWINTON,GA,31042-2606,108,WRILEY RD,,IRWINTON,GA,31042-2606,A,A,,10/04/2017,10/17/2017,10/20/2017,MAILED,NO,NO,ELDERLY,NO,IR,05,008,026,144,OCMU,00111,,00010,43,
WILKINSON,06083190,JOHNSON,JUSTIN,BRAD,,108,WRILEY RD,UNIT 8,IRWINTON,GA,31042-2606,108,WRILEY RD,UNIT 8,IRWINTON,GA,31042-2606,A,A,,10/04/2017,10/17/2017,10/20/2017,MAILED,NO,NO,,NO,IR,05,008,026,144,OCMU,00111,,00007,40,
WILKINSON,05765219,HOWELL,TAFFETA,SHEDERAL,,197,BACON ST, ,IRWINTON,GA,31042,,PO BOX 109,,IRWINTON,GA,31042-0010,A,A,,10/19/2017,10/19/2017,10/19/2017,IN PERSON,NO,NO,,NO,IR,05,008,026,144,OCMU,00112,158018,00042,88,
WILKINSON,00745898,BROWNE,SARA,B,,118,BEAR CAMP RD, ,IRWINTON,GA,31042-2513,,PO BOX 185,,IRWINTON,GA,31042-0018,A,,,10/23/2017,10/23/2017,,MAILED,NO,NO,,NO,IR,05,008,026,144,OCMU,00112,,00016,116,
WILKINSON,00749366,CURRY,JAMES,,,205,BACON ST, ,IRWINTON,GA,31042-2527,,PO BOX 361,,IRWINTON,GA,31042-0036,A,A,,10/30/2017,10/30/2017,10/30/2017,IN PERSON,NO,NO,,NO,IR,05,008,026,144,OCMU,00112,158018,00127,203,
WILKINSON,00746578,WHIPPLE,J,W,,101,IRWINTON RD, ,TOOMSBORO,GA,31090-2007,101,IRWINTON RD,,TOOMSBORO,GA,31090-2007,A,A,,10/30/2017,10/30/2017,10/30/2017,IN PERSON,NO,NO,,NO,TO,07,008,026,144,OCMU,00116,158018,00122,198,
WILKINSON,00746790,BRIGHT,CINDA,SLOAN,,108,SITTON AVE, ,GORDON,GA,31031-4117,108,SITTON AVE,,GORDON,GA,31031-4117,A,A,,10/20/2017,10/20/2017,10/20/2017,IN PERSON,NO,NO,,NO,GO,10,008,026,144,OCMU,00118,158018,00051,99,
WILKINSON,00747627,DENSLEY,SYLVIA,V,,266,GRAY HWY, ,GORDON,GA,31031-3332,,PO BOX 816,,GORDON,GA,31031-0081,A,A,,10/19/2017,10/19/2017,10/19/2017,IN PERSON,NO,NO,,NO,GO,10,008,026,144,OCMU,00118,158018,00049,96,
WILKINSON,00749869,HOWELL,DOROTHY,JANE,,133,BURNEY RD, ,GORDON,GA,31031,133,BURNEY RD,,GORDON,GA,31031,A,A,,10/24/2017,10/25/2017,11/03/2017,MAILED,NO,NO,,NO,GO,10,008,026,144,OCMU,00118,,00042,145,
WILKINSON,00746263,MINGO,BILLIE,JEAN,,198,W MAIN ST, ,IRWINTON,GA,31042-2800,,PO BOX 317,,IRWINTON,GA,31042-0031,A,A,,10/27/2017,10/27/2017,10/27/2017,IN PERSON,NO,NO,,NO,IR,05,008,026,144,OCMU,00112,158018,00110,186,
WILKINSON,08805022,SAULS,TIFFANY,R,,66,5TH ST, ,DANVILLE,GA,31017-9327,66,5TH ST,,DANVILLE,GA,31017-9327,A,A,,10/27/2017,10/27/2017,11/02/2017,MAILED,NO,NO,,NO,DA,11,008,026,144,OCMU,00120,,00001,181,
WILKINSON,01099399,HORTON,DEBRA,JOYCE,,107,ANN ST, ,GORDON,GA,31031,107,ANN ST,,GORDON,GA,31031,A,A,,11/03/2017,11/03/2017,11/03/2017,IN PERSON,NO,NO,,NO,GO,10,008,026,144,OCMU,00118,158018,00193,277,
WILKINSON,00747006,BROOKS,ROBERT,L,,120,GA HIGHWAY 243, ,IVEY,GA,31031-3502,120,GA HIGHWAY 243,,IVEY,GA,31031-3502,A,A,,11/02/2017,11/02/2017,11/02/2017,IN PERSON,NO,NO,,NO,IV,06,008,026,144,OCMU,00113,158018,00172,254,
WILKINSON,00749134,MURPHY,ROBERT,F,JR,106,PENN ST, ,GORDON,GA,31031-4113,106,PENN ST,,GORDON,GA,31031-4113,A,A,,10/26/2017,10/26/2017,10/26/2017,IN PERSON,NO,NO,,NO,GO,10,008,026,144,OCMU,00118,158018,00094,167,
WILKINSON,06480775,WALLS,HEATHER,HARRIS,,196,COLLEGE ST, ,GORDON,GA,31031-3426,,PO BOX 32,,GORDON,GA,31031-0003,A,A,,10/17/2017,10/18/2017,11/03/2017,MAILED,NO,NO,,NO,GO,10,008,026,144,OCMU,00119,,00023,59,
WILKINSON,00747659,VEAL,JANNETT,W,,121,HOLLY ST, ,GORDON,GA,31031-3421,,PO BOX 291,,GORDON,GA,31031-0029,A,A,,10/18/2017,10/18/2017,10/18/2017,IN PERSON,NO,NO,,NO,GO,10,008,026,144,OCMU,00119,158018,00032,76,
WILKINSON,10327470,JONES,AZIZMA,,,121,ALLEN ST, ,IRWINTON,GA,31042,,PO BOX 35,,IRWINTON,GA,31042-0035,A,,,10/10/2017,10/17/2017,,MAILED,NO,NO,,NO,IR,05,008,026,144,OCMU,00112,,00006,39,
WILKINSON,00746562,INGRAM,CAROLYN,WILLIAMS,,116,KNIGHT ST, ,IRWINTON,GA,31042-2832,116,KNIGHT ST,,IRWINTON,GA,31042-2832,A,A,,10/26/2017,10/26/2017,10/26/2017,IN PERSON,NO,NO,,NO,IR,05,008,026,144,OCMU,00112,158018,00089,162,
WILKINSON,00747097,DANIEL,BRUCE,S,,238,GRAY HWY, ,GORDON,GA,31031-4108,,P O BOX 530,,GORDON,GA,31031,A,A,,11/03/2017,11/03/2017,11/03/2017,IN PERSON,NO,NO,,NO,GO,10,008,026,144,OCMU,00118,158018,00209,294,
WILKINSON,06386213,HOOKS,LARRY,,,111,EPPS ST, ,GORDON,GA,31031,111,EPPS ST,,GORDON,GA,31031,A,A,,10/24/2017,10/25/2017,11/03/2017,MAILED,NO,NO,,NO,GO,10,008,026,144,OCMU,00118,,00041,144,
WILKINSON,00747304,IVEY,RUBY,NELL,,267,GRAY HWY, ,GORDON,GA,31031-4106,,PO BOX 235,,GORDON,GA,31031-0023,A,A,,10/02/2017,10/16/2017,10/20/2017,MAILED,NO,NO,ELDERLY,NO,GO,10,008,026,144,OCMU,00119,,00013,22,
WILKINSON,00749651,ETHERIDGE,PHYLLIS,B,,217,GRAY HWY, ,GORDON,GA,31031-3304,,PO BOX 145,,GORDON,GA,31031-0014,A,A,,11/03/2017,11/03/2017,11/03/2017,IN PERSON,NO,NO,,NO,GO,10,008,026,144,OCMU,00119,158018,00189,273,
WILKINSON,00747848,CUMMINGS,LOUISE,CURRY,,193,LAVENDER RD, ,IRWINTON,GA,31042,,PO BOX 264,,IRWINTON,GA,31042-0026,A,A,,10/27/2017,10/27/2017,10/31/2017,MAILED,NO,NO,,NO,IR,05,008,026,144,OCMU,00112,,00020,182,
WILKINSON,00750224,CRAWFORD,SHERI,F,,174,BACON ST, ,IRWINTON,GA,31042-2512,174,BACON ST,,IRWINTON,GA,31042-2512,A,A,,10/19/2017,10/19/2017,10/19/2017,IN PERSON,NO,NO,,NO,IR,05,008,026,144,OCMU,00112,158018,00035,80,
WILKINSON,06095766,GRANADE,JAMES,KEITH,,108,BAUXITE AVE, ,GORDON,GA,31031,,PO BOX 707,,GORDON,GA,31031-0070,A,A,,10/02/2017,10/16/2017,10/20/2017,MAILED,NO,NO,,NO,GO,10,008,026,144,OCMU,00118,,00018,27,
WILKINSON,00747663,WHIPPLE,MILTON,ARNOLD,,145,WESTBROOK RD, ,GORDON,GA,31031-4125,,PO BOX 875,,GORDON,GA,31031-0875,A,A,,10/19/2017,10/19/2017,10/19/2017,IN PERSON,NO,NO,,NO,GO,10,008,026,144,OCMU,00119,158018,00039,84,
WILKINSON,00748595,BROWN,EDNA,MAE,,106,PINE ST, ,IRWINTON,GA,31042-2546,,PO BOX 66,,IRWINTON,GA,31042-0006,A,A,,10/26/2017,10/26/2017,10/26/2017,IN PERSON,NO,NO,,NO,IR,05,008,026,144,OCMU,00112,158018,00090,163,
WILKINSON,00748428,SMITH,JESSIE,,,118,PINEVIEW CIR, ,TOOMSBORO,GA,31090,,P.O. BOX 81,,TOOMSBORO,GA,31090,A,A,,11/02/2017,11/02/2017,11/06/2017,MAILED,NO,NO,,NO,TO,07,008,026,144,OCMU,00116,,00002,267,
WILKINSON,00749860,HAYLES,GENA,ELAINIE,,145,ELAM ST, ,GORDON,GA,31031,145,ELAM ST,,GORDON,GA,31031,A,A,,10/12/2017,10/16/2017,10/24/2017,MAILED,NO,NO,,NO,GO,10,008,026,144,OCMU,00118,,00016,25,
WILKINSON,00751034,VEAL,TABITHA,N,,308,GRAY HWY, ,GORDON,GA,31031-3324,,PO BOX 455,,GORDON,GA,31031-0045,A,A,,10/27/2017,10/27/2017,10/27/2017,IN PERSON,NO,NO,,NO,GO,10,008,026,144,OCMU,00118,158018,00109,184,
WILKINSON,00750897,AUSTIN,BETTY,,,141,COLLEGE ST, ,GORDON,GA,31031-3429,141,COLLEGE ST,,GORDON,GA,31031-3429,A,A,,10/06/2017,10/16/2017,10/25/2017,MAILED,NO,NO,,NO,GO,10,008,026,144,OCMU,00119,,00020,29,
WILKINSON,03477240,JACKSON,HARRIET,,,154,COLLEGE ST, ,GORDON,GA,31031-3426,154,COLLEGE ST,,GORDON,GA,31031-3426,A,A,,11/01/2017,11/01/2017,11/01/2017,IN PERSON,NO,NO,,NO,GO,10,008,026,144,OCMU,00119,158018,00155,235,
WILKINSON,00746148,HOWELL,SANDRA,LOUISE,,197,BACON ST,A,IRWINTON,GA,31042-2525,,PO BOX 109,,IRWINTON,GA,31042-0010,A,A,,10/10/2017,10/17/2017,10/19/2017,MAILED,NO,NO,DISABLED,NO,IR,05,008,026,144,OCMU,00112,,00008,41,
WILKINSON,00745975,CRAWFORD,JOYCE,W,,172,BACON ST, ,IRWINTON,GA,31042-2512,172,BACON ST,,IRWINTON,GA,31042-2512,A,A,,10/31/2017,10/31/2017,10/31/2017,IN PERSON,NO,NO,,NO,IR,05,008,026,144,OCMU,00112,158018,00132,208,
WILKINSON,00747639,WATERS,JOHNNIE,M,,213,ELAM ST, ,GORDON,GA,31031,213,ELAM ST,,GORDON,GA,31031,A,A,,10/13/2017,10/16/2017,11/02/2017,MAILED,NO,NO,DISABLED,NO,GO,10,008,026,144,OCMU,00118,,00002,8,
WILKINSON,10085093,MYRICK,DEXTER,TERRELL,,198,COLLEGE ST, ,GORDON,GA,31031,198,COLLEGE ST,,GORDON,GA,31031,A,A,,11/03/2017,11/03/2017,11/03/2017,IN PERSON,NO,NO,,NO,GO,10,008,026,144,OCMU,00119,158018,00202,286,
WILKINSON,11491716,FORD,DELDRICK,JERMAINE,,105,GRIMES LN, ,GORDON,GA,31031,105,GRIMES LN,,GORDON,GA,31031,R,,Not Registered (After VR Deadline),10/11/2017,,,MAILED,NO,NO,,YES,GO,10,008,026,144,OCMU,00119,,,108,
WILKINSON,03291962,WHIPPLE,LINDA,,,148,KNIGHT ST, ,IRWINTON,GA,31042-2832,,PO BOX 41,,IRWINTON,GA,31042-0004,A,A,,11/02/2017,11/02/2017,11/02/2017,IN PERSON,NO,NO,,NO,IR,05,008,026,144,OCMU,00112,158018,00178,261,
WILKINSON,00747336,LAMB,ARLENE,D,,110,SITTON AVE, ,GORDON,GA,31031,110,SITTON AVE,,GORDON,GA,31031,A,A,,10/27/2017,10/27/2017,10/27/2017,IN PERSON,NO,NO,,NO,GO,10,008,026,144,OCMU,00118,158018,00104,177,
WILKINSON,01102652,BAZEMORE,GREGORY,DANE,,114,GREENVIEW AVE, ,GORDON,GA,31031-3902,,PO BOX 770,,GORDON,GA,31031-0077,A,A,,10/25/2017,10/25/2017,10/25/2017,IN PERSON,NO,NO,,NO,GO,10,008,026,144,OCMU,00118,158018,00083,156,
WILKINSON,00747337,LAMB,BILLY,J,,110,SITTON AVE, ,GORDON,GA,31031,110,SITTON AVE,,GORDON,GA,31031,A,A,,10/27/2017,10/27/2017,10/27/2017,IN PERSON,NO,NO,,NO,GO,10,008,026,144,OCMU,00118,158018,00105,178,
WILKINSON,00747098,DANIELS,JEWELL,SWIFT,,115,ELM ST, ,GORDON,GA,31031-3209,115,ELM ST,,GORDON,GA,31031-3209,A,A,,10/18/2017,10/18/2017,10/18/2017,IN PERSON,NO,NO,,NO,GO,10,008,026,144,OCMU,00118,158018,00027,71,
WILKINSON,00747564,VEAL,PAMELA,S,,121,SHINHOLSTER ST, ,GORDON,GA,31031,,PO BOX 534,,GORDON,GA,31031-0062,A,A,,10/30/2017,10/30/2017,10/30/2017,IN PERSON,NO,NO,,NO,GO,10,008,026,144,OCMU,00119,158018,00120,196,
WILKINSON,00746917,ADSIDE,JESSIE,J,,130,HOLLY ST, ,GORDON,GA,31031-3420,,P O BOX 53,,GORDON,GA,31031,A,A,,11/02/2017,11/02/2017,11/02/2017,IN PERSON,NO,NO,,NO,GO,10,008,026,144,OCMU,00119,158018,00173,256,
WILKINSON,00175202,WILLIAMS,MARION,,,113,CHURCH ST, ,IRWINTON,GA,31042,,PO BOX 84,,IRWINTON,GA,31042-0008,A,A,,10/25/2017,10/25/2017,10/25/2017,IN PERSON,NO,NO,,NO,IR,05,008,026,144,OCMU,00112,158018,00080,148,
WILKINSON,07452843,HOWELL,ADELENE,,,197,BACON ST, ,IRWINTON,GA,31042-2525,,PO BOX 109,,IRWINTON,GA,31042-0010,A,A,,10/10/2017,10/17/2017,10/19/2017,MAILED,NO,NO,DISABLED,NO,IR,05,008,026,144,OCMU,00112,,00009,42,
WILKINSON,00745960,COLEY,QUINCES,SMITH,,163,W MAIN ST, ,IRWINTON,GA,31042-2813,,PO BOX 27,,IRWINTON,GA,31042-0002,A,A,,11/02/2017,11/02/2017,11/02/2017,IN PERSON,NO,NO,,NO,IR,05,008,026,144,OCMU,00112,158018,00180,263,
WILKINSON,00747246,HARRIS,MARY,E,,106,JACKSON RD, ,GORDON,GA,31031,106,JACKSON RD,,GORDON,GA,31031,A,A,,10/03/2017,10/16/2017,10/25/2017,MAILED,NO,NO,ELDERLY,NO,IV,06,008,026,144,OCMU,00113,,00001,30,
WILKINSON,11466937,WHIPPLE,MAYA,ALEXIA,,168,MAIN ST, ,GORDON,GA,31031,168,MAIN ST,,GORDON,GA,31031,A,A,,10/25/2017,10/25/2017,10/25/2017,IN PERSON,NO,NO,,NO,GO,10,008,026,144,OCMU,00119,158018,00086,159,
WILKINSON,10107667,VEAL,CHARLES,LEE,,153,WESTBROOK RD,H-8,GORDON,GA,31031,153,WESTBROOK RD,H-8,GORDON,GA,31031,A,A,,11/02/2017,11/02/2017,11/02/2017,IN PERSON,NO,NO,DISABLED,NO,GO,10,008,026,144,OCMU,00119,158018,00175,258,
WILKINSON,01101570,HERRIN,HOKE,LAMAR,JR,125,ELAM ST, ,GORDON,GA,31031,125,ELAM ST,,GORDON,GA,31031-2504,A,A,,10/27/2017,10/27/2017,10/27/2017,IN PERSON,NO,NO,,NO,GO,10,008,026,144,OCMU,00118,158018,00103,176,
WILKINSON,06581160,BARNES,OLYMPIA,COMANICIA,,306,GRAY HWY, ,GORDON,GA,31031-3324,,PO BOX 967,,GORDON,GA,31031-0096,A,A,,11/03/2017,11/03/2017,11/03/2017,IN PERSON,NO,NO,,NO,GO,10,008,026,144,OCMU,00118,158018,00210,295,
WILKINSON,06654912,PARKS,SIDNEY,LEE,JR,147,WESTBROOK RD, ,GORDON,GA,31031,,PO BOX 211,,GORDON,GA,31031,A,A,,10/17/2017,10/18/2017,10/30/2017,MAILED,NO,NO,,NO,GO,10,008,026,144,OCMU,00119,,00026,62,
WILKINSON,00747030,TOWLES,BARBARA,ANN,,145,SHINHOLSTER ST, ,GORDON,GA,31031-3419,,PO BOX 938,,GORDON,GA,31031-0093,A,A,,10/23/2017,10/23/2017,10/23/2017,IN PERSON,NO,NO,,NO,GO,10,008,026,144,OCMU,00119,158018,00069,126,
WILKINSON,03307925,VEAL,CEDRIE,LEON,,221,COLLEGE ST, ,GORDON,GA,31031-3413,221,COLLEGE ST,,GORDON,GA,31031-3413,A,A,,10/31/2017,10/31/2017,11/06/2017,MAILED,NO,NO,,NO,GO,10,008,026,144,OCMU,00119,,00052,220,
WILKINSON,00747298,HOWELL,MINNIE,PEARL,,149,SHINHOLSTER ST, ,GORDON,GA,31031-3419,,PO BOX 658,,GORDON,GA,31031-0065,A,A,,10/25/2017,10/25/2017,10/25/2017,IN PERSON,NO,NO,,NO,GO,10,008,026,144,OCMU,00119,158018,00085,158,
WILKINSON,00745876,BOONE,LEE,SANDEFUR,,118,HIGH HILL ST, ,IRWINTON,GA,31042-2610,,PO BOX 525,,IRWINTON,GA,31042-0052,A,A,,10/19/2017,10/19/2017,10/19/2017,IN PERSON,NO,NO,,NO,IR,05,008,026,144,OCMU,00111,158018,00046,92,
WILKINSON,00748665,HOPSON,RITA,FAYE,,107,BANK ST, ,IRWINTON,GA,31042-2601,,PO BOX 188,,IRWINTON,GA,31042-0018,A,A,,10/31/2017,10/31/2017,10/31/2017,IN PERSON,NO,NO,,NO,IR,05,008,026,144,OCMU,00111,158018,00146,225,
WILKINSON,00749840,CURRY,IDA,L,,108,KNIGHT ST, ,IRWINTON,GA,31042-2832,,PO BOX 343,,IRWINTON,GA,31042-0034,A,A,,10/10/2017,10/17/2017,10/27/2017,MAILED,NO,NO,DISABLED,NO,IR,05,008,026,144,OCMU,00112,,00013,46,
WILKINSON,00745839,BACON,RAYMOND,H,,134,BACON ST, ,IRWINTON,GA,31042-2512,,PO BOX 173,,IRWINTON,GA,31042-0017,A,A,,10/24/2017,10/24/2017,10/24/2017,IN PERSON,NO,NO,,NO,IR,05,008,026,144,OCMU,00112,158018,00078,135,
WILKINSON,00691398,HIGHTOWER,FELICIA,L,,106,HUGHES ST, ,IRWINTON,GA,31042,,PO BOX 476,,IRWINTON,GA,31042-0047,A,A,,10/30/2017,10/30/2017,10/30/2017,IN PERSON,NO,NO,,NO,IR,05,008,026,144,OCMU,00112,158018,00116,192,
WILKINSON,00746373,ROBINSON,GUSSIE,,,216,BACON ST, ,IRWINTON,GA,31042-2526,216,BACON ST,,IRWINTON,GA,31042-2526,A,A,,10/11/2017,10/17/2017,10/24/2017,MAILED,NO,NO,ELDERLY,NO,IR,05,008,026,144,OCMU,00112,,00003,36,
WILKINSON,00745934,CARSWELL,JOYCE,SMITH,,108,COLLEGE ST, ,GORDON,GA,31031,,PO BOX 464,,GORDON,GA,31031,A,A,,11/03/2017,11/03/2017,11/03/2017,IN PERSON,NO,NO,,NO,GO,10,008,026,144,OCMU,00118,158018,00207,292,
WILKINSON,07428346,SMITH,CYLER,H,,103,SARAH KATE WAY, ,GORDON,GA,31031-2650,103,SARAH KATE WAY,,GORDON,GA,31031-2650,A,A,,10/18/2017,10/18/2017,10/18/2017,IN PERSON,NO,NO,,NO,GO,10,008,026,144,OCMU,00118,158018,00026,70,
WILKINSON,00747646,WEAVER,MATHIS,S,,134,JACKSON ST, ,GORDON,GA,31031,134,JACKSON ST,,GORDON,GA,31031,A,A,,10/16/2017,10/16/2017,10/24/2017,MAILED,NO,NO,,NO,GO,10,008,026,144,OCMU,00118,,00001,7,
WILKINSON,00748724,GRINSTEAD,MARTHA,WEAVER,,103,DUNCAN ST, ,GORDON,GA,31031-3917,103,DUNCAN ST,,GORDON,GA,31031-3917,A,A,,10/24/2017,10/24/2017,10/24/2017,IN PERSON,NO,NO,,NO,GO,10,008,026,144,OCMU,00118,158018,00074,131,
WILKINSON,03642535,SMITH,APRILL,ADSIDE,,105,POWELL ST, ,GORDON,GA,31031-3423,,PO BOX 558,,GORDON,GA,31031-0055,A,A,,10/27/2017,10/27/2017,10/27/2017,IN PERSON,NO,NO,,NO,GO,10,008,026,144,OCMU,00119,158018,00111,187,
WILKINSON,00749595,ROZIER,VIRGINIA,DENISE,,168,MAIN ST, ,GORDON,GA,31031,,P.O BOX 998,,GORDON,GA,31031-3830,A,A,,11/03/2017,11/03/2017,11/03/2017,IN PERSON,NO,NO,,NO,GO,10,008,026,144,OCMU,00119,158018,00198,282,
WILKINSON,00747662,LUE,MARY,HARRIS,,151,WESTBROOK RD,A,GORDON,GA,31031-4125,,PO BOX 32,,GORDON,GA,31031-0003,A,A,,10/17/2017,10/17/2017,10/17/2017,IN PERSON,NO,NO,,NO,GO,10,008,026,144,OCMU,00119,158018,00018,56,
WILKINSON,00750298,ALLEN,BRENDA,LEE,,136,WRILEY RD, ,IRWINTON,GA,31042-2606,136,WRILEY RD,,IRWINTON,GA,31042-2606,A,A,,10/18/2017,10/18/2017,10/18/2017,IN PERSON,NO,NO,,NO,IR,05,008,026,144,OCMU,00111,158018,00021,65,
WILKINSON,00749175,WALKER,DORIS,JEAN,,121,HIGH HILL ST, ,IRWINTON,GA,31042-2611,121,HIGH HILL ST,,IRWINTON,GA,31042-2611,A,A,,11/03/2017,11/03/2017,11/03/2017,IN PERSON,NO,NO,,NO,IR,05,008,026,144,OCMU,00111,158018,00187,271,
WILKINSON,11479956,CUMMINGS,WILLIE,,,116,BEAR CAMP RD, ,IRWINTON,GA,31042,116,BEAR CAMP RD,,IRWINTON,GA,31042,A,A,,10/23/2017,10/23/2017,10/27/2017,MAILED,NO,NO,,NO,IR,05,008,026,144,OCMU,00112,,00019,122,
WILKINSON,04049411,LEWIS,SCOTTY,,,111,PINEVIEW CIR,A,TOOMSBORO,GA,31090,111,PINEVIEW CIR,A,TOOMSBORO,GA,31090,A,A,,10/30/2017,10/30/2017,10/30/2017,IN PERSON,NO,NO,,NO,TO,07,008,026,144,OCMU,00116,158018,00112,188,
WILKINSON,11420997,DEASON,WENDELL,T,,111,EPPS ST, ,GORDON,GA,31031,111,EPPS ST,,GORDON,GA,31031,A,A,,10/24/2017,10/25/2017,11/03/2017,MAILED,NO,NO,,NO,GO,10,008,026,144,OCMU,00118,,00039,142,
WILKINSON,00747142,DUPREE,MARK,A,,107,ANN ST, ,GORDON,GA,31031-3912,,PO BOX 484,,GORDON,GA,31031-0048,A,A,,11/03/2017,11/03/2017,11/03/2017,IN PERSON,NO,NO,,NO,GO,10,008,026,144,OCMU,00118,158018,00192,276,
WILKINSON,00746359,REECE,MARY,DEEN,,120,ASBELL ST, ,IRWINTON,GA,31042-2547,,PO BOX 497,,IRWINTON,GA,31042-0049,A,A,,10/23/2017,10/23/2017,10/23/2017,IN PERSON,NO,NO,,NO,IR,05,008,026,144,OCMU,00111,158018,00057,109,
WILKINSON,00746567,WHIPPLE,ANNIE,JEAN,,150,W MAIN ST, ,IRWINTON,GA,31042-2800,150,W MAIN ST,,IRWINTON,GA,31042-2800,A,A,,11/02/2017,11/02/2017,11/02/2017,IN PERSON,NO,NO,,NO,IR,05,008,026,144,OCMU,00112,158018,00181,264,
WILKINSON,03315628,DAVIS,DELLA,M,,166,S RAILROAD ST, ,TOOMSBORO,GA,31090,,PO BOX 93,,TOOMSBORO,GA,31090-0005,A,A,,10/18/2017,10/18/2017,10/18/2017,IN PERSON,NO,NO,,NO,TO,07,008,026,144,OCMU,00116,158018,00020,64,
WILKINSON,00747665,SAMPSON,BEATRICE,W,,131,MAIN ST, ,GORDON,GA,31031,,PO BOX 843,,GORDON,GA,31031-0084,A,A,,10/30/2017,10/30/2017,10/30/2017,IN PERSON,NO,NO,,NO,GO,10,008,026,144,OCMU,00118,158018,00115,191,
WILKINSON,00702861,WILLIAMS,BRENDA,,,165,MAIN ST, ,GORDON,GA,31031,165,MAIN ST,,GORDON,GA,31031,A,A,,10/26/2017,10/26/2017,10/26/2017,IN PERSON,NO,NO,,NO,GO,10,008,026,144,OCMU,00119,158018,00092,165,
WILKINSON,00746367,ROBERTS,PEGGY,BECK,,137,E MAIN ST, ,IRWINTON,GA,31042-2603,137,E MAIN ST,,IRWINTON,GA,31042-2603,A,A,,10/31/2017,10/31/2017,10/31/2017,IN PERSON,NO,NO,,NO,IR,05,008,026,144,OCMU,00111,158018,00135,211,
WILKINSON,03515139,PALM,CHARLIE,BENARD,,104,BANK ST, ,IRWINTON,GA,31042-2600,,PO BOX 94,,IRWINTON,GA,31042-0009,A,A,,10/26/2017,10/26/2017,10/26/2017,IN PERSON,NO,NO,,NO,IR,05,008,026,144,OCMU,00111,158018,00088,161,
WILKINSON,00745923,CARSWELL,BETTY,JEAN,,115,PINE ST, ,IRWINTON,GA,31042-2545,,PO BOX 76,,IRWINTON,GA,31042-0007,A,A,,11/02/2017,11/02/2017,11/02/2017,IN PERSON,NO,NO,,NO,IR,05,008,026,144,OCMU,00112,158018,00169,251,
WILKINSON,00748288,COLSON,MARY,JANE,,143,SHEPPARD ST, ,TOOMSBORO,GA,31090-2012,,PO BOX 94,,TOOMSBORO,GA,31090-0009,A,A,,11/01/2017,11/01/2017,11/01/2017,IN PERSON,NO,NO,,NO,TO,07,008,026,144,OCMU,00116,158018,00157,237,
WILKINSON,11479615,SMITH,GREGORY,TYRONE,,111,JONES ST, ,GORDON,GA,31031,111,JONES ST,,GORDON,GA,31031,A,A,,11/03/2017,11/03/2017,11/03/2017,IN PERSON,NO,NO,,NO,GO,10,008,026,144,OCMU,00118,158018,00196,280,
WILKINSON,00748506,EADY,MELBA,YARBROUGH,,142,KENNINGTON RD, ,GORDON,GA,31031,,PO BOX 646,,GORDON,GA,31031-0064,A,A,,10/23/2017,10/23/2017,10/23/2017,IN PERSON,NO,NO,,NO,GO,10,008,026,144,OCMU,00118,158018,00058,110,
WILKINSON,03845427,CURRY,MAMIE,PALM,,104,BANK ST, ,IRWINTON,GA,31042-2600,,PO BOX 94,,IRWINTON,GA,31042-0009,A,A,,10/10/2017,10/17/2017,10/27/2017,MAILED,NO,NO,DISABLED,NO,IR,05,008,026,144,OCMU,00111,,00012,45,
WILKINSON,06032005,SMITH,DENNIS,RAYVON,III,105,CHAPPELL ST, ,GORDON,GA,31031-4120,1171,GOODWIN RD N.E,,ATLANTA,GA,30324,A,,,09/26/2017,10/16/2017,,MAILED,NO,NO,,NO,GO,10,008,026,144,OCMU,00118,,00006,12,
WILKINSON,00747106,DAVIS,KENNETH,R,,137,MILLEDGEVILLE HWY, ,GORDON,GA,31031-3303,137,MILLEDGEVILLE HWY,,GORDON,GA,31031-3303,A,A,,10/23/2017,10/23/2017,10/23/2017,IN PERSON,NO,NO,,NO,GO,10,008,026,144,OCMU,00119,158018,00063,117,
WILKINSON,08533913,RIVERA,ALEXANDER,C,,115,MULBERRY ST, ,GORDON,GA,31031,115,MULBERRY ST,,GORDON,GA,31031,A,A,,10/23/2017,10/23/2017,10/23/2017,IN PERSON,NO,NO,,NO,GO,10,008,026,144,OCMU,00118,158018,00066,123,
WILKINSON,00750982,LEWIS,KLONNIE,W,,131,ELAM ST, ,GORDON,GA,31031-2504,,PO BOX 508,,GORDON,GA,31031-0029,A,A,,10/20/2017,10/20/2017,10/24/2017,MAILED,NO,NO,DISABLED,NO,GO,10,008,026,144,OCMU,00118,,00031,102,
WILKINSON,00751033,VALDEZ,WILLIE,MAE,,105,HARDIE ST, ,GORDON,GA,31031-4112,316,CLINE FALLS DR.,,HOLLY SPRINGS,NC,27540,A,,,11/02/2017,11/02/2017,,MAILED,NO,NO,,NO,GO,10,008,026,144,OCMU,00119,,00055,248,
WILKINSON,00750744,WENTWORTH,JAMES,D,,171,E MAIN ST, ,IRWINTON,GA,31042-9766,,PO BOX 360,,IRWINTON,GA,31042-0036,A,A,,11/02/2017,11/02/2017,11/02/2017,IN PERSON,NO,NO,,NO,IR,05,008,026,144,OCMU,00111,158018,00176,259,
WILKINSON,00746861,WILLIAMS,HELEN,R,,148,ALLEN ST, ,IRWINTON,GA,31042,,PO BOX 24,,IRWINTON,GA,31042-0002,A,A,,10/23/2017,10/23/2017,10/23/2017,IN PERSON,NO,NO,,NO,IR,05,008,026,144,OCMU,00112,158018,00068,125,
WILKINSON,00746101,HILL,JOHNNY,MANSON,,208,W MAIN ST,B,IRWINTON,GA,31042-2814,,PO BOX 3,,IRWINTON,GA,31042,A,A,,10/26/2017,10/26/2017,10/26/2017,IN PERSON,NO,NO,,NO,IR,05,008,026,144,OCMU,00112,158018,00098,171,
WILKINSON,00747658,WHIPPLE,JAMES,RICHARD,JR,272,GRAY HWY, ,GORDON,GA,31031-3332,,PO BOX 650,,GORDON,GA,31031-0065,A,A,,10/30/2017,10/30/2017,10/30/2017,IN PERSON,NO,NO,,NO,GO,10,008,026,144,OCMU,00118,158018,00124,200,
WILKINSON,00749513,DUPREE,JULIA,ELLEN,,117,HARDIE ST, ,GORDON,GA,31031,117,HARDIE ST,,GORDON,GA,31031,A,A,,10/31/2017,10/31/2017,10/31/2017,IN PERSON,NO,NO,,NO,GO,10,008,026,144,OCMU,00118,158018,00144,223,
WILKINSON,00748487,WHIPPLE,MARTHA,STRANGE,,101,IRWINTON RD, ,TOOMSBORO,GA,31090-2007,101,IRWINTON RD,,TOOMSBORO,GA,31090-2007,A,A,,10/30/2017,10/30/2017,10/30/2017,IN PERSON,NO,NO,,NO,TO,07,008,026,144,OCMU,00116,158018,00123,199,
WILKINSON,00807778,ADAMS,JUDITH,JOHNSON,,154,HARBERSON WALKER RD, ,GORDON,GA,31031-3210,154,HARBERSON WALKER RD,,GORDON,GA,31031-3210,A,A,,10/19/2017,10/19/2017,10/19/2017,IN PERSON,NO,NO,,NO,GO,10,008,026,144,OCMU,00118,158018,00045,91,
WILKINSON,00747096,DANIEL,BARBARA,S,,102,FORREST AVE, ,GORDON,GA,31031-3920,,PO BOX 506,,GORDON,GA,31031-0050,A,A,,11/01/2017,11/01/2017,11/06/2017,MAILED,NO,NO,ELDERLY,NO,GO,10,008,026,144,OCMU,00118,,00053,234,
WILKINSON,00751018,SHINHOLSTER,BARBARA,A,,111,TREMON ST, ,GORDON,GA,31031,,PO BOX 174,,GORDON,GA,31031-0017,A,A,,10/31/2017,10/31/2017,10/31/2017,IN PERSON,NO,NO,,NO,GO,10,008,026,144,OCMU,00119,158018,00145,224,
WILKINSON,00750939,ETHERIDGE,BARBARA,F,,102,HAWTHORNE ST, ,GORDON,GA,31031-4110,,PO BOX 236,,GORDON,GA,31031-0023,A,A,,10/23/2017,10/23/2017,10/23/2017,IN PERSON,NO,NO,,NO,GO,10,008,026,144,OCMU,00119,158018,00061,114,
WILKINSON,00746142,HOWELL,GERALDINE,,,195,BACON ST, ,IRWINTON,GA,31042-2525,,PO BOX 109,,IRWINTON,GA,31042-0010,A,A,,10/19/2017,10/19/2017,10/19/2017,IN PERSON,NO,NO,,NO,IR,05,008,026,144,OCMU,00112,158018,00040,86,
WILKINSON,07930247,UNDERWOOD,PECOYA,FORD,,105,GRIMES LN, ,GORDON,GA,31031,105,GRIMES LN,,GORDON,GA,31031,A,R,Ballot Received after Deadline,10/11/2017,10/19/2017,11/08/2017,MAILED,NO,NO,,NO,GO,10,008,026,144,OCMU,00119,,00028,93,
WILKINSON,07726799,BENTLEY,COURTNEY,LEANNE,,101,HOLLY LN, ,IRWINTON,GA,31042,101,HOLLY LN,,IRWINTON,GA,31042,A,A,,10/16/2017,10/16/2017,10/16/2017,IN PERSON,NO,NO,,NO,IR,05,008,026,144,OCMU,00111,158018,00003,3,
WILKINSON,05241809,WADE,SUSIE,HOLDER,,126,JEFFERSON ST, ,TOOMSBORO,GA,31090,,PO BOX 253,,TOOMSBORO,GA,31090-0025,A,A,,10/19/2017,10/19/2017,10/19/2017,IN PERSON,YES,NO,,NO,TO,07,008,026,144,OCMU,00116,158018,00041,87,
WILKINSON,00747685,WILSON,MARINELLE,W,,104,ANN ST, ,GORDON,GA,31031-3911,,PO BOX 454,,GORDON,GA,31031-0045,A,A,,11/03/2017,11/03/2017,11/06/2017,MAILED,NO,NO,,NO,GO,10,008,026,144,OCMU,00118,,00057,289,
WILKINSON,00750072,HARTMAN,WILLIAM,H,,107,GEORGIA ST, ,GORDON,GA,31031,,PO BOX 144,,GORDON,GA,31031-0014,A,A,,10/19/2017,10/19/2017,10/19/2017,IN PERSON,NO,NO,,NO,GO,10,008,026,144,OCMU,00118,158018,00037,82,
WILKINSON,03220220,HIXON,NANCY,A,,111,EPPS ST,SUITE 7,GORDON,GA,31031,111,EPPS ST,SUITE 7,GORDON,GA,31031,A,A,,10/24/2017,10/25/2017,11/03/2017,MAILED,NO,NO,,NO,GO,10,008,026,144,OCMU,00118,,00040,143,
WILKINSON,00747102,DANIEL,EMMA,TONEY,,238,GRAY HWY, ,GORDON,GA,31031-4108,,P O BOX 530,,GORDON,GA,31031,A,A,,11/03/2017,11/03/2017,11/03/2017,IN PERSON,NO,NO,,NO,GO,10,008,026,144,OCMU,00118,158018,00208,293,
WILKINSON,05869583,TEAL,ASHLEY,FLOYD,,108,ELM ST, ,GORDON,GA,31031-3201,108,ELM ST,,GORDON,GA,31031-3201,A,A,,11/03/2017,11/03/2017,11/03/2017,IN PERSON,NO,NO,,NO,GO,10,008,026,144,OCMU,00118,158018,00188,272,
WILKINSON,00747137,DRISKELL,HATTIE,PEARL,,117,POWELL ST, ,GORDON,GA,31031-3423,,PO BOX 863,,GORDON,GA,31031-0086,A,A,,10/18/2017,10/18/2017,10/18/2017,IN PERSON,NO,NO,,NO,GO,10,008,026,144,OCMU,00119,158018,00022,66,
WILKINSON,10646939,GLOVER,ALEXIS,KEIASIA,,198,COLLEGE ST, ,GORDON,GA,31031,198,COLLEGE ST,,GORDON,GA,31031,A,A,,11/01/2017,11/01/2017,11/01/2017,IN PERSON,NO,NO,,NO,GO,10,008,026,144,OCMU,00119,158018,00159,239,
WILKINSON,00746426,SMITH,VANESSA,LAURIA,,146,E MAIN ST, ,IRWINTON,GA,31042-2602,,PO BOX 34,,IRWINTON,GA,31042-0003,A,A,,10/20/2017,10/20/2017,10/20/2017,IN PERSON,NO,NO,,NO,IR,05,008,026,144,OCMU,00111,158018,00056,107,
WILKINSON,03686516,CURRY,PATRICK,LADRA,,108,KNIGHT ST, ,IRWINTON,GA,31042,,PO BOX 343,,IRWINTON,GA,31042-0034,A,A,,10/10/2017,10/17/2017,10/27/2017,MAILED,NO,NO,DISABLED,NO,IR,05,008,026,144,OCMU,00112,,00011,44,
WILKINSON,00746076,GREEN,FAYE,SHEPHERD,,140,BEAR CAMP RD, ,IRWINTON,GA,31042-2513,,PO BOX 54,,IRWINTON,GA,31042-0005,A,A,,10/18/2017,10/18/2017,10/18/2017,IN PERSON,NO,NO,,NO,IR,05,008,026,144,OCMU,00112,158018,00019,63,
WILKINSON,00748339,HARRISON,DINAH,,,234,S RAILROAD ST, ,TOOMSBORO,GA,31090-2020,,PO BOX 203,,TOOMSBORO,GA,31090-0020,A,A,,11/01/2017,11/01/2017,11/01/2017,IN PERSON,NO,NO,,NO,TO,07,008,026,144,OCMU,00116,158018,00158,238,
WILKINSON,00747682,WILCHER,CHARLENE,,,186,WESTBROOK RD, ,GORDON,GA,31031-4124,,PO BOX 713,,GORDON,GA,31031-0071,A,A,,10/17/2017,10/17/2017,10/17/2017,IN PERSON,NO,NO,,NO,GO,10,008,026,144,OCMU,00119,158018,00010,48,
WILKINSON,00748560,GISSENDANNER,GREGORY,R,,152,COLLEGE ST, ,GORDON,GA,31031-3426,,PO BOX 297,,GORDON,GA,31031-0029,A,A,,10/26/2017,10/26/2017,10/26/2017,IN PERSON,NO,NO,,NO,GO,10,008,026,144,OCMU,00119,158018,00100,173,
WILKINSON,00751035,VEAL,QUEEN,ESTES,,214,COLLEGE ST, ,GORDON,GA,31031-3412,,PO BOX 61,,GORDON,GA,31031-0006,A,A,,10/31/2017,10/31/2017,10/31/2017,IN PERSON,YES,NO,,NO,GO,10,008,026,144,OCMU,00119,158018,00138,215,
WILKINSON,04122382,WHIPPLE,MELISA,JANELLE,,147,WESTBROOK RD, ,GORDON,GA,31031,,PO BOX 211,,GORDON,GA,31031,A,A,,10/31/2017,10/31/2017,10/31/2017,IN PERSON,NO,NO,,NO,GO,10,008,026,144,OCMU,00119,158018,00134,210,
WILKINSON,00747457,REESE,JERRY,,,218,ELAM ST, ,GORDON,GA,31031-2502,218,ELAM ST,,GORDON,GA,31031-2502,A,A,,10/24/2017,10/24/2017,10/24/2017,IN PERSON,NO,NO,,NO,GO,10,008,026,144,OCMU,00119,158018,00071,128,
WILKINSON,00748574,CONEY,DEBRA,ANN,,108,PINE ST, ,IRWINTON,GA,31042-2546,,PO BOX 243,,IRWINTON,GA,31042-0024,A,A,,11/02/2017,11/02/2017,11/02/2017,IN PERSON,NO,NO,,NO,IR,05,008,026,144,OCMU,00112,158018,00165,246,
WILKINSON,07754652,LAVENDER,THOMAS,ALAN,,129,POPLAR ST (G), ,GORDON,GA,31031-3208,129,POPLAR ST (G),,GORDON,GA,31031-3208,A,A,,10/24/2017,10/24/2017,11/02/2017,MAILED,NO,NO,ELDERLY,NO,GO,10,008,026,144,OCMU,00118,,00034,136,
WILKINSON,07304610,WHIPPLE,JAMIE,JAMEKA,,270,GRAY HWY, ,GORDON,GA,31031-3332,,PO BOX 859,,GORDON,GA,31031-0085,A,A,,10/20/2017,10/20/2017,10/20/2017,IN PERSON,NO,NO,,NO,GO,10,008,026,144,OCMU,00118,158018,00055,106,
WILKINSON,01013737,SANDERS,CHARLIE,,,106,HOLLY ST, ,GORDON,GA,31031,,PO BOX 111,,GORDON,GA,31031,A,A,,10/26/2017,10/26/2017,10/26/2017,IN PERSON,NO,NO,,NO,GO,10,008,026,144,OCMU,00119,158018,00095,168,
WILKINSON,00747654,WHIPPLE,DORETHA,S,,124,HOLLY ST, ,GORDON,GA,31031-3420,124,HOLLY ST,,GORDON,GA,31031-3420,A,A,,11/02/2017,11/02/2017,11/02/2017,IN PERSON,NO,NO,,NO,GO,10,008,026,144,OCMU,00119,158018,00179,262,
WILKINSON,00746889,SMITH,MINNIE,JEWEL,,103,MAPLE ST (G), ,GORDON,GA,31031-3428,,PO BOX 925,,GORDON,GA,31031-0092,A,A,,11/01/2017,11/01/2017,11/01/2017,IN PERSON,NO,NO,,NO,GO,10,008,026,144,OCMU,00119,158018,00153,232,
WILKINSON,10143784,HAYLES,JESSICA,ELAINE,,145,ELAM ST, ,GORDON,GA,31031,145,ELAM ST,,GORDON,GA,31031,A,A,,10/12/2017,10/16/2017,10/25/2017,MAILED,NO,NO,,NO,GO,10,008,026,144,OCMU,00118,,00014,23,
WILKINSON,08394914,EMORY,CARDUI,,,158,PAPERMILL RD, ,GORDON,GA,31031-3318,,PO BOX 665,,GORDON,GA,31031-0066,A,A,,10/17/2017,10/18/2017,10/25/2017,MAILED,NO,NO,DISABLED,NO,GO,10,008,026,144,OCMU,00119,,00022,58,
WILKINSON,00747970,BELL,BETTY,JEAN,,104,JEFFERSON LN, ,TOOMSBORO,GA,31090,,PO BOX 235,,TOOMSBORO,GA,31090-0023,A,A,,10/04/2017,10/18/2017,10/25/2017,MAILED,NO,NO,ELDERLY,NO,TO,07,008,026,144,OCMU,00116,,00001,79,
WILKINSON,00747636,WARREN,MARTHA,GRAHAM,,107,SITTON AVE, ,GORDON,GA,31031-4118,107,SITTON AVE,,GORDON,GA,31031-4118,A,A,,10/31/2017,10/31/2017,10/31/2017,IN PERSON,NO,NO,,NO,GO,10,008,026,144,OCMU,00118,158018,00147,226,
