County,Voter Registration #,Last Name,First Name,Middle Name,Suffix,Street #,Street Name,Apt/Unit,City,State,Zip Code,Mailing Street #,Mailing Street Name,Mailing Apt/Unit,Mailing City,Mailing State,Mailing Zip Code,Application Status,Ballot Status,Status Reason,Application Date,Ballot Issued Date,Ballot Return Date,Ballot Style,Ballot Assisted,Challenged/Provisional,Designation/Reason Issue,ID Required,Municipal Precinct,County Precinct,CNG,SEN,HOUSE	,JUD,Combo #,Vote Center ID,Ballot ID,Post #,Party
WORTH,11469136,DANIELS,CHARLOTTE,,,117,JACKSON CIR, ,SYLVESTER,GA,31791,117,JACKSON CIR,,SYLVESTER,GA,31791,A,A,,10/16/2017,10/16/2017,10/16/2017,IN PERSON,NO,NO,,NO,01,1,008,013,152,TIFT,00104,159024,00013,24,
WORTH,01323430,CULPEPPER,JOHN,S,,1011,N WASHINGTON ST, ,SYLVESTER,GA,31791-1217,1011,N WASHINGTON ,,SYLVESTER,GA,31791-1217,A,A,,10/30/2017,10/30/2017,11/06/2017,MAILED,NO,NO,,NO,01,1,008,013,152,TIFT,00103,,00106,154,
WORTH,05068145,HOUSTON,MACK,HENRY HANK,,605,N WESTBERRY ST, ,SYLVESTER,GA,31791-1741,605,N WESTBERRY ST,,SYLVESTER,GA,31791-1741,A,A,,10/31/2017,10/31/2017,10/31/2017,IN PERSON,NO,NO,,NO,01,2,008,013,152,TIFT,00109,159024,00140,163,
WORTH,01326612,MCLEAN,FREDERICK,L,,115,MOORE ST, ,SYLVESTER,GA,31791-1335,115,MOORE ST,,SYLVESTER,GA,31791-1335,A,,,10/31/2017,10/31/2017,,MAILED,NO,NO,,NO,01,2,008,013,152,TIFT,00109,,00108,172,
WORTH,01330825,LEWIS,SHIRLEY,ANN,,1102,N HENDERSON ST, ,SYLVESTER,GA,31791-1206,1102,N HENDERSON ST,,SYLVESTER,GA,31791-1206,A,A,,10/25/2017,10/25/2017,10/25/2017,IN PERSON,NO,NO,,NO,01,1,008,013,152,TIFT,00103,159024,00086,104,
WORTH,05221549,MURRAY,CINDY,L,,603,N MONROE ST,LT 8,SYLVESTER,GA,31791,603,N MONROE ST,LT 8,SYLVESTER,GA,31791,A,A,,11/03/2017,11/03/2017,11/03/2017,IN PERSON,NO,NO,,NO,01,15,008,013,152,TIFT,00125,159024,00216,243,
WORTH,01223850,DYLINSKI,LISA,KAY,,124,DEWBERRY DR, ,SYLVESTER,GA,31791-7214,124,DEWBERRY DR,,SYLVESTER,GA,31791-7214,A,A,,10/20/2017,10/20/2017,10/20/2017,IN PERSON,NO,NO,,NO,01,2,008,013,152,TIFT,00109,159024,00055,69,
WORTH,07791474,MCDOWELL,HAZEL,KAREN-CHILDS,,407,N ISABELLA ST, ,SYLVESTER,GA,31791-1752,407,N ISABELLA ST,,SYLVESTER,GA,31791-1752,A,A,,10/26/2017,10/26/2017,10/26/2017,IN PERSON,NO,NO,,NO,01,1,008,013,152,TIFT,00103,159024,00103,121,
WORTH,01323839,KING,WONNA,J,,203,E PINE ST, ,SYLVESTER,GA,31791-3818,203,E PINE ST,,SYLVESTER,GA,31791-3818,A,A,,11/02/2017,11/02/2017,11/02/2017,IN PERSON,NO,NO,,NO,01,1,008,013,152,TIFT,00104,159024,00186,213,
WORTH,05613903,REYNOLDS,BILLY,FRANK,,605,N ISABELLA ST,B,SYLVESTER,GA,31791,605,N ISABELLA ST,B,SYLVESTER,GA,31791,A,A,,10/20/2017,10/20/2017,10/20/2017,IN PERSON,NO,NO,,NO,01,1,008,013,152,TIFT,00103,159024,00059,73,
WORTH,01324217,SLEDGE,JOHN,CHARLES,,207,SPRING FLATS RD, ,SYLVESTER,GA,31791,207,SPRING FLATS RD,,SYLVESTER,GA,31791,A,A,,10/30/2017,10/30/2017,10/30/2017,IN PERSON,NO,NO,,NO,01,1,008,013,152,TIFT,00102,159024,00131,151,
WORTH,06014409,HILL,SHAWN,EDWARD,,1107,N WASHINGTON ST,B,SYLVESTER,GA,31791,1107,N WASHINGTON ,B,SYLVESTER,GA,31791,A,A,,11/01/2017,11/01/2017,11/01/2017,IN PERSON,NO,NO,,NO,01,1,008,013,152,TIFT,00103,159024,00161,188,
WORTH,08235161,KING,STERLING,ALEXANDER,,303,MILES ST, ,SYLVESTER,GA,31791-7546,303,MILES ST,,SYLVESTER,GA,31791-7546,A,A,,11/01/2017,11/01/2017,11/01/2017,IN PERSON,NO,NO,,NO,01,1,008,013,152,TIFT,00102,159024,00160,187,
WORTH,01667060,CRUTCHFIELD,CYNTHIA,GAIL,,129,JACKSON CIR, ,SYLVESTER,GA,31791,129,JACKSON CIR,,SYLVESTER,GA,31791,A,A,,10/25/2017,10/25/2017,10/25/2017,IN PERSON,NO,NO,,NO,01,1,008,013,152,TIFT,00104,159024,00094,112,
WORTH,01324584,CARTER,PRISCILLA,H,,901,N ISABELLA ST, ,SYLVESTER,GA,31791-1315,505,N ISABELLA ST,,SYLVESTER,GA,31791-0173,A,A,,10/17/2017,10/17/2017,10/17/2017,IN PERSON,NO,NO,,NO,01,1,008,013,152,TIFT,00103,159024,00024,35,
WORTH,01323200,ALLEN,RUTH,,,106,S AYERS ST, ,SYLVESTER,GA,31791-1908,106,S AYERS ST,,SYLVESTER,GA,31791-1908,A,A,,11/03/2017,11/03/2017,11/03/2017,IN PERSON,NO,NO,ELDERLY,NO,01,1,008,013,152,TIFT,00102,159024,00196,223,
WORTH,01323679,ROBERTS,EMMA,DAVIS,,218,E LEE ST, ,SYLVESTER,GA,31791-3803,218,E LEE ST,,SYLVESTER,GA,31791-3803,A,A,,10/23/2017,10/23/2017,10/23/2017,IN PERSON,NO,NO,,NO,01,1,008,013,152,TIFT,00102,159024,00062,76,
WORTH,10197943,MCPHAUL,HENRY,,,902,N MAIN ST, ,SYLVESTER,GA,31791,902,N MAIN ST,,SYLVESTER,GA,31791,A,A,,11/03/2017,11/03/2017,11/03/2017,IN PERSON,NO,NO,,NO,01,2,008,013,152,TIFT,00109,159024,00223,250,
WORTH,01324814,JONES,CHARLES,E,,201,E KING ST, ,SYLVESTER,GA,31791-1321,201,E KING ST,,SYLVESTER,GA,31791-1321,A,A,,10/23/2017,10/23/2017,10/23/2017,IN PERSON,NO,NO,,NO,01,2,008,013,152,TIFT,00109,159024,00070,86,
WORTH,08558036,JACKSON,JAMILLIAH,SHARMAINE,,309,S LIVINGSTON ST, ,SYLVESTER,GA,31791,309,S LIVINGSTON ST,,SYLVESTER,GA,31791,A,A,,10/17/2017,10/17/2017,10/17/2017,IN PERSON,NO,NO,,NO,01,1,008,013,152,TIFT,00102,159024,00027,38,
WORTH,11469130,DANIELS,JAMES,,,117,JACKSON CIR, ,SYLVESTER,GA,31791,117,JACKSON CIR,,SYLVESTER,GA,31791,A,A,,10/16/2017,10/16/2017,10/16/2017,IN PERSON,NO,NO,,NO,01,1,008,013,152,TIFT,00104,159024,00014,25,
WORTH,01324530,BRAND,JOHN,SAMUEL,V,101,MOORE ST, ,SYLVESTER,GA,31791,101,MOORE ST,,SYLVESTER,GA,31791,A,A,,10/19/2017,10/19/2017,10/19/2017,IN PERSON,NO,NO,,NO,01,2,008,013,152,TIFT,00109,159024,00041,55,
WORTH,01324141,ROGERS,ROLAND,T,,106,ELM ST, ,SYLVESTER,GA,31791-1226,,PO BOX 315,,SYLVESTER,GA,31791-0031,A,A,,11/03/2017,11/03/2017,11/03/2017,IN PERSON,NO,NO,,NO,01,1,008,013,152,TIFT,00103,159024,00211,238,
WORTH,01324547,BROOKS,JEAN,E,,302,HILLSIDE DR, ,SYLVESTER,GA,31791-7201,302,HILLSIDE DR,,SYLVESTER,GA,31791-7201,A,A,,10/20/2017,10/20/2017,10/20/2017,IN PERSON,NO,NO,,NO,01,2,008,013,152,TIFT,00109,159024,00051,65,
WORTH,01323243,BILLINGSLEA,ELOISE,BRANTLEY,,504,N MONROE ST,A,SYLVESTER,GA,31791-1519,,PO BOX 635,,SYLVESTER,GA,31791-0063,A,A,,11/02/2017,11/02/2017,11/02/2017,IN PERSON,NO,NO,,NO,01,15,008,013,152,TIFT,00125,159024,00189,216,
WORTH,01324561,BRYANT,PATRICIA,V,,408,W BRYANT DR, ,SYLVESTER,GA,31791,408,W BRYANT DR,,SYLVESTER,GA,31791,A,A,,11/02/2017,11/02/2017,11/02/2017,IN PERSON,NO,NO,,NO,01,15,008,013,152,TIFT,00125,159024,00178,205,
WORTH,10007245,GOODMAN,ANTHONY,,,109,MAPLEWOOD LN, ,SYLVESTER,GA,31791,109,MAPLEWOOD LN,,SYLVESTER,GA,31791,A,,,09/28/2017,09/28/2017,,MAILED,NO,NO,DISABLED,NO,01,2,008,013,152,TIFT,00109,,00101,4,
WORTH,01324410,WILLIS,WINNIE,E,,917,N WASHINGTON ST, ,SYLVESTER,GA,31791-1215,917,N WASHINGTON ,,SYLVESTER,GA,31791-1215,A,A,,11/03/2017,11/03/2017,11/03/2017,IN PERSON,NO,NO,,NO,01,1,008,013,152,TIFT,00103,159024,00195,222,
WORTH,01324873,DRAYTON,BEVERLY,ANN,,101,WENONA DR, ,SYLVESTER,GA,31791,101,WENONA DR,,SYLVESTER,GA,31791,A,A,,11/02/2017,11/02/2017,11/02/2017,IN PERSON,NO,NO,,NO,01,1,008,013,152,TIFT,00104,159024,00174,201,
WORTH,01324918,MOREY,CHARLOTTE,HOBBY,,1307,CORDELE RD, ,SYLVESTER,GA,31791-7316,1307,CORDELE RD,,SYLVESTER,GA,31791-7316,A,A,,10/24/2017,10/24/2017,10/24/2017,IN PERSON,NO,NO,,NO,01,15,008,013,152,TIFT,00126,159024,00073,89,
WORTH,06659435,JACKSON,CHRISTOPHER,JARVIS,,100,BRIDGES ST,LOT 19,SYLVESTER,GA,31791,100,BRIDGES ST,LOT 19,SYLVESTER,GA,31791,A,A,,10/17/2017,10/17/2017,10/17/2017,IN PERSON,NO,NO,,NO,01,2,008,013,152,TIFT,00124,159024,00031,42,
WORTH,01223851,DYLINSKI,JOSEPH,B,,124,DEWBERRY DR, ,SYLVESTER,GA,31791-7214,124,DEWBERRY DR,,SYLVESTER,GA,31791-7214,A,A,,10/20/2017,10/20/2017,10/20/2017,IN PERSON,NO,NO,,NO,01,2,008,013,152,TIFT,00109,159024,00054,68,
WORTH,01323749,JACKSON,GERALDINE,WOMACK,,603,N MONROE ST,LOT 6,SYLVESTER,GA,31791,603,N MONROE ST,LOT 6,SYLVESTER,GA,31791,A,A,,11/01/2017,11/01/2017,11/01/2017,IN PERSON,NO,NO,,NO,01,15,008,013,152,TIFT,00125,159024,00151,177,
WORTH,00021496,HUNT,FREDERICK,HOWARD,II,412,PARK AVE, ,SYLVESTER,GA,31791-1885,412,PARK AVE,,SYLVESTER,GA,31791-1885,A,A,,10/23/2017,10/23/2017,10/30/2017,MAILED,NO,NO,,NO,01,2,008,013,152,TIFT,00109,,00105,85,
WORTH,01325091,MILLER,MARY,JANE,,101,E POPE ST, ,SYLVESTER,GA,31791-2116,,PO BOX 190,,SYLVESTER,GA,31791-0019,A,A,,10/30/2017,10/30/2017,10/30/2017,IN PERSON,NO,NO,,NO,01,1,008,013,152,TIFT,00104,159024,00133,155,
WORTH,01661261,BEARD,SANDRA,CHRISTINE,,104,CARRIAGE LN, ,SYLVESTER,GA,31791,104,CARRIAGE LN,,SYLVESTER,GA,31791,A,A,,10/30/2017,10/30/2017,10/30/2017,IN PERSON,NO,NO,,NO,01,2,008,013,152,TIFT,00109,159024,00123,143,
WORTH,06547135,STEVENSON,MARTHA,JAMES,,103,ANDERSON ST, ,SYLVESTER,GA,31791,103,ANDERSON ST,,SYLVESTER,GA,31791,A,A,,10/30/2017,10/30/2017,10/30/2017,IN PERSON,NO,NO,,NO,01,1,008,013,152,TIFT,00102,159024,00130,150,
WORTH,08729645,WOOD,CHRISTOPHER,JERMAINE,,108,MORNINGSIDE DR,B,SYLVESTER,GA,31791,108,MORNINGSIDE DR,B,SYLVESTER,GA,31791,A,A,,10/25/2017,10/25/2017,10/25/2017,IN PERSON,NO,NO,,NO,01,2,008,013,152,TIFT,00109,159024,00095,113,
WORTH,01324298,THURMOND,GRACE,JONES,,109,TOWN CREEK DR, ,SYLVESTER,GA,31791-3807,109,TOWN CREEK DR,,SYLVESTER,GA,31791-3807,A,A,,10/23/2017,10/23/2017,10/23/2017,IN PERSON,NO,NO,,NO,01,1,008,013,152,TIFT,00102,159024,00063,77,
WORTH,03291159,CHEEVER,IRA,LEWIS,,304,E HOBSON ST, ,SYLVESTER,GA,31791-3815,304,E HOBSON ST,,SYLVESTER,GA,31791-3815,A,A,,10/17/2017,10/17/2017,10/17/2017,IN PERSON,NO,NO,,NO,01,1,008,013,152,TIFT,00104,159024,00019,30,
WORTH,06857482,TILLERY,SATILLA,LYNN,,107,WARREN DR, ,SYLVESTER,GA,31791,107,WARREN DR,,SYLVESTER,GA,31791,A,A,,10/19/2017,10/19/2017,10/19/2017,IN PERSON,NO,NO,,NO,01,1,008,013,152,TIFT,00103,159024,00043,57,
WORTH,02509104,SHIPP,JAMES,ELDRIC,,136,WALNUT DR, ,SYLVESTER,GA,31791-1556,136,WALNUT DR,,SYLVESTER,GA,31791-1556,A,A,,10/18/2017,10/18/2017,10/18/2017,IN PERSON,NO,NO,,NO,01,1,008,013,152,TIFT,00103,159024,00039,52,
WORTH,01324610,COLBY,SHARON,B,,704,N WESTBERRY ST, ,SYLVESTER,GA,31791-1744,704,N WESTBERRY ST,,SYLVESTER,GA,31791-1744,A,A,,10/30/2017,10/30/2017,10/30/2017,IN PERSON,NO,NO,,NO,01,2,008,013,152,TIFT,00109,159024,00125,145,
WORTH,01329794,WALKER,GREGORY,,,709,W PINSON ST, ,SYLVESTER,GA,31791,,PO BOX 5474,,SYLVESTER,GA,31791-0547,A,A,,10/16/2017,10/16/2017,10/16/2017,IN PERSON,NO,NO,,NO,01,1,008,013,152,TIFT,00103,159024,00009,20,
WORTH,01324590,CASTEEL,BRENDA,R,,104,BUCKEYE CIR, ,SYLVESTER,GA,31791-7138,104,BUCKEYE CIR,,SYLVESTER,GA,31791-7138,A,A,,11/03/2017,11/03/2017,11/03/2017,IN PERSON,NO,NO,,NO,01,2,008,013,152,TIFT,00109,159024,00202,229,
WORTH,08415236,RUISE,SHONTAVIOUS,DANIELLE,,504,N MONROE ST, ,SYLVESTER,GA,31791-1519,504,N MONROE ST,,SYLVESTER,GA,31791-1519,A,A,,11/02/2017,11/02/2017,11/02/2017,IN PERSON,NO,NO,,NO,01,15,008,013,152,TIFT,00125,159024,00188,215,
WORTH,08097501,BROWN,TINEKQUE,MONEQUE,,129,TOWN CREEK DR, ,SYLVESTER,GA,31791,129,TOWN CREEK DR,,SYLVESTER,GA,31791,A,A,,10/31/2017,10/31/2017,10/31/2017,IN PERSON,NO,NO,,NO,01,1,008,013,152,TIFT,00102,159024,00143,167,
WORTH,01325076,THOMAS,WILLIAM,E,JR,112,BENT TREE DR, ,SYLVESTER,GA,31791-7321,112,BENT TREE DR,,SYLVESTER,GA,31791-7321,A,A,,10/30/2017,10/30/2017,10/30/2017,IN PERSON,NO,NO,,NO,01,15,008,013,152,TIFT,00126,159024,00128,148,
WORTH,01328109,JOHNSON,LARRY,,,211,E PINE ST, ,SYLVESTER,GA,31791-3818,,PO BOX 5018,,SYLVESTER,GA,31791-0501,A,A,,10/16/2017,10/16/2017,10/16/2017,IN PERSON,NO,NO,,NO,01,1,008,013,152,TIFT,00104,159024,00003,14,
WORTH,01325109,WHITE,JAMES,FREDRICK,,122,DONNA DR, ,SYLVESTER,GA,31791-7205,122,DONNA DR,,SYLVESTER,GA,31791-7205,A,A,,11/03/2017,11/03/2017,11/03/2017,IN PERSON,NO,NO,,NO,01,2,008,013,152,TIFT,00109,159024,00213,240,
WORTH,01323739,JACKSON,CATHERINE,,,320,E LEE ST, ,SYLVESTER,GA,31791-3804,320,E LEE ST,,SYLVESTER,GA,31791-3804,A,A,,11/02/2017,11/02/2017,11/02/2017,IN PERSON,NO,NO,,NO,01,1,008,013,152,TIFT,00102,159024,00182,209,
WORTH,01325005,SAMS,WILLIAM,E,JR,1003,CORDELE RD, ,SYLVESTER,GA,31791-1307,1003,CORDELE RD,,SYLVESTER,GA,31791-1307,A,A,,11/01/2017,11/01/2017,11/01/2017,IN PERSON,NO,NO,,NO,01,2,008,013,152,TIFT,00109,159024,00148,174,
WORTH,01323574,SINGLETON,GENEVA,A,,206,WHEELER ST, ,SYLVESTER,GA,31791,206,WHEELER ST,,SYLVESTER,GA,31791,A,A,,10/31/2017,10/31/2017,11/06/2017,MAILED,NO,NO,,NO,01,1,008,013,152,TIFT,00102,,00108,173,
WORTH,01329231,WHITE,IRA,LEE,SR,802,WEST ST, ,SYLVESTER,GA,31791-7529,802,WEST ST,,SYLVESTER,GA,31791-7529,A,A,,10/19/2017,10/19/2017,10/19/2017,IN PERSON,NO,NO,,NO,01,1,008,013,152,TIFT,00102,159024,00040,53,
WORTH,05588494,BURROW,TODRICK,KIWANIS,,110,HUDSON ST, ,SYLVESTER,GA,31791-4612,110,HUDSON ST,,SYLVESTER,GA,31791-4612,A,A,,10/17/2017,10/17/2017,10/17/2017,IN PERSON,NO,NO,,NO,01,1,008,013,152,TIFT,00104,159024,00022,33,
WORTH,07791441,SMITH,BRITTNEY,RENEE',,211,E PINE ST, ,SYLVESTER,GA,31791-3818,211,E PINE ST,,SYLVESTER,GA,31791-3818,A,A,,10/16/2017,10/16/2017,10/16/2017,IN PERSON,NO,NO,,NO,01,1,008,013,152,TIFT,00104,159024,00016,27,
WORTH,01323461,DOUGLAS,JEANETTE,,,703,S MONROE ST, ,SYLVESTER,GA,31791-2735,703,S MONROE ST,,SYLVESTER,GA,31791-2735,A,A,,11/02/2017,11/02/2017,11/02/2017,IN PERSON,NO,NO,,NO,01,1,008,013,152,TIFT,00102,159024,00165,192,
WORTH,08609848,PHELTS,THOMAS,RILEY,,752,W PINE ST,UNIT 102-D,SYLVESTER,GA,31791,752,W PINE ST,UNIT 102-D,SYLVESTER,GA,31791,A,A,,10/27/2017,10/27/2017,10/27/2017,IN PERSON,NO,NO,,NO,01,1,008,013,152,TIFT,00102,159024,00113,132,
WORTH,10085422,WILLIAMS,DOROTHY,NELL,,105,GORDON WAY, ,SYLVESTER,GA,31791,105,GORDON WAY,,SYLVESTER,GA,31791,A,A,,09/28/2017,09/28/2017,10/09/2017,MAILED,NO,NO,DISABLED,NO,01,1,008,013,152,TIFT,00104,,00100,1,
WORTH,01324493,BARNARD,JUNE,P,,114,MOORE ST, ,SYLVESTER,GA,31791,114,MOORE ST,,SYLVESTER,GA,31791,A,A,,10/19/2017,10/19/2017,10/19/2017,IN PERSON,NO,NO,,NO,01,2,008,013,152,TIFT,00109,159024,00047,61,
WORTH,01324781,HOUSTON,MACK,,JR,605,N WESTBERRY ST, ,SYLVESTER,GA,31791-1741,,PO BOX 888,,SYLVESTER,GA,31791-0088,A,A,,10/31/2017,10/31/2017,10/31/2017,IN PERSON,NO,NO,,NO,01,2,008,013,152,TIFT,00109,159024,00139,162,
WORTH,01324946,OVERTON,ARTHUR,E,,1001,CORDELE RD, ,SYLVESTER,GA,31791-1307,,PO BOX 35,,SYLVESTER,GA,31791-0003,A,A,,11/02/2017,11/02/2017,11/02/2017,IN PERSON,NO,NO,,NO,01,2,008,013,152,TIFT,00109,159024,00181,208,
WORTH,01324909,MONK,ANN,N,,105,BUCKEYE CIR, ,SYLVESTER,GA,31791-7139,105,BUCKEYE CIR,,SYLVESTER,GA,31791-7139,A,A,,11/03/2017,11/03/2017,11/03/2017,IN PERSON,NO,NO,,NO,01,2,008,013,152,TIFT,00109,159024,00194,221,
WORTH,06282476,DIXON,GWENDOLYN,WADE,,630,SUMNER ST, ,SYLVESTER,GA,31791,630,SUMNER ST,,SYLVESTER,GA,31791,A,A,,10/16/2017,10/16/2017,10/16/2017,IN PERSON,NO,NO,,NO,01,2,008,013,152,TIFT,00124,159024,00008,19,
WORTH,01323650,HANFORD,BERTHA,L,,207,E LEE ST, ,SYLVESTER,GA,31791-3817,,PO BOX 5005,,SYLVESTER,GA,31791-0500,A,A,,10/23/2017,10/23/2017,10/23/2017,IN PERSON,NO,NO,,NO,01,1,008,013,152,TIFT,00104,159024,00068,82,
WORTH,08531732,SMITH,JOSEPH,LANIER,,107,SALLY CT, ,SYLVESTER,GA,31791,107,SALLY CT,,SYLVESTER,GA,31791,A,A,,10/27/2017,10/27/2017,10/27/2017,IN PERSON,NO,NO,,NO,01,1,008,013,152,TIFT,00104,159024,00117,137,
WORTH,10503226,GREEN,DEIDRA,LASHEA,,335,N CARTER RD, ,SYLVESTER,GA,31791,335,N CARTER RD,,SYLVESTER,GA,31791-1572,A,A,,10/30/2017,10/30/2017,10/30/2017,IN PERSON,NO,NO,,NO,01,1,008,013,152,TIFT,00103,159024,00136,158,
WORTH,01327552,MCGILL,CATHERINE,B,,223,CECIL ST, ,SYLVESTER,GA,31791-4666,,PO BOX 5153,,SYLVESTER,GA,31791-0515,A,A,,11/02/2017,11/02/2017,11/02/2017,IN PERSON,NO,NO,,NO,01,1,008,013,152,TIFT,00104,159024,00184,211,
WORTH,10180665,FILIATRAULT,CHRISTINA,WITKOSKI,,102,THOMAS CT, ,SYLVESTER,GA,31791,102,THOMAS CT,,SYLVESTER,GA,31791-7250,A,A,,10/16/2017,10/16/2017,10/16/2017,IN PERSON,NO,NO,,NO,01,2,008,013,152,TIFT,00109,159024,00005,16,
WORTH,01326644,NESMITH,LUANNE,G,,903,N ISABELLA ST, ,SYLVESTER,GA,31791-1315,903,N ISABELLA ST,,SYLVESTER,GA,31791-1315,A,A,,10/18/2017,10/18/2017,10/18/2017,IN PERSON,NO,NO,,NO,01,1,008,013,152,TIFT,00103,159024,00035,46,
WORTH,01324389,WILLIAMS,ESSIE,,,318,E HOBSON ST, ,SYLVESTER,GA,31791,318,E HOBSON ST,,SYLVESTER,GA,31791,A,A,,10/09/2017,10/09/2017,10/16/2017,MAILED,NO,NO,,NO,01,1,008,013,152,TIFT,00104,,00105,8,
WORTH,01326643,NESMITH,JOHN,A,,903,N ISABELLA ST, ,SYLVESTER,GA,31791-1315,903,N ISABELLA ST,,SYLVESTER,GA,31791-1315,A,A,,10/18/2017,10/18/2017,10/18/2017,IN PERSON,NO,NO,,NO,01,1,008,013,152,TIFT,00103,159024,00034,45,
WORTH,01329329,WILBURN,JEFFERY,KEITH,,102,FRANCES ST, ,SYLVESTER,GA,31791-7534,130,SUMNER LAKES RD,,SUMNER,GA,31789-0443,A,A,,10/27/2017,10/27/2017,10/27/2017,IN PERSON,NO,NO,,NO,01,1,008,013,152,TIFT,00102,159024,00119,139,
WORTH,01324154,SADLER,WILLIAM,TERENCE,,321,E LEE ST, ,SYLVESTER,GA,31791-3816,,PO BOX 252,,SYLVESTER,GA,31791-0025,A,A,,10/26/2017,10/26/2017,10/26/2017,IN PERSON,NO,NO,,NO,01,1,008,013,152,TIFT,00104,159024,00100,118,
WORTH,01325111,WHITE,RUNELLE,,,212,MOORE ST, ,SYLVESTER,GA,31791-1338,212,MOORE ST,,SYLVESTER,GA,31791-1338,A,A,,10/27/2017,10/27/2017,10/27/2017,IN PERSON,NO,NO,,NO,01,2,008,013,152,TIFT,00109,159024,00115,135,
WORTH,01324692,FLETCHER,EARL,C,,1025,CORDELE RD, ,SYLVESTER,GA,31791,1025,CORDELE RD,,SYLVESTER,GA,31791,A,A,,10/18/2017,10/18/2017,10/26/2017,MAILED,NO,NO,,NO,01,2,008,013,152,TIFT,00109,,00102,49,
WORTH,07800587,YOUMES,GLORIA,TIMMONS,,139,TOWN CREEK DR, ,SYLVESTER,GA,31791-3807,,PO BOX 25,,SYLVESTER,GA,31791-0002,A,A,,11/03/2017,11/03/2017,11/03/2017,IN PERSON,NO,NO,,NO,01,1,008,013,152,TIFT,00102,159024,00198,225,
WORTH,01323615,GRIFFIN,MARY,LOUISE,,617,S LIVINGSTON ST, ,SYLVESTER,GA,31791,617,S LIVINGSTON ST,,SYLVESTER,GA,31791,A,A,,11/03/2017,11/03/2017,11/03/2017,IN PERSON,NO,NO,,NO,01,1,008,013,152,TIFT,00102,159024,00224,251,
WORTH,01324479,BENFORD,MARCIA,B,,110,DARLINGTON RD, ,SYLVESTER,GA,31791-7137,110,DARLINGTON RD,,SYLVESTER,GA,31791-7137,A,A,,11/01/2017,11/01/2017,11/01/2017,IN PERSON,NO,NO,,NO,01,2,008,013,152,TIFT,00109,159024,00149,175,
WORTH,06644837,BICE,KATHLEEN,DAVIS,,104,THOMAS CT, ,SYLVESTER,GA,31791-7250,104,THOMAS CT,,SYLVESTER,GA,31791-7250,A,A,,11/03/2017,11/03/2017,11/03/2017,IN PERSON,NO,NO,,NO,01,2,008,013,152,TIFT,00109,159024,00210,237,
WORTH,01323935,MEDDERS,EDDIE,NELSON,,604,W LEE ST, ,SYLVESTER,GA,31791-7537,604,W LEE ST,,SYLVESTER,GA,31791-7537,A,A,,10/31/2017,10/31/2017,10/31/2017,IN PERSON,NO,NO,,NO,01,1,008,013,152,TIFT,00102,159024,00144,168,
WORTH,01325688,CHAPMAN,RONALD,E,,607,N WESTBERRY ST, ,SYLVESTER,GA,31791-1741,607,N WESTBERRY ST,,SYLVESTER,GA,31791-1741,A,A,,10/25/2017,10/25/2017,10/25/2017,IN PERSON,NO,NO,,NO,01,2,008,013,152,TIFT,00109,159024,00093,111,
WORTH,01324773,HOUSTON,E,HILTON,,607,N MCPHAUL ST, ,SYLVESTER,GA,31791-1718,607,N MCPHAUL ST,,SYLVESTER,GA,31791-1718,A,A,,10/24/2017,10/24/2017,10/24/2017,IN PERSON,NO,NO,,NO,01,2,008,013,152,TIFT,00109,159024,00078,94,
WORTH,01325045,SMITH,JOEL,P,,320,SUMNER ST, ,SYLVESTER,GA,31791-1838,,PO BOX 185,,SYLVESTER,GA,31791-0018,A,A,,10/25/2017,10/25/2017,10/25/2017,IN PERSON,NO,NO,,NO,01,2,008,013,152,TIFT,00109,159024,00097,115,
WORTH,01324484,BANKS,MARY,JANE,,116,MOORE ST, ,SYLVESTER,GA,31791-1336,116,MOORE ST,,SYLVESTER,GA,31791-1336,A,A,,10/26/2017,10/26/2017,10/26/2017,IN PERSON,NO,NO,,NO,01,2,008,013,152,TIFT,00109,159024,00104,122,
WORTH,03851308,WALKER,JOHN,T,,108,WENONA DR, ,SYLVESTER,GA,31791,108,WENONA DR,,SYLVESTER,GA,31791,A,A,,10/16/2017,10/16/2017,10/16/2017,IN PERSON,NO,NO,,NO,01,1,008,013,152,TIFT,00104,159024,00010,21,
WORTH,01213006,SLACK,EUGENE,,III,107,CARRIAGE LN, ,SYLVESTER,GA,31791-7302,107,CARRIAGE LN,,SYLVESTER,GA,31791-7302,A,A,,10/20/2017,10/20/2017,10/20/2017,IN PERSON,NO,NO,,NO,01,2,008,013,152,TIFT,00109,159024,00061,75,
WORTH,01323351,CHEEVER,DIANE,F,,304,HOBSON ST, ,SYLVESTER,GA,31791-3815,304,HOBSON ST,,SYLVESTER,GA,31791-3815,A,A,,10/20/2017,10/20/2017,10/20/2017,IN PERSON,NO,NO,,NO,01,1,008,013,152,TIFT,00104,159024,00048,62,
WORTH,01324706,GEER,REBECCA,S,,105,MORNINGSIDE DR, ,SYLVESTER,GA,31791-2252,105,MORNINGSIDE DR,,SYLVESTER,GA,31791-2252,A,A,,10/27/2017,10/27/2017,10/27/2017,IN PERSON,NO,NO,,NO,01,2,008,013,152,TIFT,00109,159024,00120,140,
WORTH,07915316,VAN DE VELDE,DONNA,GAIL,,902,N MAIN ST, ,SYLVESTER,GA,31791-1328,902,N MAIN ST,,SYLVESTER,GA,31791-1328,A,A,,11/03/2017,11/03/2017,11/03/2017,IN PERSON,NO,NO,,NO,01,2,008,013,152,TIFT,00109,159024,00222,249,
WORTH,01324660,DOWDY,BETTY,ANN,,201,MORNINGSIDE DR, ,SYLVESTER,GA,31791-1873,201,MORNINGSIDE DR,,SYLVESTER,GA,31791-1873,A,A,,10/26/2017,10/26/2017,10/26/2017,IN PERSON,NO,NO,,NO,01,2,008,013,152,TIFT,00109,159024,00102,120,
WORTH,01324451,YOUNG,RENEE',M,,208,W PINSON ST,UNIT 6,SYLVESTER,GA,31791-1671,208,W PINSON ST,UNIT 6,SYLVESTER,GA,31791-1671,A,A,,10/24/2017,10/24/2017,10/24/2017,IN PERSON,NO,NO,,NO,01,1,008,013,152,TIFT,00103,159024,00071,87,
WORTH,01325074,THOMAS,JACKIE,T,,112,BENT TREE DR, ,SYLVESTER,GA,31791-7321,112,BENT TREE DR,,SYLVESTER,GA,31791-7321,A,A,,10/30/2017,10/30/2017,10/30/2017,IN PERSON,NO,NO,,NO,01,15,008,013,152,TIFT,00126,159024,00127,147,
WORTH,01325007,SANDERSON,MAMIE,R,,208,LAKEVIEW DR, ,SYLVESTER,GA,31791-7225,208,LAKEVIEW DR,,SYLVESTER,GA,31791-7225,A,A,,11/01/2017,11/01/2017,11/01/2017,IN PERSON,NO,NO,,NO,01,2,008,013,152,TIFT,00109,159024,00154,180,
WORTH,04181065,PEGRAM,JOHN,THOMAS,,203,E KING ST, ,SYLVESTER,GA,31791-1321,203,E KING ST,,SYLVESTER,GA,31791-1321,A,A,,10/27/2017,10/27/2017,10/27/2017,IN PERSON,NO,NO,,NO,01,2,008,013,152,TIFT,00109,159024,00121,141,
WORTH,05870502,CHEEVERS,CASSANDRA,DENISE,,304,E HOBSON ST, ,SYLVESTER,GA,31791,304,E HOBSON ST,,SYLVESTER,GA,31791,A,A,,10/20/2017,10/20/2017,10/20/2017,IN PERSON,NO,NO,,NO,01,1,008,013,152,TIFT,00104,159024,00056,70,
WORTH,07201117,MCPHAUL,MICHELLE,ANN,,505,N ISABELLA ST, ,SYLVESTER,GA,31791,505,N ISABELLA ST,,SYLVESTER,GA,31791,A,A,,10/20/2017,10/20/2017,10/20/2017,IN PERSON,NO,NO,,NO,01,1,008,013,152,TIFT,00103,159024,00052,66,
WORTH,07297317,GRIFFIN,FIDILA,HOSSIAN,,1003,E FRANKLIN ST,D,SYLVESTER,GA,31791,1003,E FRANKLIN ST,D,SYLVESTER,GA,31791,A,A,,10/18/2017,10/18/2017,10/18/2017,IN PERSON,NO,NO,,NO,01,2,008,013,152,TIFT,00109,159024,00036,47,
WORTH,01323938,MEDDERS,LINDA,W,,604,W LEE ST, ,SYLVESTER,GA,31791-7537,604,W LEE ST,,SYLVESTER,GA,31791-7537,A,A,,10/17/2017,10/17/2017,10/17/2017,IN PERSON,NO,NO,,NO,01,1,008,013,152,TIFT,00102,159024,00029,40,
WORTH,08449711,DUCKWORTH,REX,RODNEY,,124,THOMAS CT, ,SYLVESTER,GA,31791,124,THOMAS CT,,SYLVESTER,GA,31791,A,A,,10/23/2017,10/23/2017,10/23/2017,IN PERSON,NO,NO,,NO,01,2,008,013,152,TIFT,00109,159024,00067,81,
WORTH,03832188,PITTS,WILLIAM,GARY,,208,HILLSIDE DR, ,SYLVESTER,GA,31791-7200,208,HILLSIDE DR,,SYLVESTER,GA,31791-7200,A,A,,10/23/2017,10/23/2017,10/23/2017,IN PERSON,NO,NO,,NO,01,2,008,013,152,TIFT,00109,159024,00065,79,
WORTH,01331261,SINGLETARY,MARY,GUESS,,213,LAKEVIEW DR, ,SYLVESTER,GA,31791-7228,213,LAKEVIEW DR,,SYLVESTER,GA,31791-7228,A,A,,10/31/2017,10/31/2017,11/06/2017,MAILED,NO,NO,,NO,01,2,008,013,152,TIFT,00109,,00107,165,
WORTH,10662335,DYLINSKI,ABBIE,GRACE,,124,DEWBERRY DR, ,SYLVESTER,GA,31791,124,DEWBERRY DR,,SYLVESTER,GA,31791,A,A,,10/20/2017,10/20/2017,10/20/2017,IN PERSON,NO,NO,,NO,01,2,008,013,152,TIFT,00109,159024,00053,67,
WORTH,11473990,MCCULLOUGH,JACK,C,,648,SUMNER ST, ,SYLVESTER,GA,31791,648,SUMNER ST,,SYLVESTER,GA,31791,A,,,10/16/2017,10/16/2017,,MAILED,NO,NO,,NO,01,2,008,013,152,TIFT,00124,,00107,11,
WORTH,10748114,SANFORD,NAILAH,JANELLE,,706,N JEFFERSON ST, ,SYLVESTER,GA,31791,706,N JEFFERSON ST,,SYLVESTER,GA,31791,A,A,,11/02/2017,11/02/2017,11/02/2017,IN PERSON,NO,NO,,NO,01,1,008,013,152,TIFT,00103,159024,00177,204,
WORTH,01324450,YOUNG,PEGGIE,JEAN,,108,MORNINGSIDE DR,A,SYLVESTER,GA,31791-2202,108,MORNINGSIDE DR,A,SYLVESTER,GA,31791-2202,A,A,,10/27/2017,10/27/2017,10/27/2017,IN PERSON,NO,NO,,NO,01,2,008,013,152,TIFT,00109,159024,00116,136,
WORTH,01325038,SMITH,BONNIE,G,,320,SUMNER ST, ,SYLVESTER,GA,31791-1838,,PO BOX 185,,SYLVESTER,GA,31791-0018,A,A,,10/25/2017,10/25/2017,10/25/2017,IN PERSON,NO,NO,,NO,01,2,008,013,152,TIFT,00109,159024,00098,116,
WORTH,07468166,YEARTA,CLIFORD,BRYSEN,,114,CARRIAGE LN, ,SYLVESTER,GA,31791-7301,114,CARRIAGE LN,,SYLVESTER,GA,31791-7301,A,,,10/18/2017,10/18/2017,,MAILED,NO,NO,,NO,01,2,008,013,152,TIFT,00109,,00103,50,
WORTH,01324700,FOWLER,LYNN,R,,117,BENT TREE DR, ,SYLVESTER,GA,31791-7322,,PO BOX 91,,SYLVESTER,GA,31791-0009,A,A,,10/27/2017,10/27/2017,10/27/2017,IN PERSON,NO,NO,,NO,01,15,008,013,152,TIFT,00126,159024,00114,133,
WORTH,03439852,RACKLEY,KAREN,MALOOF,,811,N ISABELLA ST, ,SYLVESTER,GA,31791-1313,811,N ISABELLA ST,,SYLVESTER,GA,31791-1313,A,A,,10/25/2017,10/25/2017,10/25/2017,IN PERSON,NO,NO,,NO,01,1,008,013,152,TIFT,00103,159024,00099,117,
WORTH,07777905,HUGHEY,JAMES,WILLIAM,,106,SHAMROCK CIR, ,SYLVESTER,GA,31791-7234,106,SHAMROCK CIR,,SYLVESTER,GA,31791-7234,A,A,,11/01/2017,11/01/2017,11/06/2017,MAILED,NO,NO,,NO,01,2,008,013,152,TIFT,00109,,00109,186,
WORTH,03341728,HORNE,SHEMACIA,L,,710,W PINSON ST, ,SYLVESTER,GA,31791,710,W PINSON ST,,SYLVESTER,GA,31791,A,A,,10/18/2017,10/18/2017,10/18/2017,IN PERSON,NO,NO,,NO,01,1,008,013,152,TIFT,00103,159024,00033,44,
WORTH,08300583,WASHINGTON,ROSETTA,EVANGELINE,,804,N LIVINGSTON ST, ,SYLVESTER,GA,31791-1230,,PO BOX 993,,SYLVESTER,GA,31791-0099,A,,,10/24/2017,10/24/2017,,MAILED,NO,NO,,NO,01,1,008,013,152,TIFT,00103,,00102,96,
WORTH,01324205,SHIVER,WELDON,R,,903,CORDELE RD, ,SYLVESTER,GA,31791-1305,903,CORDELE RD,,SYLVESTER,GA,31791-1305,A,A,,10/25/2017,10/25/2017,10/25/2017,IN PERSON,NO,NO,,NO,01,2,008,013,152,TIFT,00109,159024,00090,108,
WORTH,00578020,BURTON,RALPH,DAMON,,116,DEWBERRY DR, ,SYLVESTER,GA,31791-7214,,5422,,SYLVESTER,GA,31791,A,A,,10/25/2017,10/25/2017,10/25/2017,IN PERSON,NO,NO,,NO,01,2,008,013,152,TIFT,00109,159024,00087,105,
WORTH,01325689,CHAPMAN,SHARON,S,,607,N WESTBERRY ST, ,SYLVESTER,GA,31791-1741,607,N WESTBERRY ST,,SYLVESTER,GA,31791-1741,A,A,,10/25/2017,10/25/2017,10/25/2017,IN PERSON,NO,NO,,NO,01,2,008,013,152,TIFT,00109,159024,00092,110,
WORTH,01323398,COOK,MARY,L,,306,E LEE ST, ,SYLVESTER,GA,31791-3804,306,E LEE ST,,SYLVESTER,GA,31791-3804,A,A,,10/26/2017,10/26/2017,11/06/2017,MAILED,NO,NO,,NO,01,1,008,013,152,TIFT,00102,,00104,128,
WORTH,01324910,MONK,ROBERT,R,,105,BUCKEYE CIR, ,SYLVESTER,GA,31791-7139,105,BUCKEYE CIR,,SYLVESTER,GA,31791-7139,A,A,,11/02/2017,11/02/2017,11/02/2017,IN PERSON,NO,NO,,NO,01,2,008,013,152,TIFT,00109,159024,00180,207,
WORTH,01323854,POWELL,VICTORIA,LYNN,,915,N WASHINGTON ST, ,SYLVESTER,GA,31791,915,N WASHINGTON ,,SYLVESTER,GA,31791,A,A,,11/03/2017,11/03/2017,11/03/2017,IN PERSON,NO,NO,,NO,01,1,008,013,152,TIFT,00103,159024,00197,224,
WORTH,07553906,POTTS,MITCHELL,DARRIN,JR,117,MAPLEWOOD LN, ,SYLVESTER,GA,31791,110,N MAIN ST,UNIT 6,SYLVESTER,GA,31791-0219,A,A,,11/03/2017,11/03/2017,11/03/2017,IN PERSON,NO,NO,,NO,01,2,008,013,152,TIFT,00109,159024,00219,246,
WORTH,01324521,BOATRIGHT,RAMONA,SIMS,,111,MOORE ST, ,SYLVESTER,GA,31791,111,MOORE ST,,SYLVESTER,GA,31791,A,A,,11/02/2017,11/02/2017,11/02/2017,IN PERSON,NO,NO,,NO,01,2,008,013,152,TIFT,00109,159024,00175,202,
WORTH,01325119,WARDROP,ETHEL,SELLERS,,108,DONNA DR, ,SYLVESTER,GA,31791,108,DONNA DR,,SYLVESTER,GA,31791,A,A,,11/02/2017,11/02/2017,11/02/2017,IN PERSON,NO,NO,,NO,01,2,008,013,152,TIFT,00109,159024,00170,197,
WORTH,01324698,DENT,FAYE,BOOTH,,201,MOORE ST, ,SYLVESTER,GA,31791,201,MOORE ST,,SYLVESTER,GA,31791,A,A,,11/02/2017,11/02/2017,11/02/2017,IN PERSON,NO,NO,,NO,01,2,008,013,152,TIFT,00109,159024,00166,193,
WORTH,01331628,MOORE,LIZZY,CURRINGTON,,701,S MONROE ST, ,SYLVESTER,GA,31791,701,S MONROE ST,,SYLVESTER,GA,31791,A,A,,11/03/2017,11/03/2017,11/03/2017,IN PERSON,NO,NO,,NO,01,1,008,013,152,TIFT,00102,159024,00217,244,
WORTH,03543399,WILLIAMS,ANGELIA,EVETTE,,108,MAPLEWOOD LN, ,SYLVESTER,GA,31791,108,MAPLEWOOD LN,,SYLVESTER,GA,31791,A,A,,11/03/2017,11/03/2017,11/03/2017,IN PERSON,NO,NO,,NO,01,2,008,013,152,TIFT,00109,159024,00218,245,
WORTH,02448188,CLARK,ELOISE,,,752,W PINE ST,UNIT 102-F,SYLVESTER,GA,31791,752,W PINE ST,UNIT 102-F,SYLVESTER,GA,31791,A,A,,10/16/2017,10/16/2017,10/16/2017,IN PERSON,NO,NO,,NO,01,1,008,013,152,TIFT,00102,159024,00001,12,
WORTH,07134228,MACK,BARBARA,JEAN,,305,E LEE ST, ,SYLVESTER,GA,31791-3816,,PO BOX 883,,SYLVESTER,GA,31791-0088,A,A,,11/03/2017,11/03/2017,11/03/2017,IN PERSON,NO,NO,,NO,01,1,008,013,152,TIFT,00104,159024,00205,232,
WORTH,01324481,BANKS,DAVID,LAMAR,,1301,CORDELE RD, ,SYLVESTER,GA,31791-7316,1301,CORDELE RD,,SYLVESTER,GA,31791-7316,A,A,,10/24/2017,10/24/2017,10/24/2017,IN PERSON,NO,NO,,NO,01,15,008,013,152,TIFT,00126,159024,00082,100,
WORTH,01324569,CHAMBERS,DELORES,ANN,,110,HUDSON ST, ,SYLVESTER,GA,31791-4612,110,HUDSON ST,,SYLVESTER,GA,31791-4612,A,A,,10/17/2017,10/17/2017,10/17/2017,IN PERSON,NO,NO,,NO,01,1,008,013,152,TIFT,00104,159024,00030,41,
WORTH,01331729,JACKSON,ANGELA,A,,225,E LEE ST, ,SYLVESTER,GA,31791-3817,,PO BOX 903,,SYLVESTER,GA,31791-0090,A,A,,11/02/2017,11/02/2017,11/02/2017,IN PERSON,NO,NO,,NO,01,1,008,013,152,TIFT,00104,159024,00187,214,
WORTH,01324438,YOUNG,DEBORAH,PARKER,,608,N LIVINGSTON ST, ,SYLVESTER,GA,31791-1630,608,N LIVINGSTON ST,,SYLVESTER,GA,31791-1630,A,A,,11/03/2017,11/03/2017,11/03/2017,IN PERSON,NO,NO,,NO,01,1,008,013,152,TIFT,00103,159024,00204,231,
WORTH,00795100,DAVIS,BILLIE,J,,407,N ISABELLA ST, ,SYLVESTER,GA,31791-1752,407,N ISABELLA ST,,SYLVESTER,GA,31791-1752,A,A,,10/31/2017,10/31/2017,10/31/2017,IN PERSON,NO,NO,,NO,01,1,008,013,152,TIFT,00103,159024,00141,164,
WORTH,00038386,WILLIAMS,CAROLYN,GREEN,,303,MILES ST, ,SYLVESTER,GA,31791,303,MILES ST,,SYLVESTER,GA,31791,A,A,,11/01/2017,11/01/2017,11/01/2017,IN PERSON,NO,NO,,NO,01,1,008,013,152,TIFT,00102,159024,00153,179,
WORTH,10859403,REYNOLDS,JACOB,DOUGLAS,,605,N ISABELLA ST, ,SYLVESTER,GA,31791,605,N ISABELLA ST,,SYLVESTER,GA,31791,A,A,,10/20/2017,10/20/2017,10/20/2017,IN PERSON,NO,NO,,NO,01,1,008,013,152,TIFT,00103,159024,00057,71,
WORTH,01329425,DANIELS,SYLVIA,Y,,413,WEST ST, ,SYLVESTER,GA,31791-2000,413,WEST ST,,SYLVESTER,GA,31791-2000,A,A,,10/26/2017,10/26/2017,10/26/2017,IN PERSON,NO,NO,,NO,01,1,008,013,152,TIFT,00102,159024,00106,124,
WORTH,05429817,TERRY,RONNY,,,607,CARROLL LN, ,SYLVESTER,GA,31791-1505,607,CARROLL LN,,SYLVESTER,GA,31791-1505,A,C,Voter Requested Cancel,10/31/2017,10/31/2017,11/07/2017,MAILED,NO,NO,,NO,01,1,008,013,152,TIFT,00103,,00107,159,
WORTH,04324453,STEWART,GLORIA,JEAN,,660,SUMNER ST, ,SYLVESTER,GA,31791,660,SUMNER ST,,SYLVESTER,GA,31791,A,A,,10/24/2017,10/24/2017,10/24/2017,IN PERSON,NO,NO,,NO,01,2,008,013,152,TIFT,00124,159024,00077,93,
WORTH,01324216,SLEDGE,GLORIA,J,,207,SPRING FLATS RD, ,SYLVESTER,GA,31791,207,SPRING FLATS RD,,SYLVESTER,GA,31791,A,A,,10/30/2017,10/30/2017,10/30/2017,IN PERSON,NO,NO,,NO,01,1,008,013,152,TIFT,00102,159024,00132,152,
WORTH,01324372,WILBURN,LELIA,MAE,,203,E LEE ST, ,SYLVESTER,GA,31791-3817,,PO BOX 522,,SYLVESTER,GA,31791-0052,A,A,,10/16/2017,10/16/2017,10/16/2017,IN PERSON,NO,NO,,NO,01,1,008,013,152,TIFT,00104,159024,00011,22,
WORTH,07364610,POTTS,JESSICA,DODD,,117,MAPLEWOOD LN, ,SYLVESTER,GA,31791,117,MAPLEWOOD LN,,SYLVESTER,GA,31791,A,A,,11/03/2017,11/03/2017,11/03/2017,IN PERSON,NO,NO,,NO,01,2,008,013,152,TIFT,00109,159024,00220,247,
WORTH,01323831,KING,ANNIE,D,,314,SADLER ST, ,SYLVESTER,GA,31791-3806,314,SADLER ST,,SYLVESTER,GA,31791-3806,A,A,,11/01/2017,11/01/2017,11/01/2017,IN PERSON,NO,NO,,NO,01,1,008,013,152,TIFT,00102,159024,00156,182,
WORTH,01323429,CULPEPPER,EVELYN,W,,1011,N WASHINGTON ST, ,SYLVESTER,GA,31791-1217,1011,N WASHINGTON ,,SYLVESTER,GA,31791-1217,A,A,,10/30/2017,10/30/2017,11/06/2017,MAILED,NO,NO,,NO,01,1,008,013,152,TIFT,00103,,00105,153,
WORTH,07582317,SHIVER,JEFFREY,RAY,,903,CORDELE RD, ,SYLVESTER,GA,31791,903,CORDELE RD,,SYLVESTER,GA,31791,A,A,,10/31/2017,10/31/2017,10/31/2017,IN PERSON,NO,NO,,NO,01,2,008,013,152,TIFT,00109,159024,00137,160,
WORTH,01327072,HANCOCK,FRANCES,B,,101,MAGNOLIA LN, ,SYLVESTER,GA,31791-1415,101,MAGNOLIA LN,,SYLVESTER,GA,31791-1415,A,A,,10/18/2017,10/18/2017,10/18/2017,IN PERSON,NO,NO,,NO,01,2,008,013,152,TIFT,00109,159024,00038,51,
WORTH,01323812,JONES,ANNIE,LUE,,301,W MARTIN LUTHER KING JR , ,SYLVESTER,GA,31791-2442,301,W MARTIN LUTHER KING ,,SYLVESTER,GA,31791-2442,A,A,,10/26/2017,10/26/2017,10/26/2017,IN PERSON,NO,NO,,NO,01,1,008,013,152,TIFT,00102,159024,00111,130,
WORTH,08728674,JACKSON,SHEROME,,,225,E LEE ST, ,SYLVESTER,GA,31791-3817,225,E LEE ST,,SYLVESTER,GA,31791-3817,A,A,,11/03/2017,11/03/2017,11/03/2017,IN PERSON,NO,NO,,NO,01,1,008,013,152,TIFT,00104,159024,00190,217,
WORTH,01324520,BOATRIGHT,DOY,EUGENE,,111,MOORE ST, ,SYLVESTER,GA,31791-1335,111,MOORE ST,,SYLVESTER,GA,31791-1335,A,A,,11/02/2017,11/02/2017,11/02/2017,IN PERSON,NO,NO,,NO,01,2,008,013,152,TIFT,00109,159024,00183,210,
WORTH,01323836,KING,TERESA,D,,314,SADLER ST, ,SYLVESTER,GA,31791-3806,314,SADLER ST,,SYLVESTER,GA,31791-3806,A,A,,11/01/2017,11/01/2017,11/01/2017,IN PERSON,NO,NO,,NO,01,1,008,013,152,TIFT,00102,159024,00157,183,
WORTH,08756107,TUCKER,SHANNA,NAKERA,,104,WILLIAMS ST, ,SYLVESTER,GA,31791,104,WILLIAMS ST,,SYLVESTER,GA,31791,A,A,,11/03/2017,11/03/2017,11/03/2017,IN PERSON,NO,NO,,NO,01,1,008,013,152,TIFT,00103,159024,00230,257,
WORTH,04368044,KING,WENDY,KAY,,109,CREEKSIDE DR, ,SYLVESTER,GA,31791,109,CREEKSIDE DR,,SYLVESTER,GA,31791,A,A,,11/03/2017,11/03/2017,11/03/2017,IN PERSON,NO,NO,,NO,01,2,008,013,152,TIFT,00109,159024,00191,218,
WORTH,01324051,PENDLEY,LARRY,F,,203,GREENBRIAR AVE, ,SYLVESTER,GA,31791-7551,203,GREENBRIAR AVE,,SYLVESTER,GA,31791-7551,A,A,,10/18/2017,10/18/2017,10/18/2017,IN PERSON,NO,NO,,NO,01,1,008,013,152,TIFT,00102,159024,00032,43,
WORTH,08456715,JACKSON,JOHN,EFFINGER,,301,E KING ST, ,SYLVESTER,GA,31791-1323,301,E KING ST,,SYLVESTER,GA,31791-1323,A,A,,11/03/2017,11/03/2017,11/03/2017,IN PERSON,NO,NO,,NO,01,2,008,013,152,TIFT,00109,159024,00209,236,
WORTH,06638586,FARLEY,CORINDA,LAFAYE,,106,CHRISTINA DR, ,SYLVESTER,GA,31791-7104,106,CHRISTINA DR,,SYLVESTER,GA,31791-7104,A,A,,10/26/2017,10/26/2017,10/26/2017,IN PERSON,NO,NO,,NO,01,1,008,013,152,TIFT,00104,159024,00112,131,
WORTH,01323966,MITCHELL,LOUISE,,,125,TOWN CREEK DR, ,SYLVESTER,GA,31791-3807,,PO BOX 186,,SYLVESTER,GA,31791-0018,A,A,,10/20/2017,10/20/2017,10/20/2017,IN PERSON,NO,NO,,NO,01,1,008,013,152,TIFT,00102,159024,00049,63,
WORTH,01323341,CARTER,SADIE,G,,325,N CARTER RD, ,SYLVESTER,GA,31791-1572,325,N CARTER RD,,SYLVESTER,GA,31791-1572,A,A,,11/02/2017,11/02/2017,11/02/2017,IN PERSON,NO,NO,ELDERLY,NO,01,1,008,013,152,TIFT,00103,159024,00163,190,
WORTH,07477941,STEPHENS,BENJAMIN,SAVILLE,,126,WENONA DR, ,SYLVESTER,GA,31791,126,WENONA DR,,SYLVESTER,GA,31791,A,A,,10/17/2017,10/17/2017,10/17/2017,IN PERSON,NO,NO,,NO,01,1,008,013,152,TIFT,00104,159024,00026,37,
WORTH,01321493,DENSON,OPHELIA,HALL,,752,W PINE ST,UNIT 102-A,SYLVESTER,GA,31791,752,W PINE ST,UNIT 102-A,SYLVESTER,GA,31791,A,A,,10/17/2017,10/17/2017,10/17/2017,IN PERSON,NO,NO,,NO,01,1,008,013,152,TIFT,00102,159024,00023,34,
WORTH,06689846,COOK,SARVAIN,IMMANUEL,,104,STATE ST, ,SYLVESTER,GA,31791,104,STATE ST,,SYLVESTER,GA,31791,A,A,,11/03/2017,11/03/2017,11/03/2017,IN PERSON,NO,NO,,NO,01,1,008,013,152,TIFT,00104,159024,00199,226,
WORTH,08456718,JACKSON,MABLE,J ROCKWELL,,301,E KING ST, ,SYLVESTER,GA,31791-1323,301,E KING ST,,SYLVESTER,GA,31791-1323,A,A,,11/03/2017,11/03/2017,11/03/2017,IN PERSON,NO,NO,,NO,01,2,008,013,152,TIFT,00109,159024,00208,235,
WORTH,01331212,POPHAM,CHADINE,ETOYE,,909,N MONROE ST, ,SYLVESTER,GA,31791,909,N MONROE ST,,SYLVESTER,GA,31791,A,A,,10/31/2017,10/31/2017,10/31/2017,IN PERSON,NO,NO,,NO,01,15,008,013,152,TIFT,00125,159024,00138,161,
WORTH,01323465,DRAYTON,FREDDIE,,,101,WENONA DR, ,SYLVESTER,GA,31791-3813,101,WENONA DR,,SYLVESTER,GA,31791-3813,A,A,,10/23/2017,10/23/2017,10/23/2017,IN PERSON,NO,NO,,NO,01,1,008,013,152,TIFT,00104,159024,00064,78,
WORTH,01324277,ANDREWS,VIRGINIA,,,203,LAKEVIEW DR, ,SYLVESTER,GA,31791,203,LAKEVIEW DR,,SYLVESTER,GA,31791,A,A,,10/25/2017,10/25/2017,10/25/2017,IN PERSON,NO,NO,,NO,01,2,008,013,152,TIFT,00109,159024,00088,106,
WORTH,01330299,CHAMBERS,GEORGIA,A,,802,E POPE ST, ,SYLVESTER,GA,31791-4637,,PO BOX 987,,SYLVESTER,GA,31791-0098,A,A,,10/26/2017,10/26/2017,10/26/2017,IN PERSON,NO,NO,,NO,01,1,008,013,152,TIFT,00104,159024,00107,125,
WORTH,01330933,WHITAKER,DEBRA,H,,115,SHAMROCK CIR, ,SYLVESTER,GA,31791-7210,115,SHAMROCK CIR,,SYLVESTER,GA,31791-7210,A,A,,10/26/2017,10/26/2017,10/26/2017,IN PERSON,NO,NO,,NO,01,2,008,013,152,TIFT,00109,159024,00109,127,
WORTH,10979937,HAMILTON,HENRY,TRACY,,302,MILES ST, ,SYLVESTER,GA,31791,302,MILES ST,,SYLVESTER,GA,31791,A,A,,10/30/2017,10/30/2017,10/30/2017,IN PERSON,NO,NO,,NO,01,1,008,013,152,TIFT,00102,159024,00134,156,
WORTH,02225914,STEPHENS,GLENICE,KING,,126,WENONA DR, ,SYLVESTER,GA,31791-3814,126,WENONA DR,,SYLVESTER,GA,31791-3814,A,A,,10/26/2017,10/26/2017,10/26/2017,IN PERSON,NO,NO,,NO,01,1,008,013,152,TIFT,00104,159024,00108,126,
WORTH,01324202,SHIVER,PATRICIA,C,,903,CORDELE RD, ,SYLVESTER,GA,31791-1305,903,CORDELE RD,,SYLVESTER,GA,31791-1305,A,A,,10/25/2017,10/25/2017,10/25/2017,IN PERSON,NO,NO,,NO,01,2,008,013,152,TIFT,00109,159024,00089,107,
WORTH,01323368,TUCKER,LEOLA,,,104,WILLIAMS ST, ,SYLVESTER,GA,31791,104,WILLIAMS ST,,SYLVESTER,GA,31791,A,A,,11/01/2017,11/01/2017,11/01/2017,IN PERSON,NO,NO,,NO,01,1,008,013,152,TIFT,00103,159024,00150,176,
WORTH,01324768,HOOD,GLENDA,S,,805,N MAIN ST, ,SYLVESTER,GA,31791-1325,805,N MAIN ST,,SYLVESTER,GA,31791-1325,A,A,,10/31/2017,10/31/2017,10/31/2017,IN PERSON,NO,NO,,NO,01,2,008,013,152,TIFT,00109,159024,00145,169,
WORTH,01323735,JACKSON,ALFREDIA,V,,121,TOWN CREEK DR, ,SYLVESTER,GA,31791-3807,121,TOWN CREEK DR,,SYLVESTER,GA,31791-3807,A,A,,10/19/2017,10/19/2017,10/19/2017,IN PERSON,NO,NO,,NO,01,1,008,013,152,TIFT,00102,159024,00046,60,
WORTH,01323337,CARTER,EARNEST,,JR,307,WORTH ST, ,SYLVESTER,GA,31791,,PO BOX 261,,SYLVESTER,GA,31791-0026,A,A,,10/26/2017,10/26/2017,10/26/2017,IN PERSON,NO,NO,,NO,01,1,008,013,152,TIFT,00104,159024,00105,123,
WORTH,06976773,CHEEVER,AMBER,SHERICE,,304,HOBSON ST, ,SYLVESTER,GA,31791,,PO BOX 72571,,MACON,GA,31207,A,A,,10/20/2017,10/20/2017,10/20/2017,IN PERSON,NO,NO,,NO,01,1,008,013,152,TIFT,00104,159024,00060,74,
WORTH,01324301,TIMMONS,LINDA,F,,1101,N HENDERSON ST, ,SYLVESTER,GA,31791-1205,,PO BOX 234,,SYLVESTER,GA,31791-0023,A,A,,11/02/2017,11/02/2017,11/02/2017,IN PERSON,NO,NO,,NO,01,1,008,013,152,TIFT,00103,159024,00169,196,
WORTH,01324480,BANKS,CAROLINE,B,,1301,CORDELE RD, ,SYLVESTER,GA,31791-7316,,PO BOX 550,,SYLVESTER,GA,31791-0055,A,A,,11/02/2017,11/02/2017,11/02/2017,IN PERSON,NO,NO,,NO,01,15,008,013,152,TIFT,00126,159024,00168,195,
WORTH,08263708,CLARK,BRITTANY,NICHOLE,,406,WORTH ST, ,SYLVESTER,GA,31791,406,WORTH ST,,SYLVESTER,GA,31791,A,A,,10/16/2017,10/16/2017,10/16/2017,IN PERSON,NO,NO,,NO,01,1,008,013,152,TIFT,00104,159024,00012,23,
WORTH,05758362,BLAKE,JOHNNY,PERNELL,SR,112,WENONA DR, ,SYLVESTER,GA,31791-3814,112,WENONA DR,,SYLVESTER,GA,31791-3814,A,A,,10/16/2017,10/16/2017,10/16/2017,IN PERSON,NO,NO,,NO,01,1,008,013,152,TIFT,00104,159024,00015,26,
WORTH,01324223,SMITH,CHERYL,A,,504,W PINE ST, ,SYLVESTER,GA,31791,504,W PINE ST,,SYLVESTER,GA,31791,A,A,,11/03/2017,11/03/2017,11/03/2017,IN PERSON,NO,NO,,NO,01,1,008,013,152,TIFT,00102,159024,00215,242,
WORTH,03505468,CHAPMAN,JOHN,B,JR,102,W KING ST,UNIT 303,SYLVESTER,GA,31791-1109,,PO BOX 214,,TY TY,GA,31795-0021,A,A,,11/02/2017,11/02/2017,11/02/2017,IN PERSON,NO,NO,,NO,01,2,008,013,152,TIFT,00108,159024,00185,212,
WORTH,01325107,WEST,LYNELLE,B,,1003,E FRANKLIN ST,B,SYLVESTER,GA,31791-7112,1003,E FRANKLIN ST,B,SYLVESTER,GA,31791-7112,A,A,,11/02/2017,11/02/2017,11/02/2017,IN PERSON,NO,NO,,NO,01,2,008,013,152,TIFT,00109,159024,00171,198,
WORTH,01323477,ELLIS,ANN,C,,1009,N WASHINGTON ST, ,SYLVESTER,GA,31791-1217,1009,N WASHINGTON ,,SYLVESTER,GA,31791-1217,A,A,,11/03/2017,11/03/2017,11/03/2017,IN PERSON,NO,NO,,NO,01,1,008,013,152,TIFT,00103,159024,00229,256,
WORTH,01320134,PITTS,DIANNE,C,,208,HILLSIDE DR, ,SYLVESTER,GA,31791-7200,208,HILLSIDE DR,,SYLVESTER,GA,31791-7200,A,A,,10/23/2017,10/23/2017,10/23/2017,IN PERSON,NO,NO,,NO,01,2,008,013,152,TIFT,00109,159024,00066,80,
WORTH,06270346,GOODMAN,STARR,MARTZ,,109,MAPLEWOOD LN, ,SYLVESTER,GA,31791-7208,109,MAPLEWOOD LN,,SYLVESTER,GA,31791-7208,A,,,09/28/2017,09/28/2017,,MAILED,NO,NO,DISABLED,NO,01,2,008,013,152,TIFT,00109,,00100,3,
WORTH,01324767,HOOD,EVERETT,O,,805,N MAIN ST, ,SYLVESTER,GA,31791-1325,805,N MAIN ST,,SYLVESTER,GA,31791-1325,A,A,,10/31/2017,10/31/2017,10/31/2017,IN PERSON,NO,NO,,NO,01,2,008,013,152,TIFT,00109,159024,00146,170,
WORTH,01324920,MOREY,GRADY,CURTIS,,1307,CORDELE RD, ,SYLVESTER,GA,31791,1307,CORDELE RD,,SYLVESTER,GA,31791,A,A,,10/24/2017,10/24/2017,10/24/2017,IN PERSON,NO,NO,,NO,01,15,008,013,152,TIFT,00126,159024,00072,88,
WORTH,03384049,ROUSE,WILLIAM,CASEY,,902,N MCPHAUL ST, ,SYLVESTER,GA,31791,902,N MCPHAUL ST,,SYLVESTER,GA,31791,A,A,,11/03/2017,11/03/2017,11/03/2017,IN PERSON,NO,NO,,NO,01,2,008,013,152,TIFT,00109,159024,00206,233,
WORTH,07582260,WASHINGTON,MELANIE,MARIE,,804,N LIVINGSTON ST, ,SYLVESTER,GA,31791,804,N LIVINGSTON ST,,SYLVESTER,GA,31791,A,,,10/24/2017,10/24/2017,,MAILED,NO,NO,,NO,01,1,008,013,152,TIFT,00103,,00103,97,
WORTH,01328408,FARMER,TIMOTHY,,,303,ASHBURN HWY, ,SYLVESTER,GA,31791-1301,303,ASHBURN HWY,,SYLVESTER,GA,31791-1301,A,A,,10/24/2017,10/24/2017,10/24/2017,IN PERSON,NO,NO,,NO,01,2,008,013,152,TIFT,00109,159024,00081,99,
WORTH,04592408,WALKER,GEORGE,ALEXANDRA,,225,E LEE ST, ,SYLVESTER,GA,31791-3817,225,E LEE ST,,SYLVESTER,GA,31791-3817,A,A,,10/16/2017,10/16/2017,10/16/2017,IN PERSON,NO,NO,,NO,01,1,008,013,152,TIFT,00104,159024,00007,18,
WORTH,00578019,BURTON,MARSHA,SMITH,,116,DEWBERRY DR, ,SYLVESTER,GA,31791-7214,,PO BOX 5422,,SYLVESTER,GA,31791-0542,A,A,,10/30/2017,10/30/2017,10/30/2017,IN PERSON,NO,NO,,NO,01,2,008,013,152,TIFT,00109,159024,00129,149,
WORTH,01324054,PENDLEY,PEARL,A,,203,GREENBRIAR AVE, ,SYLVESTER,GA,31791-7551,203,GREENBRIAR AVE,,SYLVESTER,GA,31791-7551,A,A,,11/01/2017,11/01/2017,11/01/2017,IN PERSON,NO,NO,,NO,01,1,008,013,152,TIFT,00102,159024,00152,178,
WORTH,01323526,FOWLER,MARY,ALICE,,118,COTTON ST, ,SYLVESTER,GA,31791-3811,118,COTTON ST,,SYLVESTER,GA,31791-3811,A,A,,10/24/2017,10/24/2017,10/24/2017,IN PERSON,NO,NO,,NO,01,1,008,013,152,TIFT,00104,159024,00080,98,
WORTH,01324350,WASHINGTON,MARY,R,,804,N LIVINGSTON ST, ,SYLVESTER,GA,31791-1230,,993,,SYLVESTER,GA,31791,A,A,,10/24/2017,10/24/2017,10/24/2017,IN PERSON,NO,NO,,NO,01,1,008,013,152,TIFT,00103,159024,00079,95,
WORTH,08359450,THOMAS,THELMA,DENICE,,404,E KELLY ST, ,SYLVESTER,GA,31791-2234,,PO BOX 801,,SYLVESTER,GA,31791-0080,A,A,,10/25/2017,10/25/2017,10/25/2017,IN PERSON,NO,NO,,NO,01,1,008,013,152,TIFT,00102,159024,00084,102,
WORTH,01330143,ADAMS,ISAAC,,III,1013,N HENDERSON ST, ,SYLVESTER,GA,31791-1203,1013,N HENDERSON ST,,SYLVESTER,GA,31791-1203,A,A,,10/16/2017,10/16/2017,10/16/2017,IN PERSON,NO,NO,,NO,01,1,008,013,152,TIFT,00103,159024,00004,15,
WORTH,01324245,JOHNSON,TANGELA,R,,211,E PINE ST, ,SYLVESTER,GA,31791-3818,211,E PINE ST,,SYLVESTER,GA,31791-3818,A,A,,10/27/2017,10/27/2017,10/27/2017,IN PERSON,NO,NO,,NO,01,1,008,013,152,TIFT,00104,159024,00118,138,
WORTH,05959583,REYNOLDS,SHIRLEY,SUE,,605,N ISABELLA ST,B,SYLVESTER,GA,31791,605,N ISABELLA ST,B,SYLVESTER,GA,31791,A,A,,10/20/2017,10/20/2017,10/20/2017,IN PERSON,NO,NO,,NO,01,1,008,013,152,TIFT,00103,159024,00058,72,
WORTH,01331078,BLAKE,SARAH,F,,112,WENONA DR, ,SYLVESTER,GA,31791-3814,112,WENONA DR,,SYLVESTER,GA,31791-3814,A,A,,09/28/2017,09/28/2017,10/09/2017,MAILED,NO,NO,DISABLED,NO,01,1,008,013,152,TIFT,00104,,00101,2,
WORTH,01324244,SMITH,SHIRLEY,A,,686,SUMNER ST, ,SYLVESTER,GA,31791-7164,686,SUMNER ST,,SYLVESTER,GA,31791-7164,A,A,,10/05/2017,10/05/2017,10/19/2017,MAILED,NO,NO,,NO,01,2,008,013,152,TIFT,00124,,00104,7,
WORTH,01326943,CASTLEBERRY,ADDIE,M,,606,SUMNER ST, ,SYLVESTER,GA,31791,606,SUMNER ST,,SYLVESTER,GA,31791,A,A,,10/02/2017,10/02/2017,10/27/2017,MAILED,NO,NO,,NO,01,2,008,013,152,TIFT,00124,,00103,6,
WORTH,01325110,WHITE,LORETTA,DORMINEY,,122,DONNA DR, ,SYLVESTER,GA,31791-7205,122,DONNA DR,,SYLVESTER,GA,31791-7205,A,A,,11/03/2017,11/03/2017,11/03/2017,IN PERSON,NO,NO,,NO,01,2,008,013,152,TIFT,00109,159024,00212,239,
WORTH,07771461,HUGHEY,JUDY,ELLEN,,106,SHAMROCK CIR, ,SYLVESTER,GA,31791-7234,106,SHAMROCK CIR,,SYLVESTER,GA,31791-7234,A,A,,11/01/2017,11/01/2017,11/01/2017,IN PERSON,NO,NO,,NO,01,2,008,013,152,TIFT,00109,159024,00159,185,
WORTH,01324699,FOWLER,HORACE,L,,117,BENT TREE DR, ,SYLVESTER,GA,31791-7322,,PO BOX 91,,SYLVESTER,GA,31791-0009,A,A,,10/27/2017,10/27/2017,11/02/2017,MAILED,NO,NO,,NO,01,15,008,013,152,TIFT,00126,,00106,134,
WORTH,01324078,POWELL,MELVIN,J,JR,605,S LIVINGSTON ST, ,SYLVESTER,GA,31791,5316,PO,,SYLVESTER,GA,31791,A,A,,11/03/2017,11/03/2017,11/03/2017,IN PERSON,NO,NO,,NO,01,1,008,013,152,TIFT,00102,159024,00226,253,
WORTH,03309506,WEST,JOHN,WARREN,,1003,E FRANKLIN ST,B,SYLVESTER,GA,31791,1003,E FRANKLIN ST,B,SYLVESTER,GA,31791,A,A,,11/02/2017,11/02/2017,11/02/2017,IN PERSON,NO,NO,,NO,01,2,008,013,152,TIFT,00109,159024,00172,199,
WORTH,08762712,SMAILES,LAURENE,CARTER,,103,BENT TREE DR, ,SYLVESTER,GA,31791-7344,103,BENT TREE DR,,SYLVESTER,GA,31791-7344,A,A,,11/01/2017,11/01/2017,11/01/2017,IN PERSON,NO,NO,,NO,01,15,008,013,152,TIFT,00126,159024,00158,184,
WORTH,01324153,SADLER,BERTHA,J,,321,E LEE ST, ,SYLVESTER,GA,31791-3816,,PO BOX 252,,SYLVESTER,GA,31791-0025,A,A,,10/26/2017,10/26/2017,10/26/2017,IN PERSON,NO,NO,,NO,01,1,008,013,152,TIFT,00104,159024,00101,119,
WORTH,04386508,WILLIAMS,MARY,ANN,,201,E LEE ST, ,SYLVESTER,GA,31791,201,E LEE ST,,SYLVESTER,GA,31791,A,A,,11/03/2017,11/03/2017,11/03/2017,IN PERSON,NO,NO,,NO,01,1,008,013,152,TIFT,00104,159024,00221,248,
WORTH,01323497,FARMER,PATRICIA,,,303,ASHBURN HWY, ,SYLVESTER,GA,31791-1301,303,ASHBURN HWY,,SYLVESTER,GA,31791-1301,A,A,,10/17/2017,10/17/2017,10/17/2017,IN PERSON,NO,NO,,NO,01,2,008,013,152,TIFT,00109,159024,00028,39,
WORTH,01330413,JOHNSON,FLOYZELL,,JR,109,PECAN ST, ,SYLVESTER,GA,31791,109,PECAN ST,,SYLVESTER,GA,31791,A,A,,11/03/2017,11/03/2017,11/03/2017,IN PERSON,NO,NO,,NO,01,1,008,013,152,TIFT,00104,159024,00203,230,
WORTH,04102050,ELLIS,NEILA,ANN,,1009,N WASHINGTON ST, ,SYLVESTER,GA,31791-1217,1009,N WASHINGTON ,,SYLVESTER,GA,31791-1217,A,A,,11/03/2017,11/03/2017,11/03/2017,IN PERSON,NO,NO,,NO,01,1,008,013,152,TIFT,00103,159024,00228,255,
WORTH,01323616,POWELL,SAUDIA,TYNNETTA,,605,S LIVINGSTON ST, ,SYLVESTER,GA,31791,605,S LIVINGSTON ST,,SYLVESTER,GA,31791,A,A,,11/03/2017,11/03/2017,11/03/2017,IN PERSON,NO,NO,,NO,01,1,008,013,152,TIFT,00102,159024,00225,252,
WORTH,01592284,WOODY,PAUL,T,JR,301,E PINSON ST, ,SYLVESTER,GA,31791-1726,301,E PINSON ST,,SYLVESTER,GA,31791-1726,A,A,,10/23/2017,10/23/2017,10/23/2017,IN PERSON,NO,NO,,NO,01,2,008,013,152,TIFT,00109,159024,00069,83,
WORTH,01330712,DUCKWORTH,ROCKY,T,,107,ROSEWOOD DR, ,SYLVESTER,GA,31791,107,ROSEWOOD DR,,SYLVESTER,GA,31791,A,A,,10/25/2017,10/25/2017,10/25/2017,IN PERSON,NO,NO,,NO,01,2,008,013,152,TIFT,00109,159024,00085,103,
WORTH,01329065,MEEKS,VENICE,L,,501,E WILLINGHAM ST,B,SYLVESTER,GA,31791-1844,501B,WILLINGHAM ST,,SYLVESTER,GA,31791,A,A,,10/23/2017,10/23/2017,10/30/2017,MAILED,NO,NO,,NO,01,2,008,013,152,TIFT,00109,,00104,84,
WORTH,03359800,TAYLOR,DOROTHEA,J,,107,HUDSON ST, ,SYLVESTER,GA,31791-4613,107,HUDSON ST,,SYLVESTER,GA,31791-4613,A,A,,10/17/2017,10/17/2017,10/17/2017,IN PERSON,NO,NO,,NO,01,1,008,013,152,TIFT,00104,159024,00018,29,
WORTH,01331653,KLEIN,DOLORES,M,,108,MARGINAL ST, ,SYLVESTER,GA,31791-1208,108,MARGINAL ST,,SYLVESTER,GA,31791-1208,A,A,,10/17/2017,10/17/2017,10/17/2017,IN PERSON,NO,NO,,NO,01,1,008,013,152,TIFT,00103,159024,00021,32,
WORTH,01324560,BRYANT,MORRIS,I,,408,W BRYANT DR, ,SYLVESTER,GA,31791,408,W BRYANT DR,,SYLVESTER,GA,31791,A,A,,11/02/2017,11/02/2017,11/02/2017,IN PERSON,NO,NO,,NO,01,15,008,013,152,TIFT,00125,159024,00179,206,
WORTH,03290706,WILLIAMS,HENRY,,,103,ELM ST, ,SYLVESTER,GA,31791-1225,103,ELM ST,,SYLVESTER,GA,31791-1225,A,A,,10/19/2017,10/19/2017,10/19/2017,IN PERSON,NO,NO,,NO,01,1,008,013,152,TIFT,00103,159024,00044,58,
WORTH,01324951,PARK,FAYE,,,303,ELDRIDGE ST, ,SYLVESTER,GA,31791-1309,303,ELDRIDGE ST,,SYLVESTER,GA,31791-1309,A,A,,11/03/2017,11/03/2017,11/03/2017,IN PERSON,NO,NO,,NO,01,2,008,013,152,TIFT,00109,159024,00200,227,
WORTH,05440426,POPHAM,NANCY,JOHNSTON,,111,CREEKSIDE DR, ,SYLVESTER,GA,31791-7335,111,CREEKSIDE DR,,SYLVESTER,GA,31791-7335,A,A,,11/03/2017,11/03/2017,11/03/2017,IN PERSON,NO,NO,,NO,01,2,008,013,152,TIFT,00109,159024,00201,228,
WORTH,03523184,BEARD,RUSSELL,EUGENE,,104,CARRIAGE LN, ,SYLVESTER,GA,31791-7301,104,CARRIAGE LN,,SYLVESTER,GA,31791-7301,A,A,,10/30/2017,10/30/2017,10/30/2017,IN PERSON,NO,NO,,NO,01,2,008,013,152,TIFT,00109,159024,00124,144,
WORTH,10273575,RANSOM,MAPLE,ELEASURE,,129,TOWN CREEK DR, ,SYLVESTER,GA,31791,129,TOWN CREEK DR,,SYLVESTER,GA,31791,A,A,,10/31/2017,10/31/2017,10/31/2017,IN PERSON,NO,NO,,NO,01,1,008,013,152,TIFT,00102,159024,00142,166,
WORTH,02239719,WILLIAMS,LAVERNE,C,,103,ELM ST, ,SYLVESTER,GA,31791,103,ELM ST,,SYLVESTER,GA,31791-0122,A,A,,10/19/2017,10/19/2017,10/19/2017,IN PERSON,NO,NO,,NO,01,1,008,013,152,TIFT,00103,159024,00045,59,
WORTH,03726181,CLARK,DAFFIE,DENISE,,107,CHRISTINA DR, ,SYLVESTER,GA,31791,107,CHRISTINA DR,,SYLVESTER,GA,31791,A,A,,10/30/2017,10/30/2017,10/30/2017,IN PERSON,NO,NO,,NO,01,1,008,013,152,TIFT,00104,159024,00135,157,
WORTH,01324609,COLBY,ROBERT,L,,704,N WESTBERRY ST, ,SYLVESTER,GA,31791-1744,704,N WESTBERRY ST,,SYLVESTER,GA,31791-1744,A,A,,10/30/2017,10/30/2017,10/30/2017,IN PERSON,NO,NO,,NO,01,2,008,013,152,TIFT,00109,159024,00126,146,
WORTH,10013380,SHALLENBERG,BONNIE,MAE,,112,THOMAS CT, ,SYLVESTER,GA,31791,,PO BOX 328,,SYLVESTER,GA,31791,A,A,,10/16/2017,10/16/2017,10/16/2017,IN PERSON,NO,NO,,NO,01,2,008,013,152,TIFT,00109,159024,00002,13,
WORTH,01326491,HOLLAND,WILLIAM,H,,106,E PINSON ST, ,SYLVESTER,GA,31791,106,E PINSON ST,,SYLVESTER,GA,31791,A,A,,10/17/2017,10/17/2017,10/17/2017,IN PERSON,NO,NO,,NO,01,2,008,013,152,TIFT,00109,159024,00025,36,
WORTH,01326190,AULTMAN,MARY,JEAN,,113,MOORE ST, ,SYLVESTER,GA,31791-1335,113,MOORE ST,,SYLVESTER,GA,31791-1335,A,A,,11/03/2017,11/03/2017,11/03/2017,IN PERSON,NO,NO,,NO,01,2,008,013,152,TIFT,00109,159024,00193,220,
WORTH,01328716,WHITAKER,WILLIAM,L,SR,115,SHAMROCK CIR, ,SYLVESTER,GA,31791-7210,115,SHAMROCK CIR,,SYLVESTER,GA,31791-7210,A,A,,10/25/2017,10/25/2017,10/25/2017,IN PERSON,NO,NO,,NO,01,2,008,013,152,TIFT,00109,159024,00091,109,
WORTH,01324659,BLACKWELL,SANDRA,GAY,,108,ELM ST, ,SYLVESTER,GA,31791-1226,108,ELM ST,,SYLVESTER,GA,31791-1226,A,A,,10/10/2017,10/10/2017,10/13/2017,MAILED,NO,NO,,NO,01,1,008,013,152,TIFT,00103,,00100,9,
WORTH,01323462,DANIELS,TRELLIS,J,,105,E PINE ST, ,SYLVESTER,GA,31791,105,E PINE ST,,SYLVESTER,GA,31791,A,A,,10/26/2017,10/26/2017,10/26/2017,IN PERSON,NO,NO,,NO,01,1,008,013,152,TIFT,00104,159024,00110,129,
WORTH,10870778,ROWLAND,APRILYN,APELANDO,,207,MOORE ST, ,SYLVESTER,GA,31791,207,MOORE ST,,SYLVESTER,GA,31791,A,A,,10/24/2017,10/24/2017,10/24/2017,IN PERSON,NO,NO,,NO,01,2,008,013,152,TIFT,00109,159024,00075,91,
WORTH,06417801,SKIPPER,DOLORES,BRIDGET,,678,SUMNER ST, ,SYLVESTER,GA,31791-7164,678,SUMNER ST,,SYLVESTER,GA,31791-7164,A,A,,10/17/2017,10/17/2017,10/17/2017,IN PERSON,NO,NO,,NO,01,2,008,013,152,TIFT,00124,159024,00020,31,
WORTH,01323502,FAULK,LOTTIE,B,,323,N CARTER RD, ,SYLVESTER,GA,31791,323,N CARTER RD,,SYLVESTER,GA,31791,A,A,,11/02/2017,11/02/2017,11/02/2017,IN PERSON,NO,NO,ELDERLY,NO,01,1,008,013,152,TIFT,00103,159024,00164,191,
WORTH,01325153,YEARTA,SUSAN,F,,114,CARRIAGE LN, ,SYLVESTER,GA,31791-7301,114,CARRIAGE LN,,SYLVESTER,GA,31791-7301,A,A,,10/18/2017,10/18/2017,10/18/2017,IN PERSON,NO,NO,,NO,01,2,008,013,152,TIFT,00109,159024,00037,48,
WORTH,01326611,MCLEAN,CAROL,A,,115,MOORE ST, ,SYLVESTER,GA,31791-1335,115,MOORE ST,,SYLVESTER,GA,31791-1335,A,A,,10/31/2017,10/31/2017,10/31/2017,IN PERSON,NO,NO,,NO,01,2,008,013,152,TIFT,00109,159024,00147,171,
WORTH,04619413,LYLES,SHARON,ELAINE,,706,N JEFFERSON ST, ,SYLVESTER,GA,31791-1624,706,N JEFFERSON ST,,SYLVESTER,GA,31791-1624,A,A,,11/02/2017,11/02/2017,11/02/2017,IN PERSON,NO,NO,,NO,01,1,008,013,152,TIFT,00103,159024,00176,203,
WORTH,04423736,MATHIS,ARLENE,,,100,ROYAL ST,14,SYLVESTER,GA,31791,100,ROYAL ST,14,SYLVESTER,GA,31791,A,A,,11/02/2017,11/02/2017,11/02/2017,IN PERSON,NO,NO,,NO,01,2,008,013,152,TIFT,00124,159024,00173,200,
WORTH,01324993,RODGERS,LINDA,F,,202,LAKEVIEW DR, ,SYLVESTER,GA,31791-7225,202,LAKEVIEW DR,,SYLVESTER,GA,31791-7225,A,A,,11/02/2017,11/02/2017,11/02/2017,IN PERSON,NO,NO,,NO,01,2,008,013,152,TIFT,00109,159024,00162,189,
WORTH,01326944,CASTLEBERRY,HERBERT,O,,606,SUMNER ST, ,SYLVESTER,GA,31791,606,SUMNER ST,,SYLVESTER,GA,31791,A,A,,10/02/2017,10/02/2017,10/27/2017,MAILED,NO,NO,,NO,01,2,008,013,152,TIFT,00124,,00102,5,
WORTH,03416899,KENT,MARDEAN,SPARROW,,104,STATE ST, ,SYLVESTER,GA,31791,104,STATE ST,,SYLVESTER,GA,31791,A,A,,10/16/2017,10/16/2017,10/16/2017,IN PERSON,NO,NO,,NO,01,1,008,013,152,TIFT,00104,159024,00017,28,
WORTH,11482504,FRIER,THELMA,,,120,HAMILTON CIR, ,SYLVESTER,GA,31791,120,HAMILTON CIR,,SYLVESTER,GA,31791,A,A,,10/11/2017,10/11/2017,10/19/2017,MAILED,NO,NO,,NO,01,1,008,013,152,TIFT,00104,,00106,10,
WORTH,04703898,BARBEE,BENJAMIN,CRAIG,,215,HILLSIDE DR, ,SYLVESTER,GA,31791,215,HILLSIDE DR,,SYLVESTER,GA,31791,A,A,,10/25/2017,10/25/2017,10/25/2017,IN PERSON,NO,NO,,NO,01,2,008,013,152,TIFT,00109,159024,00096,114,
WORTH,01329911,JACKSON,MARY,LOIS,,104,FLOYD ST, ,SYLVESTER,GA,31791-4606,104,FLOYD ST,,SYLVESTER,GA,31791-4606,A,A,,10/24/2017,10/24/2017,10/24/2017,IN PERSON,NO,NO,,NO,01,1,008,013,152,TIFT,00104,159024,00074,90,
WORTH,01324784,HOUSTON,RUSSELL,M,,116,DARLINGTON RD, ,SYLVESTER,GA,31791-7137,116,DARLINGTON RD,,SYLVESTER,GA,31791-7137,A,A,,11/03/2017,11/03/2017,11/03/2017,IN PERSON,NO,NO,,NO,01,2,008,013,152,TIFT,00109,159024,00207,234,
WORTH,00021863,WILLIAMS,JOSEPH,MCCLAIN,,303,MILES ST, ,SYLVESTER,GA,31791,303,MILES ST,,SYLVESTER,GA,31791,A,A,,11/02/2017,11/02/2017,11/02/2017,IN PERSON,NO,NO,,NO,01,1,008,013,152,TIFT,00102,159024,00167,194,
WORTH,01324674,EASON,GAYLE,C,,1009,CORDELE RD, ,SYLVESTER,GA,31791-1307,1009,CORDELE RD,,SYLVESTER,GA,31791-1307,A,A,,11/03/2017,11/03/2017,11/03/2017,IN PERSON,NO,NO,,NO,01,2,008,013,152,TIFT,00109,159024,00214,241,
WORTH,01325460,MERRITT,TAMMY,LEIGH,,1102,N MAIN ST, ,SYLVESTER,GA,31791,1102,N MAIN ST,,SYLVESTER,GA,31791,A,A,,11/03/2017,11/03/2017,11/03/2017,IN PERSON,NO,NO,,NO,01,2,008,013,152,TIFT,00109,159024,00192,219,
WORTH,01325235,CHAMBLESS,JIMMY,LEWIS,JR,1104,N MAIN ST, ,SYLVESTER,GA,31791,1104,N MAIN ST,,SYLVESTER,GA,31791,A,A,,10/24/2017,10/24/2017,10/24/2017,IN PERSON,NO,NO,,NO,01,2,008,013,152,TIFT,00109,159024,00083,101,
WORTH,06735848,PEGRAM,ROSEMARIE,BRADY,,203,E KING ST, ,SYLVESTER,GA,31791-1321,203,E KING ST,,SYLVESTER,GA,31791-1321,A,A,,10/27/2017,10/27/2017,10/27/2017,IN PERSON,NO,NO,,NO,01,2,008,013,152,TIFT,00109,159024,00122,142,
WORTH,00630235,ROWLAND,CARL,LEE,,207,MOORE ST, ,SYLVESTER,GA,31791,207,MOORE ST,,SYLVESTER,GA,31791,A,A,,10/24/2017,10/24/2017,10/24/2017,IN PERSON,NO,NO,,NO,01,2,008,013,152,TIFT,00109,159024,00076,92,
WORTH,01329233,WHITE,SANDRA,L,,802,WEST ST, ,SYLVESTER,GA,31791-7529,802,WEST ST,,SYLVESTER,GA,31791-7529,A,A,,10/19/2017,10/19/2017,10/25/2017,MAILED,NO,NO,,NO,01,1,008,013,152,TIFT,00102,,00101,54,
WORTH,01323897,MARSHALL,CARLTON,N,,308,E HOBSON ST, ,SYLVESTER,GA,31791,308,E HOBSON ST,,SYLVESTER,GA,31791,A,A,,10/19/2017,10/19/2017,10/19/2017,IN PERSON,NO,NO,,NO,01,1,008,013,152,TIFT,00104,159024,00042,56,
WORTH,07104886,MCPHAUL,JOHN,ALLEN,,505,N ISABELLA ST, ,SYLVESTER,GA,31791-1736,505,N ISABELLA ST,,SYLVESTER,GA,31791-1736,A,A,,10/20/2017,10/20/2017,10/20/2017,IN PERSON,NO,NO,,NO,01,1,008,013,152,TIFT,00103,159024,00050,64,
WORTH,01324387,WILLIAMS,DOROTHY,,,404,W POPE ST, ,SYLVESTER,GA,31791-2036,404,W POPE ST,,SYLVESTER,GA,31791-2036,A,A,,11/01/2017,11/01/2017,11/01/2017,IN PERSON,NO,NO,,NO,01,1,008,013,152,TIFT,00103,159024,00155,181,
WORTH,01324654,DENT,DORSEY,FREDERICK,,201,MOORE ST, ,SYLVESTER,GA,31791,,PO BOX 946,,SYLVESTER,GA,31791-0094,A,A,,10/16/2017,10/16/2017,10/16/2017,IN PERSON,NO,NO,,NO,01,2,008,013,152,TIFT,00109,159024,00006,17,
WORTH,05902380,HAYES,JENNIFER,LAUREN,,1001,N ISABELLA ST, ,SYLVESTER,GA,31791,1001,N ISABELLA ST,,SYLVESTER,GA,31791,A,A,,11/03/2017,11/03/2017,11/03/2017,IN PERSON,NO,NO,,NO,01,1,008,013,152,TIFT,00103,159024,00227,254,
